Queue is Empty
Queue is Empty
Queue is Empty
Queue is Empty
-487324272
-487325168
-487325117
-487323844
-487318106
-487326598
Queue is Empty
-487318648
-487323622
Queue is Empty
Queue is Empty
-487319245
Queue is Empty
-487320777
Queue is Empty
-487320483
Queue is Empty
-487320727
Queue is Empty
Queue is Empty
Queue is Empty
Queue is Empty
-487327599
-487325108
Queue is Empty
-487324786
Queue is Empty
Queue is Empty
-487322040
-487321173
-487321469
-487322480
-487318125
-487318181
-487318181
-487318655
-487318519
-487318181
-487318181
-487318181
-487318181
-487318181
-487318181
-487318181
-487318181
-487318279
-487323066
-487318189
-487324481
-487318189
-487318189
-487320560
-487320019
-487318189
-487318189
-487318189
-487318189
-487318189
-487324628
-487318189
-487318189
-487318189
-487321340
-487318189
-487324314
-487318189
-487318189
-487318523
-487318189
-487322142
-487318189
-487318189
-487326369
-487318279
-487318189
-487318189
-487318189
-487327222
-487318189
-487318189
-487323783
-487324659
-487318189
-487318189
-487318082
-487324503
-487321123
-487318082
-487318082
-487318082
-487318082
-487318082
-487318082
-487326198
-487321466
-487324723
-487317983
-487319303
-487327290
-487317983
-487323784
-487317983
-487322872
-487317983
-487325696
-487317983
-487317983
-487324597
-487317983
-487317983
-487317983
-487317983
-487317983
-487317983
-487319524
-487317983
-487317983
-487317983
-487317983
-487317983
-487327126
-487317983
-487317983
-487317983
-487318890
-487319925
-487321508
-487317983
-487317983
-487326318
-487317983
-487327330
-487317983
-487317983
-487317983
-487317983
-487317983
-487326910
-487319474
-487317983
-487317983
-487324013
-487317983
-487317983
-487317983
-487317983
-487317983
-487317983
-487318189
-487326366
-487317983
-487317983
-487317983
-487317983
-487318898
-487317983
-487317983
-487317983
-487317983
-487318713
-487323173
-487317983
-487317983
-487317983
-487323705
-487317983
-487317983
-487322018
-487317983
-487324660
-487317983
-487327216
-487317983
-487317983
-487317983
-487325553
-487317983
-487317983
-487324150
-487317983
-487317983
-487317983
-487317983
-487317983
-487322775
-487317983
-487323883
-487317983
-487317983
-487317983
-487317983
-487317983
-487317983
-487324526
-487317983
-487317983
-487322683
-487317983
-487317983
-487317983
-487324022
-487317983
-487321808
-487317983
-487317983
-487326402
-487317983
-487317983
-487317983
-487317983
-487317983
-487319024
-487317983
-487317983
-487317983
-487317983
-487317983
-487326437
-487323667
-487327759
-487327705
-487317983
-487317983
-487317983
-487317983
-487317983
-487317983
-487317983
-487325502
-487317983
-487317978
-487321900
-487321147
-487317970
-487317970
-487321456
-487325344
-487319330
-487317970
-487317970
-487317970
-487317970
-487327551
-487323559
-487317970
-487317970
-487317970
-487317970
-487317970
-487317970
-487317970
-487317970
-487317970
-487327281
-487320933
-487317970
-487317970
-487317970
-487324194
-487317970
-487317970
-487325144
-487317970
-487317970
-487317970
-487317970
-487324967
-487317970
-487317970
-487317970
-487318863
-487326030
-487317970
-487317970
-487317970
-487317970
-487327141
-487317970
-487317970
-487322429
-487317970
-487325173
-487317970
-487317970
-487317970
-487317970
-487320462
-487317970
-487317970
-487317970
-487317970
-487319149
-487327489
-487317970
-487323808
-487317970
-487325411
-487325889
-487317970
-487317970
-487317970
-487327402
-487320746
-487324500
-487320937
-487325486
-487317970
-487317970
-487319132
-487317970
-487317970
-487318082
-487325804
-487317970
-487317970
-487317970
-487320655
-487317970
-487317970
-487317970
-487317970
-487324029
-487322160
-487327371
-487321328
-487317970
-487317970
-487325156
-487327845
-487317970
-487317970
-487326266
-487317970
-487317970
-487317970
-487327597
-487317970
-487327260
-487317970
-487318582
-487317983
-487326244
-487322435
-487317970
-487317970
-487317970
-487321460
-487317970
-487317970
-487317970
-487323036
-487326343
-487317970
-487325226
-487317970
-487320919
-487326260
-487317970
-487317953
-487317953
-487317953
-487327501
-487317953
-487317953
-487317953
-487317953
-487317953
-487319974
-487317953
-487320872
-487317953
-487317953
-487326279
-487317953
-487323891
-487317953
-487317953
-487322303
-487317953
-487317953
-487317953
-487320191
-487317953
-487317953
-487320366
-487317953
-487325593
-487317953
-487326024
-487317953
-487319200
-487323600
-487318454
-487317953
-487317953
-487319841
-487317953
-487317953
-487327708
-487327596
-487321504
-487317953
-487323466
-487317953
-487317953
-487317953
-487317953
-487317953
-487317953
-487324341
-487317953
-487320192
-487317953
-487319474
-487317953
-487317953
-487317953
-487317953
-487317953
-487317953
-487317953
-487317953
-487317953
-487322504
-487318302
-487323649
-487317953
-487317953
-487317953
-487317953
-487317953
-487317953
-487317953
-487317953
-487318867
-487317953
-487319883
-487317953
-487317953
-487324335
-487317953
-487317953
-487317953
-487317953
-487317953
-487317953
-487327105
-487317953
-487317953
-487317953
-487319739
-487318425
-487317953
-487317953
-487317953
-487324137
-487322433
-487317998
-487317953
-487318023
-487317953
-487317953
-487324606
-487322960
-487317953
-487317953
-487318060
-487317953
-487317953
-487317953
-487317953
-487317953
-487322229
-487317953
-487324746
-487317953
-487317953
-487317953
-487317953
-487317953
-487317953
-487317953
-487325260
-487317953
-487317953
-487317953
-487317953
-487317953
-487317953
-487317953
-487317953
-487327426
-487318236
-487317953
-487319862
-487317953
-487317953
-487317953
-487317953
-487317953
-487317953
-487318631
-487317953
-487327837
-487317953
-487317953
-487317953
-487317953
-487317953
-487317953
-487317953
-487317953
-487325994
-487318741
-487317953
-487317953
-487317953
-487317953
-487322257
-487317953
-487317953
-487317953
-487320157
-487318167
-487324321
-487322022
-487317953
-487321885
-487317953
-487317953
-487317953
-487317953
-487327615
-487317953
-487318358
-487317953
-487326475
-487317953
-487318913
-487320515
-487317953
-487317953
-487317953
-487317953
-487317953
-487317953
-487317953
-487317953
-487317953
-487317953
-487317953
-487317953
-487317953
-487317953
-487317953
-487317953
-487317953
-487317953
-487317953
-487324821
-487317953
-487317953
-487317953
-487317953
-487317953
-487323007
-487317953
-487317953
-487319519
-487317953
-487317953
-487325165
-487317953
-487317953
-487317953
-487317953
-487317953
-487317953
-487317953
-487317953
-487317953
-487317953
-487317953
-487317953
-487317953
-487317953
-487320735
-487317953
-487317953
-487317953
-487326036
-487318142
-487324544
-487317953
-487317953
-487317953
-487319746
-487317953
-487319159
-487317953
-487317953
-487317953
-487321542
-487317953
-487324505
-487317953
-487317953
-487317953
-487317953
-487317953
-487317953
-487319008
-487317953
-487317953
-487317953
-487325420
-487317953
-487325590
-487317953
-487317953
-487317953
-487327304
-487317953
-487317953
-487317953
-487317953
-487317953
-487318125
-487317953
-487317953
-487317953
-487317953
-487317953
-487317953
-487320113
-487317953
-487317953
-487325088
-487317953
-487317953
-487322197
-487317953
-487318046
-487325213
-487317953
-487321091
-487317953
-487324245
-487317953
-487323018
-487317953
-487317953
-487317953
-487317953
-487317953
-487317953
-487317953
-487317953
-487327212
-487317953
-487317953
-487317953
-487317953
-487317953
-487317953
-487317953
-487318613
-487324889
-487317953
-487317953
-487317953
-487317953
-487317953
-487317953
-487317953
-487317953
-487317953
-487317953
-487317953
-487317953
-487317953
-487317953
-487317953
-487317953
-487319889
-487317953
-487317953
-487317953
-487317953
-487317953
-487317942
-487317942
-487323572
-487317942
-487318850
-487319515
-487317942
-487317942
-487317942
-487317942
-487324947
-487317942
-487323393
-487317942
-487317942
-487317942
-487320417
-487317942
-487317942
-487319267
-487317942
-487317942
-487317942
-487327591
-487327887
-487317942
-487317942
-487321819
-487317942
-487323279
-487322429
-487326682
-487317942
-487317942
-487317942
-487326256
-487317942
-487319457
-487326778
-487317942
-487317942
-487321007
-487317942
-487317942
-487317942
-487317942
-487318633
-487317942
-487317942
-487317942
-487317942
-487317942
-487317942
-487317942
-487317942
-487317942
-487318844
-487317942
-487317942
-487324478
-487324370
-487317942
-487317942
-487317942
-487317942
-487317942
-487317942
-487327889
-487317942
-487317942
-487317942
-487321291
-487323866
-487327743
-487324350
-487317942
-487317942
-487317942
-487317942
-487317942
-487317942
-487317942
-487317942
-487326417
-487321482
-487327071
-487327107
-487320628
-487317942
-487317942
-487317942
-487317942
-487325836
-487323413
-487322341
-487324576
-487317942
-487317942
-487326099
-487317942
-487323052
-487317942
-487317942
-487322566
-487317942
-487317942
-487317942
-487317942
-487317942
-487322574
-487317942
-487318588
-487317942
-487326338
-487317942
-487326678
-487317942
-487317942
-487317942
-487317942
-487317942
-487317942
-487317942
-487317942
-487317942
-487317942
-487326315
-487318357
-487317942
-487317942
-487317942
-487317942
-487322431
-487317942
-487324982
-487317942
-487322375
-487317942
-487317942
-487324384
-487322325
-487317942
-487317942
-487317942
-487322095
-487317942
-487317942
-487317942
-487317942
-487317942
-487317942
-487327385
-487317942
-487324275
-487317942
-487317942
-487317942
-487317942
-487317942
-487317942
-487318754
-487317942
-487317942
-487317942
-487317942
-487317942
-487326450
-487327128
-487319366
-487319352
-487321711
-487326955
-487324762
-487317942
-487322724
-487317942
-487317942
-487317942
-487317942
-487317942
-487317942
-487317942
-487317942
-487317942
-487317942
-487317942
-487317942
-487320070
-487317942
-487317942
-487317942
-487317942
-487317942
-487317942
-487317942
-487327048
-487320893
-487317942
-487321718
-487323383
-487317942
-487317942
-487325337
-487319916
-487324661
-487322175
-487317942
-487317942
-487317942
-487317942
-487327488
-487317942
-487327738
-487317942
-487317942
-487317942
-487317942
-487317942
-487317942
-487317942
-487317942
-487317942
-487317942
-487317942
-487317942
-487317942
-487324602
-487318389
-487317942
-487317942
-487317942
-487317942
-487324025
-487317942
-487320056
-487317942
-487317942
-487317942
-487326204
-487317942
-487317942
-487321512
-487317942
-487317942
-487323324
-487317942
-487317942
-487317942
-487317942
-487323763
-487317942
-487317942
-487323135
-487317942
-487323713
-487322858
-487319531
-487318470
-487317942
-487317942
-487317942
-487317942
-487320440
-487321594
-487317942
-487322115
-487317942
-487317942
-487318705
-487317942
-487317942
-487317942
-487319778
-487317942
-487317942
-487317942
-487321765
-487317942
-487323935
-487317942
-487317942
-487319933
-487319258
-487321829
-487322200
-487317942
-487317942
-487318497
-487323669
-487317942
-487317942
-487317942
-487322992
-487317942
-487317942
-487317942
-487317942
-487317942
-487317942
-487317942
-487317942
-487317942
-487317942
-487317942
-487317942
-487317942
-487317942
-487317942
-487317942
-487323121
-487317942
-487324682
-487317942
-487317942
-487322861
-487317942
-487317942
-487322239
-487322673
-487317942
-487324590
-487317942
-487317942
-487325540
-487317942
-487317942
-487317942
-487326629
-487324957
-487317942
-487317942
-487326852
-487321563
-487317942
-487317942
-487317942
-487317942
-487321664
-487317942
-487322570
-487317942
-487317942
-487317942
-487317942
-487317942
-487326578
-487317942
-487317942
-487317942
-487317942
-487317942
-487317942
-487317942
-487322097
-487317942
-487317942
-487326255
-487317942
-487325305
-487317942
-487317942
-487317942
-487318652
-487317942
-487317942
-487317942
-487317942
-487317942
-487317942
-487321473
-487317942
-487317942
-487317942
-487317942
-487317942
-487317942
-487323750
-487321054
-487317942
-487325703
-487317942
-487317942
-487317942
-487327325
-487323217
-487317942
-487317942
-487317942
-487317942
-487317942
-487317942
-487317942
-487317942
-487317942
-487317942
-487319917
-487317942
-487317942
-487321047
-487320690
-487317942
-487317942
-487326311
-487325548
-487317942
-487317942
-487318941
-487321957
-487321565
-487317942
-487317942
-487318313
-487317942
-487317942
-487317942
-487317942
-487317942
-487317942
-487317942
-487317942
-487317942
-487317942
-487317942
-487317942
-487317942
-487318420
-487317942
-487317942
-487317942
-487317942
-487317942
-487317942
-487317942
-487317942
-487317942
-487317942
-487317942
-487317942
-487317942
-487317942
-487317942
-487317942
-487327190
-487317942
-487317942
-487317942
-487326624
-487317978
-487317942
-487317942
-487317942
-487317942
-487317942
-487318931
-487317942
-487324850
-487318325
-487317942
-487317942
-487317942
-487317942
-487317942
-487317942
-487317942
-487317942
-487324503
-487317942
-487322659
-487317942
-487317942
-487317942
-487317942
-487317942
-487317942
-487317942
-487317942
-487317942
-487317942
-487317942
-487317942
-487317942
-487317970
-487317942
-487317942
-487321893
-487320116
-487317942
-487320139
-487317942
-487327154
-487323148
-487317942
-487327605
-487325976
-487317942
-487317942
-487319552
-487317942
-487317942
-487317942
-487327050
-487317942
-487317942
-487317942
-487317942
-487317942
-487327936
-487317942
-487317942
-487317942
-487317942
-487317942
-487317942
-487317942
-487317942
-487323700
-487317942
-487317942
-487317942
-487317942
-487317942
-487317942
-487317942
-487317942
-487317942
-487317942
-487317942
-487327088
-487325459
-487317942
-487326505
-487317942
-487317942
-487317942
-487321346
-487317942
-487317942
-487317942
-487317942
-487323237
-487321188
-487324699
-487317942
-487317942
-487323585
-487317942
-487317942
-487317942
-487317942
-487326527
-487317942
-487317942
-487317942
-487317942
-487317942
-487317942
-487318583
-487317942
-487326352
-487317942
-487317942
-487317942
-487317942
-487317942
-487317942
-487319874
-487317942
-487317942
-487322276
-487317942
-487323942
-487317942
-487317942
-487319436
-487318011
-487324396
-487317942
-487317942
-487317942
-487317942
-487317942
-487317942
-487317942
-487322867
-487317942
-487327579
-487317942
-487324918
-487317942
-487317942
-487317942
-487327293
-487317942
-487317942
-487317942
-487319252
-487317942
-487324580
-487317942
-487317942
-487317942
-487317942
-487325677
-487317942
-487317942
-487317942
-487320663
-487317942
-487317942
-487319453
-487321912
-487317942
-487322846
-487320047
-487317942
-487317942
-487317942
-487317942
-487318814
-487325128
-487321708
-487317942
-487317942
-487321703
-487323893
-487317942
-487317942
-487317942
-487326222
-487317942
-487326530
-487317942
-487317942
-487321119
-487317942
-487319505
-487319532
-487317942
-487322316
-487317942
-487324447
-487317942
-487320653
-487317942
-487322567
-487317942
-487317942
-487317942
-487317942
-487317942
-487322223
-487317942
-487317942
-487317942
-487317942
-487317942
-487322597
-487321367
-487324913
-487317942
-487326334
-487317942
-487317942
-487317942
-487317942
-487317942
-487317942
-487317942
-487319514
-487326927
-487325629
-487317942
-487322898
-487317942
-487317942
-487317942
-487325920
-487317942
-487325679
-487324938
-487323794
-487326672
-487317942
-487317942
-487317942
-487317942
-487321538
-487317942
-487317942
-487317942
-487317942
-487317942
-487317942
-487317942
-487317942
-487317942
-487317942
-487318959
-487320095
-487317942
-487317942
-487317942
-487325632
-487317942
-487317942
-487317942
-487317942
-487317942
-487318191
-487325691
-487317942
-487317942
-487318501
-487317942
-487320916
-487318247
-487327225
-487317942
-487322088
-487317942
-487317942
-487317942
-487323076
-487317942
-487317942
-487320985
-487326042
-487317942
-487324177
-487317942
-487317942
-487322380
-487317942
-487325365
-487318747
-487317942
-487321115
-487317942
-487317942
-487325235
-487326333
-487317942
-487317942
-487317942
-487317942
-487321290
-487318499
-487317942
-487317942
-487326164
-487317942
-487317942
-487320536
-487317942
-487325471
-487317942
-487317942
-487317942
-487317942
-487317942
-487324325
-487322991
-487318132
-487326607
-487317942
-487317942
-487321053
-487317942
-487317942
-487317942
-487317942
-487317942
-487323906
-487317942
-487320587
-487317942
-487323522
-487317942
-487317942
-487317942
-487317942
-487317942
-487319875
-487317942
-487317942
-487319944
-487317942
-487317942
-487317942
-487317942
-487323659
-487317942
-487317942
-487324460
-487317942
-487322899
-487320314
-487317942
-487318775
-487320800
-487317942
-487326887
-487325221
-487317942
-487317942
-487325863
-487317942
-487317942
-487322682
-487317942
-487317942
-487319604
-487317942
-487317942
-487317942
-487318371
-487317942
-487318988
-487317942
-487317942
-487317942
-487317942
-487319489
-487317942
-487317942
-487326742
-487317942
-487317942
-487317942
-487317942
-487327893
-487317942
-487317942
-487320749
-487321796
-487326737
-487317942
-487324945
-487324084
-487317942
-487322659
-487320777
-487317942
-487317942
-487326666
-487317942
-487317942
-487325739
-487317942
-487317942
-487320402
-487317942
-487321812
-487317942
-487323983
-487327136
-487317942
-487317942
-487317942
-487318506
-487317942
-487317942
-487317942
-487317942
-487317942
-487317942
-487317942
-487317942
-487324408
-487320069
-487317942
-487317942
-487321408
-487317942
-487317942
-487321741
-487317942
-487326486
-487323292
-487317942
-487317942
-487324513
-487322329
-487317942
-487317942
-487317942
-487317942
-487320080
-487317942
-487323843
-487317942
-487317942
-487317942
-487317942
-487319979
-487317942
-487317942
-487317942
-487324343
-487323789
-487317942
-487327797
-487317942
-487320358
-487317942
-487323789
-487321861
-487317942
-487326487
-487317942
-487325446
-487324344
-487317942
-487325501
-487324599
-487319471
-487317942
-487317942
-487317942
-487317942
-487326316
-487317942
-487317942
-487317942
-487317942
-487317942
-487317942
-487317942
-487320883
-487317942
-487317942
-487317942
-487317942
-487324701
-487325054
-487327916
-487321443
-487317942
-487326723
-487324029
-487325947
-487317942
-487320319
-487317942
-487321106
-487325680
-487324368
-487317942
-487324035
-487317942
-487317942
-487317942
-487317942
-487317942
-487317942
-487317942
-487324729
-487317942
-487327890
-487317942
-487317942
-487317942
-487324213
-487317942
-487322500
-487317942
-487317942
-487317942
-487317942
-487317942
-487317942
-487317942
-487317942
-487317942
-487317942
-487320676
-487320106
-487320794
-487323315
-487317942
-487319869
-487317942
-487318338
-487317942
-487317942
-487317942
-487317942
-487317942
-487318396
-487317942
-487317942
-487317942
-487317942
-487317942
-487317942
-487318497
-487317942
-487322412
-487317942
-487318922
-487317942
-487317942
-487317942
-487317942
-487327322
-487317942
-487317942
-487317942
-487317942
-487317942
-487326479
-487319907
-487317942
-487317942
-487325554
-487317942
-487317942
-487323598
-487317942
-487317942
-487324128
-487323961
-487319738
-487317942
-487317942
-487317942
-487317942
-487317942
-487323516
-487320476
-487319520
-487321616
-487317942
-487317942
-487317942
-487317942
-487317942
-487317942
-487321715
-487317942
-487325850
-487317942
-487317942
-487317942
-487323938
-487317942
-487324519
-487317942
-487317942
-487317942
-487317942
-487317942
-487324351
-487321739
-487317942
-487317942
-487319861
-487317942
-487325986
-487325604
-487317942
-487321617
-487318612
-487317942
-487317942
-487317942
-487317942
-487317942
-487324286
-487324906
-487322815
-487317942
-487326897
-487327923
-487324196
-487327196
-487319469
-487317942
-487324331
-487317942
-487317942
-487317942
-487317942
-487317942
-487321512
-487317942
-487317942
-487326958
-487317942
-487317942
-487326328
-487317942
-487317942
-487317942
-487317953
-487317942
-487317942
-487317942
-487317942
-487317942
-487320138
-487317942
-487318459
-487317942
-487317942
-487317942
-487317942
-487317942
-487326446
-487321160
-487317942
-487317942
-487327653
-487323984
-487317942
-487318387
-487322156
-487318765
-487317942
-487317942
-487322388
-487317942
-487317942
-487325131
-487317942
-487317942
-487317942
-487327898
-487317942
-487322442
-487327301
-487317942
-487317942
-487317942
-487325745
-487317942
-487317942
-487317942
-487320899
-487321601
-487317942
-487317942
-487317942
-487323445
-487324203
-487317942
-487318042
-487317942
-487317942
-487322593
-487321994
-487317942
-487317942
-487317942
-487317942
-487317942
-487317942
-487317942
-487324550
-487317942
-487317942
-487317942
-487323914
-487317942
-487317942
-487317942
-487317942
-487322662
-487317942
-487319295
-487317942
-487317942
-487317942
-487317942
-487326045
-487326983
-487317942
-487327165
-487317942
-487327897
-487317942
-487326661
-487321593
-487317942
-487323727
-487317942
-487317942
-487321210
-487317942
-487317942
-487317942
-487317942
-487317942
-487317942
-487317942
-487318849
-487317942
-487320515
-487317942
-487325966
-487322259
-487317942
-487317942
-487317942
-487317942
-487317942
-487317942
-487317942
-487317942
-487325106
-487317942
-487322889
-487326772
-487317942
-487318264
-487317942
-487317942
-487317942
-487322631
-487317942
-487317942
-487317942
-487317942
-487317942
-487317942
-487317942
-487320606
-487317942
-487317942
-487317942
-487319524
-487317942
-487317942
-487317942
-487317942
-487317942
-487325328
-487317942
-487317942
-487317942
-487317942
-487317942
-487325476
-487318079
-487326697
-487317942
-487317942
-487324494
-487317942
-487327784
-487317942
-487317942
-487317942
-487320714
-487323505
-487317942
-487317942
-487317942
-487317942
-487319888
-487326022
-487317942
-487317942
-487317942
-487317942
-487317942
-487317942
-487323360
-487320941
-487317942
-487317942
-487323887
-487317942
-487318787
-487317942
-487323700
-487317942
-487327382
-487326711
-487317942
-487323091
-487324108
-487317942
-487319822
-487317942
-487327435
-487317942
-487324642
-487317942
-487317942
-487317942
-487327424
-487317942
-487324936
-487317942
-487320976
-487321055
-487317942
-487320715
-487317942
-487317942
-487326694
-487317942
-487318113
-487317942
-487317942
-487317942
-487317942
-487318949
-487317942
-487317942
-487317942
-487317942
-487317942
-487317942
-487317942
-487323442
-487326102
-487317942
-487317942
-487317942
-487317942
-487318572
-487317942
-487326229
-487317942
-487317942
-487317942
-487318838
-487317942
-487326742
-487317942
-487317942
-487317942
-487317942
-487317942
-487317942
-487321111
-487321391
-487327106
-487317942
-487317942
-487317942
-487317942
-487317942
-487317942
-487317942
-487317942
-487321127
-487317942
-487325644
-487317942
-487319571
-487317942
-487317942
-487317942
-487317942
-487317942
-487326427
-487317942
-487317942
-487320364
-487317942
-487317942
-487317942
-487317942
-487324361
-487327244
-487317942
-487317942
-487317942
-487327488
-487317942
-487317942
-487317942
-487317942
-487317942
-487317942
-487327174
-487317942
-487318835
-487327225
-487317942
-487318394
-487325991
-487317942
-487317942
-487317942
-487323030
-487320347
-487317942
-487322987
-487317942
-487317942
-487317942
-487317942
-487317942
-487317942
-487321404
-487324251
-487317942
-487317942
-487317942
-487317942
-487325396
-487317942
-487317942
-487317942
-487317942
-487326357
-487317942
-487317942
-487317942
-487317942
-487317942
-487317942
-487325537
-487324156
-487317942
-487317942
-487317942
-487317942
-487317942
-487317942
-487317942
-487317942
-487321854
-487317942
-487317942
-487317942
-487323691
-487317942
-487317942
-487319063
-487326611
-487320718
-487317942
-487317942
-487317942
-487317942
-487317942
-487317942
-487317942
-487323373
-487317942
-487317942
-487317942
-487317942
-487322873
-487317942
-487319161
-487326291
-487317942
-487327660
-487317942
-487321009
-487324932
-487317942
-487327907
-487317942
-487317942
-487317942
-487317942
-487326065
-487317942
-487317942
-487324478
-487317942
-487320438
-487317942
-487327450
-487321775
-487317942
-487326963
-487317942
-487317942
-487317942
-487327406
-487317942
-487317942
-487317942
-487325069
-487319206
-487317942
-487326522
-487317942
-487317942
-487323683
-487317942
-487317942
-487317942
-487327176
-487317942
-487317942
-487323622
-487325591
-487317942
-487318994
-487317942
-487317942
-487325128
-487317942
-487317942
-487319345
-487317942
-487317942
-487317942
-487317942
-487317942
-487317942
-487317942
-487317942
-487317942
-487317942
-487317942
-487326846
-487320292
-487317942
-487318805
-487320405
-487317942
-487317942
-487317942
-487317942
-487318965
-487321907
-487317942
-487317942
-487317942
-487317942
-487317942
-487321954
-487321977
-487317942
-487317942
-487320293
-487325546
-487317942
-487322731
-487317942
-487317942
-487317942
-487324341
-487317942
-487320403
-487317942
-487317942
-487323142
-487317942
-487326437
-487321867
-487317942
-487317942
-487317942
-487317942
-487320969
-487317942
-487317942
-487327663
-487319570
-487317942
-487323629
-487317942
-487326435
-487317942
-487317942
-487317942
-487317942
-487319692
-487317942
-487327283
-487324917
-487317942
-487324125
-487317942
-487317942
-487318648
-487318170
-487317942
-487326507
-487317942
-487325813
-487323643
-487317942
-487317942
-487317942
-487317942
-487326693
-487317942
-487320660
-487317942
-487317942
-487324548
-487321422
-487317942
-487317942
-487321356
-487322581
-487317942
-487326298
-487317942
-487317942
-487317942
-487317942
-487317942
-487321261
-487317942
-487326680
-487317942
-487317942
-487317942
-487317942
-487317942
-487317942
-487317942
-487324930
-487317942
-487317942
-487317942
-487317942
-487317942
-487326199
-487321230
-487317942
-487321456
-487323007
-487317942
-487325214
-487317942
-487317942
-487317942
-487317942
-487317942
-487317942
-487317942
-487321432
-487317942
-487317942
-487317942
-487317942
-487317942
-487327339
-487322553
-487326489
-487317942
-487317942
-487318540
-487317942
-487317942
-487318394
-487317942
-487317942
-487324963
-487317942
-487326567
-487317942
-487317942
-487323644
-487317942
-487317942
-487321666
-487317942
-487319865
-487317942
-487322579
-487317942
-487317942
-487320762
-487327006
-487317942
-487324088
-487325313
-487324538
-487317942
-487317942
-487317942
-487317942
-487317942
-487317942
-487317942
-487326250
-487317942
-487327829
-487317942
-487317942
-487319683
-487325863
-487321414
-487317942
-487317942
-487317942
-487324217
-487317942
-487317942
-487324835
-487317942
-487326143
-487317942
-487317942
-487317942
-487317942
-487321075
-487317942
-487317942
-487317942
-487317942
-487317942
-487320154
-487320144
-487317942
-487317942
-487317942
-487317942
-487321076
-487317942
-487317942
-487320207
-487320919
-487317942
-487323290
-487317942
-487317942
-487317942
-487317942
-487317942
-487317942
-487326228
-487320280
-487317942
-487327767
-487317942
-487318867
-487317942
-487317942
-487317942
-487317942
-487317942
-487321473
-487317942
-487317942
-487317942
-487317942
-487317942
-487317942
-487317942
-487317942
-487321706
-487317942
-487318695
-487317942
-487318457
-487317942
-487318607
-487317942
-487317942
-487319375
-487317942
-487318770
-487317942
-487317942
-487317942
-487318461
-487325862
-487317942
-487317942
-487325097
-487317942
-487317942
-487317942
-487317942
-487317942
-487317942
-487318220
-487317942
-487322897
-487326258
-487317942
-487317942
-487317942
-487317942
-487319440
-487317942
-487317942
-487317942
-487317942
-487318637
-487317942
-487317942
-487317942
-487317942
-487323188
-487317942
-487317942
-487317942
-487317942
-487317942
-487318318
-487317942
-487317942
-487317942
-487319806
-487318081
-487320279
-487317942
-487317942
-487317942
-487317942
-487322600
-487322523
-487317942
-487317942
-487321735
-487324104
-487317942
-487323255
-487323762
-487317942
-487317942
-487317942
-487317942
-487320057
-487326961
-487317942
-487317942
-487317942
-487317942
-487317942
-487317942
-487317942
-487317942
-487317942
-487326115
-487325140
-487320100
-487317942
-487317942
-487324801
-487317942
-487324682
-487317942
-487319650
-487319512
-487317942
-487322552
-487326458
-487317942
-487317942
-487319508
-487317942
-487321209
-487317942
-487317942
-487317942
-487323921
-487325842
-487325979
-487317942
-487317942
-487317942
-487317942
-487317942
-487324215
-487323098
-487317942
-487322538
-487317942
-487326570
-487317942
-487327326
-487323356
-487317942
-487317942
-487317942
-487317942
-487317942
-487318860
-487319292
-487317942
-487317942
-487326739
-487317942
-487321524
-487317942
-487317942
-487317942
-487317942
-487317942
-487324929
-487319301
-487317942
-487318170
-487317942
-487317942
-487318309
-487317942
-487325362
-487317942
-487319203
-487326714
-487317942
-487317942
-487326339
-487317942
-487319203
-487325146
-487317942
-487317942
-487327524
-487317942
-487320354
-487319338
-487317942
-487319051
-487317942
-487317942
-487320145
-487317942
-487325619
-487317942
-487324591
-487317942
-487319544
-487317942
-487319265
-487317942
-487317942
-487327887
-487321046
-487317942
-487317942
-487317942
-487317942
-487324110
-487318302
-487317942
-487323857
-487317942
-487324473
-487323265
-487327766
-487317942
-487317942
-487317942
-487317942
-487317942
-487317942
-487320104
-487317942
-487323367
-487321593
-487317942
-487317942
-487317942
-487317942
-487317942
-487317942
-487320430
-487317942
-487317942
-487317942
-487317942
-487317942
-487317942
-487317942
-487317942
-487317942
-487317942
-487317942
-487317942
-487317942
-487327640
-487317942
-487317942
-487317942
-487317942
-487317942
-487317942
-487317942
-487317942
-487317942
-487317942
-487326069
-487317942
-487317942
-487317942
-487325617
-487324619
-487320084
-487317942
-487317942
-487317942
-487322592
-487317940
-487323827
-487321314
-487317940
-487325595
-487317940
-487325558
-487317940
-487317940
-487317940
-487319156
-487319851
-487323050
-487322081
-487322825
-487320336
-487317940
-487317940
-487317940
-487317940
-487317940
-487317940
-487317940
-487317940
-487317940
-487317940
-487317940
-487322366
-487326898
-487317940
-487317940
-487317940
-487321786
-487321225
-487319038
-487318910
-487326243
-487317940
-487324942
-487317940
-487317940
-487317940
-487317940
-487317940
-487317940
-487317940
-487317940
-487318563
-487326474
-487319559
-487317940
-487317940
-487317940
-487317940
-487322008
-487317940
-487317940
-487317940
-487320980
-487317940
-487327208
-487317940
-487317940
-487317940
-487317940
-487317940
-487327022
-487318332
-487317940
-487324843
-487322818
-487317940
-487323972
-487317940
-487317940
-487317940
-487318060
-487326441
-487317940
-487325241
-487317940
-487317940
-487317940
-487317940
-487317940
-487317940
-487317940
-487319282
-487317940
-487321507
-487317940
-487322334
-487317940
-487317940
-487323152
-487320450
-487317940
-487319540
-487321845
-487317940
-487317940
-487317940
-487317940
-487317940
-487326273
-487317940
-487317940
-487317940
-487319205
-487317940
-487317940
-487327601
-487317940
-487317940
-487317940
-487317940
-487317940
-487317940
-487317940
-487317940
-487317940
-487317940
-487325779
-487319748
-487325081
-487323818
-487317940
-487320954
-487322664
-487317940
-487317940
-487317940
-487317940
-487317940
-487317940
-487317940
-487317940
-487317940
-487317940
-487317940
-487317940
-487317940
-487324261
-487317940
-487317940
-487317940
-487319979
-487319663
-487320447
-487317940
-487317940
-487317940
-487317940
-487317940
-487317940
-487317940
-487317940
-487326201
-487317940
-487324262
-487318509
-487317940
-487325050
-487326687
-487321088
-487323443
-487317940
-487317940
-487317940
-487317974
-487322428
-487317940
-487320883
-487320160
-487317940
-487317940
-487319235
-487319851
-487321434
-487317940
-487317940
-487317940
-487318290
-487317940
-487317940
-487317940
-487317940
-487325887
-487317940
-487317940
-487317940
-487317940
-487326463
-487317940
-487322432
-487317940
-487319672
-487317940
-487317940
-487317940
-487317940
-487317940
-487317940
-487317940
-487317940
-487317940
-487317940
-487325801
-487317940
-487324568
-487317940
-487317940
-487317940
-487317940
-487317940
-487320945
-487317940
-487323348
-487324691
-487317940
-487317940
-487327758
-487317940
-487317940
-487317940
-487324231
-487317940
-487321038
-487320999
-487322451
-487317940
-487321757
-487317940
-487317940
-487317940
-487324632
-487317940
-487317940
-487317940
-487317940
-487322284
-487317940
-487317940
-487317940
-487324820
-487317940
-487317940
-487325669
-487317940
-487317940
-487317940
-487317940
-487317940
-487322118
-487317940
-487317940
-487317940
-487317940
-487317940
-487317940
-487327580
-487317940
-487317940
-487317940
-487321079
-487317940
-487317940
-487317940
-487317940
-487317940
-487317940
-487317940
-487317940
-487317940
-487321057
-487317940
-487317940
-487326980
-487324662
-487317940
-487327691
-487317940
-487317940
-487325096
-487317940
-487317940
-487317940
-487317940
-487325014
-487327290
-487326505
-487317940
-487317940
-487317940
-487319005
-487318834
-487322905
-487327736
-487317940
-487318849
-487317940
-487317940
-487317940
-487317940
-487317940
-487319135
-487317940
-487322561
-487317940
-487317940
-487317940
-487317940
-487317940
-487317940
-487326533
-487321139
-487317940
-487317940
-487317940
-487317940
-487317940
-487317940
-487321491
-487318290
-487319852
-487317940
-487317940
-487317940
-487321204
-487317940
-487317940
-487317940
-487317940
-487317940
-487317940
-487317940
-487317940
-487317940
-487317940
-487317940
-487319669
-487317940
-487323004
-487324748
-487317940
-487317940
-487317940
-487317940
-487317940
-487317940
-487317940
-487326883
-487317940
-487317940
-487317940
-487317940
-487318683
-487325777
-487317940
-487321332
-487317940
-487317940
-487322252
-487317940
-487317940
-487317940
-487317940
-487317940
-487317940
-487317940
-487317940
-487317940
-487327729
-487317940
-487319878
-487317940
-487317940
-487320547
-487317940
-487319187
-487317940
-487327725
-487326838
-487317940
-487317940
-487317940
-487317940
-487317940
-487317940
-487317940
-487321148
-487317940
-487317940
-487317940
-487317940
-487317940
-487317940
-487317940
-487317940
-487317940
-487327724
-487325764
-487317940
-487317940
-487317940
-487322356
-487327687
-487317940
-487317940
-487317940
-487327332
-487322453
-487317940
-487317940
-487322641
-487318032
-487317940
-487319809
-487317940
-487317940
-487317940
-487317940
-487317940
-487317940
-487326125
-487317940
-487317940
-487319146
-487320187
-487327323
-487317940
-487324960
-487321195
-487317940
-487317940
-487317940
-487317940
-487317940
-487317940
-487317940
-487321511
-487317940
-487317940
-487321218
-487317940
-487326848
-487317940
-487317997
-487317940
-487320881
-487317940
-487317940
-487317940
-487317940
-487317940
-487317940
-487317940
-487317940
-487317940
-487317940
-487326291
-487319299
-487323286
-487317940
-487319538
-487317940
-487317940
-487317940
-487323107
-487317940
-487318143
-487317940
-487317940
-487317940
-487317940
-487317940
-487317940
-487317940
-487322744
-487326184
-487327243
-487317940
-487317940
-487317940
-487317940
-487317940
-487317940
-487324786
-487320631
-487317940
-487317940
-487327606
-487317940
-487317940
-487317940
-487317940
-487320702
-487317940
-487317940
-487325709
-487317940
-487317940
-487317940
-487321243
-487317940
-487317940
-487321031
-487317940
-487317940
-487317940
-487326388
-487317940
-487317940
-487317940
-487317940
-487321415
-487317940
-487324814
-487317940
-487317940
-487317940
-487317940
-487318156
-487317940
-487317940
-487317940
-487319643
-487317940
-487326082
-487317940
-487317940
-487324292
-487317940
-487317940
-487323271
-487317940
-487317940
-487317940
-487317940
-487317940
-487317940
-487317940
-487317940
-487317940
-487317940
-487321401
-487325314
-487317940
-487326392
-487318270
-487323996
-487320236
-487318933
-487317940
-487326650
-487317940
-487320861
-487320074
-487317940
-487317940
-487317940
-487317940
-487317940
-487327903
-487320966
-487317940
-487321471
-487317940
-487317940
-487317940
-487317940
-487317940
-487317940
-487325536
-487317940
-487317940
-487317940
-487327254
-487317940
-487322058
-487317940
-487317940
-487321387
-487317940
-487317940
-487317940
-487322624
-487317940
-487317940
-487317940
-487323021
-487320369
-487317940
-487317940
-487317940
-487317940
-487317940
-487327523
-487318405
-487317940
-487317940
-487317940
-487317940
-487317940
-487317940
-487317940
-487317940
-487317940
-487317940
-487322476
-487317940
-487317940
-487318038
-487317940
-487317940
-487317940
-487318094
-487317940
-487317940
-487320177
-487317940
-487317940
-487317940
-487317940
-487318226
-487317940
-487321277
-487317940
-487317940
-487317940
-487317940
-487325913
-487317940
-487317940
-487317940
-487317940
-487317940
-487323408
-487317940
-487325837
-487317940
-487320748
-487317940
-487317940
-487325579
-487317940
-487323744
-487317940
-487320843
-487319244
-487326255
-487324297
-487317940
-487325678
-487317940
-487320708
-487317940
-487317940
-487325063
-487317940
-487318580
-487317940
-487317940
-487317940
-487317940
-487317940
-487317940
-487317940
-487317940
-487317940
-487317940
-487325608
-487317940
-487325084
-487317940
-487326935
-487319316
-487317940
-487326975
-487325654
-487317940
-487317940
-487317940
-487320871
-487322770
-487317940
-487323841
-487317940
-487317940
-487325518
-487317940
-487317940
-487318059
-487317940
-487317940
-487321238
-487317940
-487317940
-487325734
-487317940
-487326739
-487317940
-487319656
-487317940
-487327214
-487317940
-487320842
-487317940
-487321809
-487317940
-487317940
-487319621
-487318377
-487317940
-487317940
-487317940
-487317940
-487324355
-487317940
-487317940
-487323718
-487321745
-487317940
-487317940
-487317940
-487319069
-487317940
-487327863
-487317940
-487317940
-487317940
-487320600
-487320731
-487317940
-487317940
-487317940
-487317940
-487317940
-487317940
-487317940
-487317940
-487317940
-487325844
-487317940
-487317940
-487317940
-487317940
-487317940
-487317940
-487317940
-487327284
-487319083
-487326605
-487317940
-487317940
-487317940
-487317940
-487318434
-487317940
-487317940
-487317940
-487327906
-487323919
-487317940
-487317940
-487327815
-487317940
-487317940
-487317940
-487317940
-487317940
-487317940
-487318294
-487317940
-487318706
-487317940
-487317940
-487317940
-487317940
-487317940
-487317940
-487317940
-487318775
-487317940
-487326914
-487323268
-487317940
-487317940
-487317940
-487317940
-487317940
-487317940
-487317940
-487317940
-487317940
-487322859
-487317940
-487324972
-487324555
-487317940
-487327712
-487317940
-487317940
-487317940
-487317940
-487317940
-487317940
-487317940
-487327635
-487317940
-487317940
-487317940
-487327212
-487317940
-487321844
-487317940
-487326282
-487317940
-487321366
-487323279
-487317940
-487317940
-487317940
-487321057
-487317940
-487317940
-487317940
-487326791
-487317940
-487317940
-487317940
-487317940
-487317940
-487317940
-487317940
-487324243
-487317940
-487317940
-487317940
-487327448
-487323547
-487317940
-487322602
-487317940
-487324038
-487317940
-487317940
-487317940
-487327584
-487318136
-487317940
-487317940
-487317940
-487321874
-487317940
-487317940
-487317940
-487317940
-487317940
-487317942
-487318693
-487317940
-487317940
-487317940
-487317940
-487319462
-487317940
-487317940
-487317940
-487323216
-487317940
-487323624
-487317940
-487317940
-487318199
-487317940
-487317940
-487317940
-487317940
-487317940
-487317940
-487317940
-487319872
-487317940
-487319948
-487317940
-487321958
-487317940
-487317940
-487317940
-487317940
-487317940
-487317940
-487327336
-487326577
-487317940
-487320402
-487317940
-487317940
-487317940
-487323923
-487317940
-487317940
-487317940
-487317940
-487324920
-487317940
-487317940
-487317940
-487317940
-487317940
-487317940
-487317940
-487317940
-487320197
-487317940
-487317940
-487317940
-487323681
-487317940
-487317940
-487317940
-487317940
-487318371
-487322661
-487317940
-487317940
-487317940
-487317940
-487317940
-487317940
-487324817
-487317940
-487319017
-487317940
-487318632
-487319783
-487317940
-487317940
-487317940
-487317940
-487317940
-487319490
-487319679
-487317940
-487317940
-487317940
-487317940
-487317940
-487317940
-487317940
-487317940
-487317940
-487326101
-487317940
-487323938
-487327465
-487317940
-487317940
-487317940
-487317940
-487317940
-487317940
-487318884
-487323003
-487318708
-487317940
-487317940
-487317940
-487317940
-487317940
-487317940
-487325583
-487317940
-487324017
-487317940
-487325887
-487324208
-487318486
-487318326
-487317940
-487317940
-487317940
-487317940
-487317940
-487325166
-487317940
-487325116
-487317940
-487317940
-487319154
-487317940
-487317940
-487317940
-487322612
-487317940
-487317940
-487327321
-487317940
-487317940
-487317940
-487317940
-487317940
-487321476
-487318795
-487317940
-487317940
-487317940
-487317940
-487317940
-487322948
-487317940
-487323321
-487317940
-487317940
-487321785
-487317940
-487317940
-487324310
-487317940
-487317940
-487317940
-487323054
-487317940
-487317940
-487318100
-487317940
-487318658
-487317940
-487317940
-487317940
-487317940
-487319398
-487327375
-487321722
-487317940
-487317940
-487317940
-487317940
-487317940
-487317940
-487317940
-487320957
-487317940
-487317940
-487317940
-487317940
-487319714
-487317940
-487317940
-487317940
-487317987
-487322486
-487327439
-487317940
-487324001
-487317940
-487317940
-487317940
-487318931
-487317940
-487326885
-487317940
-487317940
-487317940
-487317940
-487317940
-487317940
-487318457
-487320624
-487317940
-487317940
-487320887
-487318962
-487320060
-487317940
-487320282
-487317940
-487317940
-487317940
-487317940
-487323060
-487317940
-487317940
-487317940
-487317940
-487317940
-487321085
-487317940
-487317940
-487320356
-487317940
-487322934
-487317940
-487317940
-487321530
-487317940
-487317940
-487317940
-487319405
-487317940
-487317940
-487321632
-487317940
-487317940
-487317940
-487317940
-487317940
-487325498
-487317940
-487317940
-487317940
-487317940
-487317940
-487327217
-487318619
-487317940
-487317940
-487317940
-487317940
-487317940
-487317940
-487317940
-487323382
-487317940
-487326875
-487317940
-487317940
-487317940
-487317940
-487321035
-487317940
-487317940
-487317940
-487317940
-487317940
-487317940
-487317940
-487320176
-487317940
-487322954
-487320860
-487326499
-487317940
-487317940
-487317940
-487327242
-487317940
-487317940
-487317940
-487317940
-487317940
-487317940
-487317940
-487317940
-487324776
-487317940
-487325156
-487317940
-487317940
-487325280
-487325349
-487317940
-487319717
-487327121
-487317940
-487325023
-487317940
-487317940
-487317940
-487317940
-487317940
-487324157
-487317940
-487317940
-487317940
-487322960
-487317940
-487317940
-487326076
-487317940
-487317940
-487317940
-487317940
-487317940
-487317940
-487317940
-487317940
-487317940
-487317940
-487317940
-487320958
-487317940
-487317940
-487317940
-487325347
-487317940
-487317940
-487325816
-487317940
-487317940
-487317940
-487317940
-487317940
-487325668
-487317940
-487327110
-487317940
-487317940
-487317940
-487317940
-487317940
-487317940
-487317940
-487317940
-487317940
-487317940
-487317940
-487317940
-487317940
-487317940
-487317940
-487320217
-487317940
-487317940
-487322962
-487317940
-487317940
-487325793
-487317940
-487325325
-487317940
-487317940
-487317940
-487319112
-487317940
-487317940
-487317940
-487318950
-487325465
-487317940
-487327638
-487327811
-487317940
-487317940
-487317940
-487324700
-487318032
-487321647
-487317940
-487327912
-487325279
-487324006
-487317940
-487317940
-487317940
-487317940
-487317940
-487324381
-487317940
-487317940
-487317940
-487317940
-487323403
-487317940
-487317940
-487317940
-487317940
-487317940
-487326597
-487317940
-487319046
-487321753
-487317940
-487317940
-487317940
-487317940
-487317940
-487323237
-487317940
-487321184
-487317940
-487317940
-487317940
-487317940
-487317940
-487317940
-487317940
-487317940
-487317940
-487319859
-487323868
-487317940
-487318941
-487326097
-487317940
-487321639
-487325245
-487317940
-487326094
-487326190
-487317940
-487317940
-487318271
-487317940
-487317940
-487317940
-487317940
-487322706
-487317940
-487324192
-487317940
-487321256
-487317940
-487317940
-487324311
-487317940
-487317940
-487317940
-487321203
-487317940
-487317940
-487317940
-487325554
-487318576
-487326685
-487317940
-487327853
-487317940
-487317940
-487317940
-487317940
-487317940
-487317940
-487319612
-487320724
-487317940
-487317940
-487320059
-487317940
-487317940
-487317940
-487327675
-487317940
-487324590
-487317940
-487317940
-487317940
-487317940
-487321111
-487317940
-487317940
-487317940
-487317940
-487317940
-487317940
-487317940
-487322239
-487317940
-487319777
-487317940
-487323836
-487317940
-487317940
-487321918
-487325778
-487324391
-487317940
-487324308
-487317940
-487317940
-487317940
-487317940
-487327259
-487317940
-487317940
-487327766
-487324414
-487318990
-487319908
-487318974
-487317940
-487317940
-487317940
-487317940
-487317940
-487317940
-487317940
-487317940
-487317940
-487326442
-487323837
-487325165
-487317940
-487317940
-487317940
-487323376
-487324215
-487317940
-487320750
-487323226
-487324099
-487317940
-487317940
-487317940
-487317940
-487317940
-487317940
-487317940
-487317940
-487317940
-487317940
-487317940
-487324635
-487317940
-487317940
-487317940
-487317940
-487317940
-487325626
-487317940
-487317940
-487317940
-487317940
-487317940
-487318084
-487317940
-487317940
-487317940
-487317940
-487320861
-487317940
-487317940
-487317940
-487317940
-487320232
-487323964
-487317940
-487317940
-487327268
-487324364
-487318759
-487317940
-487322931
-487317940
-487317940
-487317940
-487326686
-487326558
-487317940
-487317940
-487317940
-487317940
-487317940
-487317940
-487317940
-487317940
-487317940
-487318210
-487317940
-487318429
-487317940
-487319227
-487322072
-487320389
-487319560
-487322521
-487317940
-487317940
-487317940
-487317940
-487317940
-487317940
-487317940
-487322189
-487318262
-487326997
-487317940
-487317940
-487317940
-487319573
-487317940
-487317940
-487317940
-487317940
Queue is Full
-487318865
-487325463
-487318305
-487325518
-487317940
-487317940
-487317940
-487317940
-487322679
-487317940
-487317940
-487323029
-487322845
-487318038
-487317940
-487327869
Queue is Full
-487317940
-487324554
-487317940
-487317940
-487319415
Queue is Full
Queue is Full
Queue is Full
-487321538
-487327789
-487317940
-487317940
-487324976
-487317940
-487317940
-487317940
-487317940
-487325557
-487317940
-487317940
-487317940
-487321426
-487317940
-487317940
-487317940
-487317940
-487317940
-487317940
-487317940
-487323803
-487318677
-487317940
-487317940
Queue is Full
-487317940
-487317940
Queue is Full
-487317940
-487317940
-487327000
-487323232
Queue is Full
-487327059
-487326973
Queue is Full
-487317940
-487323698
-487317940
-487317940
-487318502
Queue is Full
Queue is Full
-487318307
-487317940
-487317940
-487324741
-487318599
-487317940
-487317940
Queue is Full
Queue is Full
-487319618
-487317940
-487317940
-487326364
Queue is Full
-487318945
Queue is Full
-487323257
-487321534
-487317940
-487318132
-487322500
Queue is Full
Queue is Full
Queue is Full
Queue is Full
Queue is Full
-487317940
Queue is Full
-487324055
-487318992
-487317940
-487319744
-487318993
-487317940
Queue is Full
Queue is Full
-487322400
-487317940
Queue is Full
-487327127
-487325313
-487319672
-487317940
-487326315
-487327226
-487321674
-487317940
-487317940
Queue is Full
-487320829
-487322345
-487319760
-487325713
-487317940
-487324872
-487317940
-487317940
-487325734
-487317940
Queue is Full
-487317940
-487317940
Queue is Full
-487325693
-487317940
Queue is Full
-487317940
-487317940
-487320041
-487317940
-487317940
-487323961
-487318543
-487317940
-487317940
-487326304
-487317940
-487325923
-487319593
-487317940
Queue is Full
Queue is Full
-487317940
Queue is Full
Queue is Full
-487317940
-487317940
-487317940
-487317940
-487322712
-487318239
Queue is Full
-487317940
-487326094
Queue is Full
Queue is Full
Queue is Full
-487325395
-487326608
-487318796
-487325226
Queue is Full
Queue is Full
-487320507
-487317940
-487317940
-487326325
-487321496
-487317940
Queue is Full
Queue is Full
-487321308
Queue is Full
Queue is Full
-487318593
-487322454
-487317940
-487318280
-487323370
-487321349
-487317995
-487317940
-487317940
Queue is Full
-487325556
-487317940
-487317940
-487327648
-487318130
-487317940
-487317940
Queue is Full
Queue is Full
Queue is Full
-487325828
-487327842
-487317940
Queue is Full
-487318297
-487317940
-487317940
-487317940
-487327730
-487317940
-487317940
-487317940
-487317940
-487317940
-487317940
Queue is Full
-487322767
-487317940
Queue is Full
-487317940
Queue is Full
Queue is Full
-487325681
-487317940
-487325663
Queue is Full
Queue is Full
Queue is Full
Queue is Full
-487317940
Queue is Full
Queue is Full
-487327628
-487317940
-487326224
-487325798
-487317940
-487317940
-487320391
-487320241
-487317940
-487317940
Queue is Full
-487317940
-487317940
-487320606
-487317940
-487317940
-487317940
-487319640
-487317940
-487319287
-487317940
-487321478
-487322433
-487317940
-487320417
-487323107
-487317940
Queue is Full
-487324211
-487325656
-487327206
-487317940
Queue is Full
-487317940
-487317940
-487326824
-487319335
-487317940
-487325298
-487326370
Queue is Full
-487317940
Queue is Full
-487317940
Queue is Full
-487320980
-487317940
-487317940
Queue is Full
-487317940
-487325115
-487324180
-487317940
-487317940
-487324512
-487317940
-487317940
-487323729
Queue is Full
-487325344
-487317940
-487320293
-487317940
-487326009
-487317940
-487317940
-487317940
-487317940
-487317940
-487320654
-487317940
-487317940
-487317940
-487317940
-487322032
Queue is Full
Queue is Full
-487317940
-487319660
Queue is Full
-487317940
-487317940
Queue is Full
-487317940
-487321863
-487326208
Queue is Full
Queue is Full
-487317940
Queue is Full
Queue is Full
-487322576
Queue is Full
Queue is Full
Queue is Full
-487317940
Queue is Full
Queue is Full
Queue is Full
Queue is Full
-487317940
-487324625
-487326270
-487325698
-487317940
Queue is Full
-487326788
-487317940
Queue is Full
Queue is Full
-487326358
-487325069
-487320945
-487317940
-487319296
-487317940
-487317940
Queue is Full
-487325530
Queue is Full
-487325153
-487320965
-487317940
Queue is Full
-487317940
-487323105
-487326272
-487317940
-487317940
-487317940
-487326940
-487317940
-487324773
-487317940
-487326528
-487322745
-487321662
-487323997
-487317940
-487327437
Queue is Full
-487317940
Queue is Full
-487317940
-487321154
-487326818
-487317940
-487317940
Queue is Full
-487317940
-487317940
-487326242
-487319275
-487326445
-487324081
-487326148
-487327353
-487317940
-487322823
-487318044
-487317940
Queue is Full
-487317940
-487317940
-487317940
-487317940
-487319368
-487318548
Queue is Full
-487318570
-487317940
-487321828
Queue is Full
Queue is Full
Queue is Full
-487317940
-487324689
-487317940
Queue is Full
Queue is Full
Queue is Full
-487317940
-487327850
Queue is Full
-487323705
-487317940
-487326125
Queue is Full
-487317940
Queue is Full
-487317940
-487317940
-487319024
Queue is Full
-487317940
-487317986
-487322332
-487323357
-487318380
Queue is Full
-487322722
Queue is Full
-487325756
-487323960
-487317940
-487317940
-487317940
-487325211
-487317940
-487317940
-487317940
-487317940
Queue is Full
Queue is Full
Queue is Full
-487317940
-487321833
-487317940
-487317940
-487317940
-487323316
-487322434
-487321264
Queue is Full
Queue is Full
-487317940
Queue is Full
-487319020
-487317940
-487326065
Queue is Full
-487317940
-487317940
-487317940
-487317940
Queue is Full
-487322881
-487327282
-487326762
-487320237
Queue is Full
-487326706
-487317940
Queue is Full
-487317940
Queue is Full
-487317940
-487327792
-487317940
-487324903
Queue is Full
-487325428
-487317940
-487323767
Queue is Full
-487317940
Queue is Full
-487317940
-487326727
-487317940
-487320797
-487324853
-487320377
-487317940
-487319479
-487317940
Queue is Full
-487318853
-487321093
Queue is Full
-487321247
-487317940
Queue is Full
-487326501
-487318572
-487317940
Queue is Full
-487317940
-487317940
-487321168
-487320385
-487319152
-487317940
-487326437
-487317940
Queue is Full
Queue is Full
-487323121
-487318043
-487318671
-487317940
-487317940
-487320215
-487326521
-487317940
-487321683
Queue is Full
Queue is Full
Queue is Full
Queue is Full
Queue is Full
-487317940
-487321402
-487327583
-487324015
-487317940
Queue is Full
-487325734
Queue is Full
-487317940
Queue is Full
-487317940
-487327401
-487317940
-487317940
Queue is Full
-487317940
Queue is Full
Queue is Full
Queue is Full
-487317940
-487317940
-487317940
-487317940
-487317940
-487323658
Queue is Full
-487323209
-487319197
-487317940
-487317940
-487317940
-487317940
-487318140
-487318282
-487317940
-487323916
-487317940
Queue is Full
-487317940
-487317940
-487321796
Queue is Full
-487322262
-487317940
-487317940
-487317940
Queue is Full
-487325191
-487317940
Queue is Full
-487317940
-487317940
Queue is Full
Queue is Full
Queue is Full
-487322664
-487317940
-487318903
-487317940
Queue is Full
-487317940
-487324142
-487327258
-487323466
-487317940
-487317940
-487317940
-487317940
-487318351
-487317940
-487317940
-487317940
-487326698
-487325204
-487317940
-487317940
-487327349
-487317940
-487320933
-487317940
-487323671
-487317940
-487323878
-487319046
-487317940
-487321128
-487324830
-487317940
-487317940
-487322103
-487317940
-487322057
-487317940
Queue is Full
-487317940
-487326546
-487317940
-487318765
-487317940
-487325840
-487317940
-487318091
Queue is Full
-487323700
-487317940
-487317940
-487320050
-487319505
-487317940
-487323275
-487317940
-487322622
-487317940
-487317940
-487327582
-487327258
-487317940
-487318908
-487322407
-487319650
-487324394
-487324487
-487317940
-487320819
-487317940
-487317940
-487319301
-487317940
-487317940
-487320069
-487317940
Queue is Full
-487317940
-487321978
-487317940
-487320321
-487327563
-487320173
-487317940
-487319561
-487317940
-487317940
Queue is Full
-487317940
-487326299
-487317940
-487317940
Queue is Full
-487317940
-487317940
-487320557
-487317940
-487317940
-487325007
-487322907
-487321263
-487317940
-487323775
-487323603
-487317940
-487319850
-487317940
-487321289
-487319120
-487317940
-487318300
-487324272
-487317940
-487319756
-487317940
-487318382
-487317940
-487317940
Queue is Full
-487317940
-487318095
-487321348
-487326573
-487317940
Queue is Full
-487317940
-487325687
-487317940
-487322748
-487317940
-487317940
-487317940
-487317940
-487326012
-487317940
-487321812
-487320563
Queue is Full
-487317940
-487324153
-487317940
-487317940
Queue is Full
-487317940
-487320958
-487317940
-487317940
-487323048
-487326614
-487317940
-487322872
-487317940
-487317940
-487317940
Queue is Full
-487318128
-487317940
-487322715
-487318410
-487326299
-487317940
-487317940
-487317940
-487322420
-487317940
-487320146
-487317940
-487323591
-487317940
-487321099
-487323265
-487317940
-487318408
-487317940
Queue is Full
-487317940
-487324923
-487325664
-487317940
-487319820
-487326050
-487317940
-487325170
-487317940
-487321054
-487322566
-487323820
-487323530
-487317940
-487324396
-487317940
-487323222
-487324101
-487317940
-487317940
-487317940
-487327933
-487317940
-487318169
-487317940
-487325554
-487327884
-487317940
-487317940
-487323569
-487317940
-487317940
-487324281
-487317940
-487317940
-487317940
-487317952
-487317940
-487321179
-487317940
-487320526
-487317940
-487317940
-487323843
-487317940
-487317940
-487319934
-487317940
-487319943
-487318086
-487327353
-487317940
-487325108
-487318009
-487317940
-487317940
Queue is Full
-487317940
-487324805
-487317940
-487317940
-487321004
-487317940
-487325854
-487317940
-487322416
-487318028
-487317940
-487320917
-487317940
-487317940
-487324544
-487317940
-487317940
-487327379
-487317940
-487325167
-487317940
-487317940
-487325395
-487318210
-487317940
-487317940
-487317940
-487319385
-487317940
-487320142
-487317940
-487318946
-487317940
-487321477
-487317940
-487317940
-487322135
-487324176
-487321217
-487317940
-487327756
-487318155
-487317940
-487317940
-487317940
-487317940
-487327216
-487317940
-487317940
-487324768
-487318097
-487317940
-487321697
-487318341
-487317940
-487325274
-487320168
-487321882
-487317940
-487323984
-487317940
-487326292
-487317940
-487317940
Queue is Full
-487317940
-487319033
-487319745
-487317940
-487325790
-487317940
-487317940
-487317940
-487327786
-487317940
-487317940
-487319921
-487324620
-487317940
-487317940
-487324670
-487317940
-487317940
-487317940
-487321382
-487327074
-487317940
-487323930
-487325323
Queue is Full
-487317940
-487326519
-487317940
-487319926
-487317940
-487320391
-487321206
-487317940
-487317940
-487326139
-487317940
-487327887
-487317940
-487318468
-487318581
-487319479
-487317940
-487320604
-487325871
-487327660
-487317940
-487317940
-487317940
-487317940
-487319517
-487317940
-487318743
-487317940
-487327351
-487317940
-487317940
-487319453
-487318405
-487317940
-487327556
-487317940
-487327187
-487317940
-487317940
-487322291
-487327139
-487325822
-487317940
-487320741
-487319910
-487317940
-487323833
-487317940
-487322765
-487317940
-487317940
-487318697
-487317940
-487317940
-487321313
-487317940
-487317940
-487317940
-487327135
-487317940
-487317940
Queue is Full
-487317940
-487320394
-487321369
-487317940
-487327888
-487322271
-487324003
-487324636
-487317940
-487324566
-487317940
-487317940
Queue is Full
-487317940
-487325283
Queue is Full
Queue is Full
-487327733
-487318225
-487319396
-487317940
-487322011
-487320556
-487319160
-487317940
-487317940
-487320838
-487317940
-487322275
-487318452
-487317940
-487317940
-487323992
-487317940
-487317940
Queue is Full
-487325683
-487317940
-487326450
-487325133
-487317940
-487317940
-487325197
-487326490
-487317940
-487321159
-487317940
-487317940
Queue is Full
-487318175
-487324804
-487327222
-487317940
-487318159
-487317940
-487317940
-487317940
-487326501
-487317940
Queue is Full
-487327130
-487318071
-487317940
-487326449
-487317940
-487317940
-487326848
-487317940
-487318163
-487317940
-487321526
-487317940
-487321587
-487317940
-487317940
-487317940
-487323040
-487317940
-487317940
-487322462
-487317940
-487317940
-487320423
-487317940
-487326138
-487325322
-487317940
-487321271
-487325094
-487327002
Queue is Full
-487320656
-487317940
-487323645
-487317940
-487324673
-487320935
-487317940
Queue is Full
-487317940
-487326914
-487325023
-487319785
-487317940
-487318457
-487317940
-487317940
Queue is Full
-487318191
-487317940
-487322565
-487324719
-487317940
-487325810
-487317940
-487319645
-487317940
-487317940
-487327629
-487317940
-487317940
-487318178
-487317940
-487317940
-487323119
-487319896
-487317940
-487320153
-487317940
-487319483
-487317940
-487318116
-487317940
-487325392
-487317940
-487317940
-487317940
-487325349
-487317940
-487317940
-487320666
-487323122
-487327452
-487322482
-487317940
-487327004
-487317940
-487325907
-487325967
-487317940
-487317940
-487326332
-487324525
-487326454
-487317940
-487321160
-487317944
-487327892
-487317940
-487317940
-487317940
-487317940
-487318449
-487317940
-487317940
-487323572
-487317940
-487318023
-487327413
-487320050
-487318524
-487317940
Queue is Full
-487319904
-487317940
-487319453
Queue is Full
-487321300
-487317940
-487323670
-487317940
-487327832
-487317940
-487327384
-487317940
-487319179
-487317940
-487325501
-487319967
-487317940
-487317940
-487326226
-487317940
-487324596
-487327050
-487317940
-487321795
-487317940
-487318383
-487317940
-487327259
-487317940
-487321561
-487317940
-487324411
-487317940
-487317940
-487317940
-487318816
-487317940
-487325562
-487317940
-487319516
-487324462
-487317940
-487326492
-487325931
-487317940
-487321540
-487321582
-487325244
-487317940
-487317940
Queue is Full
-487317940
-487318712
-487325904
-487327786
-487317940
Queue is Full
-487317940
-487326319
-487323724
Queue is Full
-487317940
-487326821
-487317999
Queue is Full
-487317940
-487326490
-487317940
-487327844
-487327652
-487324643
-487323078
-487317940
-487318261
-487317940
-487317940
-487317940
-487318206
-487318849
-487317940
-487324184
-487319459
-487317940
-487317940
-487320158
-487317940
-487319588
-487317940
-487317940
-487320157
-487317940
-487319405
-487317940
-487319975
-487327799
-487317940
-487321796
-487317940
-487317940
-487317940
-487327329
-487317940
-487325889
-487326478
-487322820
-487317940
-487319605
-487318763
-487317940
-487317940
-487325982
-487322034
-487317940
-487317940
-487322166
-487317940
-487323068
-487324606
-487317940
-487319442
-487325266
-487317940
-487320905
-487317940
Queue is Full
-487325690
-487317940
-487317940
-487326783
-487317940
-487321922
-487324934
-487317940
-487324220
-487317940
-487317940
-487317940
-487325818
-487318355
-487317940
-487317940
-487323584
-487317940
-487325602
-487317940
-487326135
-487317940
-487317940
-487327465
-487317940
-487320639
-487317940
Queue is Full
-487323088
-487317940
-487323183
-487323198
-487317940
-487320815
-487317940
-487324506
-487317940
Queue is Full
-487317940
-487327883
-487317940
Queue is Full
-487317940
-487323223
-487317940
-487326710
-487325361
-487317940
-487320332
-487317940
-487319230
-487317940
-487317940
Queue is Full
-487317940
-487322880
-487317940
-487321926
-487317940
-487319176
-487322924
-487317940
-487317940
-487323464
-487322123
-487317940
-487319306
-487317940
-487318025
-487318995
-487317940
-487318067
Queue is Full
-487321106
-487317940
-487325023
-487317940
-487325246
-487325170
-487317940
-487318305
-487317940
-487317940
-487317940
-487326774
-487317940
-487324938
-487317940
-487317940
-487327447
-487320262
-487317940
Queue is Full
Queue is Full
-487318485
-487317940
-487322746
-487317940
-487319126
-487317940
-487326910
-487327279
-487317940
Queue is Full
-487317940
-487327483
-487317940
-487317940
-487319105
-487317940
-487322385
-487317940
-487320759
-487317940
-487324174
-487319620
-487317940
-487317940
-487317940
-487325147
-487317940
-487321503
-487317940
-487327677
-487320710
-487317940
-487318963
-487317940
-487317940
-487320413
-487317940
-487325876
-487319415
-487317940
-487317940
-487317940
Queue is Full
-487317940
-487322532
-487318840
-487317940
-487317940
-487318362
-487317940
-487317940
-487323858
-487323594
-487317940
-487317940
-487326444
-487318951
-487317940
Queue is Full
-487325155
-487317940
-487318510
-487317940
-487320064
-487324938
-487317940
-487317940
Queue is Full
-487317940
-487324646
-487326924
-487320455
-487317940
-487317940
-487318448
-487327421
-487317940
-487317940
-487327305
-487317940
-487317940
-487319731
-487317940
Queue is Full
-487320173
-487322398
-487317940
-487317940
-487322990
-487317940
Queue is Full
-487317940
-487327725
-487317940
-487319937
-487317940
-487317940
-487320553
-487317940
-487327480
-487327739
-487317940
-487317940
-487327552
-487317940
-487325653
-487317940
-487324550
-487317940
-487317940
-487318795
-487317940
-487321622
-487317940
-487319561
-487319189
-487323458
-487317940
Queue is Full
-487317940
Queue is Full
-487317940
-487324289
-487320738
-487317940
-487317940
-487321691
-487317940
-487317940
-487324197
Queue is Full
-487319284
-487317940
-487318139
-487320375
-487318726
-487321777
-487317940
-487322580
-487317940
-487317940
-487317940
-487319725
-487326375
-487322755
-487318988
-487317940
-487324467
-487327643
-487325632
-487317940
-487317940
-487320208
-487317940
-487317940
Queue is Full
-487317940
-487325512
-487317940
-487319795
-487317940
Queue is Full
-487317940
-487321282
-487317940
-487320436
-487317940
-487321580
-487317940
-487323734
-487317940
-487323807
-487317940
-487318964
-487327502
-487317940
-487325016
-487317940
-487321186
-487318577
-487317940
-487320396
-487317940
-487323366
-487317940
-487317940
-487326711
-487317940
-487317940
-487318202
-487325843
Queue is Full
-487321924
-487324033
-487322355
-487322910
-487317940
-487318481
-487317940
-487327589
-487327184
-487317940
-487325911
-487317940
-487317940
-487321115
-487323916
-487317940
-487317940
-487318061
-487317940
-487326775
-487317940
-487323365
-487326811
-487321680
-487317940
-487317940
-487317940
-487323681
-487317940
-487317940
-487323646
-487317940
-487327560
-487324405
-487322940
-487317940
-487317940
-487317940
-487326527
-487317940
-487317940
-487317940
-487327265
-487317940
-487317940
-487321795
-487317940
-487326813
-487317940
-487317940
-487323114
-487317940
-487317940
-487323794
-487327710
-487317940
Queue is Full
-487320305
-487317940
-487317940
-487317940
-487323989
-487317940
-487326107
-487323019
-487317940
-487317940
-487319238
-487318366
-487317940
-487323026
-487317940
-487321967
-487317940
-487317940
-487327186
-487317940
-487322999
-487317940
-487325350
-487317940
-487319358
-487317940
-487317940
-487317940
-487323498
-487317940
-487317940
-487327110
-487317940
-487317940
-487322287
-487317940
-487317940
-487322631
-487317940
-487317940
-487321124
-487324926
-487319202
-487318149
-487317940
-487317940
-487318808
-487320299
-487327659
-487317940
-487324665
-487317940
-487324459
-487322346
-487317940
Queue is Full
Queue is Full
-487318537
-487317940
-487324292
-487323616
-487317940
-487323133
-487317940
-487317940
-487326586
-487317940
-487322216
-487317940
-487317940
Queue is Full
-487317940
Queue is Full
-487320340
-487317940
-487317940
-487319878
-487322410
-487317940
-487317940
-487322148
-487317940
-487317940
Queue is Full
-487324408
-487317940
-487326328
-487327815
-487317940
-487326884
-487325556
-487317940
-487317940
Queue is Full
-487317940
-487327290
-487317940
-487317940
-487322363
-487317940
-487324907
-487317940
Queue is Full
-487317940
-487326735
-487323114
-487317940
-487319705
-487323152
-487318784
-487317940
-487317940
-487322762
-487317940
-487322245
-487317940
-487317940
-487318441
-487319568
-487317940
-487323067
-487325366
-487317940
-487317940
-487317940
-487319079
-487318371
-487318867
-487327349
-487317940
-487323725
-487317940
-487322468
-487317940
-487325769
-487317940
-487322865
-487319966
-487322407
-487317940
-487321065
-487326944
-487317940
-487326092
-487317940
-487323039
-487317940
-487327848
-487325210
-487319952
-487317940
-487318926
-487317940
-487317940
-487325290
-487317940
-487326446
Queue is Full
Queue is Full
-487317940
Queue is Full
-487324738
-487317940
-487321251
-487317940
-487317940
-487326478
-487320324
-487317940
Queue is Full
-487317940
-487318000
-487317940
-487317940
-487320179
-487317940
-487325851
-487317940
Queue is Full
-487317940
-487319843
-487317940
-487323394
-487317940
-487321141
-487317940
-487319448
-487317940
-487322509
-487320886
-487318184
-487317940
-487317940
-487324483
-487317940
-487317940
-487324328
-487317940
-487317940
-487319383
-487317940
-487325091
-487317940
-487320255
-487324254
-487317940
-487317940
-487327074
-487317940
-487317940
Queue is Full
-487317940
-487321852
-487317940
-487318656
-487317940
-487322581
-487325429
-487317940
-487319036
-487317940
-487327338
-487317940
-487317940
-487318163
-487317940
-487325844
Queue is Full
Queue is Full
-487326251
-487317940
-487317940
-487321587
-487317940
-487317940
-487323304
-487317940
-487323321
-487317940
-487322074
-487317940
-487318507
-487317940
-487324179
-487324127
-487317940
-487317940
-487326210
-487324487
-487317940
-487317940
-487327806
-487317940
-487317940
Queue is Full
-487318242
-487321912
-487317940
-487327262
-487317940
-487321599
-487327860
-487317940
-487318385
-487317940
-487320865
-487324716
-487321854
-487325810
-487323584
-487317940
-487325172
-487317940
-487317940
-487317940
-487324241
-487326217
-487317940
-487320302
-487326427
-487317940
-487318556
-487317940
-487317940
-487319771
-487317940
-487324309
-487317940
-487325703
-487320957
-487321442
-487317940
-487320933
-487322468
-487317940
-487322661
-487317940
-487317940
-487321414
-487317940
-487317940
-487325420
-487321389
-487317940
-487317940
-487317940
-487317940
-487317940
-487322258
-487317940
-487322391
-487317940
Queue is Full
-487317940
-487326355
-487317940
-487321289
-487317940
-487317940
-487324696
-487323236
-487327689
-487320880
-487323110
-487317940
-487319901
-487317940
-487317940
-487321382
-487317940
-487317947
-487320240
-487317940
-487323952
-487325062
-487318012
-487325969
-487327351
-487320793
-487317940
-487317940
-487317940
-487325558
-487317940
-487319068
Queue is Full
-487327132
-487319386
-487317940
-487323537
-487322846
-487317940
-487317940
Queue is Full
-487317940
-487320106
-487319309
-487317940
-487327126
-487321474
-487317940
-487327677
-487317940
-487317940
-487327068
-487320125
-487317940
-487320001
-487317940
-487326602
-487317940
-487317940
-487327729
-487324013
-487318690
Queue is Full
-487317940
-487320366
-487318546
-487317940
-487317940
-487323447
-487317940
-487317940
-487323793
-487327513
-487317940
-487319171
-487317940
-487325379
-487317940
Queue is Full
-487322776
-487317940
-487320987
-487317940
-487317940
Queue is Full
-487319497
-487320788
-487317940
-487317940
-487317940
-487317940
-487327540
-487317940
-487317940
-487325129
-487326545
-487317940
-487325420
Queue is Full
-487317940
-487321858
-487319651
-487317940
-487317940
-487317940
-487322620
-487317940
-487323893
-487320539
-487317940
-487317940
-487317940
-487326651
-487317940
-487317940
-487319425
-487325008
-487317940
-487325130
-487317940
-487322406
-487317940
-487324680
-487317940
-487317940
Queue is Full
-487317940
-487319255
Queue is Full
-487325448
-487320415
-487317940
-487320734
-487317940
Queue is Full
-487326784
-487326567
-487317940
-487317940
-487317940
-487320039
-487317940
-487321991
-487317940
-487318261
-487322151
-487319150
-487318753
-487317940
-487317940
-487327629
-487317940
-487317940
-487323366
-487327736
-487317940
-487321846
-487317940
-487318546
-487327658
-487318186
-487317940
-487317940
-487317940
-487323837
-487317940
-487319885
-487323555
-487317940
-487325627
-487317940
-487324124
-487317940
-487320022
Queue is Full
-487322469
-487323381
-487317940
-487326506
-487317940
-487317940
-487321648
-487317940
-487326899
-487317940
-487326976
-487322793
-487317940
-487317940
-487317940
-487326482
-487322278
-487317940
-487317940
-487317940
-487317940
-487325006
-487317940
-487320398
-487317940
-487317940
-487323421
-487317940
-487320760
-487317940
-487317940
-487318406
-487317940
-487317940
-487319922
-487319768
-487317940
-487321065
-487317940
-487320482
-487317940
-487323284
-487317940
-487327822
-487325068
-487317940
-487317940
-487323848
-487317940
-487317940
Queue is Full
-487327453
-487327509
-487317940
-487325775
-487317940
-487325097
-487317940
Queue is Full
-487317940
-487327932
-487317940
-487317940
-487325495
-487317940
Queue is Full
-487317940
-487320590
-487317940
-487322590
-487326281
-487317940
-487327008
-487318332
-487322143
-487323167
-487317940
-487317940
-487317940
-487321023
-487318229
-487327454
-487317940
-487317940
-487317940
-487326796
-487317940
-487317940
-487321688
Queue is Full
-487320691
-487320726
-487322582
-487317940
-487318259
-487325375
-487324064
-487317940
-487317940
-487326379
-487322539
-487317940
-487317940
-487325467
-487317940
-487317940
-487324613
-487317940
-487317940
-487317940
-487317940
-487319196
-487317940
-487325017
-487317940
-487321123
-487317940
-487318041
-487317940
Queue is Full
-487317940
-487327799
-487317940
-487323509
-487317940
-487317940
Queue is Full
-487317940
-487321091
-487317940
-487317940
Queue is Full
-487317940
-487326767
-487317940
-487322736
-487317940
-487320729
-487317940
-487319398
-487317940
Queue is Full
-487327253
Queue is Full
-487317940
-487323365
-487317940
-487317940
-487319048
-487317940
-487320118
-487322939
-487317940
Queue is Full
-487317940
-487324971
-487325971
-487317940
-487319072
-487317940
-487317940
-487320911
-487317940
-487318630
-487317940
-487323761
-487317940
-487318409
-487327401
-487317940
-487317940
-487317940
-487325660
-487327586
-487321425
-487321568
-487317940
-487318455
-487317940
-487319406
-487317940
-487325583
-487318995
-487317940
-487323456
-487317940
-487317940
-487323609
-487317982
-487317940
-487317940
-487322568
-487321896
-487317940
-487322207
-487317940
-487320378
-487320069
-487317940
-487319775
-487317940
-487323614
-487317940
-487322403
-487317940
-487317940
-487318443
-487317940
-487319965
-487317940
-487317940
-487317940
Queue is Full
-487317940
Queue is Full
-487317940
-487317940
-487322660
-487317940
-487317940
-487324281
-487317940
-487317940
-487320359
-487317940
Queue is Full
-487317940
-487319057
-487322475
-487321647
-487317940
-487317940
-487323110
-487325040
-487317940
-487317940
-487317940
-487323479
-487317940
-487319275
-487324115
-487317940
-487321249
-487317940
-487322051
-487317940
-487317940
-487319572
-487317940
-487317940
Queue is Full
-487317940
-487321535
-487317940
-487320624
-487326573
-487317940
-487317940
-487326864
-487317940
-487317940
-487318949
-487317940
-487322391
Queue is Full
-487317940
-487324588
-487317940
-487327165
-487326352
-487326501
-487317940
-487319888
-487317940
-487317940
-487322235
-487326257
-487317940
-487317940
-487320398
-487317940
-487319615
-487317940
-487317940
Queue is Full
-487319011
-487317940
-487322768
-487325646
-487322302
-487317940
-487326613
-487317940
-487322609
-487317940
Queue is Full
-487320384
-487323431
-487317940
-487317940
-487321146
Queue is Full
-487321804
-487317940
-487317940
-487326694
-487317940
Queue is Full
-487327840
Queue is Full
Queue is Full
-487323603
-487323973
-487317940
-487319672
-487317940
-487324622
-487318568
-487318784
-487317940
-487317940
-487319980
-487322697
-487317940
-487317940
-487326972
-487317940
-487327610
-487317940
-487327587
-487317940
Queue is Full
-487317940
-487324375
-487317940
-487327366
-487318358
-487317940
-487321875
-487322495
-487317940
-487317940
-487317940
Queue is Full
-487317940
-487320786
-487317940
-487320695
-487317940
Queue is Full
-487320515
-487317940
-487323595
-487317940
-487317940
-487325757
-487323321
-487317940
Queue is Full
-487317940
-487321513
-487317940
-487318976
-487317940
-487317940
-487326821
-487317940
-487317940
Queue is Full
-487318578
-487317940
-487320323
-487317940
-487320624
-487317940
-487317940
-487326067
-487317940
Queue is Full
-487317940
-487323233
-487325279
-487317940
-487319755
-487317940
-487324248
-487318193
-487326886
-487317940
-487317940
-487325137
-487327897
-487317940
-487319277
-487326740
-487317940
-487317940
-487327517
-487317940
-487326483
-487317940
-487318506
-487319483
-487317940
-487323759
-487317940
-487317940
-487324817
-487317940
-487321173
-487319343
-487317940
-487317940
-487327924
-487325029
-487317940
-487326661
-487317940
-487317940
-487322976
-487326377
-487317940
-487327465
-487321860
-487317940
-487327542
-487317940
-487324022
Queue is Full
-487317940
-487325797
-487318496
-487317940
-487317940
-487317940
-487318419
-487317940
-487317940
-487319758
-487317940
-487324519
-487325626
-487317940
-487317940
-487317940
-487327611
-487322554
-487317940
-487324460
-487317940
-487321546
-487318859
-487317940
-487317940
-487321390
-487327242
-487317940
-487319861
-487317940
-487322163
-487317940
-487327183
-487317940
-487326057
-487319928
-487319436
-487325568
-487323663
-487317940
-487317940
-487318028
-487317940
-487325983
-487325006
-487324186
-487324700
-487317940
-487317940
-487317940
-487323658
-487317940
-487317940
-487325609
-487317940
-487317940
-487320051
-487326640
-487317940
-487320825
-487325595
-487317940
-487324649
-487317940
-487324604
-487317940
-487324076
-487317940
-487317940
-487327140
-487317940
-487317940
-487326693
-487317940
-487318619
-487317940
-487319531
-487317940
Queue is Full
-487324317
-487318699
-487327780
-487317940
-487319303
-487327126
-487317940
-487319478
-487324499
-487317940
-487321164
-487321738
-487325501
-487323119
-487317940
-487317940
-487317940
-487325040
-487317940
-487327428
-487317940
-487321991
-487324671
-487320972
-487319171
-487322305
-487317940
-487319903
-487317940
-487321987
-487317940
-487317940
-487325354
-487317940
-487317940
-487322718
-487323171
-487323620
-487318599
-487317940
-487317940
-487325995
-487317940
-487321018
-487317940
-487323758
-487324201
-487324213
-487320501
-487317940
-487317940
-487327099
-487317940
-487323650
-487318016
-487324313
-487326710
-487317940
-487317940
-487317940
-487321320
-487325271
-487317940
-487326702
-487317940
-487317940
-487325133
-487317940
-487317940
-487324492
-487324500
-487317940
-487324155
-487317940
-487318327
-487317940
Queue is Full
-487317940
-487327710
-487317940
-487317940
-487320848
-487323810
-487325461
-487317940
-487320566
-487326790
-487317940
-487317940
-487317940
-487325416
-487317940
Queue is Full
-487317940
-487317940
Queue is Full
-487317940
-487324658
-487327833
-487317940
-487320112
-487317940
-487317940
-487326832
-487317940
-487319321
-487325491
-487317940
-487320807
-487317940
-487324355
-487320641
-487317940
-487322553
-487317940
-487323462
-487317940
-487317940
-487319034
-487317940
-487318661
-487317940
-487323301
-487317940
-487324503
-487318838
-487317940
-487317940
-487327670
-487317940
-487317940
-487321114
-487317940
-487320925
-487317940
-487321583
-487317940
-487317940
-487320352
-487317940
-487320374
-487317940
-487322244
-487317940
-487317940
-487326688
-487317940
-487325589
-487317940
-487321405
-487317940
-487320941
-487317940
-487317940
-487322899
-487317940
-487320858
-487317940
-487321441
-487317988
-487317940
-487324399
-487317940
-487317940
-487320713
-487317940
-487317940
-487327228
-487317940
-487318389
-487322868
-487317940
-487327587
-487322243
-487317940
-487317940
-487318024
-487317940
-487325243
-487319687
-487317940
-487326065
-487317940
-487317940
-487324754
-487317940
-487327568
-487318679
-487317940
-487324576
-487317940
-487326466
-487317940
-487317940
Queue is Full
-487321667
-487317940
-487324282
-487319766
-487317940
-487317940
-487317940
-487324492
-487321743
-487317940
-487317940
-487327029
-487317940
-487323952
-487317940
-487323237
-487320356
-487317940
-487327071
-487317940
-487323455
-487317940
Queue is Full
-487317940
-487322721
-487317940
-487317940
-487327807
-487321558
-487319197
-487317940
Queue is Full
-487317940
-487320872
-487317940
-487317940
-487317940
-487319307
-487317940
Queue is Full
Queue is Full
-487317940
-487323749
-487317940
-487318277
-487317940
-487317940
-487323663
-487321251
-487317940
-487317940
Queue is Full
-487322797
-487317940
-487317940
-487319503
-487323833
-487317940
-487319626
-487317940
-487326943
-487317940
-487321020
-487317940
-487317940
-487319229
-487323411
-487320775
-487322926
-487317940
-487317940
-487321263
-487324105
-487323843
-487317940
-487320974
-487320174
-487321437
-487317940
-487317940
-487321414
-487317940
-487318212
-487324081
-487317940
-487326622
-487317940
-487326740
-487317940
-487325580
-487320819
-487318844
-487322588
-487325765
-487317940
-487317940
Queue is Full
-487325449
-487317940
-487323020
-487317940
-487317940
-487323322
-487317940
-487317940
-487322668
-487323217
-487317940
-487317940
-487323391
-487317940
-487320157
-487317940
-487319606
-487324506
-487317940
-487317940
-487326057
-487317940
-487320599
-487317940
-487324956
-487317940
Queue is Full
-487317940
-487326088
-487317940
-487317940
-487318231
-487318081
-487317940
-487324818
-487317940
-487323973
-487321357
Queue is Full
-487327635
-487324808
-487317940
-487325758
-487326618
-487317940
-487317940
-487318428
-487317940
-487327049
-487317940
Queue is Full
-487317940
-487326654
-487317940
Queue is Full
-487317940
-487326602
-487319904
-487325124
-487317940
-487325745
-487317940
-487319130
-487325635
-487317940
-487317940
-487317940
-487322580
-487317940
-487318621
-487319969
-487317940
-487321991
-487324520
-487317940
-487322194
-487317940
-487317940
-487321796
-487327010
-487317940
-487317940
-487326203
-487319108
-487317940
-487318187
-487317940
-487327738
-487317940
-487318822
-487320970
-487317940
-487323814
-487318861
-487327692
-487326305
-487317940
-487317940
-487325799
-487317940
-487317940
-487327635
-487317940
-487317940
-487317940
-487327056
-487317940
-487319493
-487317940
-487321752
-487327850
-487317940
-487317940
-487317940
-487320444
-487317940
-487317940
-487324375
-487317940
-487325787
-487318072
-487317940
-487320966
-487317940
-487317940
-487317940
-487319810
-487317940
-487326563
-487324092
-487325475
-487317940
-487317940
-487321119
-487321157
-487317940
-487318802
-487317940
-487325332
-487317940
-487317940
-487317940
-487324496
-487317940
-487317940
-487325263
-487326261
-487325303
-487317940
-487326985
-487317940
-487319384
-487325722
-487317940
-487321278
-487327232
-487317940
-487326431
-487325928
-487319369
-487317940
-487317940
-487320026
-487317940
-487317940
-487319740
-487317940
-487325126
-487317940
-487321737
-487317940
-487320009
-487317940
-487322746
-487320032
-487317940
-487317940
-487323376
-487317940
Queue is Full
Queue is Full
-487317940
-487320787
-487317940
-487327608
-487317940
-487317940
-487322198
-487317940
-487317940
-487319934
-487320456
-487321956
-487317940
-487317940
-487324790
-487317940
-487317940
-487317940
-487323858
-487325877
-487323731
-487317940
-487317940
-487323054
-487320131
-487317940
-487318430
-487317940
-487325173
-487317940
-487321997
-487321449
-487317940
-487318864
-487317940
-487326896
-487317940
-487323458
-487317940
-487317940
-487322601
-487317940
-487322745
-487323676
-487317940
-487317940
-487317940
-487319927
Queue is Full
-487318484
-487317940
-487321667
-487317940
-487318733
-487317940
-487319082
-487317940
-487317940
-487322107
-487317940
-487327163
-487326976
-487317940
-487317940
-487327278
-487317940
Queue is Full
-487317940
-487323324
-487317940
-487318117
-487317940
-487317940
-487322286
-487323250
-487323870
-487317940
-487324040
-487325046
-487317940
-487317940
Queue is Full
-487324623
-487317940
-487325316
-487323348
-487317940
-487322993
-487327788
-487321111
-487325182
-487317940
-487317940
-487324706
-487324506
-487317940
-487317940
-487321010
-487317940
-487319795
-487323694
-487321905
-487317940
-487317940
-487326427
-487317940
Queue is Full
-487317940
-487321760
-487320593
-487317940
-487325191
-487327748
-487317940
Queue is Full
-487317940
-487319085
-487320353
-487317940
-487327769
-487317940
-487317940
-487317940
-487325595
-487317940
Queue is Full
Queue is Full
-487317940
-487318735
-487317940
-487326199
-487317940
-487317940
-487320171
-487317940
-487319414
-487317940
-487317940
-487317940
-487320960
-487326523
-487327004
-487317940
-487317947
-487317940
-487324439
-487317940
-487317940
-487318292
-487317940
-487323800
-487317940
-487320547
-487317940
-487320811
-487321732
-487317940
-487318041
-487317940
-487324377
-487317940
-487326995
-487317940
-487319324
-487321477
-487326356
-487317940
-487325806
-487317940
-487325300
-487317940
-487317940
-487321039
-487317940
-487322166
Queue is Full
-487322438
-487319014
-487317940
-487321148
-487325763
-487317940
-487317940
-487317940
-487326783
-487317940
-487326306
-487324261
-487317940
-487322072
-487317940
-487317940
-487326340
-487317940
-487325959
-487320119
-487317940
-487317940
-487322877
-487326418
-487322448
-487317940
-487324973
-487320581
-487317940
-487317940
-487326363
-487317940
-487317940
-487319037
-487317940
-487317940
Queue is Full
-487317940
-487318639
-487317940
-487317940
-487317940
-487322296
-487326256
-487317940
-487317940
-487326008
-487317940
-487317940
-487327020
-487317940
-487317940
-487325358
-487317940
-487326327
-487319041
-487317940
Queue is Full
-487317940
-487322688
-487317940
-487317940
-487321383
-487317940
Queue is Full
-487317940
-487318287
-487317940
-487324595
-487317940
-487322279
-487327282
-487317940
-487326254
-487317940
-487320439
-487317940
-487317940
-487317940
-487326265
-487317940
-487317940
Queue is Full
Queue is Full
-487317940
-487319458
-487317940
-487317940
-487317940
-487326396
-487323787
-487317940
-487320658
-487317940
-487317940
-487317940
Queue is Full
-487322860
-487317940
-487317940
-487317940
-487327332
-487317940
-487322655
-487317940
-487317940
-487325093
-487317940
-487318257
-487317940
-487317940
Queue is Full
-487317940
-487327108
-487317940
-487324655
-487326636
-487317940
-487317940
-487317940
-487323979
-487317940
-487318233
-487317940
-487326979
-487317940
-487325068
-487317940
-487323024
-487317940
-487325811
-487317940
-487317940
-487327937
-487317940
-487317940
Queue is Full
-487317940
Queue is Full
-487319079
-487317940
-487317940
-487320913
-487319489
-487317940
-487323086
Queue is Full
Queue is Full
-487321595
-487326099
-487327568
-487317940
-487317940
-487317940
-487317940
-487322271
-487317940
Queue is Full
-487317940
-487323448
-487325401
-487317940
-487317940
-487317940
-487324412
-487317940
-487317940
-487324251
-487322489
-487317940
-487317940
-487317940
-487325035
-487317940
-487325783
-487317940
-487326074
-487320074
-487324591
-487317940
-487318894
-487317940
-487327390
-487326036
-487317940
-487324530
-487318368
-487317940
-487320551
-487317940
-487317940
-487317940
Queue is Full
Queue is Full
Queue is Full
-487317940
-487325785
-487327213
-487317940
-487317940
-487317940
-487324685
-487317940
-487320524
-487317940
-487323219
-487317940
-487322058
-487322317
-487317940
-487317940
-487323800
-487317940
-487322393
-487317940
-487325621
-487317940
Queue is Full
-487317940
Queue is Full
-487319340
-487317940
-487323495
-487317940
-487321265
-487324991
-487317940
-487319503
-487317940
-487322070
-487317940
-487317940
-487326000
-487317940
-487317940
-487323776
-487317940
-487320732
-487317940
-487317940
-487317940
-487321601
-487317940
-487317940
-487319521
-487317940
-487317940
Queue is Full
-487317940
-487325774
-487320088
-487321016
-487317940
-487324706
-487326459
-487317940
-487324236
-487318604
-487325280
-487317940
-487322919
-487317940
-487317940
-487325634
-487325086
-487319722
-487317940
-487317940
-487327360
-487318142
Queue is Full
-487317940
-487325147
-487317940
-487325821
-487317940
Queue is Full
Queue is Full
-487317940
-487326032
-487321781
-487317940
-487317940
-487326768
-487317940
-487320455
-487317940
-487318029
-487317940
-487317940
-487317940
-487323089
-487317940
-487326604
Queue is Full
-487325324
-487317940
-487317940
-487324568
-487317940
-487324979
-487317940
-487317940
-487327326
-487317940
-487318506
-487320841
-487317940
-487317940
-487326356
-487317940
-487325038
-487322198
-487317940
-487317940
-487323224
-487317940
-487317940
-487326074
-487317940
-487317940
-487324928
-487317940
-487324307
-487317940
-487323102
-487317940
-487317940
Queue is Full
-487322792
Queue is Full
-487317940
-487319268
-487327688
-487327160
-487317940
-487319876
-487317940
-487317940
-487323713
-487317940
-487317940
-487323857
-487317940
-487317940
-487318237
-487317940
-487322760
-487317940
-487322434
-487317940
-487317940
-487324915
-487317940
-487320442
-487327462
-487317940
-487319662
-487317940
-487318907
-487317940
-487317940
-487317940
-487317940
Queue is Full
-487325123
-487317940
-487319195
-487317940
-487317940
-487327276
-487317940
-487318851
-487317940
-487318608
-487327460
-487317940
-487317940
-487321159
-487317940
-487327822
-487317940
-487317940
-487325208
-487321760
-487317940
-487327727
-487317940
-487317940
-487317940
-487321617
-487317940
-487319694
Queue is Full
-487317940
-487317940
-487322089
-487317940
Queue is Full
-487317940
-487319618
-487317940
-487317940
-487323929
-487317940
-487319028
-487317940
-487318002
-487317940
-487317940
-487317940
-487317940
-487326421
-487317940
-487326244
-487317940
-487317940
-487321465
-487318126
Queue is Full
-487317940
-487326895
-487317940
-487321561
-487317940
-487326976
-487317940
-487327025
-487317940
-487321452
-487317940
-487324770
-487317940
-487317940
-487323924
-487317940
-487318254
-487322440
-487326906
Queue is Full
-487317940
-487318524
-487318774
-487317940
-487317940
-487318272
-487317940
-487322407
-487324196
-487317940
-487317940
-487324339
-487324881
-487324894
-487317940
-487317940
-487322945
-487319611
-487323333
-487317940
-487317940
-487317940
-487317940
-487324206
-487317940
-487325193
-487318611
-487317940
-487322520
-487317940
-487323914
-487317940
-487320277
Queue is Full
-487321916
-487317940
-487327226
-487322597
-487317940
-487317940
-487318527
-487317940
-487325604
-487317940
-487317940
-487320622
-487319195
-487322301
-487317940
-487323756
-487317940
Queue is Full
-487317940
-487318069
-487317940
-487327453
-487325110
-487317940
-487321958
-487321862
-487317940
-487317940
-487322261
-487317940
-487323356
-487317940
-487317940
Queue is Full
Queue is Full
-487320068
-487317940
-487319650
-487322801
-487317940
-487317940
-487324063
-487317940
-487317940
-487326875
-487323139
-487317940
-487317940
-487317940
-487325936
-487327591
-487317940
-487317940
-487325345
-487322176
-487317940
-487317940
-487322721
-487317940
-487327724
-487317940
-487317940
-487320652
-487317940
-487324264
-487320271
-487317940
-487323354
-487317940
-487321392
-487317940
-487325225
-487317940
-487317940
-487325218
-487317940
-487320781
-487317940
-487318326
-487317940
-487325684
-487317940
-487317940
-487317940
-487327069
-487317940
Queue is Full
-487322633
-487317940
-487322502
-487326320
-487317940
-487318783
-487323718
-487317940
-487317940
-487317940
-487326988
-487317940
-487318358
-487317940
-487321731
Queue is Full
-487317940
-487317940
-487324587
-487323783
-487326201
-487317940
-487320165
-487317940
-487326248
-487325657
-487317940
-487317940
-487317940
-487326618
-487317940
-487325638
-487317940
-487319718
Queue is Full
-487327190
-487317940
-487317940
-487327430
-487317940
Queue is Full
-487317940
Queue is Full
-487317940
-487321828
-487327684
-487317940
-487317940
-487327416
-487317940
-487323502
-487317940
-487317940
-487317940
-487317940
-487317940
-487318269
-487317940
-487318709
-487317940
-487326106
-487318057
-487326220
-487317940
-487319440
-487317940
-487317940
-487325217
-487317940
-487319657
-487317940
-487322611
-487320735
-487317940
-487317940
-487326543
-487321694
-487317940
-487317940
-487317940
-487318946
-487317940
-487319019
-487317940
-487317940
Queue is Full
-487327058
-487317940
-487320636
-487325562
-487317940
-487318039
-487317940
-487317940
-487320928
-487326906
-487317940
Queue is Full
-487323962
-487322888
-487317940
-487317940
-487323105
-487317940
-487317940
-487319066
-487319243
-487317940
-487319470
-487317940
-487318471
-487317940
-487318522
-487317940
-487320064
-487317940
Queue is Full
-487317940
-487322429
-487317940
-487324060
-487317940
-487317940
-487326205
-487320536
-487323473
-487321594
-487317940
-487318864
-487319452
-487324656
-487317940
-487327033
-487317940
-487322183
-487321475
-487325373
-487317940
-487317940
-487324344
-487317940
-487317940
-487324508
-487326349
-487317940
-487325158
-487317940
-487317940
-487324864
-487317940
-487317940
-487327557
-487326975
-487317940
-487317940
-487326862
-487317940
-487321759
Queue is Full
-487326973
-487325991
-487317940
-487317940
Queue is Full
Queue is Full
-487320404
-487317940
-487317940
-487317940
-487326099
-487317940
-487325796
-487317940
-487325397
-487317940
-487318124
-487317940
-487321625
-487317940
-487321179
Queue is Full
-487317940
-487326917
-487317940
-487322367
-487322541
-487317940
Queue is Full
-487317940
-487319742
-487320034
-487321978
-487321534
-487317940
-487317940
-487320571
-487317940
-487322193
-487317940
-487320269
-487317940
-487317940
-487321133
-487322053
-487317940
-487321193
-487317940
Queue is Full
-487321029
-487319835
-487317940
-487317940
-487321986
-487321442
-487317940
-487317940
-487321429
-487317940
-487325466
-487320409
-487317940
-487318276
-487317940
-487322522
-487317940
-487317940
-487322135
-487324233
-487317940
-487320950
-487320418
-487317940
-487317940
-487320555
-487317940
-487317940
-487318913
-487321143
-487327921
-487317940
-487317940
-487325220
-487321669
-487317940
-487327333
-487317940
-487327649
-487317940
-487325642
-487319159
-487317940
-487317940
-487317940
Queue is Full
Queue is Full
-487317940
-487327888
-487317940
-487317940
-487324023
-487320433
-487317940
-487322969
-487317940
-487319146
-487317940
-487317940
-487318790
-487321300
-487323747
-487323990
-487319811
-487317940
-487327585
-487317940
-487317940
-487317940
-487320275
-487325017
-487317940
-487317940
-487317940
-487324154
-487320096
-487323128
-487317940
-487325751
-487317940
-487318946
-487317940
-487319642
-487317940
-487324348
-487319035
-487317940
-487320463
-487317940
-487327326
-487327341
-487318939
-487317940
-487323305
-487317940
-487317940
-487326801
-487324618
-487317940
Queue is Full
-487318648
-487317940
-487317940
-487320751
-487317940
-487317940
-487324087
-487317940
-487317940
-487325979
-487317940
-487325806
-487317940
-487317940
-487321567
-487324036
-487317940
-487317940
-487322530
-487317940
-487317940
-487319375
-487317940
-487327350
-487317940
-487317940
-487317940
-487323491
-487317940
-487318363
-487324922
-487317940
-487317940
-487324585
-487317940
-487317940
-487327097
-487319006
-487322810
-487317940
-487323314
-487317940
-487325113
-487319423
-487317940
-487326896
-487317940
-487321162
-487317940
-487323657
-487317940
-487325730
-487327293
-487317940
-487323158
-487323503
-487317940
Queue is Full
-487317940
-487319976
-487317940
-487327612
-487317940
-487326553
-487318833
-487317940
-487320616
-487317940
-487317940
-487319710
-487317940
-487321517
-487317940
-487324177
-487325114
-487317940
-487320713
-487323854
-487317940
-487317940
-487327852
-487323996
-487317940
-487317940
-487319196
-487317940
Queue is Full
-487317940
Queue is Full
-487324750
-487325891
-487317940
-487319718
-487323239
-487317940
-487322023
-487325929
-487317940
-487317940
-487319670
-487317940
-487317940
-487322641
-487317940
-487325479
-487317940
-487321925
-487317940
-487317940
-487317940
Queue is Full
-487324122
-487326264
-487321379
-487317940
-487317940
-487317940
Queue is Full
-487317940
-487326410
-487317940
-487317940
-487317940
Queue is Full
-487321107
-487317940
-487321530
-487319799
-487320763
-487326266
-487317940
-487323619
-487317940
-487327493
-487317940
-487317940
-487318629
-487319067
-487318860
-487317940
-487323022
-487317940
-487317940
-487326850
Queue is Full
-487326756
-487317940
-487321241
-487317940
-487317940
-487317940
-487319216
-487317940
-487317940
-487319575
-487323753
-487317940
-487327044
-487317940
Queue is Full
-487327813
-487317940
-487319013
-487317940
-487323082
-487327744
-487317940
-487317940
-487322861
Queue is Full
-487317940
-487318336
-487317940
-487327339
-487317940
-487319922
-487317940
-487326448
-487317940
-487317940
-487319792
-487325693
-487317940
-487320413
-487317940
-487320519
-487317940
-487321371
-487317940
Queue is Full
-487317940
-487325789
Queue is Full
-487317940
Queue is Full
-487318058
-487317940
-487322134
-487317940
-487318967
-487317940
-487325630
-487325298
-487317940
-487326417
-487319603
-487317940
-487317940
-487320419
-487317940
-487321204
-487317940
-487317940
-487324469
-487317940
-487321213
-487317940
-487317940
-487325491
-487318114
-487317940
-487327472
-487327321
-487321611
-487317940
-487317940
-487317940
-487317940
-487317940
Queue is Full
-487317940
-487324986
-487317940
-487317940
-487325798
-487317940
-487318587
-487324410
-487317940
-487317940
-487326322
-487317940
-487324670
-487317940
-487317940
-487324248
-487317940
-487317940
-487327432
-487321808
-487327541
-487321500
Queue is Full
-487317940
-487324580
-487327144
-487327458
-487327595
-487317940
-487319864
-487322747
-487317940
-487326874
-487317940
-487322714
-487317940
-487327559
-487325564
-487317940
-487321126
-487317940
-487317940
-487327610
-487324012
-487322941
-487317940
-487319913
-487317940
-487324564
-487323792
-487317940
-487321381
-487317940
-487319926
-487326674
-487320625
-487317940
-487326835
-487317940
-487320425
-487317940
-487324230
-487317940
-487324410
-487326263
-487317976
-487317940
-487323353
-487324642
-487317940
-487317940
-487317940
Queue is Full
-487325183
-487317940
-487317940
-487324284
-487317940
-487324547
-487327587
-487325118
-487317940
-487323846
-487317940
-487317940
-487325021
-487317940
-487327639
-487317940
-487323767
-487323539
-487317940
-487317940
-487319864
-487317940
-487317940
-487319142
-487326752
-487317940
-487325790
-487317940
-487318918
-487323249
-487317940
-487317940
-487319395
-487327274
-487320864
-487323703
-487317940
-487317940
-487321221
-487317940
-487317940
-487317940
-487317940
-487321629
-487319518
-487317940
-487322659
-487323235
-487317940
-487317940
-487317940
-487317940
-487320599
-487317940
-487326282
-487317940
-487317940
-487318760
-487317940
-487325941
-487317940
-487323396
-487317940
-487317940
Queue is Full
-487317940
-487327623
-487318477
-487317940
Queue is Full
Queue is Full
-487317940
-487319311
-487323144
-487319292
-487317940
-487323046
-487317940
-487327304
-487317940
-487326448
-487317940
-487317940
-487321143
-487326340
-487318129
-487317940
-487324581
-487317940
-487322234
-487317940
-487325922
-487317940
-487325569
-487317940
-487320188
-487320234
-487317940
-487322275
-487317940
-487317940
-487327347
-487317940
-487317940
-487323066
-487317940
-487321045
-487317940
Queue is Full
-487318800
-487326534
-487317940
-487317940
-487324401
-487317940
-487322601
-487317940
-487317940
-487324610
-487317940
-487320738
-487317940
-487317940
Queue is Full
-487317940
-487325910
-487319370
-487318181
-487324517
-487319943
-487325714
-487317940
-487317940
-487317940
-487323279
-487317940
-487317940
Queue is Full
-487317940
-487320227
-487317940
-487317940
-487317940
-487317940
-487322503
-487317940
-487317940
-487326867
-487317940
-487322237
-487323917
-487317940
-487327526
-487318243
-487317940
-487324023
-487317940
-487317940
-487317940
-487317940
Queue is Full
-487317940
-487325185
-487327627
-487317940
-487317940
-487319478
-487318194
-487317940
-487317940
-487327417
-487317940
-487321385
-487317940
-487322893
-487317940
-487322722
-487318273
-487317940
-487317940
Queue is Full
-487325843
-487319457
-487317940
-487325583
-487323709
Queue is Full
-487318673
-487317940
-487317940
-487323912
-487317940
-487323887
-487317940
-487323041
-487317940
-487317940
-487318717
-487317940
-487321004
-487317940
-487317940
-487324557
-487317940
-487320753
-487317940
-487317940
-487317940
-487320382
-487327772
-487317940
-487326027
-487317940
Queue is Full
-487317940
-487320932
-487317940
-487318353
-487317940
-487318437
-487317940
-487327407
-487324073
-487322290
-487320714
-487317940
-487317940
-487317940
-487323141
-487317940
-487317940
Queue is Full
-487327177
-487317940
-487317940
-487322031
-487317940
-487321664
-487317940
-487325663
-487317940
-487319672
-487317940
-487317940
-487325190
-487323936
-487317940
-487322874
-487317940
Queue is Full
-487317940
-487319563
-487317940
Queue is Full
-487327650
-487317940
-487320181
-487317940
-487320600
-487317940
-487320083
-487321947
-487317940
-487317940
-487317940
-487325259
Queue is Full
-487317940
-487326243
-487317940
-487320595
-487317940
Queue is Full
-487323391
-487326058
-487318399
-487317940
-487317940
-487322153
-487317940
Queue is Full
-487321279
-487327501
-487317940
-487322159
-487317940
-487320322
-487322596
-487317940
-487317940
-487327759
-487317940
-487322505
-487325904
-487321983
-487317940
-487322037
-487317940
-487324349
-487319807
-487317940
-487317940
-487321508
-487317940
-487317940
-487317940
Queue is Full
-487317940
-487319914
-487320102
-487317940
-487317940
Queue is Full
-487317940
-487321544
-487326805
-487317940
-487323268
-487326838
-487317940
-487319350
-487317940
-487317940
-487322549
-487322056
-487317940
-487325463
-487320175
-487317940
-487326037
-487318692
-487319108
-487325039
-487317940
-487317940
-487317940
-487326872
-487317940
-487327648
-487324163
-487327834
-487317940
-487323285
-487317940
-487317940
-487317940
-487317940
-487319887
-487317940
-487317940
-487327759
-487317940
-487326356
-487317940
-487317940
-487321917
-487326320
-487317940
-487317940
Queue is Full
-487317940
-487324893
-487322140
-487317940
-487324518
-487325217
-487317940
-487317940
-487327067
-487317940
-487319501
-487318627
-487317940
Queue is Full
-487324897
-487317940
-487317940
-487317993
-487317940
Queue is Full
-487317940
-487319329
-487317940
-487321179
-487318714
-487317940
-487319953
-487317940
-487317940
Queue is Full
-487317940
-487320417
-487318401
-487317940
-487317940
-487326123
-487322419
-487320875
-487317940
-487325457
-487317940
-487317940
-487321516
-487317940
Queue is Full
-487322118
-487324861
-487317940
-487322856
-487317940
-487323926
-487317940
-487321311
-487321650
-487320249
-487317940
-487325420
-487321871
-487317940
-487317940
-487319900
-487317940
-487321113
-487319526
-487317940
-487317940
Queue is Full
-487321584
-487317940
-487317940
-487323168
-487317940
-487323197
-487317940
-487320590
-487322369
-487317940
-487317940
-487325937
-487317940
-487317940
-487324143
-487317940
-487318061
-487317940
-487317940
-487317940
-487324993
-487317940
-487317940
-487322925
-487317940
-487326196
-487317940
-487317940
-487317940
-487319634
-487318337
-487319207
-487317940
-487323253
-487318426
-487317940
-487318846
-487321324
-487317940
-487318866
-487317940
-487317940
-487326965
-487317940
-487319104
-487321653
-487317940
-487326208
-487326026
-487317940
-487319844
-487323580
-487324279
-487317940
-487317940
-487317940
-487324782
-487317940
-487320527
-487317940
-487326922
-487321744
-487317940
-487327276
-487317940
-487317940
-487317951
-487317940
-487317940
-487318545
-487317940
-487317940
-487325026
-487317940
-487317940
-487323302
-487323126
-487317940
-487320173
-487317940
-487318480
-487317940
-487319508
-487317940
-487327590
-487317940
-487317940
-487318483
-487317940
-487323260
-487317940
-487322808
-487319404
Queue is Full
-487325091
-487317940
-487327126
-487317940
-487320093
-487323456
-487317940
-487317940
-487327782
Queue is Full
-487321447
-487317940
-487322276
-487317940
Queue is Full
-487317940
-487323344
-487317940
-487321063
-487317940
-487325479
-487317940
-487319100
-487317940
-487320438
-487319605
-487317940
-487317940
-487317940
-487322899
-487317940
-487324680
-487317940
-487320839
-487320357
-487318457
-487317940
-487317940
-487317940
-487317940
-487317940
-487327280
-487321461
-487322970
-487325419
-487317940
-487317940
-487321175
-487317940
-487321611
-487317940
-487317940
Queue is Full
-487326238
-487317940
-487317940
-487326938
-487326173
-487323282
-487317940
-487317940
Queue is Full
-487318421
-487317940
-487318285
-487321546
-487317940
-487317940
-487318777
-487317940
-487317940
-487317940
-487318548
Queue is Full
-487326051
-487324154
-487320735
-487317940
-487317940
-487327421
-487317940
Queue is Full
-487320514
-487318327
-487317940
-487327110
-487317940
-487325791
-487317940
-487318610
-487317940
-487321522
-487317940
-487319172
-487326351
-487317940
-487317940
-487320955
-487317940
-487319578
-487317940
-487322609
-487317940
-487317940
-487325224
-487317940
-487317940
Queue is Full
-487317940
-487317940
Queue is Full
-487324109
-487317940
-487326756
-487317940
-487322868
-487317940
-487317940
-487326984
-487317940
-487322183
-487317940
-487317940
-487322974
-487317940
-487322703
-487317940
-487324711
-487317940
-487320652
-487317940
-487323360
-487317940
-487327584
-487317940
-487321806
-487317940
-487317940
-487317940
-487323655
-487319825
-487318051
-487317940
-487317940
-487325254
-487317940
-487317940
-487323858
-487317940
-487320833
-487317940
-487323214
-487317940
-487318116
-487321824
-487317940
Queue is Full
-487326567
-487317940
-487326194
-487317940
-487317940
Queue is Full
-487325597
-487317940
-487324722
-487319131
-487318441
-487317940
-487321111
-487317940
-487326971
-487317940
-487326758
-487325459
-487317940
-487319005
-487317940
Queue is Full
-487321767
-487317940
-487323760
-487317940
-487324417
-487317940
-487317940
-487325990
-487317940
-487317940
-487318442
-487317940
-487317940
-487326607
-487323714
-487317940
-487317940
-487317940
Queue is Full
-487317940
-487317940
-487322010
-487323880
-487317940
-487317940
-487317940
Queue is Full
-487317940
-487320651
-487317940
-487317940
-487318106
-487326859
-487317940
-487317940
-487319232
-487317940
-487317940
Queue is Full
-487326360
-487318292
-487322129
-487321116
-487317940
-487317940
-487318275
-487317940
-487326104
-487320012
-487318406
-487317940
Queue is Full
-487317940
-487321143
Queue is Full
-487323503
-487319196
-487317940
-487326433
-487317940
-487317940
-487321679
-487320325
-487317940
-487317940
-487325967
-487325072
-487317940
-487327764
-487317940
-487317940
-487320901
-487327778
-487317940
-487321529
-487317940
Queue is Full
-487317940
-487318413
-487324449
-487317940
-487317940
-487327421
-487317940
-487325114
-487317940
-487318516
-487320830
-487317940
-487317940
-487324381
-487317940
-487320533
-487317940
-487323313
-487325337
-487317940
-487317940
-487319182
-487317940
-487317940
-487324638
-487319032
-487323963
-487322068
-487317940
-487317940
-487318873
-487318075
-487317940
-487317940
-487327145
-487317940
-487319618
-487317940
-487317940
-487327522
-487317940
-487317940
-487326592
-487317940
-487319920
-487317940
-487325760
-487317940
-487317940
-487317940
-487318813
-487325792
-487320549
-487317940
-487317940
-487319697
-487327642
-487317940
-487326086
-487317940
-487320739
-487317940
Queue is Full
-487317940
Queue is Full
-487323675
-487317940
-487317940
-487326448
-487319376
-487317940
-487317940
-487319424
-487317940
-487319426
-487319560
-487317940
-487322130
-487326681
-487327704
-487317940
-487323743
-487317940
-487317940
-487327398
-487317940
Queue is Full
-487317940
-487323714
-487321085
-487318677
-487317940
-487317940
-487317940
-487317940
-487324604
-487317940
-487325477
-487317940
-487317940
-487324048
-487323142
-487317940
-487323039
-487326014
-487324045
-487317940
-487317940
-487324110
-487317940
-487317940
-487325905
-487325063
-487323699
-487317940
-487317940
Queue is Full
-487317940
-487323650
-487317940
-487322248
-487324556
-487323503
-487317940
-487317940
-487317940
-487322993
-487317940
-487326570
-487327687
-487323117
-487323638
-487322211
-487317940
-487318376
-487317940
-487327123
-487317940
-487327816
-487317940
-487324863
-487317940
-487317940
-487324900
-487319983
-487317940
-487317940
-487325808
-487317940
-487317940
-487319187
-487322511
-487317940
-487317940
Queue is Full
-487326862
-487317940
-487317940
-487321627
-487317940
-487317940
-487317940
Queue is Full
-487326186
-487318007
-487317940
-487317940
-487318129
-487317940
-487320030
-487323967
-487317940
-487317940
-487319130
-487325867
-487317940
-487323577
-487319817
-487317940
-487321369
Queue is Full
-487327654
-487317940
-487325156
-487324902
-487317940
-487317940
-487324709
-487325616
-487317940
-487317940
-487327684
-487320722
-487327458
-487317940
-487318600
-487321553
Queue is Full
-487326965
-487317940
Queue is Full
-487318224
-487318884
-487317940
-487327604
-487317940
-487327822
-487317940
-487317940
-487321663
-487318430
-487317986
-487323468
-487320570
-487317940
-487325309
-487317940
-487319111
-487317940
-487326107
-487317940
-487317940
-487318629
-487319726
-487322856
-487317940
-487317940
-487319880
-487322102
-487317940
-487322330
-487327880
-487317940
-487317940
-487322842
-487317940
-487324975
-487317940
-487317940
Queue is Full
-487324317
-487317940
-487320197
-487317940
-487327819
-487317940
-487327803
-487317940
-487317940
-487326929
-487317940
-487318355
-487324480
-487317940
-487317940
Queue is Full
-487320396
-487322370
-487321591
-487317940
-487317940
Queue is Full
-487317940
-487319786
-487325490
-487322856
-487317940
-487317940
Queue is Full
-487322516
-487326858
-487317940
-487320159
-487317940
-487317940
-487319330
-487325758
-487317940
-487317940
-487323592
-487321832
-487317940
-487317940
-487317940
-487317940
-487321334
-487317940
-487319337
-487317940
-487319935
-487325331
-487323413
-487317940
-487317940
-487317940
-487319624
-487317940
-487317940
-487327172
-487317940
-487317940
-487317940
-487326154
-487323822
-487317940
-487324658
-487323259
-487319684
-487317940
-487317940
-487317940
Queue is Full
-487320774
-487317940
-487324794
-487317940
-487325025
-487317940
-487317940
-487317940
-487321834
-487317940
-487322041
-487317940
-487321530
-487327282
-487317940
-487317940
-487325235
-487317940
-487317940
-487318964
-487320855
-487317940
-487325651
-487317940
-487317940
-487319653
-487327166
-487317940
-487320016
-487317940
-487318303
-487317940
Queue is Full
-487317940
-487327089
-487317940
-487327595
-487322610
-487317940
-487319895
-487322019
-487317940
-487327937
-487317940
-487317940
-487319414
-487317940
-487317940
Queue is Full
-487317940
Queue is Full
-487325047
-487317940
-487327144
-487317940
-487321013
-487323326
-487325148
-487317940
Queue is Full
-487317940
Queue is Full
-487317940
Queue is Full
-487319370
-487322738
-487318332
-487327242
-487324455
-487317940
-487319348
-487319816
-487322869
-487317940
-487321339
-487317940
-487317940
-487317940
-487326964
-487317940
-487317940
-487318964
-487317940
-487317940
-487317940
-487320111
-487317940
-487322411
-487317940
-487318874
-487317940
-487317940
-487326921
-487317940
-487327826
-487317940
-487325798
-487327688
-487317940
-487326022
-487319104
-487317940
-487317940
Queue is Full
-487317940
-487325605
-487317940
-487317940
-487317940
-487317940
-487318898
-487317940
-487318193
-487323063
-487317940
-487317940
-487326292
-487320322
-487317940
-487317940
-487319221
-487317940
-487321258
-487318162
-487317940
-487317940
-487323538
-487321429
-487317940
-487326604
-487317940
-487317940
-487317940
-487326499
-487317940
-487317940
-487322017
-487317940
-487320234
-487317940
-487317940
-487319416
-487317940
-487318684
-487317940
-487324005
-487317940
-487317940
-487319126
-487318417
-487317940
-487324286
-487317940
-487317940
-487317940
-487324475
-487317940
Queue is Full
-487317940
Queue is Full
-487317940
-487320002
-487318610
-487326583
-487317940
-487320880
-487317940
-487317940
-487326591
-487317940
-487320820
-487317940
-487318831
Queue is Full
-487321825
-487317940
-487318726
-487324125
-487317940
-487326392
-487321122
-487320221
-487317940
-487317940
Queue is Full
-487325740
-487317940
-487317940
-487324720
-487317940
-487321805
-487317940
-487317940
-487323357
-487317940
-487327461
-487321647
-487317940
-487317940
-487325566
-487327563
-487317940
-487317940
-487327571
-487325478
-487327627
-487317940
-487317940
-487317940
-487317940
-487325517
-487317940
-487317940
-487319700
-487317940
-487324417
-487317940
-487323195
-487317940
-487324186
-487317940
-487320184
-487322034
-487324480
-487318187
-487317940
-487325236
-487317940
-487319140
-487317940
-487317940
-487317940
-487319370
-487317940
-487324301
-487322943
-487317940
-487317940
-487322453
-487317940
-487320659
-487317940
-487323644
-487318918
-487317940
-487323051
-487317940
-487317940
-487320676
-487325816
-487317940
-487317940
-487318697
-487317940
-487327747
-487325149
-487317940
-487321422
-487317940
-487326348
-487327679
-487317940
Queue is Full
-487317940
-487322043
-487317940
-487321367
-487317940
-487319990
-487318246
-487320970
-487318872
-487317940
-487317940
Queue is Full
-487317940
Queue is Full
-487318193
-487317940
-487321383
-487321693
-487317940
-487324033
-487317940
-487319593
-487317940
-487326163
-487317940
-487324229
-487317940
Queue is Full
-487318192
-487317940
-487323897
-487317940
-487321796
-487323467
-487317940
-487319778
-487317940
-487322830
-487317940
-487317940
-487320166
-487327400
-487317940
-487317940
-487322066
-487317940
Queue is Full
-487317940
-487318512
-487317940
-487317940
-487322673
-487327344
-487325586
-487317940
-487317940
Queue is Full
-487318179
-487322817
-487317940
-487319154
-487317940
-487320438
-487317940
-487319952
-487323155
-487317940
-487317940
Queue is Full
-487317940
-487318760
-487318937
-487322228
-487317940
-487320068
-487317940
-487326675
-487317940
-487317940
-487322668
-487317940
-487325449
-487317940
-487317940
-487320463
-487317940
-487327058
-487325380
-487317940
-487323735
-487324812
-487317940
-487317940
-487317940
-487322502
-487317940
-487327351
-487317940
-487324730
-487324274
-487317940
Queue is Full
-487323920
-487317940
-487317940
-487318538
-487317940
-487323650
-487317940
-487321630
-487317940
-487319183
-487317940
-487317940
-487323886
-487317940
-487322059
-487317940
-487317940
-487324833
-487326663
Queue is Full
-487319488
-487317940
-487317940
-487317940
-487327668
-487326933
-487321768
-487325573
-487317940
-487319030
-487327586
-487320172
-487318440
-487317940
-487317940
-487327915
-487317940
-487327582
-487325745
-487317940
-487317940
-487317940
-487318588
-487323724
-487317940
-487326036
-487317940
-487317940
-487324765
-487317940
-487322388
-487317940
-487317940
-487325536
-487317940
-487317940
-487319203
-487327162
-487320460
-487321229
-487317940
-487317940
-487323804
-487317940
-487317940
-487326001
-487320143
-487322582
-487317940
-487317940
-487318281
-487317940
-487327893
-487317940
-487317940
-487325542
-487317940
-487321529
-487320551
-487317940
-487317940
-487317940
-487318232
-487317940
-487317940
-487324789
-487317940
-487317940
-487322741
-487317940
-487317940
-487317940
-487326098
-487318107
-487326385
-487317940
-487318122
-487323171
-487317940
Queue is Full
-487319029
-487321605
-487317940
-487318966
-487326958
-487317940
-487322877
-487317940
-487324854
-487317940
-487321164
-487325925
-487323374
-487317940
-487318574
-487319471
-487317940
-487319421
-487317940
-487317940
-487325567
-487317940
-487317940
-487321106
Queue is Full
-487324192
-487323198
-487317940
-487317940
-487320057
-487317940
-487317940
-487320163
-487323375
-487317940
-487321191
-487320658
-487317940
-487317940
-487317940
-487317940
-487317940
-487320915
-487317940
-487317940
Queue is Full
-487317940
-487323823
-487327331
-487317940
-487317940
-487326933
-487318984
-487318495
-487317940
-487323766
-487317940
-487317940
-487320294
-487317940
-487327104
-487327217
-487321115
-487317940
-487320835
-487317940
-487322456
-487317940
-487322899
-487326786
-487317940
-487322704
-487317940
-487318842
-487317940
-487321278
-487320487
-487317940
-487317940
-487319219
-487319785
-487317940
-487317940
-487317940
Queue is Full
-487326922
-487317940
-487322599
-487317940
-487317940
Queue is Full
-487320514
-487317940
-487317940
-487323562
-487317940
-487317940
-487325065
-487317940
-487317940
-487322962
-487317940
-487324233
-487323286
-487317940
-487326850
-487317940
-487318042
-487317940
-487323734
-487317940
-487327894
-487324612
-487317940
-487325126
-487319699
-487323982
-487320708
-487317940
Queue is Full
-487320686
-487317940
-487320253
-487317940
-487317940
-487322421
-487322134
-487317940
-487317940
-487319860
-487317940
-487327911
-487317940
-487317940
-487326874
-487326670
Queue is Full
-487317940
-487318183
-487317940
-487319803
-487317940
-487319529
-487321993
-487317940
-487324125
-487317940
-487323462
-487317940
-487317940
Queue is Full
-487320259
-487326313
-487317940
-487320554
-487317940
-487318719
-487324355
-487318422
-487320927
-487322783
-487317940
-487317940
-487318016
-487317940
-487323655
-487320092
-487323347
-487317940
-487327306
-487327251
-487325408
-487317940
-487321567
-487317940
-487317940
-487322419
-487317940
-487317940
-487317940
-487325158
-487317940
-487322338
-487317940
-487317940
-487324994
-487326711
-487317940
-487317940
-487317940
-487319998
-487317940
-487324572
-487317940
-487319406
-487317940
-487322414
-487317940
-487317940
-487326710
-487325687
-487317940
-487327831
-487319233
-487321800
-487323696
-487317940
-487317940
-487320449
-487317940
-487317940
-487324994
-487325367
-487317940
-487326157
-487317940
-487317940
-487322966
-487322954
-487317940
-487325491
-487317940
Queue is Full
-487327374
-487324133
-487317940
Queue is Full
-487317940
-487322487
-487317940
-487323173
-487317940
-487321988
-487317940
-487317940
-487317940
-487326520
-487317940
-487320679
-487320350
-487317940
-487317940
-487317940
Queue is Full
-487324155
-487317940
-487317940
-487324305
-487317940
-487317940
Queue is Full
-487324201
-487317940
-487321081
-487317940
-487321840
-487317940
-487324131
-487319062
-487317940
-487317940
-487325851
-487317940
-487322518
-487317940
-487317940
Queue is Full
-487321004
-487317940
-487322230
-487317940
-487326021
-487317940
-487319199
-487317940
-487317940
-487319040
-487318706
-487317940
Queue is Full
-487320895
-487317940
-487317940
-487327397
-487317940
-487317940
-487324077
-487318225
-487319413
-487317940
-487327563
-487318930
-487325595
-487325292
-487317940
-487317940
-487317940
Queue is Full
-487317940
-487318431
-487317940
-487327527
-487317940
-487317940
-487317940
Queue is Full
-487317940
-487326081
-487317940
-487322078
-487317940
-487319068
Queue is Full
-487317940
Queue is Full
-487317940
-487324537
Queue is Full
-487317940
-487326583
-487317940
-487326508
-487317940
-487317940
-487321060
-487317940
-487325530
-487317940
-487317940
-487322580
-487317940
-487320988
-487317940
-487317940
-487317940
Queue is Full
-487317940
-487321516
-487317940
-487322945
-487320031
-487317940
-487317940
-487324167
-487317940
-487321371
-487317940
-487319115
-487317940
-487325177
-487317940
-487323315
Queue is Full
-487317940
Queue is Full
Queue is Full
-487317940
Queue is Full
-487322656
-487317940
-487317940
-487327654
-487317940
-487317940
-487317940
-487324812
-487317940
-487319532
-487320981
-487317940
-487317940
-487317940
-487323622
-487317940
-487320243
-487317940
-487327437
-487319372
-487317940
-487324868
-487325936
-487317940
-487323846
-487321217
-487317940
-487321030
-487317940
-487325545
-487317940
-487326838
-487317940
-487317940
-487326204
-487326825
-487317940
-487317940
-487323152
-487322402
-487317940
-487317940
-487324801
-487317940
Queue is Full
-487317940
-487322937
-487323253
-487324236
-487317940
-487322329
-487320855
-487317940
-487323986
-487317940
-487324655
-487327260
-487317940
-487317940
-487321412
-487317940
-487323214
-487326964
-487317940
-487326700
-487321059
-487317940
-487317940
-487323289
-487317940
-487322187
-487319143
-487317940
-487321755
-487327405
-487317940
-487322257
-487317940
-487326881
-487317940
-487317940
-487318291
-487325612
-487317940
-487321489
-487317940
-487320153
-487317940
-487323169
-487323732
-487323716
-487317940
-487320626
-487317940
-487321335
-487317940
-487317940
-487318728
-487317940
-487317940
-487327463
-487317940
-487319766
-487317940
-487324970
-487322287
-487317963
-487317940
-487325794
-487317940
-487317940
-487320206
-487320262
-487317940
-487322239
-487322755
-487317940
-487325315
-487317940
-487317940
-487317940
-487325070
-487317940
-487327898
-487317940
-487320102
-487317940
-487317940
-487322282
-487317940
-487322618
-487317940
-487317940
Queue is Full
-487320815
-487317940
-487327723
-487317940
-487325099
-487317940
-487317940
-487320621
-487317940
-487326065
-487326459
-487325636
-487317940
-487318007
-487317940
-487317940
-487317940
-487323728
-487317940
-487326732
-487317940
-487322237
-487317940
-487317940
-487319142
-487322706
-487317940
-487326394
-487317940
-487317940
-487317940
-487318442
-487317940
-487327448
-487317940
-487327508
-487317940
-487322514
-487325202
-487317940
-487317940
-487317940
-487322412
-487323030
-487319988
-487317940
-487323322
-487323677
-487317940
-487317940
-487319524
-487317940
-487325774
-487317940
-487317940
-487322298
-487321266
-487318306
-487317940
-487327042
-487317940
-487323295
-487323848
-487317940
-487317940
-487323770
-487317940
-487317940
-487323320
-487317940
-487317940
-487318458
-487317940
-487317940
-487320029
-487317940
Queue is Full
-487326859
-487327096
-487319031
-487317940
-487327047
-487317940
-487320700
-487317940
-487317940
-487323492
-487317940
-487327270
-487327112
-487320903
-487317940
-487317940
-487317940
-487319342
-487320543
-487317940
-487317940
-487324046
-487317940
-487324972
-487317940
-487322141
-487317940
-487319805
-487317940
-487324231
-487317940
-487323907
-487317940
-487317940
-487323661
-487317940
-487326168
-487317940
-487317940
-487322794
-487317940
-487317940
-487323422
-487317940
-487319133
-487322894
-487317940
-487322299
-487317940
-487319863
-487317940
Queue is Full
-487319052
-487317940
-487322444
-487317940
-487317940
-487319214
-487317940
-487317940
-487324460
-487320396
-487317940
-487322122
-487317940
-487317940
-487320893
-487326975
-487317940
-487317940
-487326969
-487317940
-487319587
-487317940
-487317940
-487320221
-487317940
-487317940
-487319600
-487317940
-487317940
-487325069
-487317940
-487318096
-487317940
-487325574
-487317940
-487327640
-487327442
-487327788
-487317940
Queue is Full
-487321739
Queue is Full
-487321471
-487319451
-487317940
-487326075
-487317940
-487321726
-487317940
-487317940
-487327581
-487317940
-487317940
-487319430
-487317940
-487324396
-487317940
-487318580
-487317940
-487317940
-487317940
-487323331
-487317940
-487323385
-487317940
-487327491
-487317940
-487320074
-487317940
-487319053
-487317940
-487317940
-487327902
-487317940
-487317940
-487323524
-487317940
-487323985
-487321942
-487323708
-487320959
-487317940
-487318325
-487317940
-487326875
-487325845
-487317940
-487317940
-487317940
-487317940
-487318623
-487317940
-487323520
-487317940
-487325830
-487317940
-487324069
Queue is Full
-487317940
-487322518
-487317940
-487317940
-487325083
-487317940
-487325867
-487317940
-487317940
-487323700
-487317940
-487323234
-487317940
-487320588
-487317940
-487318565
-487317940
-487321242
-487317940
-487320562
-487317940
-487321096
-487317940
-487318843
-487323371
-487317940
-487320021
-487317940
-487323481
Queue is Full
-487317940
Queue is Full
Queue is Full
-487317940
-487323706
-487317940
-487317940
-487327421
-487317940
-487326806
Queue is Full
-487319268
-487322400
-487317940
-487317940
-487326122
-487322915
-487317940
-487321116
-487317940
-487317940
Queue is Full
-487326363
-487317940
-487323801
-487317940
-487317940
-487318707
-487325694
-487317940
-487323749
-487317940
-487327584
-487317940
-487317940
-487318799
-487317940
-487317940
-487319013
-487317940
Queue is Full
-487323541
-487317940
-487318749
-487327424
-487317940
-487323795
-487317940
-487320351
-487317940
-487326902
-487320142
-487322483
-487317940
-487322032
-487317940
-487317940
-487320697
-487317940
-487322265
-487317940
-487317964
-487317940
-487317940
-487322078
-487324261
-487317940
-487320132
-487317940
-487317953
-487327302
-487317940
-487327592
-487321621
-487317940
-487317940
-487326168
-487322581
-487317940
-487317940
-487319355
-487326524
-487317940
-487319821
-487317940
-487317940
-487321509
-487317940
-487325258
-487317940
-487317940
-487326992
-487317940
-487325074
-487317940
-487324681
-487317940
-487320983
-487317940
-487320690
-487317940
-487321862
-487317940
-487317940
-487326380
-487317940
-487324635
-487317940
-487318321
-487317940
-487317940
-487322008
-487322353
-487320914
-487324823
-487317940
-487326427
-487317940
-487320311
-487325997
-487322771
-487317940
-487317940
-487317940
-487318082
-487317940
-487319516
-487317940
-487317940
-487318401
-487322802
-487321915
-487317940
-487325847
-487317940
-487323533
-487320273
-487317940
-487327552
-487317940
-487327740
-487319397
-487324227
-487321847
-487320707
-487317940
-487317940
-487324690
-487322671
-487317940
-487317940
-487317940
-487317940
-487322277
-487325767
-487319512
-487321769
-487317940
-487317940
-487319744
-487317940
-487318954
-487324638
-487317940
-487317940
-487326247
-487317940
-487320284
-487317940
-487323386
-487317940
-487322104
-487321612
-487317940
-487325330
-487323855
-487318334
-487325360
-487317940
-487317940
-487317940
-487322495
-487317940
-487317940
-487322369
-487317940
-487317940
-487324686
-487317940
Queue is Full
-487326452
-487317940
Queue is Full
-487317940
Queue is Full
-487326675
-487317940
-487317940
-487317940
-487318812
-487317940
-487317940
-487317940
-487318004
-487317940
-487318962
-487317940
-487317940
-487327731
-487327692
-487317940
-487324101
-487317940
-487317940
-487324157
-487325371
-487317940
-487327871
-487317940
-487321473
-487317940
-487325791
-487317940
-487317940
Queue is Full
Queue is Full
-487317940
-487322855
-487317940
Queue is Full
-487317940
-487321193
-487327843
-487317940
-487318611
-487317940
-487318716
-487319213
-487325075
-487317940
-487323151
-487317940
-487323606
-487318172
-487317940
-487317940
-487317940
-487322386
-487317940
-487318883
-487317940
-487318656
-487317940
-487324270
-487317940
-487317940
-487324364
-487317940
Queue is Full
-487317940
-487319327
-487323963
-487317940
-487324280
-487317940
-487321536
-487317940
-487323122
-487317940
Queue is Full
-487317940
-487322322
-487317940
-487317940
-487317940
-487323882
Queue is Full
Queue is Full
-487317940
-487324826
-487317940
-487324203
-487317940
-487317940
-487325335
-487317940
-487317940
-487326041
-487321128
-487317940
-487317940
-487318437
-487317940
-487317940
-487324876
-487317940
-487321621
-487317940
-487318838
-487317940
Queue is Full
-487317940
-487324790
-487317940
-487324693
-487317940
-487325459
-487325803
-487318444
-487317940
-487317940
-487320473
-487317940
-487317940
-487317940
-487321505
-487317940
-487327615
-487320576
-487320399
-487317940
-487322279
-487321098
-487317940
-487317940
-487317940
-487324806
-487317940
-487321393
-487317940
-487322433
-487317940
-487322844
-487317940
-487317940
-487325313
-487317940
-487326753
-487321549
-487317940
-487317940
-487323982
-487317940
-487317940
-487318347
-487317940
-487317940
Queue is Full
-487321578
-487317940
-487318220
-487317940
-487322809
-487317940
-487320447
-487317940
-487321785
-487317940
-487327784
Queue is Full
-487323596
-487317940
-487319592
-487319501
-487317940
-487326140
-487317940
-487321510
-487317940
Queue is Full
-487322724
-487321808
-487317940
-487322097
-487317940
Queue is Full
Queue is Full
-487317940
-487317940
-487317963
-487317940
-487317940
-487322700
-487319939
-487319383
-487317940
-487317940
-487324665
-487326588
-487317940
-487317940
-487317940
-487320884
-487322006
-487317940
-487317940
Queue is Full
-487317940
Queue is Full
-487325388
-487317940
-487323778
-487317940
-487322342
-487317940
-487319209
-487317940
-487317940
-487325615
-487317940
-487326809
-487325431
-487317940
-487321524
-487327893
-487317940
Queue is Full
-487317940
-487326935
-487317940
-487317940
-487323215
-487317940
Queue is Full
-487317940
-487324829
-487317940
-487317940
-487320444
-487317940
-487321708
-487317940
-487320110
-487317940
Queue is Full
-487326708
Queue is Full
-487325851
-487327216
-487317940
-487326267
-487317940
-487317940
Queue is Full
-487317940
-487321281
-487317940
-487317940
Queue is Full
-487317940
-487324373
-487317940
-487324921
-487317940
-487317940
-487326754
-487317940
-487326418
-487317940
-487325707
-487317940
-487317940
Queue is Full
-487317940
-487321270
-487317940
-487317940
-487323853
-487327830
-487322494
-487317940
-487317940
-487317940
-487321933
-487320561
-487317940
-487317940
-487319848
-487326095
-487317940
-487319419
-487317940
-487322966
-487317940
-487317940
-487317940
-487317940
-487317940
-487325555
-487317940
-487325213
-487323189
-487320968
-487317940
-487317940
-487325946
-487317940
Queue is Full
-487321657
-487317940
Queue is Full
-487317940
-487319061
-487317940
-487317940
-487326339
-487317940
Queue is Full
-487317940
Queue is Full
-487323914
-487317940
-487321976
-487317940
-487317940
-487317940
-487318955
-487317940
-487317940
-487326040
-487325722
-487317940
-487323299
-487317940
-487317940
-487326511
-487317940
-487317940
-487317940
-487318273
-487317940
-487319909
-487317940
-487317940
-487323421
-487323733
-487317940
-487317940
-487317940
-487327648
-487320544
-487317940
-487320634
-487317940
-487317940
-487317940
-487322042
-487317940
Queue is Full
Queue is Full
-487317940
-487320648
-487317940
Queue is Full
-487317940
-487325381
-487317940
-487317940
-487323135
-487317940
-487317940
-487318152
-487317940
-487317940
-487325924
-487322463
-487321458
-487322295
-487317940
-487319396
-487322937
-487317940
-487324881
-487317940
-487322247
-487323551
-487317940
-487324033
-487317940
-487317940
-487327607
-487318717
-487317940
-487317940
-487327890
-487317940
-487317940
Queue is Full
-487324362
Queue is Full
-487317940
-487325040
-487317940
-487319209
-487317940
Queue is Full
-487317940
-487327167
-487317940
-487321951
-487318199
-487317940
-487317940
-487325899
-487319416
-487317940
-487317940
-487322108
-487317940
-487321024
-487317940
-487318429
-487317940
-487317940
-487326703
-487317940
-487324421
-487326949
-487317940
-487317940
-487317944
-487317944
Queue is Full
-487325244
-487327454
-487317944
-487317944
-487324530
-487323673
-487317944
-487323701
-487320222
-487317944
-487325147
-487317944
-487321311
-487317944
-487317944
-487317944
-487325913
-487317944
-487322963
-487317944
-487319275
-487317944
-487319676
-487317944
-487325969
-487325860
-487317944
-487317944
-487317944
-487317944
-487320505
-487322997
-487317944
-487317944
-487324357
-487317944
-487322398
-487317944
-487322884
-487317944
-487317944
-487318845
-487319524
-487317944
-487327511
-487317944
-487317944
-487319683
-487317944
-487322976
Queue is Full
Queue is Full
-487317944
-487320352
-487317944
-487326652
-487317944
-487326217
-487317944
-487317944
-487327594
-487317944
-487324809
-487317944
-487318191
-487317944
-487317944
-487327537
-487327091
-487317944
-487326646
-487317944
-487322860
-487323419
-487317944
-487326825
-487317944
Queue is Full
-487317944
-487317944
-487324248
-487324985
-487317944
-487325383
-487317944
-487323810
-487317944
-487317944
-487318344
-487327536
-487317944
-487326423
-487317944
-487317944
Queue is Full
-487317944
-487324416
-487317944
Queue is Full
-487317944
-487317944
-487318462
-487317944
-487323333
-487317944
-487320995
-487322761
-487326159
-487317944
-487326678
-487317944
-487317944
-487327570
-487317944
-487317944
-487319867
-487317944
-487319170
-487317944
Queue is Full
-487317944
Queue is Full
-487317944
-487317944
-487325269
-487317944
-487321848
-487317944
-487325836
-487317944
-487317944
-487325463
-487323693
-487319658
-487327348
-487317944
-487318300
-487317944
-487317944
-487326750
-487317944
-487327211
-487317944
-487317944
-487317944
-487324471
-487317944
Queue is Full
-487318107
-487325534
-487317944
-487317944
-487324878
-487317944
-487325958
-487317944
-487326604
-487327674
-487322164
-487317944
-487319834
-487326434
-487317944
-487323531
-487326528
-487317944
-487325854
-487323343
-487317944
-487317944
-487325068
-487317944
-487321870
-487317944
-487323094
-487319762
-487317944
-487317944
-487327139
-487317944
-487322988
-487321906
-487317944
-487321735
-487325182
-487317944
-487317944
-487318693
-487319996
-487320221
-487323418
-487317944
-487326815
-487323012
-487317944
-487317944
-487317944
-487321955
-487317944
-487317944
-487324859
-487317944
-487325248
-487317944
-487322143
-487319086
-487317944
Queue is Full
-487320876
-487317944
-487323855
-487317944
Queue is Full
-487317944
-487325953
-487327477
-487317944
Queue is Full
-487317944
-487319300
-487317944
-487327078
-487317944
-487317944
-487321841
-487317944
-487326727
-487317944
-487320040
-487317944
-487318113
-487317944
-487318303
-487317944
-487321671
-487317944
-487327028
-487317944
-487327680
-487317944
-487317944
-487321453
-487317944
-487324091
-487317944
-487317944
-487317944
-487327797
-487324118
-487317944
-487320901
-487317944
-487317944
-487323410
-487317944
-487327130
-487317944
-487326304
-487317944
-487322205
-487317944
-487317944
-487319341
-487327150
-487317944
-487319044
-487323311
-487317944
-487322072
-487317944
-487317944
-487326220
-487317944
-487317944
-487318431
-487317944
-487321749
-487317944
-487317944
-487323948
-487317944
-487325113
-487317944
-487324740
-487326273
-487317944
-487317944
-487317944
-487317944
-487317944
-487325135
-487324315
-487322326
-487321967
-487317944
Queue is Full
-487317944
-487327110
-487317944
-487326820
-487317944
-487327400
-487318701
-487324163
-487317944
-487317944
-487321427
-487317944
-487322326
-487317944
-487323042
-487317944
-487317944
-487318486
-487319173
-487327857
-487317944
-487317944
-487325906
-487317944
-487321016
-487318134
-487317944
-487317944
-487325477
-487317944
-487321367
-487325122
-487321885
-487317944
-487317944
-487317944
-487325119
-487319972
-487317944
-487317944
-487317944
-487322656
-487327410
-487317944
Queue is Full
-487318621
-487324742
-487326308
-487317944
-487317944
-487317944
-487326057
-487323313
-487317944
-487322416
-487320837
-487317944
-487317944
-487320994
-487317944
-487326936
-487317944
-487317944
-487323388
-487317944
-487317944
-487320418
-487317944
-487317944
Queue is Full
-487321846
-487317944
-487324454
-487317944
-487321167
-487317944
-487317944
-487320115
-487317944
Queue is Full
-487317944
-487323871
-487317944
-487326933
-487317944
-487326984
-487318692
-487324575
-487317944
-487325416
-487317944
-487322174
-487317944
-487323360
-487320631
-487317944
-487321469
-487317944
-487317944
-487323376
-487317944
-487324710
-487325384
-487317944
-487318520
-487317944
-487317944
-487317944
-487317944
-487326578
-487317944
-487317944
-487322188
-487317944
-487319899
-487317944
Queue is Full
-487317944
-487319122
-487317944
-487320234
-487323305
-487319127
-487317944
-487320960
-487317944
-487317944
-487317944
-487317944
-487321162
-487319331
-487317944
-487317944
-487318172
-487317944
-487317944
Queue is Full
-487326051
-487317944
-487321700
-487319814
-487317944
-487317944
-487326143
-487317944
-487317944
-487321368
-487317944
-487318576
-487317944
-487324476
-487323099
-487317944
-487326889
-487317944
-487319193
-487317944
-487323257
-487317944
-487326008
-487321838
-487317944
-487319100
-487317944
-487317944
-487321168
-487317944
-487317944
-487320344
-487317944
-487317944
-487326345
-487317944
-487317944
-487326908
-487318115
-487317944
Queue is Full
-487317944
-487317944
-487322059
-487321418
-487324121
-487317944
-487326502
-487317944
-487326516
-487323629
-487323109
-487317944
-487317944
-487317944
-487318200
-487325588
-487317944
-487319862
-487324680
-487317944
-487321493
-487317944
-487317944
-487317944
-487320070
-487317944
-487320274
-487317944
-487317944
-487324409
-487317944
-487322458
-487317944
-487325132
-487320713
-487319425
-487317944
-487317944
-487318832
-487317944
-487323898
-487317944
-487320633
-487325084
-487317944
-487317944
-487323485
-487317944
-487325679
-487317944
Queue is Full
-487317944
-487320987
-487317944
-487317944
-487324652
-487317944
-487320771
-487317944
Queue is Full
-487317944
-487326592
-487323377
-487317944
-487317944
-487317944
-487324201
-487317944
-487325271
-487326026
-487317944
-487317944
-487324424
-487317944
-487317944
-487320378
-487327178
-487318738
-487317944
Queue is Full
-487317944
-487317944
-487325339
-487318436
-487317944
-487317944
-487322318
-487317944
-487321246
-487317944
-487317944
-487322201
-487317944
-487317944
-487327073
-487317944
-487320592
-487322347
-487317944
-487317944
-487322762
-487317944
-487317944
-487324055
-487317944
-487317944
-487321886
-487317944
-487324009
-487317944
-487319524
-487321964
-487317944
-487317944
-487317944
-487323904
-487317944
-487318813
-487317944
-487322548
-487326607
-487318138
-487319762
-487317944
-487321337
-487317944
-487317944
-487323006
-487325755
-487317944
-487320939
-487317944
-487325543
-487317944
-487317944
-487319519
-487320607
-487317944
-487327092
-487317944
-487321414
-487317944
-487317944
-487317944
-487317944
-487318698
-487327176
-487317944
-487324989
-487317944
-487317944
-487317944
-487317944
-487321578
-487324965
Queue is Full
-487317944
-487321015
-487317944
Queue is Full
-487323900
-487317944
-487320592
-487319242
-487317944
-487317944
-487318533
-487317944
-487327498
-487321725
-487318235
-487317944
-487319443
-487325264
-487317944
-487317944
-487317944
-487323702
-487324317
-487317944
-487325018
-487317944
-487317944
-487320088
-487317944
-487317944
Queue is Full
Queue is Full
-487320292
-487317944
-487317944
-487319198
-487325251
-487317944
-487321777
-487317944
-487318304
-487327027
-487317944
-487317944
-487321757
-487325937
-487317944
-487317944
-487317944
-487327665
-487317944
-487317944
-487321330
-487317944
-487317944
-487324183
-487317944
-487323931
-487317944
-487318540
-487326066
-487317944
-487317944
-487324872
-487321470
-487317944
-487317944
-487320640
-487319286
-487317944
-487320623
-487320174
-487317944
-487317944
-487319224
-487317944
-487324156
-487317944
-487317944
-487320311
-487317944
-487317944
-487325377
-487317944
-487317944
-487320898
-487327730
-487317944
-487317944
-487318493
-487320991
-487317944
-487322533
-487317944
-487317944
-487317944
-487319236
-487317944
-487317944
-487324084
-487317944
-487317944
-487320048
-487317944
-487321059
-487317944
-487318611
-487317944
-487318560
-487319570
-487317944
-487323679
-487317990
-487325840
-487317944
-487317944
-487320139
-487317944
-487321413
-487325189
-487317944
-487317944
-487320449
-487317944
-487323725
-487323470
-487317944
-487323330
-487317944
-487317944
-487319873
-487317944
-487320104
-487317944
-487323745
-487317944
-487323018
-487324403
-487317944
-487317944
Queue is Full
-487318997
-487317944
-487326484
-487322491
-487317944
-487326134
-487317944
-487317944
-487317944
-487326149
-487322106
-487317944
-487317944
-487323573
-487317944
-487326824
-487326472
-487317944
-487325140
-487325223
-487318740
-487318574
-487317944
-487317944
-487320486
-487317944
-487317944
-487317944
-487327261
-487317944
-487324831
-487317944
-487322840
-487317944
-487326671
-487322420
-487317944
-487319155
-487317944
-487317944
-487325830
-487321844
-487317944
-487324238
-487325743
-487324793
-487322445
-487327714
-487317944
Queue is Full
-487318809
-487318264
-487317944
-487326674
-487317944
-487319786
-487325246
-487322874
-487320980
-487317944
-487317944
-487317944
-487317944
-487319424
-487317944
-487327901
-487323349
-487317944
-487322742
-487326531
-487317944
-487324635
-487325826
-487317944
-487317944
-487320696
-487326817
-487317944
-487317944
Queue is Full
-487322714
Queue is Full
-487318081
-487317944
-487318362
-487319745
-487317944
-487317944
Queue is Full
-487317944
-487321404
-487320527
-487317944
-487325224
-487317944
-487317944
-487322444
-487318854
-487317944
-487317944
-487317944
-487326268
-487317944
-487319145
-487317944
-487317944
Queue is Full
-487317944
-487323505
-487317944
-487327526
-487317944
-487326155
-487317944
-487321969
-487323682
-487322955
-487317944
-487317944
-487321201
-487317944
-487318262
-487317944
-487317981
-487317944
Queue is Full
-487322824
-487317944
-487326346
-487319877
-487317944
-487317959
-487317944
-487325528
-487317944
-487327438
-487317944
-487327741
-487317944
-487321219
-487322036
-487317944
-487324592
-487317944
-487326699
-487317944
-487317944
-487321006
-487317944
-487319528
-487326420
-487319570
-487326087
-487318660
-487317944
-487317944
-487321004
-487327887
-487317944
-487317944
-487322926
-487317944
-487327125
-487320994
-487320316
-487317944
-487317944
-487326208
-487317944
-487317944
-487318096
-487326194
-487324034
-487317944
-487326230
-487327212
-487317944
-487319862
Queue is Full
-487317944
-487324905
-487317944
-487317944
-487321650
-487317944
-487317944
-487318326
-487323330
-487317944
-487317944
-487325623
-487322393
-487317944
-487317944
-487322253
Queue is Full
-487325847
-487321850
-487317944
-487318080
-487317944
-487317944
-487324477
-487318245
-487317944
-487320784
-487327560
-487317944
-487324608
-487317944
-487317944
-487324257
-487317944
-487324749
-487317944
-487317944
Queue is Full
-487317944
-487325654
-487317944
-487320111
-487317944
-487324265
-487317944
-487317944
Queue is Full
-487321643
-487319458
-487317944
-487317944
-487317944
-487326701
-487317944
-487317944
-487327694
-487317944
-487317944
-487317944
-487320353
-487317944
-487317944
-487322258
-487317997
-487327840
-487317944
-487317944
-487324825
-487317944
-487317944
-487320269
Queue is Full
-487322689
-487317944
-487319736
-487317944
-487318218
-487317944
-487325617
-487317944
-487320716
-487324685
-487317944
-487317944
-487318105
-487318674
-487317944
-487317944
-487317944
-487317944
-487317944
-487327765
-487317944
-487324489
-487317944
-487317944
-487324061
-487317944
-487318036
-487317944
-487317944
-487319970
-487317944
Queue is Full
-487317944
Queue is Full
-487320358
-487317944
-487317944
-487322982
-487317944
-487322491
-487318481
-487317944
-487325123
-487317944
-487323953
-487317944
-487318925
-487317944
-487317944
-487323003
-487323254
-487317944
-487317944
-487317944
-487320260
-487317944
-487327101
-487317944
-487317944
-487323869
-487317944
-487320395
-487319307
-487317944
-487326348
-487317944
-487322831
-487322935
-487327348
-487317944
-487317944
-487317944
-487318175
-487317944
-487317944
-487322582
-487317944
-487317944
-487317944
-487320340
-487317944
-487321721
-487317944
-487324822
-487317944
-487317944
-487326765
-487317944
-487325757
-487317944
-487317944
-487317944
-487326107
-487317944
-487318605
-487318358
-487327146
-487317944
-487318800
-487317944
-487326347
-487317944
-487327920
-487317944
-487317944
-487317944
-487319508
-487317944
Queue is Full
-487325109
-487317944
-487317944
-487321810
-487317944
-487321097
-487317944
-487321672
-487317944
-487317944
-487323470
-487317944
-487317944
-487327545
-487317944
-487317944
-487324217
-487317944
-487323975
-487317944
-487324504
-487317944
-487319089
-487317944
-487317944
-487325360
-487317944
-487326450
-487317944
-487318076
-487323208
-487317944
-487318142
-487317944
-487322305
-487317944
-487320706
-487317944
-487326276
-487317944
Queue is Full
-487326952
-487318349
-487317944
-487324524
-487317944
Queue is Full
-487322168
-487317944
-487325608
-487317944
-487319734
-487317944
-487319833
-487317944
-487323429
-487317944
-487319712
-487317944
-487324531
-487317944
-487323136
-487319653
-487317944
-487326689
-487324123
-487317944
-487319380
-487317944
-487317944
-487320666
-487317944
-487322327
-487327235
-487317944
-487317944
-487318845
-487317944
-487326914
-487317944
-487317944
-487324450
-487317944
-487320751
-487317944
-487327695
-487325006
-487317944
-487321320
-487317944
-487325012
-487317944
-487321061
-487317944
-487327760
-487317944
-487327254
-487317944
-487317944
-487320067
-487317944
-487323515
-487317944
-487322703
-487317944
-487326844
-487317944
-487326561
-487318566
-487317944
-487321133
-487317944
Queue is Full
-487317944
-487326731
-487317944
-487326377
-487323938
-487317944
-487321648
-487317944
-487322854
-487317944
-487322932
-487323156
-487324815
-487317944
-487325614
-487317944
-487324759
-487320878
-487317944
-487317944
-487318051
-487317944
-487317944
-487324799
-487317944
-487317944
-487320356
-487323226
-487319499
-487317944
Queue is Full
-487324233
-487327813
-487317944
-487320250
-487317944
-487317944
-487322521
-487325312
-487317944
-487318566
-487317944
Queue is Full
-487322264
-487317944
-487317944
-487317944
-487322113
-487321835
-487317944
-487317944
-487317944
-487326777
-487317944
-487325022
-487317944
-487317944
-487325677
-487317944
-487322054
Queue is Full
-487317944
-487320164
-487317944
-487317944
Queue is Full
-487324240
-487317944
-487317944
-487320025
-487317944
-487324836
-487317944
-487318898
-487317944
-487317944
-487325239
-487317944
-487327456
-487317944
-487317944
-487319585
-487325088
-487323610
-487317944
-487317944
-487317944
-487320720
-487317944
-487321920
-487321053
-487321898
-487317944
-487317944
Queue is Full
-487320746
-487317944
-487317944
-487320568
-487325161
Queue is Full
-487322828
-487317944
-487317944
-487322411
-487317944
-487317944
-487324240
-487317944
-487317944
-487326005
-487317944
-487323277
-487317944
-487323088
-487327293
-487317944
-487317944
-487319873
-487317944
-487323831
-487317944
-487325800
-487327217
-487317944
-487326195
-487317944
-487326694
-487317944
-487326738
-487317944
-487324837
-487317944
-487317944
-487320913
-487317944
-487325456
-487317944
Queue is Full
-487322213
-487317944
-487325000
-487317944
-487317944
-487324321
-487317944
-487319005
-487317944
-487321168
-487317944
-487317944
-487320472
-487317944
-487317944
-487319689
-487317944
Queue is Full
-487317944
-487317944
-487321696
-487317944
-487325016
-487317944
-487319838
-487326898
-487317944
-487319675
-487317944
-487325378
-487325921
-487317944
-487317944
-487322321
-487317944
-487321922
-487317944
-487317944
-487322102
-487317944
-487317944
-487317944
-487325339
-487317944
-487319157
-487317944
-487317944
Queue is Full
-487323071
-487317944
-487318211
-487327762
-487317944
-487321137
-487317944
-487317944
-487325887
-487317944
-487327815
-487317944
-487317944
-487324140
-487319586
-487317944
-487318237
-487317944
-487317944
-487317944
-487318095
-487325716
-487317944
-487317944
-487319966
-487317944
-487317944
-487326046
-487317944
-487320441
-487317944
-487317944
-487326479
-487317944
Queue is Full
-487317944
-487324534
-487319397
-487323160
-487317944
-487317944
-487317944
-487322909
-487325394
-487317944
-487323702
-487317944
-487317944
-487318162
-487317944
-487326944
-487323291
-487322011
-487317944
-487321969
-487317944
-487317944
-487324495
-487317944
-487317944
-487317944
-487327510
-487317944
-487323398
-487324806
-487317944
-487323500
-487317944
-487327237
-487317944
-487319889
-487317944
-487317944
-487322782
-487317944
-487321544
-487317944
-487317944
-487325171
-487317944
-487326964
-487317944
-487318457
-487317944
-487326851
-487317944
-487317944
-487318208
-487317944
-487317944
-487323623
-487317944
-487321072
-487317944
-487325307
-487325501
-487321117
-487323261
-487321920
-487317944
-487321614
-487317944
-487317944
-487326037
-487320748
-487317944
-487317944
-487319689
-487325554
-487317944
-487320377
-487318424
-487317944
-487324299
-487324412
-487317944
-487317944
-487321984
-487317944
-487318164
-487317944
-487323879
-487323754
-487317944
-487327684
-487317944
-487320304
-487324949
-487317944
-487327231
-487317944
-487317944
-487317944
-487320069
-487317944
-487317944
-487324450
Queue is Full
-487320392
-487317944
-487323295
-487317944
-487327112
-487320979
-487325115
-487317944
-487317944
-487326446
-487317944
-487326833
-487323415
-487317944
-487317944
-487321027
-487317944
-487317944
-487320358
-487327426
-487317944
-487317944
-487326133
-487317944
Queue is Full
-487323941
-487322030
-487317944
-487321263
-487320351
-487317944
-487322494
-487325466
-487317944
-487320087
-487317944
-487317944
-487317944
-487325735
-487317944
-487317944
Queue is Full
-487322971
-487327748
-487317944
-487322836
-487317944
-487317944
-487327261
-487317944
-487323016
-487317944
-487327462
-487317944
-487317944
-487319512
-487317944
-487326200
-487317944
-487325867
-487317944
-487318500
-487317944
-487321204
-487317944
-487317944
-487317944
-487320165
-487317944
-487321933
-487317944
-487323270
-487324160
-487317944
-487326535
-487317944
-487322185
-487317944
-487322612
-487323027
-487317944
-487321461
-487317944
-487320863
-487317944
-487321763
-487317944
-487326306
-487317944
-487317944
-487320376
-487322403
-487317944
-487317944
-487325705
-487323590
-487317944
-487326408
-487317944
-487319253
-487317944
-487317944
Queue is Full
-487317944
-487326193
-487317944
-487317944
-487317944
-487321714
-487317944
-487323423
-487320518
-487317944
-487317944
-487322042
-487317944
-487323332
-487317944
-487325192
-487317944
-487317944
-487320987
-487321774
-487317944
-487317944
-487319846
-487317944
-487325665
-487322746
-487318721
-487317944
-487317944
-487317944
-487318054
-487317944
-487319865
-487321134
-487317944
-487317944
-487317944
-487317944
Queue is Full
-487317944
-487324164
-487319495
-487317944
Queue is Full
-487317944
-487325410
-487320363
-487320421
-487320026
-487317944
-487317944
-487317944
-487319813
-487323325
-487317944
-487317944
-487317944
-487327644
-487317944
-487318535
-487317944
-487326330
-487317944
-487317944
-487317944
-487321951
-487317944
-487326458
-487317944
-487317944
-487319781
Queue is Full
-487317944
-487317944
-487325652
-487327171
-487317944
-487317944
-487327019
-487317944
-487320819
-487317944
-487320144
-487317944
-487317944
-487324376
-487320640
-487317944
-487317944
-487327675
-487317944
-487327569
-487318892
-487325829
-487317944
-487317944
-487317944
-487317944
-487317944
-487322180
-487317944
-487327121
-487317944
-487317944
-487317944
-487327501
-487318044
-487325919
-487322520
-487317944
-487317944
-487326388
-487322674
-487317944
-487323262
-487317944
-487324662
-487325080
-487317944
-487317944
-487317944
-487324695
-487317944
-487317944
-487325324
-487317944
-487326213
-487327491
-487317944
Queue is Full
-487317944
-487327444
-487317944
-487317944
-487317944
-487321001
-487317944
-487319620
-487317944
-487317944
-487327300
-487319675
-487317944
-487317944
-487322232
-487318481
-487317944
-487326990
-487317944
-487321928
-487324852
-487317944
-487317944
-487323338
-487317944
-487317944
-487324869
-487322884
-487317944
-487317944
-487327207
-487317944
-487325077
-487317944
-487324226
-487317944
-487323310
-487317944
-487317944
-487326585
-487317944
-487323718
-487317944
-487317944
-487319126
-487321016
-487324078
-487326323
-487319999
-487317944
-487317944
-487319065
-487317944
-487325161
-487317944
-487326937
-487317944
-487317944
-487320172
-487317944
-487317944
-487319645
-487317944
-487321749
-487319993
-487317944
-487325604
-487319254
-487318842
-487326520
-487327467
-487320364
-487317944
-487317944
-487326946
-487318848
-487319832
-487318219
-487317944
-487323187
-487317944
-487325401
-487320038
-487317944
-487323368
-487317944
-487327184
-487317944
-487318936
-487327667
-487317944
-487323282
-487317944
-487317944
-487317944
-487326939
-487319696
-487317944
-487324005
-487317944
-487322353
-487317944
-487318794
-487318950
-487317944
-487318430
-487317944
-487317944
-487324128
-487317944
-487323035
-487322699
-487323475
-487326882
-487317944
-487322316
-487327648
-487324577
-487317944
-487322053
-487322125
-487326096
-487318285
-487317944
-487317944
-487317944
-487326637
-487317944
-487325333
-487326907
-487317944
-487317944
-487327519
-487317944
-487320413
-487317944
-487317944
-487325968
-487317944
-487317944
-487327032
-487317944
-487320746
-487318294
-487317944
-487317944
-487317944
-487317944
-487317944
-487318940
-487324981
-487317944
-487319198
-487317944
-487317944
-487324633
-487317944
-487319842
-487317944
-487317944
-487317944
-487321311
-487317944
-487320249
-487317944
-487317944
-487318308
-487324555
-487317944
-487317944
-487317944
-487327325
-487317944
-487325174
-487321404
-487317944
-487317944
-487321489
-487317944
-487317944
-487326598
-487322855
-487320215
-487317944
-487319493
-487317944
-487317944
-487317944
-487317944
-487325952
-487317944
-487317944
-487325508
-487317944
-487325179
-487319400
-487317944
-487317944
-487324882
-487317944
-487317944
-487319364
-487317944
-487317944
-487323912
-487319829
-487317944
-487326047
-487317944
-487317944
-487327318
-487320828
-487317944
-487327782
-487317944
-487324440
-487321995
-487317944
-487317944
-487317944
-487317944
-487317944
-487317944
-487319932
-487317944
-487317944
-487321240
-487317944
-487321940
-487322582
-487317944
-487317944
-487317944
-487320503
-487317944
-487317944
-487317944
-487319582
-487317944
-487323265
-487321516
Queue is Full
-487317944
-487325887
-487323097
-487317944
-487318596
-487317944
-487317944
-487317944
-487317944
-487320414
-487320173
-487317944
-487321914
-487318536
-487317944
-487317944
-487326746
-487317944
-487325844
-487317944
-487317944
-487317944
-487325597
-487327858
-487326154
-487317944
-487317944
-487317944
-487318065
-487321904
-487325278
-487324463
-487321245
-487317944
-487323271
-487317944
-487319174
-487317944
-487317944
-487323920
-487317944
-487317944
-487321562
-487317944
-487327748
-487317944
-487317944
-487323376
-487317944
-487320490
-487317944
-487317944
-487317944
-487324808
-487327760
-487317944
-487326190
-487325966
-487326235
-487317944
-487327824
-487326119
-487317944
-487317944
Queue is Full
-487318606
-487326699
-487317944
-487317944
-487326637
-487325799
-487317944
-487317944
-487326218
-487317944
-487325491
-487320195
-487325400
-487317944
-487323520
-487327716
-487317944
Queue is Full
-487321369
-487317944
-487327824
-487320490
-487317944
-487317944
-487319268
-487324556
-487317944
-487320405
-487327130
-487322317
-487317944
-487323336
-487317944
-487317944
-487325439
-487326823
-487317944
-487317944
-487324671
-487317944
-487317944
-487318562
-487317944
-487321976
-487317944
-487325970
-487325465
-487317944
-487326785
-487317944
-487317944
-487319190
-487326966
-487317944
-487317944
-487326592
-487323968
-487323593
-487317944
-487317944
-487317944
-487317944
-487319191
-487317944
-487321130
-487317944
-487317944
-487326490
-487317944
Queue is Full
-487317944
Queue is Full
-487324944
-487317944
-487317944
-487320491
-487317944
-487325036
-487317944
-487323984
-487324979
-487317944
-487317944
-487324569
-487325326
-487317944
-487324893
-487317944
-487317944
-487317944
-487318466
Queue is Full
-487317944
Queue is Full
-487325325
-487317944
-487322532
-487317944
-487317944
-487319502
-487317944
-487317944
Queue is Full
-487317944
-487327609
-487317944
-487323306
-487317944
Queue is Full
-487317944
-487320897
-487317944
-487317944
-487317944
-487325120
-487317944
-487321883
-487317944
-487323404
-487317944
-487324889
-487322692
-487317944
-487317944
Queue is Full
-487321409
-487317944
-487324744
-487317944
-487320033
-487317944
-487317944
-487318520
-487326466
-487317944
-487327589
-487317944
-487327744
-487317944
-487324585
-487319452
-487324016
-487317944
-487317944
-487323765
-487325673
-487326356
-487324728
-487317944
-487322681
-487317944
-487323131
-487325344
-487317944
-487317944
-487325330
-487319752
-487317944
Queue is Full
-487317944
-487326474
-487317944
-487319116
-487317944
-487324338
-487317944
-487317944
-487320225
-487318249
-487317944
-487317944
-487320950
-487317944
-487326667
-487317944
-487317944
-487319270
-487317944
Queue is Full
-487317944
Queue is Full
-487317944
Queue is Full
-487323590
-487317944
-487317944
-487325505
-487317944
-487317944
-487318191
-487317944
-487319852
-487317944
-487320561
-487327038
-487324966
-487317944
-487320389
-487317944
-487317944
-487320964
-487317944
Queue is Full
-487324097
-487317944
-487317944
-487322765
-487317944
-487320364
Queue is Full
-487326676
-487317944
Queue is Full
-487320136
-487317944
-487317944
-487321143
-487317944
-487317944
-487321013
-487317944
Queue is Full
-487317944
-487322677
-487317944
-487324583
-487317944
-487322567
-487322425
-487318292
-487317944
-487326300
-487317944
-487317944
-487327288
-487317944
-487320547
-487317944
-487326469
-487321773
-487317944
-487323959
-487317944
-487317944
-487317944
-487321651
-487317944
-487319036
-487317944
-487318888
-487323952
-487317944
-487322292
-487317944
-487317944
-487324020
-487317944
-487326574
-487317944
-487321542
-487317944
-487320108
-487317944
-487325915
-487317944
-487317944
-487327461
-487317944
-487326798
-487317944
-487327004
Queue is Full
-487323854
-487317944
-487317944
-487322821
-487317944
-487317944
-487317944
Queue is Full
-487326140
-487321722
-487317944
-487320697
-487317944
-487317944
-487317944
Queue is Full
-487317944
-487324022
Queue is Full
-487326219
-487317944
Queue is Full
-487323986
-487317944
-487326975
-487317944
Queue is Full
-487317944
-487319003
-487317944
Queue is Full
-487317944
-487322744
-487322158
-487317944
-487321108
-487317944
-487317944
-487322995
-487317944
Queue is Full
-487317944
-487318592
-487317944
-487317944
-487321746
-487317944
-487323496
-487317944
-487320651
-487319627
-487324583
-487323874
-487321586
-487317944
-487322551
-487322971
-487317944
-487317944
-487317944
-487322800
-487317944
-487317944
-487322270
-487318662
-487317944
-487324767
-487317944
-487318167
-487317944
-487326701
-487317944
-487317944
-487318009
-487317944
-487319788
-487317944
-487317944
-487319945
-487317944
-487326713
-487322550
-487324376
-487317944
-487317944
-487317944
Queue is Full
Queue is Full
-487317944
-487320161
-487317944
-487317944
-487318688
-487317944
-487317944
-487319031
-487317944
Queue is Full
-487317944
-487317944
-487326456
-487317944
-487317944
Queue is Full
-487317944
-487323920
-487317944
-487323506
-487317944
-487327296
-487324067
-487317944
-487325715
-487317944
-487320854
-487324550
-487317944
-487317944
-487323590
-487317944
Queue is Full
-487326260
-487317944
-487327505
-487325892
-487317944
-487317944
-487317944
-487326093
-487317944
-487317944
-487327903
-487317944
-487322525
-487317944
-487324820
-487317944
-487323125
-487317944
-487326939
-487322887
-487317944
-487317944
-487317944
Queue is Full
-487324006
-487317944
-487327275
-487317944
-487326635
-487317944
-487325226
-487317944
-487327603
-487322049
-487317944
-487321189
-487317944
-487319764
-487325186
Queue is Full
-487317944
-487317944
-487326083
-487317944
Queue is Full
-487317944
-487317944
Queue is Full
-487324609
-487317944
-487324464
-487317944
-487317944
-487322127
-487317944
-487326200
-487326233
-487317944
-487325258
-487317944
-487325419
-487323192
-487317944
-487317944
-487324133
-487317944
-487325641
-487325002
-487317944
-487320413
-487317944
Queue is Full
-487317944
-487319551
-487317944
-487322538
-487325765
-487317944
-487322163
-487317944
-487326494
Queue is Full
Queue is Full
-487317944
-487317944
-487327536
-487317944
-487324646
-487317944
-487325099
-487317944
-487317944
-487322092
-487317944
-487321824
-487317944
-487319475
-487317944
-487325642
-487317944
-487318483
-487317944
-487317944
-487324325
-487317944
Queue is Full
-487317944
-487320583
-487323249
-487317944
-487327569
-487324252
-487317944
-487317944
-487321171
-487317944
-487324785
-487317944
-487325432
-487320161
-487317944
-487321834
-487317944
-487320060
-487317944
-487317944
-487320894
-487317944
-487320430
-487323126
-487322736
-487317944
-487322998
-487320328
-487317944
-487320855
-487317944
-487324925
-487317944
-487317944
-487323613
-487324325
-487321379
-487317944
-487325543
-487317944
-487319588
-487317944
-487317944
-487317944
-487326723
-487317944
-487327057
-487317944
-487321890
-487317944
-487317944
-487321037
-487319271
-487326165
-487317944
-487326331
-487317944
-487326064
-487319902
-487317944
-487323846
-487317944
-487318096
-487317944
-487317944
-487317944
-487318239
-487317944
Queue is Full
-487317944
-487325578
-487317944
-487317944
-487322042
-487317944
-487317944
-487327448
-487319223
-487320288
-487317944
-487320481
-487321716
-487322157
-487319873
-487317944
-487319646
-487325998
-487317944
-487319357
-487317944
-487317944
-487327264
-487320207
-487317944
-487317944
-487319700
-487326010
-487317944
-487317944
-487323587
-487317944
-487325250
-487317944
Queue is Full
-487327442
-487317944
-487318046
-487320268
-487317944
-487322356
-487317944
-487320797
-487320310
-487317944
-487317944
-487317944
-487325606
-487317944
-487326359
-487317944
Queue is Full
-487317944
-487326567
-487317944
-487317944
-487318095
-487319312
-487317944
-487326586
-487317944
-487321465
-487317944
-487327283
-487317944
-487320573
-487317944
-487317944
-487325340
-487317944
-487325013
-487317944
-487317944
-487322666
-487317944
-487323564
-487317944
-487319985
-487317944
-487317944
-487324008
-487317944
-487321726
-487317944
Queue is Full
-487317944
-487317944
-487318138
-487317944
-487318785
-487317944
-487317944
-487324987
-487319237
-487317944
Queue is Full
-487321531
Queue is Full
-487317944
-487317944
-487322178
-487317944
-487317944
-487327306
-487317944
-487318020
-487317944
-487317944
-487326680
Queue is Full
-487317944
Queue is Full
-487325638
-487317944
Queue is Full
-487327006
-487317944
Queue is Full
-487317944
-487322147
-487326697
-487325066
-487317944
-487317944
-487317944
-487317944
-487321714
-487318901
-487317944
-487317944
-487324585
-487317944
-487321454
-487317944
-487325360
-487317944
-487324228
-487317944
-487322226
-487326627
-487320016
-487319897
-487317944
-487327747
-487317944
-487324432
-487323329
-487317944
Queue is Full
Queue is Full
-487322777
-487317944
-487325947
-487317944
-487320137
-487317944
-487319107
-487317944
-487324662
-487320131
-487317944
-487321709
-487319405
-487317944
-487326183
-487323771
-487317944
-487317944
-487319177
-487317944
-487327068
-487317944
Queue is Full
-487322651
-487322409
-487317944
-487319257
-487319893
-487317944
-487317944
-487319220
-487317944
-487317944
-487326972
-487319923
-487321081
-487317944
-487317944
-487317944
-487317944
-487317944
Queue is Full
-487317944
Queue is Full
-487325871
-487317944
-487321635
-487323088
-487323109
-487326299
-487317944
-487323285
-487317944
-487323265
-487322390
-487317944
-487319023
-487317944
-487317944
-487319970
-487317944
-487327208
-487326820
-487323537
-487317944
-487322673
-487317944
-487317944
-487317944
-487323424
-487327102
-487317944
-487317944
Queue is Full
-487324097
-487317944
-487320377
-487326156
-487317944
Queue is Full
-487317944
-487326523
-487317944
-487326668
-487317944
-487317944
-487317944
-487321275
-487325073
-487321263
-487317944
-487318359
-487317944
-487317944
-487324830
-487317944
-487322522
-487323067
-487317944
-487327893
-487317944
-487323736
-487317944
-487319705
-487317944
-487318767
-487318461
-487317944
-487317944
-487317944
-487325350
-487317944
-487317944
-487326954
-487317944
-487317944
-487318423
-487320967
-487322631
-487321089
-487317944
-487327758
-487324319
-487318177
-487317944
-487317944
-487318660
-487317944
-487317944
-487317944
-487324990
-487323103
-487317944
-487320107
-487319434
-487317944
-487317944
-487319623
-487327542
-487318190
-487317944
Queue is Full
-487317944
Queue is Full
-487317944
-487323675
-487317944
-487317944
-487325670
-487317944
-487317944
-487322078
-487317944
-487317944
-487319763
-487317944
-487317944
-487324139
-487317944
-487317944
-487322552
-487317944
Queue is Full
-487319158
-487317944
-487325448
-487317944
-487327577
-487319825
-487317944
Queue is Full
-487327367
-487317944
-487321701
-487317944
Queue is Full
-487317944
-487324670
-487317944
-487318573
-487317944
-487317944
-487317944
-487322307
-487317944
-487324946
Queue is Full
-487326111
-487317944
-487321728
-487317944
Queue is Full
-487317944
-487320218
-487317944
-487322035
-487320816
-487324780
-487317944
-487319220
-487317944
-487323238
-487317944
-487317944
-487317944
-487323260
-487318539
-487317944
Queue is Full
-487319970
-487317944
-487327586
-487317944
-487321786
-487327880
-487324940
-487326755
-487317944
-487317944
-487317944
-487323508
-487327415
-487323917
-487317944
-487323135
-487317944
-487323163
-487317944
-487322085
-487317944
-487324472
-487317944
-487317944
-487327256
-487317944
-487317944
Queue is Full
Queue is Full
-487323230
-487317944
-487317944
-487317944
-487323454
-487317944
-487317944
-487317989
-487317944
-487317944
-487320385
-487320633
-487327826
-487323075
-487317944
Queue is Full
-487317944
Queue is Full
-487325310
-487325427
-487319508
-487317944
-487320330
-487326525
-487322903
-487317944
-487320581
-487317944
Queue is Full
Queue is Full
-487319295
-487317944
-487323580
-487323140
-487317944
-487325757
-487317944
-487318351
-487317944
-487319547
-487317944
-487317944
-487325443
-487317944
-487327628
-487326195
-487317944
-487326781
-487318307
-487317944
-487319857
-487317944
-487317944
Queue is Full
-487319024
-487317944
-487322593
-487317944
-487322111
-487317944
-487317944
Queue is Full
-487317944
-487325770
-487317944
-487319519
-487317944
-487320982
-487317944
-487319327
-487325508
-487317944
-487321816
-487317944
-487319192
-487317944
-487317944
-487317944
-487321753
-487317944
-487317944
-487325430
-487317944
-487323372
-487317944
-487317944
-487317944
-487317944
-487319769
-487317944
-487326562
-487322819
-487317944
-487322533
Queue is Full
-487320252
-487317944
-487327452
-487319657
-487317944
-487326450
Queue is Full
-487317944
Queue is Full
-487320676
-487317944
-487319105
-487317944
-487326991
-487323802
-487317944
-487317944
-487317944
-487324771
-487317944
-487317944
-487322390
-487317944
-487326954
-487322185
-487317944
-487317944
-487317944
-487319443
-487317944
Queue is Full
-487317944
-487324707
-487322151
-487317944
-487322502
-487317944
-487326027
-487317944
-487317944
-487319870
-487317944
-487317944
-487324980
-487325875
-487317944
-487325490
-487320799
-487322205
-487317944
-487317944
-487319770
-487323662
-487317944
-487317944
-487317944
-487321119
-487317944
-487317944
-487317944
-487317944
-487317944
-487317944
-487317944
-487324708
-487317944
-487319234
-487317944
-487317944
-487320757
-487322239
-487322511
-487323775
-487318846
-487317944
-487317944
Queue is Full
-487323393
-487321219
-487317944
-487323208
-487317944
-487317944
-487322090
-487317944
-487326859
-487317944
-487322060
-487317944
-487327001
-487317944
-487317944
-487319486
Queue is Full
-487322296
Queue is Full
-487321664
-487322861
-487325545
-487317944
-487319914
-487317944
-487320682
-487326291
-487317944
-487326780
-487317944
Queue is Full
-487325353
-487325592
-487327578
-487317944
-487322195
-487323533
-487317944
-487323809
-487317944
-487324150
-487317944
-487317944
-487317944
-487323572
-487317944
-487321825
-487318400
-487317944
Queue is Full
-487317944
-487327934
-487323081
-487317944
-487317944
-487326021
-487326053
-487317944
-487317944
-487319915
-487317944
-487317944
-487325432
-487324712
-487324943
-487317944
-487317944
-487319523
-487317944
-487319468
-487317944
-487324332
-487323287
-487325984
-487317944
-487324815
-487325420
-487317944
-487325549
-487317944
-487317944
-487319842
-487327715
-487317944
-487326825
-487317944
-487318523
Queue is Full
-487317944
-487321383
-487317944
Queue is Full
-487317944
-487325706
-487325510
-487317944
-487323071
-487323159
-487317944
-487326445
-487317944
-487325409
-487317944
-487317944
-487318939
-487322854
-487317944
-487317944
-487321943
-487322645
Queue is Full
-487320787
-487317944
-487317944
-487320552
-487317944
-487317944
-487323824
-487317944
-487327152
-487317944
-487317944
-487327006
-487317944
-487317944
Queue is Full
-487317944
-487326828
-487317944
-487318096
-487317944
-487320937
-487317944
-487317944
-487317944
-487322411
-487317944
-487317944
-487327431
Queue is Full
-487322059
-487317944
-487320184
-487318036
-487317944
-487317944
-487327466
-487317944
-487326292
-487317944
-487317944
-487324999
-487322879
-487317944
-487318479
-487323437
-487317944
-487317944
-487322983
-487317944
-487320163
-487317944
-487317944
-487319915
-487320125
-487321447
-487317944
-487317944
-487317944
Queue is Full
-487323139
-487317944
-487323619
-487321850
-487319136
-487317944
-487317944
-487317944
-487317944
-487326842
-487317944
-487326294
-487317944
-487323668
-487317944
-487325194
-487320432
-487317944
Queue is Full
-487319508
-487317944
-487317944
Queue is Full
-487317944
-487319832
-487317944
-487323707
-487317944
-487317944
-487325821
-487317944
-487318517
-487317944
-487319187
-487317944
-487317944
-487317944
-487319131
-487317944
-487317944
-487317944
-487318426
-487320141
-487327603
-487326331
-487317944
-487320409
-487317944
-487321473
-487317944
-487322626
-487317944
-487317944
-487327237
-487317944
-487326281
-487317944
-487321438
-487317944
-487317944
-487324258
-487317944
-487327544
-487320773
-487317938
-487323490
-487317938
-487318477
-487320157
-487317938
-487317938
-487317938
-487317954
-487317938
-487327083
-487317938
-487325711
-487317938
-487325070
-487325034
-487317938
-487317938
Queue is Full
Queue is Full
-487317938
-487321401
-487317938
Queue is Full
-487317938
-487326746
-487317938
-487317938
Queue is Full
-487317938
-487321608
-487325464
-487317938
-487322789
-487319708
-487317938
-487317938
Queue is Full
-487317938
-487327324
-487324390
-487317938
-487317938
-487324808
-487322440
-487317938
-487324074
-487317938
-487322455
-487317938
-487317938
-487318089
-487317938
-487324965
-487318683
-487317938
-487317938
-487317938
-487322517
-487326676
-487317938
-487317938
-487326447
-487317938
-487319055
-487317938
-487317938
-487317938
-487327715
-487324561
-487319842
-487323287
-487322499
-487317938
Queue is Full
-487317938
-487320577
-487325253
-487317938
-487319193
-487317938
-487317938
-487324479
-487326415
-487317938
-487317938
-487324245
-487318549
-487317938
-487317938
-487319065
-487320149
-487325604
-487317938
-487317938
-487324233
-487317938
-487320261
-487317938
-487318462
-487317938
-487323258
-487317938
-487322660
-487317938
-487317938
-487326041
-487317938
-487320471
-487317938
-487324768
-487317938
-487317938
Queue is Full
-487320928
-487317938
-487317938
-487322327
-487318185
-487317938
-487325059
-487327042
-487317938
-487321844
-487323942
-487317938
-487317938
-487317938
-487326653
-487317938
-487318005
-487317938
-487321939
-487320262
-487322865
-487317938
-487317938
-487317938
-487320386
-487317938
-487325333
-487317938
-487322925
-487317938
-487317938
-487325996
-487321493
-487317938
-487317938
-487327330
-487317938
Queue is Full
-487317938
-487320469
-487317938
-487317938
-487323878
-487317938
-487317938
-487323067
-487317938
-487322677
-487324643
-487317938
-487324457
-487317938
-487325537
-487317938
-487317938
Queue is Full
-487318551
-487317938
-487325172
-487326725
-487317938
-487317938
-487317938
-487320697
-487317938
-487324923
-487317938
-487324519
-487317938
-487319207
-487317938
-487323277
-487323376
-487317938
-487317938
-487321525
-487317938
-487317938
Queue is Full
-487327219
-487317938
-487317938
-487324854
-487325186
-487319836
-487317938
-487318291
-487317938
-487317938
-487317938
-487327475
-487323440
-487317938
-487317938
-487322036
-487317938
-487319786
-487325963
-487318880
-487317938
-487317938
-487317938
-487319344
-487317938
-487317938
-487320700
-487317938
-487319819
-487317938
-487317938
-487326842
-487317938
Queue is Full
-487324877
-487317938
-487325041
-487323365
-487317938
-487317938
-487320747
-487317938
-487323957
-487317938
-487326510
-487317938
-487318066
-487317938
-487317938
-487327663
-487317938
-487326655
-487317938
-487317938
-487321848
-487322597
-487317938
-487321707
-487317938
-487323106
-487321159
-487317938
-487317938
-487326208
-487317938
Queue is Full
-487324477
-487317938
-487326847
-487317938
-487317938
-487324555
-487317938
-487317938
-487321892
-487317938
-487321561
-487317938
-487325502
-487317938
-487323848
-487317938
-487320130
-487326526
-487317938
-487317938
-487323206
-487317938
-487317938
-487326765
-487317938
-487317938
-487321095
-487317938
-487317938
-487317966
-487321570
-487317938
-487317938
-487318358
-487317938
Queue is Full
-487324951
-487327920
-487317938
-487319293
-487317938
-487317938
-487323197
-487317938
Queue is Full
-487319981
-487327193
-487326423
-487317938
-487323224
-487317938
-487327383
-487317938
-487321794
-487317938
-487322612
-487317938
-487317938
Queue is Full
-487319270
-487324416
-487317938
-487317938
-487319881
-487317938
-487317938
-487319388
-487317938
-487319825
-487325849
-487317938
-487324406
-487317938
-487318408
-487317938
-487324854
-487317938
-487321268
-487317938
-487320536
-487317938
-487317938
-487319528
-487317938
-487322013
-487317938
Queue is Full
-487323081
-487317938
-487326536
-487317938
-487327236
-487317938
-487324782
-487322564
-487317938
-487325273
-487317938
-487317938
-487320203
-487317983
-487325367
-487317938
-487317938
-487317938
-487324406
-487317938
-487317938
-487322941
-487327516
-487322693
-487321533
-487317938
-487326235
-487317938
Queue is Full
-487320433
-487317938
-487327907
-487317938
-487317938
-487325014
-487317938
-487327435
-487327867
-487317938
-487317938
-487326242
-487317938
-487326910
-487317938
-487319717
-487317938
-487326344
-487317938
-487317938
-487317938
-487327181
-487319045
Queue is Full
-487317938
-487320979
-487321286
-487320086
-487317938
-487317938
Queue is Full
-487326499
-487325422
-487317938
-487317938
-487327423
-487317938
-487319070
-487317938
Queue is Full
-487327882
-487317938
-487317938
-487323493
-487320865
-487317938
-487325369
-487317938
-487317938
-487321845
-487327602
-487317938
Queue is Full
-487317938
-487327786
-487317938
-487317938
-487317938
-487325783
-487317938
Queue is Full
-487317962
-487317938
Queue is Full
-487322571
-487317938
Queue is Full
-487327521
-487317938
-487325298
-487321009
-487317938
-487317938
-487317938
-487319463
-487317938
-487319021
-487323198
-487317938
-487317938
-487326106
-487317938
-487319915
-487317983
-487317938
-487323492
-487317938
-487317938
-487317938
-487317938
-487327595
-487317938
-487318759
-487317938
-487327831
-487317938
-487319599
-487325024
-487317938
-487317938
-487318309
-487322585
-487325353
-487317938
-487320461
-487322426
-487317938
Queue is Full
-487317938
-487324586
-487326107
-487321831
-487317938
-487317938
-487317938
-487325258
-487317938
-487317938
-487326311
-487318729
-487317938
-487317938
-487324953
-487317938
-487319042
-487318189
-487317938
-487326237
-487317938
-487319353
-487317938
-487327092
-487324312
-487319129
-487317938
-487318451
-487317938
Queue is Full
-487317938
-487319998
-487317938
-487320572
-487317938
-487317938
-487326397
-487325025
Queue is Full
Queue is Full
-487326475
-487317938
Queue is Full
-487318472
-487317938
-487319277
-487324438
-487317938
-487319485
-487324292
-487317938
-487327669
-487317938
-487317938
-487327686
-487317938
-487320267
-487326295
-487317938
-487320692
-487317938
-487319193
-487317938
-487318655
-487324966
-487326715
-487317938
-487317938
-487317938
-487317938
-487317938
-487324280
-487317938
-487322640
-487317938
-487318933
-487317938
-487320969
-487317938
-487323912
-487317938
-487321906
-487317938
Queue is Full
-487317938
-487322090
-487317938
-487326350
-487317938
-487317938
-487322579
-487317938
-487317938
-487323315
-487325086
-487317938
-487317938
-487323510
-487318804
-487317938
-487317938
-487325272
-487317938
-487317938
Queue is Full
-487317938
-487321549
-487317938
-487317938
Queue is Full
-487317938
-487319020
-487321064
-487327688
-487317938
-487318351
-487318466
-487317938
-487326911
-487325086
-487323024
-487325197
-487317938
-487319128
-487317938
-487317938
-487318702
-487322945
-487317938
-487321778
-487317938
-487322153
-487321448
-487317938
-487326163
-487319158
-487317938
-487317938
-487320893
-487317938
-487327632
-487317938
-487320539
-487317938
-487324344
-487317938
-487325728
-487317938
-487317938
-487325726
-487317938
-487325569
-487327730
-487317938
-487327652
-487317938
-487317938
-487321680
-487325973
-487317938
-487317938
-487317938
-487325136
-487317938
-487319157
-487317938
-487323070
-487317938
-487317938
-487326666
-487317938
-487317938
-487318428
-487317938
Queue is Full
-487320647
-487317938
-487324886
-487317938
-487318238
-487324189
-487318446
-487323731
-487317938
-487317938
-487326362
-487317938
-487327016
-487317938
-487321181
-487326975
-487320160
-487317938
-487317938
-487317938
-487323316
Queue is Full
-487325331
-487317938
-487317938
-487325246
-487317938
-487317938
-487317938
-487317938
-487326727
-487326738
-487324503
-487317938
-487324061
-487327358
-487317938
-487319779
-487317938
-487325326
-487324306
-487323083
-487317938
-487326171
-487317938
-487317938
-487327168
-487317938
-487317938
-487317938
-487327673
-487321164
-487324931
-487317938
-487321743
-487317938
-487322039
-487317938
-487317938
Queue is Full
-487317938
-487319665
-487325628
-487317938
-487326000
-487319241
-487319180
-487317938
-487327303
-487317938
-487317938
-487324471
-487317938
Queue is Full
-487317938
Queue is Full
-487317938
-487326038
-487325775
-487317938
-487324719
-487317938
-487318424
-487322211
-487318459
-487321067
-487318677
-487317938
-487323157
-487317938
-487317938
-487319117
-487318683
-487320522
-487317938
-487317938
-487319325
-487317938
-487317938
-487323315
-487325848
-487317938
-487317938
Queue is Full
-487317938
-487324207
-487317938
-487317938
-487324150
-487317938
-487317938
Queue is Full
Queue is Full
-487317938
-487322613
-487317938
-487324627
-487317938
-487317938
-487320775
-487319567
-487317938
-487317938
-487323121
-487320755
-487317938
-487323616
-487326231
-487317938
-487319599
-487317938
-487317938
-487323014
-487317938
Queue is Full
-487322790
-487324696
-487322446
-487318940
-487317938
Queue is Full
-487318060
-487317938
-487320083
-487317938
-487327290
-487317938
-487327691
-487317938
-487317938
-487326608
-487317938
-487322118
-487323704
-487317938
-487317938
-487317938
-487324428
-487317938
-487325944
-487317938
-487317938
-487325763
-487317938
-487317938
-487323760
-487317938
-487327616
-487317938
Queue is Full
-487324162
-487317938
-487323123
-487317938
-487319486
-487317938
-487317938
-487326166
-487317938
-487317938
Queue is Full
-487319200
-487317938
-487325618
-487317938
-487319439
-487325260
-487320951
-487317938
-487319107
-487321892
-487322912
-487317938
-487320843
-487317938
-487327162
-487317938
-487323347
-487323172
-487327503
-487317938
-487319705
Queue is Full
-487321735
-487317938
-487322538
-487317938
-487319379
-487317938
-487318470
-487319305
-487317938
-487317938
-487319011
-487324717
-487317938
-487317938
-487317938
-487319400
-487317938
-487324526
-487317938
-487324393
Queue is Full
-487317938
-487323758
-487319660
-487317938
-487317938
-487320346
-487317938
-487325149
-487317938
-487320879
-487324863
-487317938
-487326370
-487317938
-487317938
-487322068
-487317938
-487322441
-487325373
-487326267
-487317938
-487322653
-487317938
-487321834
-487317938
-487317938
-487327194
-487317938
-487324432
-487317938
-487320371
-487317938
-487317938
-487317938
-487325873
-487319430
-487317938
-487324035
-487317938
-487317938
-487326019
-487323568
-487321074
-487317938
-487322548
-487317938
-487322339
-487320546
-487325874
-487317938
-487317938
-487317938
-487318226
-487317938
Queue is Full
Queue is Full
-487317938
-487321265
-487323905
-487317938
-487319663
-487326803
-487317938
Queue is Full
-487326520
-487320757
-487321948
Queue is Full
-487317938
-487324285
-487322084
-487317938
-487321170
-487320904
-487317938
-487324824
-487320920
-487318306
-487323877
-487317938
-487321481
-487317938
Queue is Full
-487317938
-487318099
-487317938
-487325999
-487317938
-487317938
-487325230
-487319635
-487320437
-487322686
-487317938
-487317938
-487317938
-487323861
-487325951
-487317938
-487323256
-487325187
-487317938
-487324092
-487317938
-487326303
-487317938
-487324599
-487327537
-487317938
-487319459
-487324123
-487320742
-487320502
-487318586
-487327749
-487317938
-487319991
-487317938
-487320361
-487317938
-487317938
-487318138
-487317938
-487323476
-487317938
-487317938
-487317938
-487327380
-487317938
-487322049
-487317938
-487318802
-487321644
-487317938
-487325004
-487317938
-487324982
-487327855
-487319778
-487317938
-487319557
-487317938
-487317938
-487327792
-487317938
-487317938
-487324261
-487317938
Queue is Full
-487326027
-487322397
-487317938
-487317938
-487326081
-487317938
-487317938
-487321587
-487317938
-487327401
-487317938
-487324011
-487317938
-487317938
-487318972
-487317938
-487322642
-487317938
-487317938
-487326477
-487319401
-487317938
-487317938
-487327700
-487317938
-487321069
-487317938
-487317938
-487326761
-487317938
-487317938
Queue is Full
-487317938
Queue is Full
-487318673
-487325933
-487317938
-487317938
-487321138
-487317938
-487320554
-487322020
-487327412
-487323695
-487320376
-487317938
-487317938
-487320261
-487317938
-487318519
-487317938
-487323596
-487317938
-487322491
-487317938
-487321315
-487317938
-487317938
-487323581
-487317938
-487325788
-487317938
-487318551
-487317938
-487317938
-487325946
-487326956
-487317938
-487318899
-487317938
-487319298
-487317938
-487317938
-487327651
-487317938
-487317938
-487327689
-487325436
-487317938
-487325472
-487317938
-487322108
-487325232
-487317938
-487317938
-487326118
-487320347
-487325675
-487317938
-487323717
-487317938
-487321070
-487318123
-487317938
-487322038
-487317938
-487324102
-487327106
-487317938
-487317938
-487320338
-487320747
-487317938
-487325971
-487317938
-487317938
-487319794
-487317938
Queue is Full
-487317938
-487323664
-487317938
Queue is Full
-487317938
-487322866
-487318362
-487327616
-487317938
-487317938
-487317938
-487322437
-487317938
-487320824
-487323008
-487319199
-487317938
-487327075
-487317938
-487323622
-487317938
-487317938
-487324677
-487322168
-487323151
-487317938
-487317938
-487317938
-487323629
-487326932
-487317938
-487326049
Queue is Full
-487317938
-487322835
-487317938
-487326484
-487319894
-487317938
-487324558
-487317938
-487323165
-487317938
-487320678
-487317938
-487317938
-487324885
-487317938
-487317938
-487327861
-487317938
-487321291
-487317938
-487319941
-487317938
-487317938
-487317938
-487325944
-487317938
-487327678
-487317938
-487324342
-487320504
-487323575
-487317938
-487317938
-487325967
-487317938
-487318149
-487317938
-487327153
-487317938
-487321989
-487317938
-487325542
-487317938
-487323560
-487317938
-487317954
-487319583
-487317938
-487317938
-487322002
-487317938
-487317938
-487319251
-487317938
-487326030
-487322336
-487317938
-487322829
-487317938
-487326200
-487317938
-487322970
-487327430
-487322458
-487317938
-487322953
Queue is Full
Queue is Full
-487317938
-487325139
-487317938
-487320304
-487324556
-487317938
-487320581
-487317938
-487318998
-487317938
-487321192
-487319490
-487326518
-487317938
-487321990
-487317938
-487317938
Queue is Full
-487321018
-487317938
-487323198
-487317938
-487327101
-487317938
-487321990
-487317938
-487323412
-487317938
-487320084
-487317938
-487324300
-487317938
-487326585
-487317938
-487323105
-487317938
-487321364
-487317938
-487317938
-487317938
-487319883
-487317938
Queue is Full
-487317938
-487320015
-487324439
-487317938
-487324368
-487324810
-487319879
-487317938
-487317938
-487317938
-487318446
-487317938
-487317938
-487317938
-487324782
Queue is Full
-487317938
-487324172
-487317938
-487317938
-487321987
-487317938
-487319651
-487317938
-487317938
-487321717
-487327565
-487317938
-487317938
-487319895
-487317938
-487322285
-487317938
-487319295
-487317938
-487326712
-487319071
-487317938
-487317938
-487317938
-487318510
-487321681
-487317938
-487326058
-487317938
-487321739
-487325083
-487317938
-487317938
-487320922
-487327349
-487317938
-487326477
-487317938
-487317938
-487318542
-487317938
-487325486
-487321915
-487324893
-487317938
-487325633
-487324359
-487322265
-487317938
-487317938
-487324892
-487321421
-487317938
-487327256
-487317938
-487317938
-487327896
-487317938
Queue is Full
-487324778
-487325404
-487317938
-487325393
-487317938
-487317938
Queue is Full
-487317938
Queue is Full
-487326403
-487318361
-487323744
-487317938
-487317938
-487325045
-487325414
-487317938
-487317938
-487323482
-487320746
-487317938
-487318890
-487317938
-487320026
-487323333
-487317938
-487319302
-487321805
-487317938
-487323608
-487317938
-487322034
-487317938
-487319775
-487317938
-487317978
-487317938
-487317938
-487325349
-487317938
-487317938
-487324032
Queue is Full
-487325093
-487317938
-487321045
-487317938
-487327846
-487317938
-487327576
-487327773
-487320593
-487323655
-487317938
-487317938
-487317938
-487321485
-487317938
-487317938
-487326920
-487317938
-487317938
Queue is Full
-487317938
-487321713
-487317938
-487325767
-487317938
-487317938
-487319551
-487317938
-487318793
-487317938
-487317938
-487318928
-487317938
-487317938
-487318603
-487320835
-487317938
-487317938
-487317938
-487317938
-487324710
-487320410
-487317938
-487317938
-487326666
-487317938
-487322080
-487319493
-487317938
-487317938
-487317938
-487317938
-487319521
-487317938
-487326724
-487324737
-487325965
-487322212
-487317938
-487317987
-487317938
-487319117
-487317938
-487317938
-487317938
-487323335
-487317938
-487317938
-487323410
-487317938
-487325406
-487323231
-487319200
-487317938
-487320460
-487326490
-487326942
Queue is Full
-487324477
-487321280
-487317938
-487317938
-487317938
Queue is Full
-487317938
-487324962
-487322395
-487317938
-487327113
-487317938
-487317938
-487317938
-487319812
-487317938
-487317938
-487317965
-487321214
-487320445
-487317938
-487320199
-487323018
-487317938
-487317938
-487317938
-487326683
-487317938
-487317938
-487317938
-487322313
-487317938
Queue is Full
Queue is Full
-487325152
-487317938
-487324461
-487326347
-487324101
-487317938
-487317938
-487324557
-487317938
-487326314
-487317938
-487324137
-487317938
-487317938
-487327275
-487317938
-487317938
-487324933
-487317938
-487320893
-487317938
-487318276
-487325071
-487317938
-487317938
-487318006
-487317938
-487317938
-487326473
-487317938
-487326390
-487317938
-487317938
-487327292
-487324818
-487326667
-487317938
-487322324
-487317938
-487324502
-487317938
-487317938
-487317938
-487317938
-487327701
-487317938
-487324842
-487324681
-487317938
-487327890
-487317938
Queue is Full
-487317938
-487319298
-487317938
-487320512
-487317938
-487323148
-487317938
-487322268
-487317938
-487323833
-487321762
-487317938
-487317938
-487324414
-487326223
-487317938
-487317938
-487317938
-487322732
-487324948
-487318360
-487323408
-487323015
-487317938
-487319773
-487324231
-487321359
-487322872
-487317938
-487326183
-487321197
-487319371
-487317938
-487320532
-487317938
-487324997
-487317938
-487321626
-487317938
-487325703
-487317938
-487317938
-487323306
-487317938
-487317938
-487321425
-487317938
-487320217
-487317938
-487317938
-487322535
-487317938
-487318351
-487317938
-487317938
Queue is Full
-487317938
-487327113
-487317938
-487320421
-487324369
-487317938
-487317938
-487322344
-487317938
-487317938
-487321098
-487317938
-487327270
-487317938
-487317938
-487322547
-487319438
-487317938
-487319383
-487317938
Queue is Full
-487317938
-487326425
-487317938
-487318783
-487317938
-487317938
-487326428
-487322646
-487317938
-487318236
-487317938
-487317938
-487317938
-487325357
-487327004
-487317938
-487320869
-487317938
-487319203
-487317938
-487319093
-487318907
-487323176
-487319372
-487317938
-487326837
-487317938
-487317938
-487317938
-487322076
-487317938
-487325545
-487317938
-487326178
-487317938
-487325940
-487319199
-487317938
-487317938
-487317938
-487326957
-487317938
-487317938
-487324128
-487318609
-487317938
-487322319
-487317938
-487317938
-487322807
-487317938
-487317938
-487320957
-487326073
-487317938
-487322668
-487317938
-487317938
-487321115
-487317938
-487321807
-487319157
-487317938
-487317938
-487317938
-487327650
-487327483
-487317938
-487317938
-487319088
-487317938
-487327741
-487319761
-487317938
-487319191
-487317938
-487325171
-487317938
-487317938
-487317938
-487326012
-487324544
-487319597
-487317938
-487317938
-487317938
-487318444
-487317938
-487322396
-487319879
-487317938
-487320346
-487317938
-487317938
Queue is Full
-487317938
-487322418
-487317938
-487324272
-487317938
-487317938
-487323005
-487318533
-487317938
-487323314
-487324020
-487326439
-487317938
-487326323
-487322841
-487326312
-487317938
-487317938
-487327931
-487317938
Queue is Full
-487322590
-487317938
-487317938
-487323878
-487317938
Queue is Full
-487317938
-487320696
-487317938
-487317938
-487326955
-487318053
-487324238
-487317938
-487322292
-487319380
-487317938
-487317938
-487318080
-487317938
-487317938
-487325258
-487317938
-487317938
-487326449
-487317938
-487320633
-487317938
-487324350
-487318587
-487317938
-487317938
-487317938
-487326284
-487317938
-487317938
-487325457
-487318893
-487319833
-487323949
-487317938
-487317938
-487318875
-487317938
-487323639
-487319800
-487317938
-487324375
-487317938
-487318476
-487327785
-487317938
-487317938
-487326584
-487317938
-487326610
-487326994
-487317938
-487317938
-487318740
-487317938
-487320913
-487326586
-487317938
-487317938
-487317938
Queue is Full
-487317938
-487319658
-487326948
-487317938
-487318472
-487327167
-487317938
-487324002
-487317938
-487317938
-487317979
-487317938
-487317938
Queue is Full
-487317938
-487323087
-487317938
-487323611
-487317938
-487323846
-487317938
-487324637
-487317938
-487325830
-487317938
-487324764
-487324795
-487317938
-487327706
-487320207
-487317938
-487324886
-487317938
-487317938
-487325294
-487326829
-487317938
-487321379
-487325507
-487317938
-487317938
-487321278
-487317938
-487322979
-487326020
-487317938
-487317938
-487318980
-487317938
-487326001
-487317938
-487317938
-487317938
-487319458
-487317938
-487317938
Queue is Full
-487323661
-487318674
-487317938
-487323069
-487317938
-487321414
-487318819
-487317938
-487327228
-487317938
-487317938
-487317938
-487321669
-487317938
Queue is Full
-487324492
-487317938
-487317938
-487319308
-487317938
-487317938
Queue is Full
-487317938
-487320285
-487318881
-487317938
-487317938
-487326659
-487323128
-487324568
-487317938
-487325186
-487317938
-487317938
-487326829
-487321996
-487317938
Queue is Full
-487317938
-487322497
-487317938
-487317938
-487319210
-487317938
-487317938
-487317972
-487317938
-487323001
-487317938
-487317938
-487317938
-487319394
-487322486
-487317938
-487317938
Queue is Full
-487320364
-487317938
-487317938
-487324225
-487317938
-487317938
-487327912
-487317938
Queue is Full
-487317938
-487326265
-487317938
-487317938
-487320682
-487324423
-487327444
-487317938
-487317938
-487319466
-487323168
-487317938
-487322779
-487317938
-487326746
-487317938
-487324056
-487317938
-487317938
-487320973
-487317938
-487322680
-487317938
Queue is Full
-487324154
-487326579
-487319694
-487317938
-487322296
-487317938
-487317938
-487322764
-487317938
-487322876
-487327536
-487318566
-487321701
-487317938
-487317938
-487322649
-487317938
-487317938
-487318124
-487317938
-487317938
-487326006
-487317938
-487317938
-487321536
-487317938
-487321442
-487325422
-487317938
-487318641
-487317938
-487317938
-487323031
-487317938
-487317938
-487317938
-487317938
-487321209
-487317938
-487321241
-487322943
-487317938
-487318140
-487324312
-487317938
-487323558
-487317938
-487323285
-487317938
-487320887
-487323138
-487317938
-487322253
-487327062
-487319265
-487327724
-487317938
-487324764
-487317938
-487320760
-487325278
-487327095
-487317938
-487317938
-487320649
-487317938
-487327402
-487317938
-487317938
-487325977
-487317938
-487322127
-487317938
-487318750
-487325782
-487317938
-487317938
-487326684
-487317938
-487321810
-487317938
-487324110
-487321030
-487326839
-487317938
-487317938
-487317938
-487317938
-487320828
-487317938
-487321725
-487317938
-487325980
-487317938
-487325236
-487317938
-487326901
-487317938
-487322119
-487320462
-487317938
-487324916
-487317938
-487322128
-487326514
-487320348
-487317938
-487317938
-487317938
-487327407
-487317938
-487321101
-487317938
Queue is Full
-487317938
-487326778
-487317938
-487317938
-487317938
-487324689
-487317938
-487317938
-487317938
-487321494
-487317938
-487324281
-487317938
-487327762
-487317938
-487320179
-487317938
-487317938
-487321617
-487317938
Queue is Full
-487317938
-487321356
-487317938
-487320907
-487317938
-487319855
-487317938
-487326354
-487317938
-487317938
-487317938
-487325770
-487317938
-487317938
-487318732
-487317938
-487317938
-487323975
-487318738
-487317938
-487323022
-487317938
-487319532
-487319894
-487317938
-487317938
-487319303
-487317938
-487317938
-487323402
-487317938
-487326023
-487317938
-487321618
-487317938
-487317938
Queue is Full
-487324844
-487317938
-487319512
-487317938
-487325413
-487317938
-487323284
-487317938
-487317938
-487317938
-487319583
-487322588
-487325759
-487317938
-487322445
-487317938
-487319745
-487324985
-487317938
-487320683
-487317938
-487319737
-487317938
-487322351
-487317938
-487321829
-487317938
-487317938
-487325874
-487317938
-487322097
-487317938
-487317938
-487317938
-487323447
-487319805
-487317938
-487324943
-487320620
-487321989
-487317938
-487327766
-487317938
-487327136
-487327319
-487317938
-487326800
-487317938
-487326747
-487317938
-487317938
-487327190
-487317938
-487321505
-487325503
-487321683
-487317938
-487324079
-487327381
-487317938
-487317938
-487327151
-487317938
-487320571
-487317938
-487317938
-487318226
-487317938
-487317938
-487326600
-487317938
-487326739
-487317938
-487323025
-487317938
Queue is Full
-487317938
-487318255
-487317938
-487317938
-487323141
-487317938
-487318019
-487323461
-487324358
-487324071
-487317938
-487324088
-487317938
-487325580
-487317938
-487318658
-487327378
-487317938
-487318461
-487317938
-487323371
-487317938
-487321775
-487317938
-487322247
-487324627
-487317938
-487327723
-487325392
-487318861
-487317938
-487318565
-487317938
-487321873
-487317938
-487323295
-487317938
-487322551
-487322514
-487317938
-487317938
-487317938
-487320250
-487320782
-487317938
-487317938
-487317938
-487317938
-487325379
-487317938
-487327837
-487317938
-487327579
-487317938
-487327786
-487317938
-487317938
-487324313
-487327501
-487317938
-487317938
-487325872
-487317938
-487319156
-487317938
-487322127
-487317938
-487317938
-487326100
-487319824
-487317938
-487317938
-487318139
-487317938
-487317938
-487317938
-487327894
-487317938
-487317938
-487326266
-487317938
-487327906
-487317938
-487317938
Queue is Full
-487317938
-487319045
-487317938
-487321373
-487321430
-487317938
-487317938
-487326269
-487317938
Queue is Full
-487321003
-487317938
-487326688
-487317938
-487325444
-487317938
-487322733
-487317938
-487317938
-487324356
-487324814
-487317938
-487321774
-487317938
-487320198
-487317938
-487318045
-487317938
-487317938
-487322970
-487317938
-487320903
-487317938
-487317938
Queue is Full
-487317938
-487327346
Queue is Full
-487319572
-487317938
-487326112
-487317938
-487318610
-487321772
-487318498
-487317938
-487317938
-487322661
-487325925
-487319341
-487317938
-487323791
-487317938
-487322726
-487317938
-487317938
-487320108
-487317938
-487317938
-487321107
-487317938
-487326006
-487317938
-487323724
Queue is Full
-487317938
Queue is Full
-487317938
-487322083
-487322070
-487317938
-487319942
-487324233
-487320981
-487325955
-487317938
-487321698
-487317938
-487318309
-487317938
-487323861
-487317938
-487317938
-487318335
-487317938
-487319749
-487323824
-487322308
-487317938
-487317938
-487325687
-487317938
-487319288
-487322645
-487321921
-487317938
-487320800
-487317938
-487322719
-487317938
-487318101
-487324203
-487317938
-487317938
-487324433
-487317938
Queue is Full
-487317938
-487323014
-487317938
-487317938
-487326040
-487325719
-487323137
-487317938
-487324222
-487317938
-487317938
-487323819
-487317938
-487321681
-487317938
-487317938
-487319492
-487317938
-487327476
-487324828
-487317938
-487317938
-487317938
-487324520
-487317938
-487322072
-487317938
-487327553
-487325459
-487317938
-487323036
-487318083
-487321342
-487317938
-487323991
-487323079
-487317938
-487321332
-487317938
-487318284
-487317938
-487321376
-487317938
-487325097
-487317938
-487321512
-487327284
-487317938
-487324292
Queue is Full
-487319840
-487324740
-487317938
-487317938
-487319929
-487322414
-487317938
-487317938
-487321717
-487317938
-487317938
-487320540
-487317938
-487325017
-487317938
-487317938
-487317991
-487317938
-487320564
-487317938
-487323625
-487327478
-487325985
-487317938
-487317938
-487321663
-487317938
Queue is Full
-487317938
Queue is Full
-487317938
-487323605
-487319773
-487327278
Queue is Full
-487317938
-487323988
-487317938
-487322864
-487317938
-487324986
-487327075
-487317938
Queue is Full
-487317938
-487321433
-487327753
-487317938
-487326951
-487323174
-487317938
-487317938
-487326733
-487317938
-487317938
Queue is Full
-487326184
-487317938
-487327132
-487317938
-487325787
-487324067
-487317938
-487317938
-487324310
-487317938
-487325433
-487326705
-487324611
-487317938
-487321630
-487317938
-487320811
-487324860
-487317938
-487317938
-487324080
-487317938
-487317938
-487317938
-487318425
-487317938
-487317938
-487327085
-487325648
-487317938
-487319954
-487326354
-487318868
-487322690
-487317938
-487317938
-487321951
-487323271
-487317938
-487326909
-487317938
-487324945
-487317938
-487326808
-487317938
-487317938
-487319921
-487319739
-487317938
-487317938
-487318274
-487317938
-487326281
-487317938
-487319182
-487317938
-487325720
-487317938
-487321846
-487317938
-487323716
-487317938
Queue is Full
-487318731
-487319958
-487317938
-487317938
-487325484
-487317938
-487321338
-487317938
-487319764
-487317938
-487326560
-487317938
-487322521
-487317938
-487326711
-487317938
-487323869
-487322268
-487317938
-487317938
-487317938
-487326068
-487317938
-487323451
-487322173
-487317938
-487326549
-487320706
-487317938
-487317938
-487322014
-487317938
-487317938
-487325841
-487317938
-487322075
-487317938
-487326107
Queue is Full
-487317938
-487323266
-487327115
-487317938
-487320855
-487317938
-487323577
-487317938
-487323285
-487324493
-487317938
-487326849
-487317938
-487324439
-487317938
-487320343
-487322522
-487321904
-487317938
-487319758
-487317938
-487317938
-487317938
-487326735
-487317938
-487317938
-487326066
-487317938
-487323269
-487317938
-487317938
-487318265
-487320508
-487317938
-487320671
-487317938
-487317938
-487323493
-487321808
-487317938
-487317938
-487317938
-487319023
-487326960
-487317938
-487317938
-487321162
-487317938
-487317938
-487326142
-487317938
-487322432
-487317938
-487326488
-487317938
-487322424
Queue is Full
-487324559
-487317938
-487317938
-487324077
-487317938
-487317938
-487317938
-487325350
-487317938
-487324131
-487317938
-487323653
-487317938
-487319396
-487323483
-487317938
-487320838
-487320560
-487317938
-487317938
Queue is Full
-487325288
-487317938
-487317938
-487317938
-487325162
-487320418
-487317938
-487317938
-487322003
-487317938
-487323977
-487317938
-487323863
-487325548
-487317938
-487325553
-487317938
-487317938
-487325277
-487321978
-487317938
-487317938
-487324308
-487327015
-487317938
-487322374
-487317938
-487317938
-487325248
-487325189
-487317938
-487318833
-487317938
-487323335
-487317938
-487317938
Queue is Full
-487317938
-487323486
-487317938
-487317938
-487317938
Queue is Full
-487317938
-487318639
-487320815
-487317938
Queue is Full
-487336588
-487317938
-487332721
-487317938
-487319935
-487317938
-487333692
-487317938
-487317938
-487330052
-487324414
-487317938
Queue is Full
-487317938
-487334586
-487317938
-487324167
-487317938
-487324416
-487317938
-487326183
-487317938
-487321084
-487317938
-487317938
-487333552
-487322498
-487317938
-487317938
-487330711
-487317938
-487320622
-487317938
-487322079
-487317938
-487317938
-487317938
-487323014
-487317938
-487327747
-487317938
-487317938
-487322749
-487317938
-487322990
-487317938
-487317938
-487335958
-487317938
-487319706
-487317938
-487317938
Queue is Full
-487332553
-487319086
-487317938
-487319931
-487320893
-487337280
-487320696
-487332726
-487317938
-487323780
-487317938
-487318242
-487317938
-487317938
-487336537
-487317938
-487328815
-487317938
-487318872
-487317938
-487317938
-487336638
-487317938
-487333727
-487317938
-487322327
-487317938
-487328459
-487317938
-487333202
-487317938
-487324301
-487317938
Queue is Full
-487317938
-487323667
-487317938
-487326523
-487317938
-487336723
-487317938
-487330431
-487317938
-487325427
-487336704
-487317938
-487328267
-487317938
-487324994
-487317938
-487317938
-487320360
-487317938
-487320503
-487329572
-487317938
-487334555
-487317938
-487317938
-487317938
-487320555
-487333007
-487317938
-487336614
-487317938
-487317938
-487317938
-487317938
-487317938
-487322678
-487317938
-487317938
Queue is Full
-487317938
-487328834
-487317938
-487322745
-487317938
-487317938
-487325645
-487317938
-487332962
-487320489
-487317938
-487333167
-487317938
-487317938
-487319061
Queue is Full
-487317938
-487330572
-487317938
-487317938
-487335841
-487317938
-487317938
Queue is Full
-487317938
Queue is Full
-487320831
-487319161
-487317938
-487333382
-487317938
-487326428
-487317938
-487328399
-487334944
-487317938
-487332600
-487317938
-487323953
-487333199
-487317938
-487328491
-487317938
-487317938
-487334208
-487317938
-487323867
-487317938
-487337195
-487317938
-487321803
-487317938
-487317938
-487319417
-487335442
-487317938
-487317938
-487333161
-487317938
-487324628
-487317938
-487317938
Queue is Full
-487322273
-487317938
-487318064
-487317938
-487320169
-487317938
-487317938
-487318234
-487317938
-487324335
-487317938
-487317938
-487317938
-487324429
-487326826
-487317938
Queue is Full
-487317938
Queue is Full
-487317938
-487317938
-487331226
-487332764
-487322173
-487322833
-487326385
-487317938
-487324665
-487317938
-487320391
-487323492
-487317938
-487330051
-487317938
-487330405
-487317938
-487327267
-487317938
-487317938
-487319661
-487317938
-487328698
-487317938
-487328109
-487325500
-487317938
-487317938
-487323312
-487319839
-487324890
-487317938
-487317938
-487336709
-487317938
-487317938
-487337167
-487317938
-487330453
-487317938
-487329772
-487317938
-487317938
-487317938
-487337357
-487318053
-487317938
-487322659
-487317938
-487323475
-487332198
-487336162
-487317938
-487317938
-487318344
-487317938
-487317938
Queue is Full
-487320660
-487317938
-487331960
-487328184
-487317938
-487317938
-487319552
-487317938
-487326526
-487317938
-487317938
-487328758
-487317938
-487317938
-487332838
-487317938
-487332300
-487327614
-487317938
-487332582
-487317938
-487320414
-487317938
-487332449
-487327981
-487324635
-487317938
-487317938
-487323594
-487317938
-487334291
-487317938
-487317938
-487317938
-487328300
-487317938
-487337740
-487317938
-487325670
-487330329
-487317938
-487317938
-487317938
-487322266
-487317938
-487317938
Queue is Full
Queue is Full
-487335001
-487319542
-487317938
-487317938
-487332459
-487317938
-487317938
Queue is Full
-487337116
-487317938
-487332499
-487317938
-487317938
-487328547
-487317938
-487326741
-487317938
-487331929
-487333941
-487317938
-487317938
-487317938
-487336135
-487317938
-487317938
-487325901
-487317938
-487330752
Queue is Full
-487317938
-487326241
-487317938
-487330578
-487327752
-487317938
-487326956
-487317938
-487326082
-487333515
-487317938
-487317938
-487325712
-487317938
-487334129
-487317938
-487317938
-487327976
-487317938
-487318201
-487317938
-487317938
-487321533
-487317938
-487329082
-487324809
-487317938
-487317938
-487335885
-487317938
-487328975
-487317938
-487317938
-487322820
-487317938
-487336092
-487322906
-487332955
-487317938
-487317938
-487337690
-487317938
-487317938
-487331348
-487325659
-487317938
-487327834
-487317938
-487317938
-487325685
-487334372
-487332204
-487317938
-487331099
-487334843
-487317938
-487317938
-487317938
-487335254
-487317938
Queue is Full
-487320666
-487326805
-487317938
-487332856
-487317938
-487332921
-487336733
-487317938
-487317938
-487337526
-487317938
-487317938
-487318778
-487317938
-487317938
-487319059
-487317938
-487333348
-487317938
-487319728
-487324932
-487317938
-487317938
-487330256
-487317938
-487320694
-487317938
-487317938
-487322723
-487337490
-487317938
-487317938
-487317938
-487326507
-487317938
-487330754
-487317938
-487317938
Queue is Full
-487334535
-487317938
-487317938
-487332825
-487317938
-487335310
-487317938
-487317938
-487317938
Queue is Full
-487320478
-487317938
-487317938
-487332505
-487318088
-487320948
-487317938
-487317938
-487323921
-487322464
-487317938
-487329957
-487317938
-487318915
-487317938
-487329508
-487317938
-487324963
-487336743
-487336040
-487317938
-487318840
-487326899
-487335326
-487317938
-487334289
-487327193
-487317938
-487317938
-487317938
Queue is Full
-487317938
-487327055
-487326368
-487327355
-487322914
-487328085
-487317938
-487328574
-487317938
-487331756
-487318637
-487317938
-487319281
-487333300
-487328103
Queue is Full
-487317938
-487325450
-487318289
-487330063
-487317938
-487331540
-487317938
-487317938
-487319861
-487319036
-487317938
-487317938
-487319830
-487317938
Queue is Full
-487317938
-487322727
-487317938
-487327806
-487317938
-487317938
-487328075
-487317938
-487336241
-487332256
-487329625
-487317938
Queue is Full
-487325024
-487325526
-487317938
-487317938
Queue is Full
-487321896
-487317938
-487318305
-487317938
-487330101
-487332908
-487317938
-487322820
-487317938
-487331454
-487317938
-487317938
-487317938
-487317938
-487324109
-487336746
-487322782
-487317938
-487317938
-487333538
-487324548
-487329772
-487317938
-487325346
-487317938
-487331822
-487317938
-487317938
-487325209
-487317938
-487335945
-487317938
-487320303
-487323089
-487317938
-487322580
-487317938
-487317938
-487331128
-487317938
-487317938
-487332388
-487317938
-487325834
-487317938
-487320151
-487317938
-487326482
-487317938
-487318293
-487317938
-487332007
-487317938
-487337875
-487317938
Queue is Full
-487327143
-487325058
-487331868
-487317938
-487325182
-487317938
-487317938
-487321229
-487317938
Queue is Full
-487337540
-487317938
-487330204
-487328644
-487317938
Queue is Full
-487317938
-487326735
-487317938
-487336602
-487326409
-487317938
Queue is Full
-487317938
-487321908
Queue is Full
-487318905
-487325824
-487317938
-487325219
-487329981
-487320434
-487317938
-487317938
-487318196
-487317938
-487317938
-487328595
-487317938
-487320559
-487335106
-487317938
-487329595
-487317938
-487317938
-487329266
-487319222
-487317938
-487325796
Queue is Full
Queue is Full
Queue is Full
-487322006
-487317938
-487321555
-487317938
-487317938
-487324744
-487336991
-487317938
-487317938
-487334782
-487317938
-487317938
-487335891
-487317938
-487319801
-487332952
-487317938
-487325803
-487333411
-487335718
-487327605
-487317938
-487334387
-487320037
-487317938
-487324079
-487317938
-487317938
-487318419
-487323867
-487320790
-487317938
-487317938
-487325271
-487323098
-487334633
-487317938
Queue is Full
-487326012
-487317938
-487337654
-487317938
-487337629
-487330885
-487317938
-487333527
-487317938
-487323393
-487324072
-487317938
-487331032
-487317938
-487319701
-487317938
-487331733
-487317938
-487326737
-487330478
-487321251
-487317938
-487317938
-487317938
-487328317
-487328974
-487317938
-487317938
Queue is Full
-487331960
-487317938
-487317938
-487331363
-487321189
-487317938
-487317938
-487336836
-487317938
-487317938
-487324304
-487317938
-487317938
-487318088
-487317938
-487323197
-487317938
-487317938
-487336581
-487323147
-487336010
-487317938
-487317938
-487332645
-487324499
-487324894
-487317938
-487317938
-487317938
-487317938
Queue is Full
Queue is Full
-487331030
-487317938
-487323003
-487335188
-487317938
-487328277
-487317938
-487321479
-487317938
-487326466
-487317938
-487336909
-487317938
-487335292
-487317938
-487317938
-487326287
-487317938
Queue is Full
-487317938
Queue is Full
-487317938
Queue is Full
-487317938
-487320825
-487317938
-487326097
-487317938
-487328121
-487317938
-487317938
-487323222
-487317938
-487321140
-487317938
-487333650
-487317938
-487318998
-487321700
-487317938
-487324915
-487317938
-487318268
-487317938
-487321322
-487323077
-487317938
-487317938
-487317938
-487320009
Queue is Full
-487332090
-487330886
-487317938
-487317938
-487337213
-487317938
-487317938
-487321041
Queue is Full
-487317938
-487335469
-487317938
-487317938
-487329678
-487327715
-487317938
-487317938
-487317938
Queue is Full
-487332927
-487317938
-487328916
-487317938
-487322086
-487317938
-487317938
-487334867
-487317938
Queue is Full
Queue is Full
-487319134
-487317938
-487322518
-487317938
-487334001
-487317938
-487337172
-487317938
-487317938
-487336564
-487317938
-487317938
-487335800
-487322746
-487317938
-487318371
-487317938
-487329016
-487328743
-487317938
-487317938
-487317938
-487336883
-487317938
-487333960
-487317938
-487317938
-487320762
-487317938
-487317938
-487319878
-487317938
-487328316
-487317938
-487326399
-487317938
-487321941
-487336027
-487317938
-487336750
-487328140
-487317938
-487318122
-487317938
-487317938
-487317938
-487320145
-487317938
-487329422
-487317938
-487318755
-487317938
-487317938
-487337243
-487317938
-487317938
-487323228
-487317938
-487330911
-487317938
-487337107
-487317938
-487332119
-487317938
-487337656
-487317938
-487318751
-487317938
-487317938
Queue is Full
-487317938
-487317938
-487319968
-487317938
-487317938
-487324631
-487317938
-487323464
-487317938
-487317938
-487333145
-487317938
-487329454
-487333828
-487335318
-487317938
-487317938
Queue is Full
-487331556
-487317938
-487318883
-487317938
-487326873
-487317938
-487317938
-487328944
-487317938
-487318050
-487327659
-487320329
-487334301
-487322069
-487317938
-487317938
-487317938
-487320552
-487334072
-487317938
-487335593
-487317938
-487317938
-487337231
-487317938
-487336370
-487317938
-487317938
-487329421
-487317938
-487317938
-487330931
-487317938
-487327993
-487317938
-487317938
-487322468
-487317938
-487336526
-487327688
-487317938
-487331604
-487317938
-487317938
-487317938
-487319519
-487317938
-487326105
-487317938
-487317938
-487328075
-487317938
-487325057
-487326143
-487317938
-487336458
-487333016
-487324770
-487323511
-487333915
-487336060
-487326360
-487317938
Queue is Full
-487326599
-487317938
-487317938
Queue is Full
-487317938
Queue is Full
-487318743
-487317938
-487317938
-487317938
-487334946
-487334058
-487332298
-487317938
-487317938
-487317938
-487330292
-487317938
-487333767
-487320525
-487317938
-487325774
Queue is Full
-487317938
-487317938
-487332074
-487325186
-487320420
-487317938
-487317938
-487335173
-487329321
-487317938
-487333168
-487334094
-487319649
-487317938
-487317938
-487317938
-487325815
-487330414
-487317938
-487322047
-487317938
-487317938
Queue is Full
-487317938
-487336054
-487317938
-487334542
-487317938
-487329895
-487317938
-487335645
-487333035
-487335593
-487317938
-487317938
-487319308
-487317938
-487317938
-487324985
-487326613
-487317938
-487321185
-487326705
-487323258
-487317938
-487321698
-487317938
-487317938
-487317938
-487333217
-487317938
-487336896
-487317938
Queue is Full
-487317938
-487324540
-487330727
-487317938
-487334877
-487317938
-487337539
-487317938
-487323958
-487317938
-487333936
-487323081
-487321093
-487317938
-487325734
-487317938
-487335782
-487317938
-487326006
-487317938
-487317938
-487334701
-487317938
-487333084
-487332654
-487317938
-487317938
-487336371
-487328174
-487317938
-487317938
-487317938
-487317938
-487323104
-487331511
-487317938
-487317938
-487320298
-487335694
-487317938
-487324601
-487324558
-487327416
-487337354
-487317938
-487317938
-487317938
-487337215
-487317938
Queue is Full
-487323075
-487317938
-487325748
-487317938
-487335892
-487335017
-487317938
-487317938
-487317938
-487328737
-487323741
-487317938
-487325555
-487319541
-487332187
-487317938
-487317938
-487317938
-487336434
-487319945
-487337835
-487317938
-487317938
-487317938
-487333722
-487317938
-487336686
-487317938
-487337334
-487317938
-487322474
-487317938
Queue is Full
-487334324
-487317938
-487328542
-487317938
-487332398
-487317938
-487317938
-487318887
-487319416
-487317938
-487336608
-487317938
-487331245
-487317938
-487321511
-487317938
-487317938
-487321888
-487325739
-487317938
-487326994
-487317938
-487330376
-487317938
-487317938
-487324124
-487317938
-487337452
-487336755
-487317938
-487317938
-487317938
-487326814
-487317938
-487332269
-487317938
-487335710
Queue is Full
-487337716
-487317938
-487335185
-487317938
-487332764
-487317938
-487324993
-487317938
-487317938
-487333835
-487317938
-487325708
-487317938
-487337923
-487323022
-487317938
-487331371
-487337914
-487333706
-487317938
-487327970
-487318678
-487317938
-487317938
-487336247
-487317938
-487327716
-487323982
-487317938
-487322397
-487321014
-487325074
-487317938
-487317938
-487336309
-487329426
-487317938
-487325233
-487326828
-487317938
-487317938
-487328526
-487317938
-487322350
-487317938
-487317986
-487333527
-487317938
-487323688
-487323771
-487321150
-487317938
-487317938
-487333062
-487317938
-487317938
-487331981
-487317938
-487317938
-487335340
-487334414
-487317938
-487320855
-487317938
-487317938
Queue is Full
-487337283
-487317938
-487317938
-487324868
-487330982
-487317938
-487317938
-487327918
-487330907
-487317938
-487317938
Queue is Full
-487317938
-487335675
-487332375
-487317938
-487335843
-487317938
-487322850
-487328896
-487317938
-487317938
-487336580
-487317938
-487317938
-487337189
-487317938
-487319482
-487317938
-487331095
-487317938
-487317938
-487323440
-487328611
-487325895
-487317938
-487326256
Queue is Full
-487335888
-487317938
-487330517
-487317938
-487322276
-487336578
-487317938
-487318079
-487317938
Queue is Full
-487317938
-487337346
-487327180
-487317938
-487317938
-487331048
-487317938
-487317938
-487325861
-487317938
-487320092
-487317938
-487317938
Queue is Full
-487317938
-487336314
-487317938
-487318328
-487317938
Queue is Full
Queue is Full
-487326389
-487317938
-487329246
-487317938
-487317938
-487318997
-487317938
-487335451
-487317938
-487329718
-487321149
-487317938
-487317938
-487331102
-487317938
-487317938
-487320499
-487318099
-487331847
-487317938
-487317938
-487336362
-487333815
-487317938
-487320129
-487317938
-487337570
-487317938
-487318258
-487317938
-487317938
-487334852
-487317938
-487317938
Queue is Full
-487317938
-487334189
-487317938
-487320560
-487336664
-487317938
-487323932
-487334915
-487324813
-487317938
-487320487
-487325949
-487317938
-487317938
-487317938
-487324361
-487327400
-487317938
-487317938
-487336855
-487324706
-487317938
-487337349
-487317938
-487323130
-487317938
-487320918
-487318878
-487337927
-487317938
-487317938
-487322402
-487326540
-487317938
-487317938
-487334357
-487317938
-487317938
-487334126
-487317938
-487317938
-487330103
-487317938
-487322067
-487319642
Queue is Full
-487320532
-487317938
-487320586
-487317938
-487330329
-487329218
-487317938
-487327135
-487317938
-487328337
-487317938
-487317938
-487334380
-487317938
-487334081
-487317938
-487319400
-487317938
-487320661
-487320885
-487317938
-487317938
-487324277
Queue is Full
-487323020
-487317938
-487317938
-487318106
-487335252
-487336035
-487328540
-487317938
-487317938
-487332419
-487317938
-487320325
-487324278
-487325611
-487317938
-487317938
-487329019
-487317938
-487318514
-487317938
-487317938
-487335194
Queue is Full
-487317938
-487335020
-487337010
-487334764
-487333473
-487317938
-487326035
-487329460
-487317938
-487326718
-487332633
-487317938
-487336925
-487317938
-487318552
-487318097
-487317938
-487323858
-487335105
-487317938
-487322720
-487317938
-487337813
-487319667
-487317938
-487322451
-487317938
Queue is Full
-487317938
-487335668
-487334172
-487317938
-487318205
-487317938
-487320179
-487317938
-487317938
-487323192
-487317938
-487317938
-487334200
-487317938
-487320391
-487317938
-487325527
-487317938
-487332075
-487317938
-487326573
-487317938
-487317938
-487331383
-487325348
-487319497
-487317938
-487317938
-487322040
-487317938
-487317938
-487317938
Queue is Full
-487317938
-487323776
-487327335
-487317938
Queue is Full
-487337748
-487334599
-487317938
-487324595
Queue is Full
Queue is Full
-487324831
-487317938
-487321553
-487317938
-487322661
-487317938
-487319048
-487332938
-487317938
-487333929
-487317938
-487324802
-487326912
-487317938
-487335065
-487317938
-487317938
-487332399
-487317938
-487317938
-487332587
-487321001
-487336273
-487335827
-487317938
-487334260
-487335062
-487317938
-487321975
-487317938
-487322773
-487329758
-487322965
-487329748
-487317938
-487337893
-487329626
-487329335
-487317938
-487317938
-487328985
-487317938
-487321713
-487317938
-487317938
-487330460
-487317938
-487317938
-487332361
-487317938
-487336696
-487334800
-487317938
-487332945
-487317938
-487334191
-487317938
-487317938
-487333941
-487318437
-487317938
-487317938
-487318869
-487317938
-487319179
-487317938
-487326842
-487317938
-487317938
-487333208
-487317938
-487317938
-487330409
-487317938
-487317938
Queue is Full
-487317938
-487327889
-487317938
-487331656
-487317938
-487317938
-487320561
-487317938
-487330447
-487317938
-487317938
-487320068
-487317938
-487325489
-487317938
-487335308
-487330430
-487317938
-487334558
-487317938
-487317938
-487317938
Queue is Full
-487333674
-487317938
-487327096
-487317938
-487325432
-487321883
-487317938
-487318552
-487317938
-487328094
-487317938
-487322115
-487317938
-487317938
-487330062
-487317938
-487321725
-487329504
-487317938
-487317938
-487317938
-487332764
-487317938
-487327692
-487317938
-487317938
-487329099
-487317938
-487327883
-487317938
Queue is Full
Queue is Full
-487317938
-487329783
-487317938
-487330748
-487317938
-487337016
-487317938
-487328460
-487322481
-487317938
-487318889
-487317938
-487319172
-487317938
Queue is Full
-487317938
-487335211
-487317938
-487323090
-487317938
-487318870
-487337931
-487317938
-487317938
-487334500
-487317938
-487333542
-487317938
-487320625
-487317938
-487317938
-487328478
-487317938
-487317938
-487334067
-487324851
-487317938
-487317938
-487317938
-487337730
-487317938
-487318549
-487317938
-487333221
-487330996
-487317938
-487317938
Queue is Full
-487317938
-487334115
-487326325
-487317938
-487334009
-487317938
-487330871
-487317938
-487329193
-487330188
-487317938
-487333017
-487317938
-487317938
-487317938
-487334484
-487336641
-487317938
-487326595
-487324237
-487317938
-487317938
-487318771
-487317938
-487317938
-487331107
-487336162
-487317938
-487317938
Queue is Full
-487317938
-487335130
-487323340
-487334510
-487323889
-487317938
-487334686
-487317938
-487318325
-487317938
-487317938
-487333321
-487317938
-487317938
-487330114
-487317938
-487329321
-487329616
-487317938
-487329037
-487322493
-487317938
-487318640
-487317938
-487317938
Queue is Full
-487317938
-487326431
-487332000
-487335056
-487317938
-487317938
-487317938
-487332826
-487335115
-487317938
-487336597
-487337563
-487327444
-487317938
-487321716
-487317938
-487331400
-487328013
-487324487
-487317938
-487317938
-487317938
-487317938
-487324834
-487335395
-487317938
-487323985
-487317938
-487330107
-487335645
-487317938
-487334763
-487317938
-487317938
-487317938
-487324050
-487328023
-487317938
-487318820
-487317938
Queue is Full
-487317938
-487331248
-487317938
-487317938
-487334062
-487317938
-487318612
-487317938
-487317938
-487320511
-487325133
-487329220
-487317938
Queue is Full
-487317938
-487322052
-487317938
-487331359
-487317938
-487318776
-487329260
-487317938
-487317938
-487326578
-487317938
-487320053
-487333637
-487317938
-487336861
-487330850
Queue is Full
-487317938
-487330958
-487317938
-487321023
-487317938
-487317938
-487329051
-487317938
-487331227
-487317938
-487319785
-487329728
-487317938
-487317938
-487326229
-487329138
-487317938
-487317938
-487321177
-487317938
-487317938
-487317938
Queue is Full
-487317938
-487322571
-487317938
-487317938
-487323940
-487317938
-487331178
-487317938
-487322879
-487317938
-487317938
-487317938
Queue is Full
-487317970
-487333034
-487317938
-487317938
Queue is Full
-487331317
-487317938
-487324241
-487317938
-487330045
-487327056
-487317938
Queue is Full
-487317938
-487323960
-487317938
-487330475
-487317938
-487317938
-487317938
-487334634
-487317938
Queue is Full
-487318919
-487317938
-487326825
-487317938
-487333167
-487317938
-487321513
-487317938
-487335099
-487327310
-487336939
-487317938
-487337628
-487317938
-487317938
-487335837
-487323135
-487317938
-487336251
-487317938
-487326966
-487327500
-487317938
-487317938
-487317938
Queue is Full
-487317938
-487335485
-487335017
-487317938
-487324527
-487317938
-487326353
-487317938
-487322261
-487317938
-487334452
-487317938
-487331600
Queue is Full
-487317938
-487320010
-487317938
-487324233
-487317938
-487321166
-487317938
-487320279
-487317938
-487329309
-487317938
-487334118
-487317938
-487319068
-487321469
-487317938
-487318832
-487317938
-487317938
-487329228
-487317938
-487317938
Queue is Full
-487317938
Queue is Full
-487317938
-487322549
-487337872
-487317938
-487317938
-487334260
-487317938
-487317938
-487328132
-487332351
-487317938
-487317938
-487321006
-487317938
-487318955
-487323870
-487329257
-487317938
-487317938
-487317938
-487323593
-487317938
-487319085
-487317938
-487318595
-487317938
-487324726
-487317938
-487327424
-487317938
-487322939
-487317938
-487317938
-487319773
-487317938
-487332733
-487334755
-487317938
-487317938
-487325742
-487317938
-487317938
Queue is Full
-487322042
-487322595
-487322032
-487326703
-487317938
-487330157
-487317938
-487322476
-487333431
-487331425
-487317938
-487320449
-487317938
-487317938
-487325116
-487317938
-487329726
-487328631
-487330652
-487326493
-487324308
-487317938
-487317938
-487331536
-487317938
-487332595
-487317938
-487322020
-487317938
-487335726
-487318557
-487317938
-487317938
-487317938
-487331473
-487319463
-487317938
-487332076
-487317938
-487323243
-487317938
-487327800
-487319141
-487317938
-487317938
-487334443
-487317938
-487328942
-487317938
-487317938
-487330766
-487317938
-487319167
-487317938
-487322308
-487317938
-487329235
-487317938
-487317938
-487318730
-487317938
-487317938
-487332404
-487317938
-487326534
-487317938
-487337399
-487336480
-487317938
-487329858
-487320151
-487317938
-487332393
-487329311
-487317938
-487332149
-487322206
-487317938
-487332865
-487317938
-487330415
-487317938
-487317938
-487337141
-487317938
Queue is Full
-487326150
-487331478
-487317938
-487317938
Queue is Full
-487331401
-487317938
Queue is Full
Queue is Full
-487317938
-487336950
-487317938
-487324450
-487317938
-487337226
-487317938
-487336479
-487333797
-487322753
-487322880
-487333294
-487317938
-487317938
-487329628
-487317938
-487317938
Queue is Full
-487326548
-487331501
-487317938
Queue is Full
-487328050
-487317938
-487321565
-487317938
-487317938
-487317938
-487331585
-487317938
Queue is Full
-487317938
-487331267
-487317938
-487317938
Queue is Full
-487335818
-487317938
-487318671
-487317938
-487323614
-487317938
-487317938
-487334846
-487317938
-487328064
-487317938
-487329033
-487329976
-487317938
-487317938
-487319330
-487317938
-487317938
-487317938
-487317938
-487317938
Queue is Full
-487317938
-487321092
-487336893
-487317938
-487317938
-487325028
-487317938
-487323277
-487317938
-487317938
Queue is Full
Queue is Full
-487329616
-487317938
-487325102
-487336133
-487317938
-487317938
-487337645
-487317938
-487332331
-487317938
-487319984
-487317938
-487332911
-487317938
-487334334
-487317938
-487317938
-487336305
-487335056
-487317938
-487317938
-487317938
-487336160
-487317938
-487333625
-487330186
-487317938
-487324134
-487317938
-487317938
-487328639
-487336472
-487317938
-487317938
-487317938
-487323648
-487317938
-487317938
-487321290
-487317938
-487331060
-487317938
-487325985
-487328108
-487317938
-487317938
-487319205
-487317938
-487317938
-487317938
-487333201
-487319548
-487323576
-487317938
-487317938
-487317938
-487326403
-487317938
-487331331
-487321088
-487317938
-487325625
-487317938
-487317938
-487320863
-487334935
-487319406
-487317938
-487337382
-487317938
Queue is Full
-487317938
-487335961
-487317938
-487335127
-487317938
Queue is Full
-487320147
-487317938
-487327366
-487317938
-487317938
-487320100
-487317938
-487331430
-487317938
-487317938
-487325137
-487325302
-487317938
Queue is Full
-487327471
-487326580
-487327615
-487317938
Queue is Full
-487317938
-487334740
-487317938
-487322266
-487317938
-487332752
-487317938
-487320107
-487317938
-487332784
-487317938
-487322309
-487331508
-487317938
-487317938
-487322342
-487321612
-487333457
-487317938
-487317938
-487317938
-487317938
-487317938
-487334432
-487317938
-487318588
-487317938
-487334360
-487320801
-487317938
-487317938
-487317938
-487317938
-487326182
-487326229
-487317938
-487317938
-487325845
-487317938
-487329500
-487317938
-487336938
-487317938
-487318311
-487317938
-487332182
Queue is Full
-487330489
-487317938
Queue is Full
-487329176
Queue is Full
-487319953
-487317938
-487318397
-487322318
-487337884
-487335094
-487317938
-487320384
-487317938
-487328443
-487317938
-487324841
-487326375
-487317938
-487325546
-487317938
-487317938
-487323928
-487317938
-487318045
-487317938
-487317938
-487317938
-487333091
-487323629
-487328064
-487324206
-487317938
-487317938
-487326530
-487317938
Queue is Full
-487335931
-487317938
-487319027
-487334098
-487317938
-487329023
-487324244
-487317938
-487334051
-487317938
-487317938
-487330176
-487317938
-487319500
-487317992
-487330056
-487317938
-487330263
-487317938
-487317938
-487319355
-487317938
-487328690
-487337926
-487317938
-487317938
-487317938
-487337545
-487329144
-487317938
Queue is Full
-487317938
-487325924
-487317938
-487317938
-487332369
-487317938
-487336435
-487319914
-487317938
-487317938
Queue is Full
-487317938
-487330289
-487317938
-487317938
-487335427
-487317938
-487317938
-487335615
-487317938
-487326323
-487317938
-487328541
-487317938
Queue is Full
-487318835
-487317938
-487317938
-487335879
-487317938
-487326727
-487317938
-487317938
-487317938
-487328909
-487325839
-487317938
-487317938
-487317938
-487317938
-487333226
-487317938
-487329133
-487317938
-487326224
-487317938
-487317938
Queue is Full
-487317938
-487322724
-487317938
Queue is Full
Queue is Full
-487317938
-487325707
-487317938
-487331707
-487317938
-487335024
-487317938
-487317938
-487328595
-487332494
-487317938
-487317938
-487317938
-487324658
-487317938
-487317938
-487324221
-487317938
-487317938
-487331827
-487317938
-487317938
-487319453
-487336437
-487324352
-487326781
-487317938
-487317938
-487323937
-487317938
-487329992
-487317938
-487317938
-487317938
-487326199
-487317938
-487331255
-487317938
-487328859
-487317938
-487335663
-487317938
-487317938
Queue is Full
-487336251
-487317938
-487329798
-487317938
-487320108
-487329916
-487317938
-487317938
-487323402
-487317938
-487317938
-487334796
-487330671
-487317938
-487328637
-487317938
-487319619
-487317938
-487327812
-487317938
-487332302
-487317938
-487317938
Queue is Full
-487337386
-487317938
-487317938
-487326792
-487317938
-487317938
-487337642
-487328152
-487336112
-487322505
-487321683
-487317938
-487317938
-487335740
-487328597
-487329634
-487317938
-487337723
-487317938
-487330365
-487317938
Queue is Full
-487317938
-487327319
-487317938
-487317938
-487325922
-487317938
-487317938
-487317938
-487327043
-487317938
-487329152
-487317938
-487332133
-487317938
-487317938
-487331736
-487317938
-487324887
-487317938
-487317938
-487330244
-487326515
-487317938
-487320082
-487317938
-487329251
-487317938
-487323282
-487317938
-487317938
-487322834
-487337194
-487317938
-487320654
-487317938
-487317938
-487332627
-487317938
-487328143
-487317938
-487323103
-487317938
-487317938
-487317938
-487321169
-487336534
-487317938
-487317938
-487317938
-487327176
-487317938
-487319302
-487337033
-487317938
-487324249
-487317938
-487329121
-487317938
-487327656
-487317938
-487317938
-487317938
-487327188
-487323282
-487317938
-487322999
-487317938
-487331035
-487317938
-487317938
-487331916
-487331864
-487317938
-487317938
-487330895
-487317938
-487317938
Queue is Full
-487323986
-487317938
-487317938
-487319684
-487317938
-487318803
-487317938
-487319364
-487317938
-487323836
-487317938
-487317938
-487332431
Queue is Full
-487322394
-487318474
-487317938
-487317938
-487329938
-487319970
-487323825
-487317938
-487317938
-487317938
-487332247
-487317938
-487325668
-487317938
-487319026
-487317938
-487317938
Queue is Full
-487317938
-487335183
-487317938
-487322318
-487317938
-487334535
-487317938
-487325981
-487317938
-487317938
-487318445
-487336267
-487324940
-487329102
-487317938
-487322909
-487317938
-487335616
-487317938
-487328876
-487317938
-487317938
-487317938
-487318953
-487317938
-487317938
Queue is Full
-487317938
-487331223
-487317938
-487317938
-487327467
-487317938
-487337283
-487317938
-487317938
-487328406
-487336932
-487317938
-487320262
-487317938
-487317938
-487334568
-487327039
-487331261
-487335781
-487317938
-487322382
-487317938
-487317938
-487317938
-487325562
-487317938
-487318351
-487326478
-487317938
-487317938
-487329834
-487317938
-487317938
-487317938
-487333424
-487317938
-487321529
-487317938
-487317938
-487329085
-487317938
-487330235
-487327294
-487317938
-487334954
-487317938
-487317938
-487326344
-487334883
-487334988
-487317938
-487336664
-487317938
-487333179
-487317938
-487317938
-487327190
-487334398
-487317938
-487317938
-487325037
-487331011
-487317938
Queue is Full
-487331102
-487326294
-487324455
-487317938
-487317938
Queue is Full
-487317938
-487317938
-487332810
-487335798
-487317938
-487335317
-487317938
-487317938
-487317938
-487337181
-487336775
-487317938
-487336089
-487317938
-487317938
-487323392
-487326555
-487317938
-487317938
-487328638
-487317938
-487321190
-487317938
-487317938
-487337054
-487317938
-487323472
-487317938
-487333157
-487324988
-487317938
-487325746
-487317938
-487317938
-487334530
-487335749
-487317938
-487331030
-487317938
Queue is Full
-487331539
-487317938
-487317938
-487332861
-487317938
-487317938
-487332811
-487317938
-487322985
Queue is Full
-487317938
-487332247
-487317938
-487325076
-487317938
-487324391
-487325339
-487333856
-487317938
-487336467
-487321181
-487317938
-487317938
-487335671
-487317938
-487334194
-487330295
-487317938
-487317938
-487329092
-487324341
-487317938
-487317938
-487317938
Queue is Full
-487326819
-487317938
-487330776
-487317938
-487318573
-487317938
Queue is Full
-487324846
-487317938
-487317938
Queue is Full
-487324363
-487317938
-487317938
-487320709
-487317938
-487317938
-487317938
-487319884
-487317938
-487336664
-487317938
-487331480
-487317938
-487336725
-487333119
-487317938
-487327945
-487317938
-487327998
-487330936
-487317938
-487318393
-487326130
-487317938
Queue is Full
-487317938
-487333523
-487324388
-487317938
-487317938
-487317938
-487317938
-487329974
-487317938
-487317938
-487317938
-487335245
-487317938
-487317938
Queue is Full
-487317938
-487326064
-487317938
-487325967
-487317938
-487319757
-487328641
-487317938
-487318461
-487324469
-487317938
-487317938
-487327912
-487317938
-487317938
Queue is Full
-487332815
-487317938
-487334312
-487333026
-487317938
-487327383
-487317938
-487317938
-487317938
-487322649
-487323210
-487317938
-487317938
-487328050
-487317938
-487330975
-487317938
-487324684
-487328722
-487317938
-487317938
-487317938
-487328673
-487317938
-487317938
Queue is Full
-487317938
Queue is Full
-487317938
-487321627
-487317938
-487326904
-487331258
-487322214
-487317938
Queue is Full
-487321441
-487317938
-487327494
-487330917
-487323822
-487317938
-487317938
-487323238
-487317938
-487324998
-487317938
-487337865
-487321714
-487317938
-487323667
-487317938
-487317938
-487336741
-487317938
-487329645
-487317938
Queue is Full
-487317938
-487320907
-487317938
-487317938
-487320960
-487325358
-487317938
-487329068
-487317938
-487336888
-487320002
-487317938
-487317938
Queue is Full
-487332776
-487317938
-487320391
-487335452
-487317938
-487328649
-487317938
Queue is Full
-487327476
-487317938
-487317938
-487321187
-487329492
-487317938
-487317938
Queue is Full
-487317938
-487330451
-487317938
-487330590
-487318530
-487317938
-487317938
-487329983
-487320163
-487317938
-487327571
-487333057
-487330419
-487325505
-487332975
-487317938
-487322761
-487317938
-487323598
-487319507
-487317938
-487317938
-487337408
-487317938
-487331769
-487317938
-487334456
-487317938
-487317938
-487335337
-487317938
-487317938
-487317938
-487317938
-487317938
-487317938
-487317938
-487332979
-487331775
-487330702
-487317938
-487317976
-487317938
-487321671
-487324700
-487317938
-487335929
-487317938
-487320620
-487335357
-487317938
-487326678
-487317938
-487318006
-487317938
-487329088
-487317938
-487326891
-487317938
-487331714
-487317938
-487332923
-487317938
-487317938
-487318958
-487322622
-487317938
-487317938
-487320020
-487335994
-487317938
-487319393
-487317938
-487317938
-487317938
-487317938
-487317938
-487336155
-487317938
-487325623
-487317938
-487329964
-487317938
-487336154
-487317938
-487317938
-487325787
-487319280
-487317938
-487317938
-487317938
-487317938
-487333466
-487330202
-487317938
-487327390
-487327148
-487336866
-487317938
-487333278
-487317938
-487317938
-487317938
-487319169
-487319869
-487317938
-487330995
-487337020
-487332671
-487319681
-487317938
-487317938
-487319550
-487317938
-487328225
-487317938
-487317938
-487326061
-487317938
-487318563
-487317938
-487319062
-487333344
-487317938
-487337377
-487337381
-487317938
-487325473
-487335533
-487317938
-487317938
-487317938
-487331941
-487326479
-487317938
-487329393
-487333027
-487317938
-487317938
-487317938
-487336677
-487317938
Queue is Full
-487333001
-487317938
-487334642
-487317938
-487334895
-487317938
-487317938
-487331528
-487317938
-487317938
-487330708
-487317938
-487323220
-487331780
-487317938
-487334989
-487317938
-487329429
-487317938
-487330433
-487317938
-487317938
-487327672
-487317938
-487327005
-487317938
-487321572
-487317938
-487329258
-487335799
-487317938
-487329933
-487317938
-487331174
-487323255
-487317938
-487337442
-487317938
Queue is Full
-487317938
Queue is Full
-487336091
-487336741
-487317938
-487328461
-487321992
-487317938
-487317938
-487331912
-487317938
-487325874
-487317938
-487322702
-487317938
-487317938
-487317938
-487321100
Queue is Full
-487317938
-487319988
-487332854
-487317938
-487324254
-487317938
-487326695
-487317938
-487318346
-487317938
-487327384
-487320865
-487332710
-487317938
-487328961
-487317938
-487323873
-487317938
-487317938
-487328438
-487317938
-487328968
-487317938
-487321834
-487317938
-487317938
-487321797
-487330413
-487317938
-487317938
-487317938
-487329349
-487317938
Queue is Full
-487317938
-487336151
-487329740
-487317938
-487317938
-487329619
-487330448
-487317938
-487330326
-487317938
-487319408
Queue is Full
-487317938
Queue is Full
-487317938
-487332942
-487317938
-487317938
-487317938
-487325473
-487337625
-487317938
-487328027
-487317938
-487317938
-487320202
-487317938
-487324634
-487322104
-487335471
-487317938
-487335510
-487317938
-487317938
-487326911
-487317938
-487317938
-487332586
-487322634
-487325532
-487317938
-487319999
-487317938
-487317938
-487317938
-487317938
-487319562
-487317938
-487331395
-487333758
-487317938
-487317938
-487323208
-487317938
-487325410
-487317938
-487327358
-487317938
-487330437
-487317938
Queue is Full
-487317938
-487326581
-487317938
-487329613
-487317938
-487325956
-487317938
-487332171
-487317938
-487322946
-487317938
-487337713
-487317938
-487320750
-487325701
-487317938
Queue is Full
-487336343
-487317938
-487324306
-487317938
-487317938
-487317938
-487336980
-487317938
-487327937
-487329325
-487317938
-487325451
-487317938
-487334516
-487317938
-487320073
-487328032
-487317938
-487317938
-487337763
-487317938
-487335855
-487317938
-487317938
-487330843
-487317938
-487329536
-487317938
-487324870
-487318650
-487317938
-487329329
-487322014
-487317938
-487325077
-487322216
-487317938
-487334950
-487317938
-487317938
-487317938
-487335448
-487317938
-487332913
-487317938
-487317938
Queue is Full
-487336316
-487317938
-487319255
-487321246
-487326899
-487335624
-487331691
-487317938
-487336884
-487317938
-487317938
-487317938
-487317938
-487322882
-487317938
-487317938
-487325451
-487337191
-487317938
-487317938
-487331468
-487317938
-487319482
-487330805
-487335359
-487317938
-487317938
-487329853
-487317938
-487317938
-487329868
-487317938
-487332423
-487317938
-487334559
-487317938
-487317938
-487336159
-487317938
-487323446
-487317938
-487327009
-487317938
-487317938
-487324141
-487324123
-487317938
-487317938
-487324765
-487317938
-487329913
-487317938
-487322946
-487317938
-487322213
-487321589
-487327655
-487317938
-487333647
-487324515
-487335117
-487317938
-487317938
-487333101
-487317938
-487325029
-487317938
-487335052
Queue is Full
-487325736
-487317938
Queue is Full
-487317938
-487323527
-487319941
-487334847
-487320067
-487317938
Queue is Full
-487317938
-487331623
-487317938
-487331199
-487328496
-487317938
Queue is Full
Queue is Full
-487322304
-487317938
-487317938
-487335994
-487329723
-487317938
-487331071
-487317938
-487317938
-487322033
-487317938
-487317938
-487326052
-487317938
-487331796
-487317938
-487317938
-487321313
-487317938
-487336993
-487334586
-487317938
-487317938
-487317938
Queue is Full
-487323371
-487336760
-487333585
-487317938
-487332696
-487335071
-487317938
-487317938
-487327451
-487317938
-487332383
-487327162
-487317938
-487317938
Queue is Full
-487317938
-487336256
-487317938
-487331831
-487317938
-487317938
-487328481
-487317938
-487326720
-487317938
-487317938
-487324191
-487323531
-487317938
-487329813
-487317938
-487322347
-487335863
-487317938
-487320836
-487317938
-487317938
-487318423
-487337779
-487317938
-487317938
-487331860
-487317938
-487322390
-487323500
-487317938
-487318259
-487317938
-487317938
-487317938
-487317938
-487319343
-487330097
-487317938
-487317938
Queue is Full
-487317938
-487319433
-487318182
-487317938
Queue is Full
-487318835
-487317938
-487323302
-487326510
-487330445
-487337019
-487317938
-487334419
-487317938
-487317938
Queue is Full
-487317938
-487320018
-487319161
-487317938
-487317938
Queue is Full
-487317938
-487333003
-487330705
-487317938
-487317938
-487317938
-487329931
-487317938
-487325984
-487317938
-487317938
-487323710
-487317938
Queue is Full
-487317938
Queue is Full
-487317938
-487317938
-487317938
-487323418
-487317938
-487317938
-487320120
-487317938
-487319465
-487333938
-487317938
-487317938
-487331908
-487324713
-487319761
-487317938
-487317938
-487335294
-487317938
-487317938
-487323726
-487317938
-487317938
-487332012
-487317938
-487337437
-487317938
-487330072
-487317938
-487322812
-487317938
-487317938
-487332489
-487318452
-487334183
-487317938
-487322302
-487330300
-487319729
-487317938
-487329783
-487328304
-487317938
-487317938
-487329631
-487317938
-487317938
Queue is Full
-487326825
-487317938
-487331525
-487319649
-487317938
-487320512
-487317938
-487317938
-487323107
-487330740
-487318590
-487337654
-487317938
-487335634
-487317938
-487329667
-487337510
-487317938
-487317938
-487323031
-487331113
-487317938
-487317938
-487322033
-487323276
-487317938
Queue is Full
-487317938
-487333644
-487327296
-487317938
-487333628
-487317938
-487332576
-487317938
-487317938
Queue is Full
Queue is Full
Queue is Full
-487321789
-487317938
-487321715
-487317938
-487317938
-487332485
-487317938
-487327902
-487321971
-487317938
-487332916
-487317938
-487317938
-487322525
-487325934
-487317938
-487317938
-487317938
-487327318
-487317938
-487317938
-487331651
-487317938
-487337332
-487317938
-487317938
Queue is Full
-487317938
-487337847
-487319544
-487317938
-487317938
-487317938
Queue is Full
-487318101
-487317938
-487317938
Queue is Full
-487317938
-487337913
-487317938
-487317938
-487327002
-487317938
-487317938
-487329787
-487317938
-487323760
-487317938
-487324790
-487317938
-487317938
-487317938
-487317938
-487317938
-487322445
-487336657
-487317938
-487317938
-487321443
-487330319
-487317938
-487317938
-487332978
-487317938
-487321365
-487317938
-487317938
-487318830
-487317938
-487317938
-487327751
-487317938
-487326589
-487323031
-487317938
-487325531
-487318284
-487317938
-487317938
-487317938
-487330456
-487317938
Queue is Full
-487337461
-487317938
-487317938
-487317938
-487321760
-487321117
-487317938
-487330904
-487317938
-487317938
-487317938
-487330406
-487318115
-487331047
-487317938
-487317938
-487330228
-487317938
-487317938
-487319152
Queue is Full
-487333667
-487317938
-487317938
-487317938
-487334940
-487317938
-487317938
-487333203
-487317938
-487317938
-487335335
-487323146
-487333707
-487317938
-487330254
-487317938
-487321241
-487318213
-487317938
-487317938
-487317938
Queue is Full
-487318732
-487317938
-487324327
-487317938
-487331069
-487317938
-487324632
-487334608
-487317938
-487317938
-487328514
-487317938
-487317938
-487317938
-487317938
-487325689
-487317938
-487334978
-487317938
-487334058
-487317938
-487322982
-487317938
-487324576
-487317938
-487318820
-487322765
-487317938
-487328996
-487321041
-487334897
-487317938
-487327045
-487317938
-487317938
-487324045
-487318745
-487317938
-487329846
-487317938
-487317938
Queue is Full
-487333569
-487317938
-487317938
-487317938
-487319532
-487324429
-487336083
-487317938
-487317938
-487317938
-487331238
-487319564
-487328203
-487317938
-487317938
-487317938
-487320105
-487317938
-487327661
-487317938
-487332782
-487334014
-487317938
-487317938
-487318476
-487317938
-487317938
-487320725
-487317938
-487317938
-487337303
-487331435
-487317938
-487317938
-487321266
-487328347
-487317938
-487319340
-487317938
-487317938
-487326235
-487317938
-487330530
-487317938
-487317938
-487317938
Queue is Full
-487327947
-487317938
-487330391
-487317938
-487317938
-487335586
-487317938
-487317938
-487317938
-487319246
-487317938
-487337511
-487325589
-487317938
-487325796
-487322197
-487317938
-487333231
-487335011
-487333613
-487322745
-487317938
-487324890
-487336110
-487317938
-487326005
-487317938
Queue is Full
-487317938
Queue is Full
Queue is Full
-487335035
-487317938
-487317938
-487332503
-487317938
-487317938
-487321323
-487317938
-487332640
-487330621
-487317938
-487317938
-487330051
-487317938
-487325862
-487317938
-487317938
-487317938
-487317938
Queue is Full
-487317938
-487323041
-487317938
Queue is Full
-487317938
-487328195
-487326448
-487317938
-487320325
-487317938
-487317938
-487317938
-487317938
-487317938
-487317938
-487334185
-487317938
-487319066
-487317938
-487323104
-487317938
-487317938
-487319492
-487317938
-487317938
Queue is Full
-487317938
-487323489
-487317938
-487317938
-487325459
-487322605
-487321520
Queue is Full
-487317938
-487318721
Queue is Full
-487335469
-487326414
-487317938
-487317938
-487318264
-487321304
-487317938
Queue is Full
-487317938
-487317938
Queue is Full
-487326855
-487317938
-487326648
-487317938
-487333582
-487317938
-487317938
-487324700
-487317938
-487317938
-487317938
-487331570
-487317938
-487335512
-487317938
Queue is Full
Queue is Full
-487318022
-487336674
-487317938
-487317938
-487334700
-487330808
-487317938
-487336159
-487332552
-487317938
-487317938
-487319874
-487317938
-487320026
-487335853
-487317938
-487328894
-487318701
-487317938
-487323689
-487331274
-487317938
-487317938
-487329060
-487317938
-487337429
-487317938
-487325666
-487337016
-487317938
-487317938
Queue is Full
-487325577
-487331523
-487328994
-487317938
-487317938
-487317938
-487321375
-487317938
-487317938
-487337904
-487317938
-487317938
-487328163
-487317938
-487326425
-487317938
-487318907
-487317938
Queue is Full
-487319253
-487317938
-487317938
-487317938
-487326666
-487317938
-487317938
-487328186
-487317938
-487317938
-487331320
-487317938
-487324202
-487317938
-487317938
-487317938
-487331534
-487317938
-487325531
-487317938
-487317938
-487335628
-487317938
-487317938
-487324854
-487317938
-487317938
-487317938
-487319793
-487317938
-487330122
-487318107
-487333393
-487317938
-487319117
-487317938
-487331994
-487317938
-487317938
-487317938
-487317938
-487335676
-487317938
-487329655
-487317938
-487317938
-487327150
-487317938
-487331240
-487317938
-487334917
-487317938
-487317938
-487325587
-487317938
-487317938
-487327050
-487317938
-487317938
-487331916
-487317938
-487321476
-487335840
-487317938
-487317938
-487326170
-487317938
-487331051
-487317938
-487317938
-487333553
-487317938
-487327507
-487317938
-487317938
-487332049
-487317938
-487328932
-487333388
-487317938
-487317938
-487321888
-487317938
-487327882
-487317938
-487317938
-487317938
-487317938
-487326494
-487317938
-487317938
-487327196
-487317938
-487321211
-487317938
-487337511
-487317938
-487321334
-487317938
-487322624
-487317938
-487325707
-487336497
-487327722
-487317938
-487333091
-487324763
-487317938
-487321918
-487317938
-487328357
-487317938
-487337557
-487336099
-487317938
-487319322
-487317938
-487324249
-487317938
-487318525
-487330219
-487336024
-487328046
-487332172
-487317938
-487319658
-487317938
-487317938
-487323768
-487333824
-487317938
-487334113
-487330058
-487317938
-487317938
-487317938
-487329654
-487336555
-487329672
-487329987
-487317938
-487317938
-487322461
-487317938
-487327957
-487330473
-487317938
-487317938
-487326292
-487317938
-487317938
-487329798
-487317938
-487326173
-487317938
-487317938
-487326597
-487317938
-487330271
-487317938
-487321973
-487317938
-487317938
-487335633
-487317938
-487336451
-487331571
-487317938
-487317938
-487330789
-487331467
-487323214
-487317938
-487317938
-487329445
-487317938
-487329082
-487327369
-487317938
-487333377
-487324505
-487323186
-487317938
-487329874
-487317938
-487317938
-487317938
-487331114
-487317938
-487321684
-487318467
-487317938
-487326457
-487317938
-487325882
-487317938
-487317938
-487335690
-487317938
-487317938
-487322886
-487335546
-487317938
-487317938
-487322175
-487317938
Queue is Full
-487337691
-487317938
Queue is Full
-487334310
-487317938
-487320841
-487317938
-487336822
-487317938
-487317938
-487325749
-487317938
-487321661
-487317938
-487317938
-487335767
-487317938
-487317938
-487324361
-487329169
-487330356
-487323834
-487317938
-487317938
-487317938
-487317938
Queue is Full
-487317938
-487329494
-487328170
-487322811
-487334813
-487317938
-487337485
-487317938
-487336595
-487317938
-487335699
-487320750
-487317938
-487323902
-487317938
-487317938
-487335915
-487317938
-487328460
-487317938
-487336428
-487317938
-487317938
-487330214
-487317938
-487317938
-487328532
-487317938
-487320038
-487317938
-487329935
-487317938
-487325218
-487317938
-487317938
-487324301
-487317938
-487327073
-487322337
-487317938
-487322041
-487317938
-487317938
-487320599
-487317938
-487317938
-487318013
-487324928
-487322044
-487318009
-487317938
-487317938
-487335438
-487333839
-487335624
-487328554
-487317938
-487333200
-487317938
-487334056
-487319434
-487317938
-487319064
-487317938
-487317938
-487336409
-487317938
-487333814
-487317938
-487321450
-487336257
-487317938
-487317938
-487317938
Queue is Full
-487317938
-487332867
-487327437
-487321825
-487317938
-487325208
-487317938
-487317986
-487317938
Queue is Full
-487324576
-487317938
-487330076
-487317938
-487317938
-487319225
-487317938
-487317938
-487319947
-487318191
-487317938
-487331906
-487318626
-487330186
-487317938
-487317938
-487329112
-487317938
-487317938
-487317938
-487332795
-487319499
-487320429
-487317938
-487326758
-487324764
-487317938
-487317938
-487326967
-487317938
-487317938
-487318487
-487317938
-487322529
-487317938
-487332999
-487331431
-487317938
-487326104
-487317938
-487327090
-487324787
-487317938
-487317938
-487333951
-487318387
-487317938
-487330342
-487317938
-487317938
-487332256
-487317938
-487331638
-487326870
-487317938
Queue is Full
-487317938
-487322072
-487317938
-487334476
-487320920
-487317938
-487330424
-487333178
-487317938
-487330071
-487317938
Queue is Full
-487337156
-487326263
-487323454
-487317938
-487317938
-487318991
-487317938
-487319310
-487317938
-487324944
-487317938
-487323632
-487317938
-487328550
-487317938
-487321455
-487317938
Queue is Full
-487317938
-487328295
-487317938
-487317938
-487322928
-487317938
-487331529
-487317938
-487321877
-487332723
-487317938
-487318112
-487317938
-487317938
-487328749
-487328915
-487317938
-487321374
-487330180
-487317938
-487322230
-487317938
-487317938
-487320167
-487326369
-487317938
-487317938
-487331582
Queue is Full
-487317938
Queue is Full
-487319629
-487317996
-487317938
-487328332
-487317938
-487333655
-487317938
-487334079
-487317938
Queue is Full
-487317938
-487321259
-487317938
-487331934
-487317938
-487337517
-487317938
-487319659
-487317938
-487333215
-487317938
-487320259
-487317938
-487330437
-487317938
-487335550
-487326585
-487317938
-487317938
-487328076
-487317938
-487317938
-487318720
-487317938
-487318089
-487317938
Queue is Full
-487317938
-487334861
-487321626
-487317938
-487332000
-487325778
-487317938
-487318535
-487317938
Queue is Full
-487321328
-487331525
-487317938
-487322617
-487317938
-487333154
-487317938
-487317938
-487319333
-487317938
-487317938
-487319270
-487330096
-487317938
-487317938
-487321902
-487317938
-487317938
-487331468
-487317938
Queue is Full
-487317938
Queue is Full
-487317938
Queue is Full
-487317938
-487332558
-487317938
-487317938
Queue is Full
-487329002
-487317938
-487333311
-487317938
-487323402
-487335838
-487317938
-487336855
-487317938
-487317938
-487325981
-487317938
-487331306
-487329355
-487323800
-487328017
-487333990
-487317938
-487317938
-487325923
-487317938
-487333700
-487333820
-487317938
-487331448
-487317938
-487317938
-487322587
-487317938
-487328571
-487317938
-487317938
-487320471
-487319395
-487317938
-487317938
-487317938
-487317950
-487317938
-487317938
-487319405
-487317938
-487317938
-487322244
-487332121
-487317938
-487317938
-487317938
-487321178
-487318345
-487329915
Queue is Full
-487328336
-487317938
Queue is Full
-487336958
-487323092
-487317938
-487324550
-487324103
-487317938
-487317938
-487317938
-487317938
-487327067
-487317938
-487326668
-487317938
-487328084
-487317938
-487329762
-487317938
-487317938
-487334050
-487317938
-487330619
-487317938
-487317938
-487332429
-487317938
-487335020
-487317938
-487325670
-487317938
-487322213
-487323213
-487317938
-487318340
-487317938
-487330868
-487317938
-487317938
-487317938
-487329651
-487317938
-487317938
-487335184
-487317938
-487317938
-487332810
-487317938
-487317938
-487329828
-487318395
-487317938
-487317938
-487323274
-487317938
-487327447
-487317938
-487317938
-487335582
-487321850
-487317938
-487317938
-487334945
-487333261
-487322143
-487317938
-487319852
-487320019
-487317938
-487317938
-487321192
-487321655
-487317938
Queue is Full
-487317938
-487317938
-487326339
-487317938
-487317938
Queue is Full
-487317938
Queue is Full
-487317938
-487331911
-487317938
-487317938
-487320988
-487317938
-487324337
-487317938
-487317938
-487326424
-487317938
-487317938
-487333610
-487317938
-487317938
-487334906
-487317938
-487317938
-487324132
-487327387
-487317938
-487317938
-487336205
-487325880
-487317938
-487317938
-487317938
-487317938
Queue is Full
-487317938
-487336713
-487317938
-487330459
-487317938
-487337172
-487317938
-487334021
-487322272
-487317938
-487334759
-487317938
-487317938
-487334897
-487317938
-487332692
-487317938
-487326132
-487317938
-487333625
-487330479
-487317938
-487321616
-487332724
-487317938
-487333360
-487317938
-487317938
-487317938
-487318001
-487318170
-487317938
-487337649
-487334762
-487321580
-487317938
-487317938
-487333073
-487317938
-487317938
-487332309
Queue is Full
Queue is Full
-487332895
-487317938
-487318336
-487317938
-487328303
-487317938
-487337401
-487317938
-487317938
-487333977
-487317938
-487317938
-487319046
-487318287
-487317938
-487317938
-487324707
-487334511
-487325482
-487317938
-487333169
-487317938
-487317938
Queue is Full
-487317938
-487324364
-487320386
-487330197
-487323955
-487317938
-487334947
-487317938
-487332125
-487317938
-487317938
-487317938
-487331796
-487317938
-487320562
-487317938
-487317938
-487335033
-487317938
Queue is Full
-487317938
-487335026
-487317938
-487322328
-487317938
-487317938
-487317938
-487328202
-487330321
-487337176
-487317938
-487317938
-487319567
-487317938
-487317938
-487325987
-487317938
-487327360
-487317938
Queue is Full
-487324829
-487317938
-487317938
-487334939
-487317938
-487322586
-487321139
-487317938
-487337442
-487317938
-487317938
-487317938
-487331428
-487333015
-487317938
-487317938
-487317938
-487324210
-487317938
-487317938
-487317938
-487330792
-487317938
-487336565
-487317938
-487320360
-487317938
-487333366
-487317938
-487319928
-487317938
-487317938
-487332160
-487317938
-487317938
-487325051
-487317938
-487317938
-487321500
-487323872
-487317938
-487334057
-487326183
-487317938
-487336837
-487317938
-487337351
-487317938
-487335732
-487333683
-487317938
-487317938
-487322907
-487329990
-487326054
-487317938
-487333655
-487329098
-487317938
-487319410
-487336035
-487317938
Queue is Full
-487333616
-487317938
-487317938
-487333854
-487317938
-487317938
-487337186
-487319260
-487317938
-487317938
-487317938
-487317938
-487322590
-487317938
Queue is Full
-487333183
-487317938
Queue is Full
-487317938
-487335274
-487317938
-487317938
-487324228
-487323646
-487317938
-487332940
-487317938
-487336745
-487326101
-487329058
-487317938
-487327190
-487336264
-487317938
-487317938
-487317938
-487321903
-487317938
-487324593
-487331010
-487317938
-487317938
-487329721
-487317938
-487335587
-487328758
-487317938
-487317938
Queue is Full
-487331080
-487317938
-487321695
-487317938
-487332226
-487317938
-487335645
-487317938
-487319524
-487331630
-487317938
-487317938
-487319183
-487317938
-487319752
-487322510
-487317938
-487323583
-487317938
-487317938
-487334572
-487317938
-487326055
-487324477
-487317938
-487319293
-487329707
-487317938
-487328309
-487331722
-487333005
-487317938
Queue is Full
-487317938
-487327489
-487317938
-487336047
-487330289
-487317938
-487317938
-487335978
-487333855
-487317938
Queue is Full
-487327335
-487327708
-487317938
-487333537
-487337668
-487317938
-487319217
-487317938
Queue is Full
-487321692
-487317938
-487330104
-487328690
-487328307
-487337714
-487317938
-487323226
-487334771
-487321585
-487317938
-487317938
-487317938
-487317938
-487323733
-487317938
-487317938
-487324921
-487317938
Queue is Full
-487320939
-487333452
-487317938
-487322507
-487317938
-487325064
-487317938
-487322138
-487334663
-487331199
-487317938
-487317938
-487325415
Queue is Full
-487330247
-487317938
-487331978
-487317938
-487317938
-487317938
-487332759
-487322736
-487317938
-487331389
-487334160
-487317938
-487317938
-487335196
-487317938
-487322193
-487317938
-487317938
-487324100
-487317938
Queue is Full
-487317938
-487334316
-487317938
-487317938
Queue is Full
-487317938
Queue is Full
-487335170
-487333792
-487317938
-487319639
-487317938
-487337352
-487317938
-487317938
-487319603
-487319176
-487319834
-487317938
-487317938
-487317938
-487325214
-487331083
-487329829
-487317938
-487317938
-487317938
-487318476
-487330324
-487317938
-487317938
-487329797
-487317938
-487328994
-487332102
-487317938
-487321628
-487332905
-487333273
-487317938
-487335380
-487317938
-487331567
-487337739
-487317938
-487317938
-487326390
-487318635
-487336590
-487317938
-487317938
-487330898
-487317938
-487319643
-487332558
-487317938
-487325181
-487317938
-487333838
-487317938
-487332829
-487332312
-487317938
-487317938
-487321723
-487323778
-487317938
-487317938
-487329402
-487326539
-487317938
-487332261
-487317938
-487325770
-487317938
-487329665
Queue is Full
-487319917
-487330897
-487317938
-487317938
-487327171
-487317938
-487337511
-487337362
-487317938
-487317938
-487317938
-487325807
Queue is Full
-487327924
-487317938
-487332031
-487317938
-487320326
-487320429
-487336025
-487317938
-487336930
-487317938
-487331602
-487318137
-487317938
-487317938
-487336934
-487317938
-487328123
-487317938
-487317938
-487317938
-487317938
Queue is Full
-487317938
-487320737
-487317938
-487326806
-487317938
-487326222
-487317938
-487317938
-487317938
-487325279
-487330021
-487317938
-487317938
-487319029
-487317938
-487321204
-487317938
-487320330
-487317938
-487317938
-487319461
-487317938
-487322986
-487332264
-487325962
-487317938
-487317938
-487318027
-487317938
-487319893
-487317938
Queue is Full
-487322185
-487317938
-487317938
-487325060
-487317938
-487317938
-487337733
-487317938
-487324163
-487317938
-487331024
-487317938
-487332843
-487317938
-487337372
-487319475
-487317938
-487317938
-487317938
-487336499
-487317938
-487324649
-487317938
-487324679
-487317938
-487317938
-487326597
-487317938
-487317938
-487317938
-487335700
-487324589
-487317938
-487325080
-487333795
-487317938
-487318134
-487337327
-487317938
-487317938
-487325956
-487317938
-487328143
-487317938
-487317938
-487317938
-487333014
-487322076
-487333451
-487317938
-487317938
-487331860
-487317938
-487323230
-487317938
-487317938
-487326387
-487317938
-487337886
-487317938
-487324371
-487317938
-487317938
-487331209
-487317938
-487332940
-487317938
-487330519
-487317938
-487317938
Queue is Full
-487332230
-487322724
-487317938
-487317938
Queue is Full
-487317938
-487337841
-487337728
-487317938
-487317938
-487321272
-487317938
-487317938
-487334642
-487317938
Queue is Full
-487319862
-487317938
-487317938
-487320277
-487317938
-487317938
-487333366
-487317938
-487317938
-487321255
-487317938
-487317938
-487333213
-487317938
-487337777
-487317938
-487327357
-487317938
-487326178
-487317938
-487321331
-487317938
-487332274
-487317938
-487329738
-487317938
-487317938
-487320156
-487317938
-487323475
-487317938
-487326128
-487323706
-487337222
-487317938
-487317938
-487317938
-487318345
-487317938
-487333583
-487318557
-487317938
-487319418
-487322869
-487320237
-487317938
-487326109
-487317938
-487330797
-487321879
-487317938
-487320317
-487317938
-487329955
-487333386
-487317938
-487317938
-487332974
-487317938
-487319751
-487317938
-487317938
-487317938
-487335371
-487317938
-487321249
-487317938
-487330185
-487320063
-487331153
-487317938
-487335066
-487327578
-487317938
-487317938
-487317938
-487317938
-487317938
-487327641
-487317938
-487318915
-487317938
-487330471
-487317938
-487321358
-487317938
-487334601
-487331237
-487317938
-487317938
-487318629
-487337599
-487326680
-487330090
-487317938
-487317938
-487320034
-487317938
-487321787
-487323624
-487321181
-487317938
-487325365
-487317938
-487337668
-487332116
-487317938
-487317938
-487333622
-487317938
-487317944
-487317938
-487321051
-487336897
-487335518
-487317938
Queue is Full
-487327560
-487317938
-487321190
-487317938
-487337240
-487317938
-487318758
-487317938
-487323771
-487322228
-487328726
-487317938
-487317938
-487329395
-487317938
-487337740
-487317938
-487317938
Queue is Full
-487318021
-487317938
-487323576
-487317938
-487331823
-487317938
-487317938
-487337802
-487335418
-487336650
-487317938
-487337298
-487317938
-487333612
-487318011
-487317938
-487323373
-487317938
-487325212
-487321516
-487317938
Queue is Full
-487326401
-487334234
-487317938
-487335480
-487317938
-487317938
-487319759
-487317938
-487317938
-487332597
-487324131
-487317938
-487317938
-487333787
-487317938
-487322976
-487317938
-487325115
-487317938
-487320912
-487317938
-487317938
-487329786
-487319684
-487328085
-487317938
-487333429
-487321465
-487317938
-487322113
-487317938
-487317938
-487336098
-487324319
-487317938
-487317938
-487319316
-487317938
-487317938
-487319054
-487323358
-487335247
-487317938
-487317938
-487317938
-487320016
-487317938
-487325850
-487317938
-487317938
-487328258
-487317938
-487317938
-487334500
-487317938
-487321033
-487331200
-487317938
-487335979
-487317938
-487337804
-487336055
-487335290
-487317938
-487317938
-487317938
-487319025
-487317938
-487324559
-487317938
-487317938
-487317938
-487319091
-487330733
-487317938
-487317938
-487332222
-487336772
-487317938
-487324540
-487317938
Queue is Full
-487317938
-487329173
-487317938
-487325954
-487317938
-487320841
-487324592
-487333478
-487317938
-487321311
-487317938
-487318371
-487317938
-487317938
-487337105
-487317938
-487327177
-487317938
-487317938
-487327677
-487317938
-487321651
-487337499
-487317938
-487335482
-487333856
-487335765
-487317938
-487318999
-487320066
-487317938
-487334628
-487317938
-487317938
-487320801
-487319052
-487332883
-487317938
-487329650
-487317938
-487321452
-487326711
-487317938
-487327402
-487317938
-487317938
-487331887
-487335582
-487317938
-487335907
-487317938
-487319890
-487317938
-487324329
-487323270
-487317938
-487326324
-487319487
-487321924
-487317938
-487317938
-487317938
-487323770
-487331550
-487317938
-487317938
-487332263
-487317938
-487329399
-487319934
-487317938
-487317938
-487337924
-487317938
-487328844
-487331427
-487317938
Queue is Full
-487318287
-487331956
-487318388
-487325600
-487317938
-487319955
-487326624
-487317938
-487326538
-487317938
-487336394
-487317938
-487317938
-487332231
-487317938
-487317938
-487325063
-487317938
-487333923
-487317938
-487317938
-487322515
-487317938
-487336381
-487336949
-487317938
-487319227
-487317938
-487318133
-487317938
-487317938
Queue is Full
-487336364
-487317938
-487324235
-487317938
-487323224
-487329219
-487317938
-487317938
-487317938
-487321339
-487317938
-487337441
-487317938
-487317938
-487319759
-487317938
-487321027
-487327344
-487317938
-487328029
-487317938
-487317938
-487336682
-487317938
-487336353
-487331526
-487317938
-487317938
-487323013
-487317938
Queue is Full
-487329779
-487317938
-487329846
-487317938
-487317938
-487325714
-487317938
-487325390
-487319601
-487317938
-487327637
-487317938
-487317938
-487334475
-487317938
-487317938
-487317938
-487323456
-487317938
-487325133
-487333168
-487317938
-487332822
-487317938
-487320235
-487317938
-487317938
-487323588
-487317938
-487327185
-487317938
-487336824
-487317938
-487317938
-487331747
-487317938
-487330118
-487333349
-487317938
-487317938
-487332188
-487317938
-487326158
-487322146
-487325732
-487317938
-487324682
-487324800
-487317938
-487317938
-487335070
-487317938
-487317938
-487318370
-487317938
-487321472
-487317938
-487317938
-487319040
-487317938
-487335948
-487327814
-487317938
-487337331
-487317938
-487325010
-487317938
-487329090
-487320983
-487333623
-487317938
-487330545
-487317938
-487335776
-487317938
-487327732
-487317938
-487327381
-487331815
-487318345
-487322343
-487317938
-487336377
-487317938
-487325519
-487317938
-487317938
-487328386
Queue is Full
-487329554
-487317938
-487322287
-487317938
-487327828
-487317938
-487322965
-487321791
-487317938
-487318151
-487335916
-487324399
-487317938
-487326096
-487317938
-487317938
Queue is Full
-487317938
Queue is Full
-487327835
-487317938
-487318051
-487317938
-487317938
-487329457
-487317938
-487317938
-487331902
-487317938
-487317938
-487319116
-487317938
-487322578
Queue is Full
-487317938
-487319233
-487317938
-487325942
-487317938
-487333209
-487317938
-487331126
-487317938
-487335735
-487317938
-487322039
-487334365
-487337553
-487317938
-487317938
-487334743
-487337019
-487317938
-487317938
-487326843
-487317938
-487323656
Queue is Full
-487317938
-487321778
-487317938
-487317938
-487320717
-487317938
-487317938
-487317938
-487324639
-487317938
-487332404
-487317938
-487317938
-487324254
-487317938
-487332515
-487317938
-487317938
-487332636
-487317938
-487317938
-487331964
-487317938
-487328789
-487317938
-487323370
-487317938
-487330887
-487326752
-487317938
-487317938
-487317938
-487334945
-487317938
-487320605
-487335869
-487317938
-487323122
-487317938
-487326498
-487317938
-487317938
-487317938
-487329608
-487317938
Queue is Full
-487317938
-487321242
-487317938
-487325522
-487317938
-487335655
-487334343
-487317938
-487335474
-487317938
-487330899
-487334401
-487317938
-487317938
-487322456
-487319951
-487334109
-487328381
-487328077
-487327489
-487317938
-487317938
-487335493
-487323297
-487317938
-487322343
-487317938
-487317938
-487317938
Queue is Full
-487329125
-487330646
-487317938
-487329972
-487317938
-487327539
-487317938
-487331558
-487317938
-487317938
-487317938
-487317938
-487318857
-487317938
-487332980
-487317938
-487317938
-487323847
-487317938
-487337354
-487323426
-487327860
-487317938
-487317938
-487329696
-487317938
-487317938
-487317938
-487319680
-487317938
-487317938
Queue is Full
-487317938
-487318262
-487317938
-487323244
-487317938
-487324330
-487317938
-487328650
-487317938
-487317938
-487319405
-487317938
-487317938
-487324690
-487317938
Queue is Full
-487317938
-487325061
-487317938
-487319951
-487317938
-487317938
-487332784
-487317938
-487322913
-487317938
-487337529
-487317938
-487335732
-487320905
-487317938
-487317938
-487320938
-487317938
-487321315
-487317938
-487337003
-487317938
-487317938
-487317938
-487337149
-487317938
-487334160
-487317938
-487317938
-487317938
-487329338
-487335296
-487317938
-487321484
-487324117
-487317938
-487317938
-487331094
Queue is Full
-487337290
-487328478
-487317938
Queue is Full
-487317938
-487317938
Queue is Full
-487317938
-487323608
-487317938
-487328405
-487327597
-487322835
-487317938
-487317938
Queue is Full
-487335282
-487317938
-487334330
-487322107
-487323505
-487327692
-487317938
-487317938
-487336867
-487317938
-487317938
-487319446
-487317938
-487318920
-487332422
-487317938
-487317938
-487322966
-487317938
-487317938
-487317938
-487333146
-487337451
-487317938
Queue is Full
-487317938
-487319251
-487317938
-487326462
-487317938
-487317938
-487328835
-487317938
-487320119
-487317938
-487333947
-487333001
-487329832
-487317938
-487324724
-487317938
-487321641
-487317938
-487329622
-487317938
-487335462
Queue is Full
-487329208
-487317938
-487321815
-487317938
-487317938
-487324102
-487317938
-487317938
-487317938
-487335977
-487334808
-487317938
Queue is Full
-487327483
-487317938
-487333145
-487317938
-487326713
-487317938
-487317938
-487320319
-487317938
-487334502
-487317938
-487317938
-487333665
Queue is Full
-487317938
-487319678
-487336297
-487317938
-487320718
-487321431
-487317938
-487324342
-487317938
-487323996
-487335191
-487335666
-487317938
-487317938
-487337372
-487317938
-487317938
-487317938
Queue is Full
-487317938
-487327011
Queue is Full
-487334141
-487328456
-487317938
-487317938
-487319125
-487322247
-487317938
-487322069
-487317938
-487326945
-487317938
-487325098
-487317938
-487317938
-487320004
-487317938
-487326926
-487322676
-487317938
-487335897
-487317938
-487332803
-487332261
-487327157
-487317938
-487317938
-487332246
-487335159
-487317938
-487336443
-487317938
-487317938
Queue is Full
-487334595
-487326059
-487317938
-487317938
-487334405
-487324939
-487317938
-487317938
-487322181
-487317938
-487330332
-487319951
-487319213
-487317938
-487317938
-487317938
-487324217
-487317938
-487329172
-487317938
-487333739
-487333088
-487317938
-487317938
-487317938
-487317938
-487329354
Queue is Full
-487321697
-487318802
-487319685
-487317938
-487317938
-487328943
-487327569
-487317938
-487323332
-487329757
-487317938
-487329369
-487317938
-487317938
-487335950
Queue is Full
-487330412
-487322626
-487317938
-487337404
-487317938
-487317938
-487320948
-487317938
-487319262
-487317938
-487318597
-487317938
-487317938
-487331366
-487322217
-487317938
-487317938
-487333470
-487326276
-487321003
-487317938
-487317938
-487320256
-487317938
-487317938
-487319955
-487317938
-487317938
-487333308
-487317938
-487329701
-487317938
-487321366
-487317938
-487317938
-487319789
-487317938
-487317938
-487328880
-487333071
-487330957
-487331282
-487317938
-487317938
-487317938
-487320421
-487317938
-487317938
-487324740
-487317938
-487337920
-487318925
-487327103
-487317938
-487317938
-487337170
-487317938
-487326476
-487317938
-487321238
-487335612
-487336728
-487325685
-487317938
-487317938
-487317938
-487317938
-487323001
-487317938
Queue is Full
-487317938
-487323386
-487317938
-487331050
Queue is Full
-487317938
Queue is Full
Queue is Full
-487317938
-487325403
-487317938
-487333236
-487317938
-487330590
-487317938
-487317938
-487331341
-487317938
-487325748
-487317938
-487317938
-487335258
-487317938
-487320052
-487317938
-487317938
-487319494
-487317938
-487317938
-487326621
-487317938
-487336643
-487321433
-487332413
-487325058
-487317938
-487329181
-487337706
-487317938
-487335768
-487325365
-487326440
-487317938
-487317938
Queue is Full
-487317938
-487324692
-487317938
-487319168
-487317938
-487318094
-487317938
-487317938
-487337796
-487317938
-487317938
Queue is Full
-487317938
Queue is Full
-487318981
-487317938
-487335512
Queue is Full
-487317938
-487327867
-487330048
-487317938
-487317938
-487317938
-487318721
-487318604
-487317938
-487331789
-487317938
-487317938
-487334479
-487317938
-487317938
-487337033
-487324768
-487317938
-487317938
-487332192
-487317938
-487318919
-487321352
-487323710
-487337068
-487317938
-487317938
-487317938
Queue is Full
-487333405
-487317938
-487328727
-487317938
-487321911
-487317938
-487319629
-487327441
-487317938
-487332605
-487317938
-487317938
-487329544
-487327923
-487317938
-487317938
-487317938
-487332166
-487317938
-487317938
-487323665
-487318034
-487317938
-487317938
-487330994
-487317938
-487326702
-487317938
-487317938
-487337105
-487317938
-487332968
-487317938
-487320901
-487332124
-487317938
-487327981
-487317938
-487317938
-487320583
-487317938
-487317938
-487317938
-487330850
-487317938
-487331797
Queue is Full
-487318871
-487317938
-487336745
-487336786
-487317938
-487317938
-487318578
-487317938
Queue is Full
-487334160
-487317938
-487335638
-487332701
-487317938
-487320564
-487317938
-487329462
-487317938
-487317938
-487337902
-487317938
-487332937
-487317938
-487319256
-487325100
-487317938
-487325005
-487317938
-487324713
-487317938
-487337058
-487317938
-487317938
-487337382
-487317938
-487330635
-487317938
-487317938
-487332605
-487317938
-487332080
-487317938
-487334272
-487322991
-487317938
-487322219
-487317938
-487317938
-487337111
-487317938
-487317938
-487323937
-487337123
-487317938
-487317938
-487321448
-487334011
-487332762
-487324003
-487317938
-487317938
-487317938
-487323319
-487317938
-487327611
-487317938
-487331674
-487325673
-487336645
-487317938
-487330396
-487336863
-487317938
-487331949
-487320198
-487317938
-487317938
-487322971
-487317938
-487319935
-487317938
-487317938
Queue is Full
-487317938
-487333592
-487330040
-487317938
-487317938
-487321770
-487317938
-487317938
-487317938
-487332852
-487317938
-487332488
-487317938
-487332144
-487317938
-487317938
-487327272
-487317938
-487326306
-487317938
-487330921
-487317938
-487332072
-487323156
-487317938
-487322477
-487329766
-487317938
-487317938
-487331136
-487317938
-487321851
-487317938
-487324784
-487326620
-487317938
-487324711
-487325531
-487317938
-487317938
-487328492
-487317938
-487330694
-487317938
-487326250
-487317938
-487333429
-487317938
-487332126
-487317938
-487318429
-487317938
-487335125
-487320427
-487317938
-487317938
-487327848
-487317938
-487317938
-487317938
-487337815
-487317938
-487318729
-487329670
Queue is Full
-487323266
-487317938
-487331598
-487329291
-487317938
Queue is Full
-487326552
-487317938
-487325130
-487331134
-487317938
-487318033
-487325592
-487317938
-487317938
-487330751
-487334313
-487317938
-487331225
-487326907
-487317938
-487327857
-487322966
-487317938
-487327559
-487317938
-487331327
-487317938
-487328776
-487317938
-487317938
-487337774
-487317938
-487318596
-487317938
-487317938
-487322672
-487317938
-487317938
-487324777
-487317938
-487329437
Queue is Full
-487326355
-487334932
-487317938
-487317938
-487321022
-487335909
-487317938
-487317938
-487322576
-487317938
-487317938
-487322695
-487324447
-487329056
-487330707
-487317938
-487329847
-487326957
-487322328
-487330711
-487329222
-487317938
-487325451
-487323962
-487317938
-487317938
-487334849
-487325894
-487317938
-487317938
-487333545
-487334729
-487317938
-487326404
-487317938
-487318337
-487317938
-487327962
-487317938
-487317938
-487337643
-487317938
-487328073
-487317938
-487317938
-487322738
-487326953
-487317938
-487327544
-487326785
-487317938
-487317938
-487327861
-487317938
-487330971
-487330501
-487317938
-487317938
-487317938
-487331279
-487319676
-487317938
-487328486
-487317938
-487317938
-487321735
-487317938
-487317938
-487321071
-487317938
-487317938
-487317938
-487323335
-487317938
-487317938
-487319355
-487336789
-487318961
-487317938
-487337681
-487317938
-487317938
-487326969
-487324601
-487317938
-487317938
-487317938
Queue is Full
-487317938
-487332339
-487317938
-487317938
-487329078
-487317938
-487317938
-487323361
-487331803
-487317938
-487317938
-487327252
-487317938
-487334487
-487317938
-487331263
-487317938
-487317938
-487322130
-487317938
-487334289
-487317938
-487334625
-487317938
-487336300
-487317938
-487321420
-487317938
-487336350
-487319974
-487317938
-487317938
-487325687
-487317938
-487326915
-487317938
-487322261
-487334931
-487323583
-487320854
-487317938
-487317938
-487323385
-487317938
-487317938
-487334275
-487335278
-487319440
-487317938
-487326831
-487318505
-487317938
-487326124
-487330479
-487334034
-487317938
-487336487
-487317938
-487317938
-487317938
-487322110
-487332578
Queue is Full
-487331979
-487317938
-487317938
-487317938
Queue is Full
-487317938
Queue is Full
-487317938
-487330071
-487317938
-487317938
-487322795
-487326374
-487317938
-487317938
-487327929
-487317938
-487317938
-487333144
-487317938
-487335588
-487318609
-487328897
-487317938
-487320916
-487317938
-487328297
-487317938
-487332296
-487317938
-487334047
-487324828
-487317938
-487317938
-487318184
-487317938
-487319410
-487317938
-487322395
-487317938
-487321135
-487334182
-487317938
-487336003
-487317938
Queue is Full
-487335674
-487317938
-487321665
-487317938
-487319253
-487337928
-487317938
-487327157
-487317938
-487317938
-487334472
-487319959
-487317938
-487317938
-487317938
-487317938
-487318358
-487317938
-487323310
-487318381
-487319629
-487319772
-487319451
-487317938
-487317938
-487331970
-487323321
-487317938
-487317938
-487317938
Queue is Full
-487323844
-487317938
-487331987
-487317938
-487328162
-487317938
-487317938
-487317938
-487335087
-487332560
-487317938
-487327473
-487317938
-487320172
-487317938
-487317938
-487327934
-487317938
-487317938
-487318304
-487337881
-487319856
-487317938
-487317938
-487326401
-487317938
-487317938
-487331567
-487337144
-487322044
-487333179
-487323614
-487322783
-487317938
-487321429
-487317938
-487333189
-487317938
-487332148
-487317938
-487321370
-487317938
-487317938
Queue is Full
-487320702
-487317938
-487317938
-487323135
Queue is Full
-487330059
-487317938
-487337783
Queue is Full
-487332334
-487317938
-487334807
-487317938
-487322431
-487317938
-487317938
-487321345
-487317938
-487327367
-487317938
-487317938
-487317938
-487317938
-487317938
-487337935
-487318982
-487317938
-487325670
-487317938
-487317938
-487317938
Queue is Full
-487324164
-487317938
-487328285
-487317938
-487332541
-487317938
-487318182
-487317938
-487327929
-487331765
-487317938
-487326594
-487317938
-487337551
-487317938
-487333436
-487334816
-487317938
-487317938
-487330900
-487317938
Queue is Full
-487318569
-487317938
-487320998
-487317938
-487327509
-487317938
-487320379
-487317938
-487330618
-487319424
-487317938
-487320781
-487333513
-487317938
-487325861
-487317938
-487324270
-487322465
-487317938
-487318244
-487317938
-487329279
-487331112
-487317938
-487317938
-487319779
-487317938
-487317938
-487324865
-487328688
-487317938
-487317938
-487327770
-487317938
-487325986
-487317938
-487326223
-487317938
-487335170
-487320267
-487328149
-487317938
-487319144
-487317938
-487317938
Queue is Full
-487336147
-487317938
-487325053
-487317938
-487323884
-487334009
-487317938
-487317938
-487331307
-487317938
-487334793
-487319321
-487317938
-487317938
-487333487
-487317938
-487333751
-487320139
-487317938
-487318279
-487317938
-487317938
-487317938
-487332836
-487326795
-487335539
-487317938
-487322200
-487317938
-487317938
-487317938
Queue is Full
-487317938
-487332670
-487317938
-487317938
-487334412
-487317938
-487317938
Queue is Full
Queue is Full
-487334796
-487317938
-487325031
-487317938
-487317938
-487320130
-487336697
-487317938
-487317938
-487317938
-487333636
-487317938
-487317938
-487336690
-487317938
-487317938
Queue is Full
-487319387
-487327416
-487333025
-487332002
-487317938
-487317938
-487325445
-487327401
-487317938
-487327416
-487317938
-487327539
-487324819
-487317938
-487317938
-487329552
-487333166
-487317938
-487333525
-487334724
-487317938
-487333274
-487317938
-487332574
-487317938
-487333839
-487317938
-487319805
-487332221
-487317938
-487337486
-487317938
-487335875
-487317938
Queue is Full
-487317938
-487323644
-487317938
-487317938
-487317938
-487318943
-487317938
-487327890
-487334669
-487317938
-487318659
-487317938
-487317938
-487317938
-487334643
-487317938
-487319536
-487333244
-487319544
-487329327
-487317938
-487332932
-487317938
-487328699
-487319481
-487317938
-487317938
-487317938
-487317938
-487324878
-487326611
-487336976
-487317938
-487326145
-487317938
-487317938
-487337223
-487317938
-487317938
-487328838
-487320474
-487317938
-487327396
-487317938
-487317938
-487317938
-487336464
-487317938
-487317938
-487327086
-487317938
-487317938
-487330874
-487317938
-487327021
-487317938
-487329844
-487317938
-487317938
-487317938
-487322415
-487317938
-487327813
-487317938
-487322442
-487329946
-487319648
-487323009
-487317938
-487327176
-487319679
-487317938
-487317938
-487332449
-487317938
-487317938
-487326737
-487317938
-487321636
-487317938
-487331272
-487317938
-487331073
-487329085
-487317938
-487317938
-487321631
-487317938
-487336391
-487317938
-487321134
Queue is Full
-487317938
-487321867
-487317938
-487328135
-487320306
-487317938
-487317938
-487331043
-487317938
-487331910
-487317938
-487334820
-487322141
-487328268
-487317938
-487317938
-487317938
-487324940
-487322497
-487326999
-487317938
-487324652
-487317938
-487333396
-487317938
-487331360
-487317938
-487329134
-487317938
-487317938
-487329419
-487317938
-487334539
-487317938
-487320380
-487322523
-487317938
-487331245
-487326860
-487326301
-487317938
-487332964
-487317938
-487317938
-487328018
-487317938
-487333694
-487325139
-487317938
-487336746
-487317938
-487317938
-487325605
-487317938
-487317938
-487333719
-487317938
-487329116
-487334162
-487318297
-487317938
-487321249
-487317938
-487329004
-487317938
-487317938
-487333730
-487317938
-487317938
Queue is Full
-487317938
-487327411
-487317938
-487333421
-487329212
-487333944
-487319190
-487317938
-487317938
-487320210
-487317938
-487317938
-487320409
-487317938
-487317938
-487334338
-487328345
-487325027
-487331559
-487317938
-487331584
-487317938
-487330290
-487317938
Queue is Full
-487322025
-487317938
-487324987
-487317938
-487317938
-487327856
-487317938
-487317938
-487324315
Queue is Full
-487317938
-487317938
-487333569
-487337300
-487317938
-487317938
-487317938
-487323430
-487317938
-487324695
-487317938
-487328150
-487317938
-487330068
-487317938
-487317938
-487317938
-487317938
-487333745
-487330682
-487337910
-487330396
-487324588
-487320611
-487324979
-487322933
-487336336
-487317938
-487317938
-487326225
-487317938
-487324298
-487317938
-487317938
-487317938
-487317938
-487317938
-487332664
-487317938
-487326813
-487326722
-487324245
-487329992
-487317938
-487322428
-487322051
-487317938
-487317938
-487333497
-487317938
-487334526
-487317938
-487317938
-487336026
-487317938
-487319438
-487317938
-487317938
-487319742
-487317938
-487317938
-487333923
-487329544
-487317938
-487317938
-487333140
-487317938
-487321860
-487317938
-487328543
-487334073
-487334030
-487317938
-487317938
-487325517
-487317938
-487317938
-487321269
-487317938
-487334373
-487317938
-487317938
-487317938
-487336613
-487317938
-487327402
-487317938
-487319290
-487317938
-487318883
-487317938
-487317938
-487323456
-487317938
-487327121
-487317938
-487317938
-487330066
-487336153
-487317938
-487325365
-487317938
-487317938
Queue is Full
-487324171
-487317938
-487333591
-487317938
-487329325
-487317938
-487326918
-487317938
-487317938
-487317938
-487319871
-487324699
-487323853
-487317938
-487317938
Queue is Full
-487320833
-487317938
-487328967
-487330146
-487324627
-487317938
-487317938
-487323233
-487321734
-487317938
-487319760
-487322701
-487317938
-487319451
-487325652
-487321757
-487317938
-487317938
-487336527
-487317938
-487317938
-487332603
-487317938
-487323709
-487317938
-487325820
-487317938
-487317961
-487317938
-487317938
-487327710
-487317938
-487332484
-487317938
Queue is Full
-487325558
-487318182
-487317938
-487317938
-487335224
Queue is Full
-487317938
-487332083
-487317938
Queue is Full
-487326071
-487317938
-487317938
Queue is Full
-487317938
-487333057
-487324715
-487332960
-487328659
-487317938
-487317938
-487317938
-487317938
-487335730
-487327034
-487317938
-487324031
-487321306
-487317938
-487317938
-487317938
-487330260
-487317938
-487325926
-487317938
-487337033
-487317938
-487317938
-487320548
-487317938
-487336923
-487317938
-487331447
-487317938
-487325619
-487317938
-487334215
-487317938
-487317938
-487318323
-487317938
-487317938
Queue is Full
-487317938
-487331139
-487317938
-487327279
-487325749
-487317938
-487325534
-487317938
-487317938
-487325378
-487317938
-487324535
-487317938
-487334873
-487317938
-487334829
-487327556
-487325554
-487317938
-487326450
-487317938
-487335392
-487317938
-487317938
Queue is Full
-487317938
-487326377
-487317938
-487328968
-487317938
-487317938
-487324101
-487322535
-487336817
-487317938
-487317938
-487317938
Queue is Full
Queue is Full
-487317938
-487325415
-487317938
-487317938
-487326432
-487317938
-487320623
-487317938
Queue is Full
-487317938
-487320172
-487317938
-487317938
-487317938
-487324511
-487325761
-487317938
-487328327
-487325794
-487317938
-487317938
Queue is Full
-487317938
-487334347
-487324205
-487331918
-487317938
-487317938
-487335978
-487317938
-487322376
-487331515
-487331621
-487317938
-487320200
-487323390
-487317938
-487322780
-487334615
-487322198
-487317938
-487321928
-487326233
-487317938
-487317938
-487317938
-487327681
-487317938
-487317938
-487322251
-487317938
-487323054
-487317938
-487319419
-487319501
-487330753
-487317938
-487317938
-487329221
-487317938
-487334006
-487317938
-487320442
-487332161
-487317938
-487317938
-487337416
-487317938
-487317938
-487317938
-487317938
-487322078
-487317938
-487317938
-487319218
-487317938
-487317938
-487320895
-487317938
-487317938
-487321415
-487317938
-487337427
-487317938
-487324141
-487317938
-487317938
-487328604
-487324118
-487317938
-487337832
-487317938
Queue is Full
-487321956
-487317938
-487331703
-487317938
-487322851
-487317938
-487317938
-487329628
-487317938
-487331455
-487317938
-487337393
-487323836
-487317938
-487332315
-487317938
-487319615
-487332361
-487320253
-487331987
-487317938
-487317938
-487317938
-487317938
-487317938
-487327124
-487317938
-487332051
-487317938
-487336281
-487317938
-487317938
-487330365
-487317938
-487317938
-487337010
-487320471
-487317938
-487317938
-487326920
-487317938
-487317938
-487331537
-487317938
-487335316
-487317938
-487317938
-487318648
-487317938
-487317938
-487335406
-487317938
-487335987
-487317938
-487317938
-487325898
-487317938
-487317938
-487332027
-487328880
-487318056
-487329718
-487317938
-487317938
-487319884
-487317938
-487317938
-487334624
-487317938
-487336268
-487317938
-487317938
-487330881
-487317938
-487317938
-487317938
-487334116
-487317938
-487322988
-487318095
-487317938
-487334515
-487318532
-487324167
-487323181
-487317938
-487329982
-487328453
-487317938
-487319646
-487317938
-487336089
-487317938
-487327525
-487329298
-487317938
-487317938
-487330548
-487317938
-487327515
-487317938
-487332845
-487317938
-487317938
-487317983
-487317938
-487331848
-487317938
-487317938
-487326073
-487328409
-487317938
-487317938
-487318946
-487317938
-487329653
-487317938
-487335526
-487324039
-487317938
-487317938
-487320443
-487332070
-487317938
-487331591
-487337600
-487317938
-487324049
-487317938
-487331188
Queue is Full
-487317938
Queue is Full
-487317938
-487333213
-487317938
Queue is Full
-487317938
-487333159
-487317938
-487334987
-487324351
-487317938
-487317938
-487336397
-487317938
-487317938
-487335269
-487317938
-487319355
-487330489
-487317938
-487324517
-487317938
-487317938
-487336884
-487317938
-487321194
-487334070
-487317938
-487318543
-487317938
-487330990
-487317938
-487319863
-487317938
-487317938
Queue is Full
Queue is Full
-487317938
-487323554
-487317938
-487328770
-487317938
-487329069
-487317938
-487318233
-487317938
-487317938
-487335188
-487317938
-487317938
-487317948
-487317938
Queue is Full
-487317938
-487337599
-487317938
Queue is Full
-487330661
-487323175
-487317938
-487317938
-487326792
-487317938
Queue is Full
-487320373
-487317938
-487317938
-487322752
-487324588
-487328851
-487317938
-487330816
-487317938
Queue is Full
-487320421
-487317938
Queue is Full
-487317938
-487322502
-487317938
-487332912
-487317938
-487317938
-487335450
-487317938
-487321822
-487328564
-487317938
-487317938
-487317938
-487331025
-487317938
-487317938
-487328359
-487325244
Queue is Full
-487330021
-487317938
-487317938
-487326632
-487317938
-487317938
-487320426
-487317938
Queue is Full
-487319140
-487317938
-487317938
-487328305
-487337634
-487317938
-487317938
Queue is Full
-487336843
-487320484
-487330770
-487317938
-487317938
-487333591
-487334346
-487317938
-487332844
-487332899
-487317938
-487317938
-487336926
-487317938
-487317938
-487329760
-487317938
-487333203
-487317938
-487336406
-487317938
-487331190
-487317938
-487323992
-487317938
-487332771
-487322509
-487317938
-487317938
-487325080
-487317938
-487332090
-487332309
-487317938
-487330369
-487317938
-487317938
-487336157
-487317938
-487317938
-487324410
-487317938
-487317938
-487330754
-487318375
-487337166
-487317938
-487317938
-487317938
-487328733
-487317938
-487317938
-487326925
Queue is Full
Queue is Full
-487329276
-487317938
-487328254
-487317938
-487329216
-487317938
-487321911
-487317938
-487322876
-487321315
-487317938
-487317938
-487323610
-487317938
-487337068
Queue is Full
-487317938
-487337227
-487317938
-487328244
-487317938
-487329613
-487317938
Queue is Full
-487334169
-487317938
-487330907
-487317938
-487317938
-487319890
-487329074
-487331067
-487317938
-487334932
-487317938
-487322130
-487317938
-487330033
-487320073
-487317938
-487323265
-487318835
-487320771
-487317938
-487319053
-487317938
-487332834
Queue is Full
-487320489
-487333199
-487334000
-487317938
-487330395
-487317938
Queue is Full
Queue is Full
-487317938
-487318812
-487317938
-487337724
-487333609
-487317938
-487318769
-487317938
-487317938
-487319773
-487317938
-487322538
-487318888
-487317938
-487324741
-487317938
-487317938
-487317938
-487317938
-487324336
-487319704
-487317938
-487317938
-487329270
-487317938
-487317938
-487317938
-487317938
-487332735
-487317938
-487323136
-487317938
-487328375
-487327036
-487317938
-487317938
-487317938
-487333154
-487317938
-487317938
-487323519
-487317938
-487317938
-487326612
-487317938
-487326012
-487317938
-487317938
-487321290
-487317938
-487317938
-487330932
-487317938
-487317938
-487326938
-487317938
-487328364
-487324143
-487317938
-487325970
-487322945
-487317938
-487317938
-487320674
-487317938
-487322320
-487332487
-487317938
-487327647
-487333790
-487317938
-487324171
-487330748
-487336001
-487317938
-487325276
-487317938
-487317938
-487317938
-487321669
-487317938
-487317938
-487323615
-487327111
-487317938
-487317938
-487323731
-487317972
-487325492
-487317938
-487317938
-487331355
-487317938
-487326314
-487317938
-487334620
-487322100
-487317938
-487317938
-487317938
-487318598
-487317938
-487317938
-487334731
-487317938
Queue is Full
-487337490
-487317938
-487319846
-487317938
-487317938
-487332997
-487317938
-487337273
-487317938
-487317938
-487335134
-487317938
-487320444
Queue is Full
-487327605
-487317938
-487320636
-487317938
-487317938
-487322530
-487317938
-487317938
Queue is Full
-487319616
-487317938
-487320653
-487317938
-487317938
-487324818
-487317938
-487317938
Queue is Full
-487317938
-487334914
-487317938
-487317938
-487328532
-487317938
-487317938
-487333086
-487323502
-487317938
-487317938
-487326245
Queue is Full
-487327524
-487324696
-487317938
-487324854
-487317938
-487317938
-487329453
-487317938
-487317938
-487327918
-487335976
-487317938
-487322600
-487317938
-487317938
-487333527
Queue is Full
-487317938
-487330690
-487317938
Queue is Full
Queue is Full
-487317938
-487337395
-487317938
-487324842
-487317938
Queue is Full
-487317938
-487320750
-487336276
-487317938
-487337909
-487317938
-487335183
-487317938
-487332368
-487317938
-487317938
-487324594
-487317938
-487330986
-487317938
-487325964
-487317938
-487318129
-487317938
-487317938
-487317938
-487319841
-487330028
-487317938
-487332896
-487323999
-487317938
-487317938
-487317938
-487322137
-487328959
-487317938
-487324698
-487317938
-487332190
-487317938
-487322221
-487337488
-487317938
-487322333
-487317938
-487320254
-487333669
-487317938
-487329206
-487317938
-487317938
-487320087
-487317938
-487332803
-487330120
-487317938
-487329186
-487317938
-487331577
-487317938
-487317938
-487332136
-487317938
-487330681
-487321131
-487317938
-487317938
-487317938
-487328483
-487320897
-487317938
-487317938
-487317938
-487319738
-487325099
-487317938
-487331734
-487317938
-487326747
-487320118
-487317938
-487332035
-487336195
-487323688
-487337373
-487317938
-487325817
-487317938
-487317938
-487322778
-487330453
-487317938
-487322093
-487317938
-487329801
-487317938
-487317938
-487337033
-487321487
-487336796
-487317938
-487325105
-487317938
-487317938
-487327206
-487324469
-487329300
-487317938
-487317938
-487317938
-487321106
-487317938
-487324604
-487317938
-487328377
-487318315
-487317938
-487324848
-487317938
-487317938
-487328064
-487317938
-487334353
-487336660
-487331845
-487317938
-487319233
-487317938
-487324303
-487317938
-487318046
-487317938
-487333868
-487317938
-487319162
-487317938
-487317938
-487336594
-487317938
-487337275
-487317938
-487321584
-487318899
-487317938
-487317938
-487328929
-487317938
-487326305
-487317938
-487317938
-487317938
-487319493
-487317938
-487329946
-487317938
-487319251
-487317990
-487317938
-487328822
-487318732
-487317938
-487336378
-487317938
-487327814
-487317938
-487317938
-487333507
-487317938
-487324955
-487335948
-487336394
-487317938
-487317938
-487337376
-487317938
-487317938
Queue is Full
-487317938
-487321752
-487336527
-487317938
-487329617
-487335345
-487317938
-487317938
-487324269
-487328419
-487317938
-487321030
-487317938
-487317938
-487317938
-487324648
-487335215
-487317938
Queue is Full
-487318754
-487323065
-487336571
-487317938
-487327114
-487326331
-487317938
-487323049
-487317938
-487319082
-487317938
-487317938
-487321880
-487317938
-487334472
-487335129
-487318777
-487321128
-487323866
-487322850
-487317938
-487317938
-487317938
-487330776
-487317938
-487317938
-487334553
-487317938
-487329410
-487317938
-487317938
-487320172
-487317938
-487323618
-487317938
-487317938
-487319358
-487317938
-487336304
-487317938
-487330690
-487322786
-487317938
-487317938
-487317938
Queue is Full
-487317938
-487335505
-487317938
-487318628
-487317938
-487317938
-487317938
-487317938
-487329120
-487329250
-487317938
-487317938
-487317938
Queue is Full
-487328282
-487324522
-487317938
-487317938
-487330762
-487317938
-487328361
Queue is Full
-487317938
-487330607
-487317938
-487317938
-487320909
-487334053
-487327944
-487317938
-487317938
-487336862
-487317938
-487317938
Queue is Full
-487317938
-487328379
Queue is Full
Queue is Full
-487337322
-487317938
-487333491
-487317938
-487318476
-487321866
-487317938
-487325419
-487317938
-487317938
-487334351
-487317938
-487317938
-487317938
-487320851
-487317938
-487324760
-487337036
-487336422
-487317938
-487330950
-487332642
-487317938
-487321284
-487317938
-487317938
-487317938
-487320712
-487317938
-487317938
Queue is Full
-487333706
-487321062
-487317938
-487327336
-487317938
-487317938
-487329653
-487320131
-487317938
-487317938
-487321750
-487332027
-487333930
-487317938
-487317938
-487317938
-487329682
-487317938
-487317938
-487334023
-487317938
-487317938
-487319271
-487317938
-487330532
-487322257
-487317938
-487335798
-487317938
-487337549
-487337875
-487317938
-487317938
-487325122
-487317938
-487324646
-487330563
-487327903
-487333823
-487317938
-487317938
-487327728
-487317938
-487333934
-487317938
-487317938
-487332599
-487317938
-487337557
-487325060
-487317938
-487317938
-487318219
-487317938
-487336585
-487317938
-487325547
-487317938
-487334365
-487321148
-487317938
-487317938
Queue is Full
-487328827
-487317938
-487336530
-487317938
-487317938
-487317938
-487333800
-487323127
-487317938
-487317938
-487330243
-487329186
-487335909
-487317938
-487317938
-487327181
-487317938
-487337920
-487317938
-487317938
-487325410
-487317938
-487317938
-487332862
-487317938
-487317938
-487336475
-487317938
-487333796
-487317938
-487334043
-487317938
-487324580
-487317938
-487317938
-487333994
-487317938
-487335288
-487317938
-487329172
-487317938
-487317938
-487333870
-487324833
-487334301
-487317938
-487317938
-487328353
-487317938
-487331984
-487327395
-487317938
-487320350
-487317938
-487317938
-487317938
Queue is Full
-487323427
-487330435
-487336581
-487317938
-487317938
-487334185
-487336544
-487317938
-487331262
-487324906
-487317938
-487317938
-487318453
-487337253
-487317938
-487317938
-487317938
-487319718
-487317938
-487317938
-487328506
-487317938
-487325343
-487317938
-487317938
-487336295
-487317938
Queue is Full
-487325623
-487331085
-487329319
-487317938
-487317938
Queue is Full
-487327462
-487317938
-487317938
-487335631
-487317938
-487317938
-487318045
-487317938
-487317938
-487317938
-487332792
-487317938
-487325199
-487317938
-487326937
-487317938
-487319618
Queue is Full
-487329144
-487317938
-487336284
-487317938
-487317938
-487317938
-487321333
-487324809
-487328204
-487317938
-487337415
-487317938
-487317938
-487337329
-487317938
-487334705
-487325603
-487330136
-487317938
-487328896
-487317938
-487317938
-487329304
-487317938
-487325649
-487329222
-487330966
-487334293
-487317938
-487317938
-487327375
-487317938
-487331806
-487317938
-487333641
-487317938
-487328168
-487333518
-487322332
-487317938
-487317938
-487325249
-487317938
-487327268
-487317938
-487317938
-487337901
-487317938
-487330524
-487317938
-487326112
-487317938
-487317938
-487328298
-487317938
-487332576
-487317938
-487320793
-487319521
-487317938
-487325875
-487317938
-487336326
-487317938
-487337224
-487317938
-487335661
Queue is Full
-487319279
-487317938
Queue is Full
Queue is Full
-487317938
-487330692
-487325264
-487317938
-487317938
-487327853
-487323824
-487317938
-487317938
-487317938
-487336752
Queue is Full
-487335139
-487337693
-487317938
-487334297
-487324916
-487319353
-487317938
-487325769
-487317938
-487317938
-487317938
-487323370
-487325046
-487317938
-487317938
-487326769
-487319785
-487317938
-487317938
-487322947
-487317938
-487324764
-487317938
-487329845
-487317938
-487317938
-487318261
-487317938
-487334753
-487323398
-487326458
-487317938
-487317938
-487331240
-487317938
-487319465
-487317938
-487317938
-487332352
-487317938
-487317938
-487330738
-487325064
-487317938
-487327912
-487317938
Queue is Full
-487317938
Queue is Full
-487318743
-487317938
-487319712
-487331089
-487317938
-487319697
-487317938
-487324720
-487326858
-487317938
-487320879
-487321433
-487317938
-487322927
-487317938
-487321181
-487320440
-487317938
-487331568
-487336384
-487317938
-487317938
-487335077
-487333275
-487325429
-487317938
-487317938
-487317938
-487319798
-487337117
-487317938
-487317938
-487325307
-487317938
-487337816
-487320606
-487334476
-487317938
-487317938
-487317938
-487327494
-487317938
-487324881
-487319078
-487317938
-487317938
-487317938
-487317938
-487320092
-487333385
-487337269
-487328369
-487317938
-487321948
-487337257
-487317938
Queue is Full
-487317938
-487318278
-487317938
-487317938
-487317938
-487318000
-487319316
-487317938
-487317938
-487319548
-487317938
-487317938
-487337502
-487317938
-487317938
-487337204
-487326208
-487317938
-487317938
-487329647
-487317938
-487321314
-487317938
-487318750
-487319147
-487317938
-487317938
-487317938
Queue is Full
-487319667
-487317938
-487320341
-487317938
-487333075
-487318829
-487334601
-487317938
-487334491
-487317938
-487320672
-487317938
-487317938
-487317938
-487323953
-487317938
-487324250
-487334118
-487335575
-487317938
-487317938
-487331923
-487317938
-487317938
-487333751
-487337475
-487317938
-487318011
-487317938
-487333777
-487317938
-487319700
-487325928
-487322777
-487317938
-487332461
-487317938
-487328073
-487319416
-487319645
-487317938
-487317938
Queue is Full
-487317938
Queue is Full
-487325717
-487317938
-487323067
-487317938
-487324794
-487317938
-487317938
-487332560
-487327493
-487324573
-487317938
-487324335
-487317938
-487332675
-487330646
-487318667
-487317938
-487325001
-487317938
-487317938
-487334895
-487317938
-487317938
-487325528
-487317938
-487327080
-487317938
-487334886
-487317938
-487317938
-487321184
-487335071
-487323165
-487317938
-487317938
-487317938
-487327560
-487317938
-487317938
-487333646
-487317938
-487317938
-487317938
-487321924
-487317938
Queue is Full
-487317938
-487326962
-487317938
-487317938
-487318966
-487317938
-487317938
-487330432
-487317938
-487317938
-487323595
-487332215
-487317938
-487317938
-487322976
-487326476
-487317938
-487328015
Queue is Full
-487337120
-487317938
-487327660
-487317938
-487323864
-487317938
-487317938
Queue is Full
-487334517
-487317938
-487317938
-487333897
-487333541
-487317938
-487317938
-487337445
-487327364
-487317938
-487317971
-487317938
-487323075
-487317938
-487317938
-487321348
-487317938
-487318443
-487325120
-487317938
-487334208
-487317938
-487317938
-487334898
-487317938
-487317938
-487321057
-487335831
-487317938
-487330352
-487317938
-487317938
-487327828
-487317938
-487320783
-487317938
-487334305
-487317938
-487317938
-487327673
-487317938
-487317938
-487330178
-487320647
-487321923
-487317938
-487317938
-487331871
-487322512
-487325042
-487317938
-487319507
-487317938
-487331881
-487317938
-487321957
-487317938
-487317938
-487317938
-487334524
-487317938
-487317938
-487321631
-487325748
-487335820
-487326110
-487317938
-487317938
-487317938
-487317938
-487317938
-487335806
-487317938
-487335270
-487318007
-487317938
-487317938
-487337626
-487317938
-487317938
-487323722
-487317938
-487320862
-487317938
-487317938
-487319820
-487317938
-487328392
-487335571
-487332386
-487336747
-487317938
-487317938
-487317938
-487318526
-487317938
-487317938
Queue is Full
-487335330
-487317938
-487328597
-487317938
-487321350
-487317938
-487334818
-487317938
-487329841
-487337828
-487318017
-487317938
-487317938
-487337000
-487317938
-487317938
Queue is Full
-487317938
-487324679
-487317938
-487326767
-487317938
-487317938
-487323564
-487320690
-487317938
-487317938
-487334212
-487335772
-487335183
-487317938
-487317938
-487317938
-487331889
-487317938
Queue is Full
-487317938
-487319089
-487317938
-487317938
-487320052
-487317938
-487317938
-487334766
-487317938
-487326339
-487332832
-487337486
-487325192
-487325528
-487317938
-487336274
-487317938
-487336732
-487336866
-487317938
-487330207
-487317938
-487317938
-487323857
-487317938
-487317938
-487317938
-487324562
-487331302
-487318539
-487317938
-487317938
-487325810
-487334008
-487330308
-487320741
-487317938
-487317938
-487335035
-487317938
-487326084
-487317938
-487334621
-487317938
Queue is Full
Queue is Full
-487317938
-487330602
-487333528
-487333825
-487317938
-487317938
Queue is Full
-487324875
-487320256
-487327618
-487317938
-487317938
-487322323
-487317938
-487317938
-487327343
-487325792
-487317938
-487325586
-487317938
-487327515
-487336179
-487323878
-487320922
-487317938
-487330940
-487317938
-487322002
Queue is Full
Queue is Full
-487324965
-487317938
-487321661
-487319397
-487317938
-487327157
-487317938
-487337281
-487317938
-487322064
-487317938
-487317938
-487317938
-487330162
-487318568
-487317938
-487329793
-487332791
-487317938
-487317938
-487317938
-487335188
-487317938
-487317938
Queue is Full
-487325011
-487317938
-487317938
-487334721
-487334448
-487317938
-487328473
-487317938
-487317938
-487322491
-487331835
-487317938
-487317938
-487317938
Queue is Full
-487317938
-487334584
-487317938
-487324238
-487324186
-487333517
-487330249
-487317938
-487317938
-487317938
-487317938
-487326540
-487317938
-487317938
-487324671
-487317938
-487330599
-487329691
-487317938
-487319495
-487330706
-487317938
Queue is Full
-487317938
-487328136
-487317938
-487327194
-487320943
-487317938
-487317938
Queue is Full
-487336945
-487317938
-487317938
-487329944
-487333508
-487336326
-487317938
-487319501
-487319681
-487335793
-487317938
-487317938
-487317938
-487335351
-487317938
-487317938
-487321074
-487317938
-487319857
-487331014
-487317938
Queue is Full
-487321877
-487325360
-487327986
-487317938
-487331301
-487317938
-487317938
-487317965
-487317938
-487317938
-487320201
-487333502
-487322024
-487321991
-487317938
-487317938
-487335986
-487333762
-487335875
-487332875
-487317938
-487334139
-487317938
-487334629
-487329519
-487317938
-487332564
-487317938
-487333299
-487335090
-487332562
-487317938
-487317938
-487334387
-487317938
-487324269
-487317938
-487317938
Queue is Full
-487317938
-487322811
-487319913
-487317938
-487325528
-487317938
-487317938
-487335580
-487317938
-487317938
-487317938
-487319750
-487317938
-487330597
-487317938
-487329476
-487326152
-487317938
-487317938
-487330806
-487317938
-487331069
-487317938
-487328294
-487331651
-487317938
-487317938
-487317938
-487333429
-487317938
-487334920
-487317938
-487325672
-487317938
-487327097
-487317938
-487326438
-487317938
-487317938
-487333751
-487317938
-487323739
-487317938
-487317938
-487331114
-487317938
-487322041
-487317938
-487317938
-487324374
-487317938
-487337819
-487317938
-487328227
-487317938
-487317938
-487327903
-487317938
-487317938
-487324037
-487317938
-487333445
-487317938
Queue is Full
-487317938
-487334381
-487317938
-487319820
-487321326
-487317938
-487320650
-487317938
-487318560
-487317938
-487324826
-487320588
-487335066
-487317938
-487330478
-487332657
-487317938
-487320704
-487317938
-487332660
-487321059
-487325144
-487331346
-487317938
-487324858
-487317938
-487317938
-487323829
-487317938
-487337336
-487317938
-487318762
-487317938
-487336451
-487317938
-487326168
-487317938
-487336232
-487317938
-487321417
-487317938
-487336372
-487317938
-487317938
Queue is Full
-487317938
Queue is Full
-487317938
-487334856
-487317938
-487327429
-487317938
-487330199
-487317938
-487318749
-487317938
-487321558
-487319033
-487319028
-487317938
-487318764
-487317938
-487336215
-487318139
-487317938
-487322751
-487317938
-487320223
-487320653
-487317938
-487325996
-487328591
-487317938
-487317938
-487317997
-487331088
-487329702
-487317938
-487333341
-487332292
-487317938
-487317938
-487327343
-487317938
-487324733
-487317938
-487317938
-487319028
-487325038
-487323876
-487317938
-487332010
-487317938
-487317938
Queue is Full
-487317938
-487317938
-487318682
-487317938
-487318800
-487336568
-487317938
-487332052
-487317938
-487323776
-487317938
-487327985
-487333624
-487317938
-487317938
-487329198
-487317938
-487335445
-487317938
-487330337
-487317938
-487317938
-487327553
-487318826
-487317938
-487317938
-487320247
-487317938
Queue is Full
-487317938
-487321036
-487317938
-487322328
Queue is Full
-487329663
-487317938
-487317938
-487320693
-487324055
-487328274
-487317938
-487336245
-487317938
-487317938
-487317969
-487317938
Queue is Full
-487337266
-487317938
-487328539
-487317938
-487317938
-487329480
-487317938
-487333963
-487317938
-487327117
-487317938
-487317938
-487334619
-487323377
-487324486
-487317938
-487334188
-487326315
-487317980
-487317938
-487333993
-487317938
-487323681
-487317938
-487317938
-487321937
-487335133
-487330094
-487317938
-487326115
-487317938
-487317938
-487324587
-487317938
-487326225
-487324992
-487334659
-487317938
-487321902
-487317938
-487317938
-487317938
-487329407
-487332879
-487326556
-487329863
-487317938
-487337080
-487317938
-487336894
Queue is Full
-487318583
-487317938
Queue is Full
-487324587
-487317938
-487317938
Queue is Full
-487317938
-487317938
-487328297
-487317938
-487327942
-487317938
-487327547
-487317938
-487328752
-487327698
-487323128
-487317938
-487328616
-487318583
-487326463
-487317938
-487317938
-487318630
-487317938
-487317938
-487333998
-487320099
-487317938
-487317938
-487324517
-487317938
-487317938
-487336041
-487317938
-487317938
-487319659
Queue is Full
-487317938
-487318910
-487336976
-487317938
Queue is Full
-487317938
-487322042
-487317938
-487322980
-487317938
-487317938
-487317938
-487325646
-487329472
-487317938
-487317938
Queue is Full
-487317938
-487320772
-487332106
-487317938
-487333031
-487318930
-487325864
-487317938
-487326593
-487317938
-487324952
-487317938
-487317938
-487319134
-487317938
-487332890
-487317938
-487317938
-487328258
-487317938
-487337639
-487320767
Queue is Full
-487317938
-487325575
-487317938
-487336782
-487317938
-487317938
-487328036
-487324353
-487317938
-487317938
-487328914
-487317938
-487334223
-487317938
-487318019
-487317938
Queue is Full
-487337384
-487334232
-487321669
-487322609
-487317938
-487327113
-487317938
-487317938
-487317938
-487317938
-487330571
-487317938
-487326196
-487317938
-487317938
Queue is Full
-487317938
-487332319
-487318903
-487317938
-487317938
-487319466
-487317938
-487323766
-487317938
-487317938
-487333991
-487317938
Queue is Full
-487317938
Queue is Full
-487335185
-487317938
-487334636
-487317938
-487336202
-487317938
-487317938
Queue is Full
-487334057
-487327979
-487317938
-487332674
-487317938
-487327476
-487317938
-487317938
-487317938
-487317938
-487317938
-487317938
Queue is Full
-487321080
-487329678
-487317938
-487320379
-487318328
-487317938
Queue is Full
-487317938
-487321081
-487329438
-487335685
-487317938
-487325698
-487326878
-487317938
-487317938
-487331770
-487331733
-487317938
-487317938
-487317938
-487317938
-487322807
-487334595
-487317938
-487317938
Queue is Full
-487327049
-487317938
-487330216
-487317938
-487334132
-487317938
-487317938
-487322793
-487317938
-487317938
-487325739
-487332380
-487317938
-487333568
-487317938
-487317938
-487334866
-487317938
-487317938
-487317938
-487337774
-487317938
-487317938
-487330000
-487317938
-487317938
-487320772
-487317938
-487317938
-487317938
-487335755
-487317938
-487317938
-487333411
-487317938
-487322961
-487327075
-487317938
-487317938
-487317938
-487325728
-487317938
-487330972
-487336400
-487317938
-487317938
-487324073
-487317938
Queue is Full
-487317938
-487329522
-487334656
-487317938
-487317938
-487317938
-487322709
-487317938
-487317938
-487334306
-487331057
-487335663
-487317938
-487336869
-487317938
-487332549
-487332733
-487317938
-487329985
-487317938
-487317938
-487332997
-487317938
-487317938
-487336361
-487317938
-487319651
-487317938
-487317938
-487330860
-487318119
-487329480
-487317938
-487336359
-487317938
-487317938
-487317938
-487322377
-487317938
-487332054
-487335934
-487317938
-487336619
-487317938
-487328116
-487317938
-487318802
-487317938
-487317938
-487317938
-487324270
-487324998
-487331738
-487332314
-487317938
-487335731
-487317938
-487327321
-487317938
-487328992
-487317938
-487317938
-487317938
-487317938
-487317938
-487320842
-487317938
-487320337
-487317938
-487317938
Queue is Full
-487317938
-487335404
-487331600
Queue is Full
-487319227
-487317938
-487317938
-487324344
-487317938
-487317938
-487324585
-487317938
-487318941
-487317938
-487328581
-487317938
-487317938
-487336515
-487317938
-487319108
-487317938
-487326846
-487317938
-487317938
-487324611
-487317938
Queue is Full
-487317938
-487334810
-487317938
-487317938
-487336719
-487317938
-487317938
-487317938
-487331784
-487328054
-487317938
-487317938
-487330178
-487317938
-487324228
-487320349
-487321845
-487333481
Queue is Full
-487317938
-487337906
-487324410
-487317938
-487322265
-487317938
-487336316
Queue is Full
-487317938
Queue is Full
-487317938
Queue is Full
-487333972
-487317938
-487317938
-487328571
-487317938
-487317938
Queue is Full
-487317938
-487331458
-487317938
-487317938
-487320366
-487327718
-487326988
-487317938
-487323824
-487317938
-487334589
-487317938
Queue is Full
-487317938
-487320446
-487317938
-487317938
-487319951
-487317938
-487325591
-487317938
-487319816
-487317938
-487330461
-487322194
-487317938
-487319322
-487317938
-487317938
-487334634
-487317938
-487335426
-487327209
-487317938
-487326592
-487322731
-487322920
-487317938
-487331570
-487317938
-487326685
-487317938
-487329175
-487324237
-487317938
-487317938
-487325043
-487317938
-487324819
-487317938
-487317938
-487326254
-487330467
-487317938
-487329725
-487335120
-487317938
-487337695
-487317938
-487326695
-487317938
-487332986
-487318192
-487318885
-487317938
Queue is Full
-487336091
-487317938
-487334645
-487317938
-487325023
-487317938
-487318862
-487317938
-487317938
-487331344
-487317938
-487317938
-487319506
-487317938
-487330615
-487320755
-487317938
Queue is Full
-487336884
-487317938
Queue is Full
-487332760
-487317938
-487317938
-487327517
-487317938
-487317938
-487326197
-487317938
-487317938
-487318558
-487317938
-487317938
-487329530
-487317938
-487317938
-487332648
-487317938
-487326810
-487317938
-487329965
-487317938
-487332172
-487337588
-487334273
-487317938
-487317938
-487328732
-487317938
-487334094
-487317938
-487318699
-487317938
-487335710
-487317938
-487317938
-487333252
-487317938
-487317938
-487318210
-487317938
-487323205
-487317938
-487317938
Queue is Full
-487317938
-487318172
-487317938
-487319824
-487317938
-487337897
-487317938
-487320154
-487317938
-487317938
-487324834
-487334678
-487317938
-487319422
-487317938
-487318998
-487321538
-487317938
-487325589
-487317938
-487333259
-487317938
Queue is Full
-487324191
-487317938
-487317938
-487329038
-487317938
-487317938
-487328979
-487317938
-487321776
-487336212
-487332115
-487320234
-487336366
-487317938
-487317938
-487317938
-487317938
-487332570
-487317938
-487317938
-487325519
-487322681
-487317938
-487321230
-487322504
-487317938
-487317938
-487317938
-487337372
-487317938
-487332455
-487317938
-487324228
-487329321
-487333367
-487320899
-487317938
Queue is Full
-487317938
-487332373
-487321585
-487327486
-487317938
-487317938
-487333687
-487326857
-487317938
-487317938
-487334074
-487317938
-487322846
-487337177
-487317938
-487320507
-487320909
Queue is Full
-487319479
-487329495
-487317938
-487317938
Queue is Full
-487325455
-487317938
-487322251
-487333280
-487317938
-487318637
-487317938
-487332071
-487317938
-487317938
-487326317
-487327935
-487331002
-487317938
-487333110
-487317938
-487321823
Queue is Full
-487324086
-487325598
-487337720
-487317938
-487322084
-487317938
-487317938
-487317938
-487324288
-487317938
-487319351
-487317938
-487317938
-487330839
-487317938
-487325332
-487317938
-487317938
-487320998
-487319681
-487317938
-487317938
-487318141
-487317938
-487324603
-487317938
-487317938
-487320575
-487317938
-487337655
-487321161
-487329210
-487317938
-487318614
-487331533
-487317938
-487317938
-487332234
-487317938
-487337612
-487317938
-487317938
-487320928
-487317938
-487317938
-487330555
-487317938
-487317938
-487332618
-487317938
-487327664
Queue is Full
-487330712
-487317938
-487317938
-487325438
-487317938
-487318288
-487319323
-487317938
-487329442
-487317938
-487334899
-487334748
Queue is Full
-487317938
-487335404
-487324424
-487317938
-487320086
-487317938
-487317938
-487332890
-487331376
-487317938
-487319046
-487317938
-487317938
-487326518
-487330772
-487328663
-487317938
-487318778
-487317938
-487317938
-487328917
-487317938
-487317938
-487330206
-487317938
-487317938
-487322811
-487320731
-487321737
-487317938
-487317938
-487329165
-487327577
-487319154
-487317938
-487329473
-487317938
-487317938
Queue is Full
-487317938
-487334164
-487317938
-487328223
-487317938
-487318658
-487317938
-487317938
-487332481
-487317938
-487333700
-487317938
Queue is Full
-487317938
-487336862
-487317938
-487323435
-487317938
-487317938
Queue is Full
-487317954
-487317954
-487336111
-487317954
-487317954
Queue is Full
-487323701
-487317954
-487317954
-487324593
-487317954
-487317954
-487327425
-487317954
-487335301
-487317954
-487335747
-487319869
-487322312
-487322397
-487330891
-487317954
-487317954
-487317954
-487317954
-487323030
-487317954
-487317954
-487325823
-487317954
-487317954
-487317954
Queue is Full
-487336965
-487328083
-487322421
-487327364
-487317954
-487328559
-487317954
-487318332
-487317954
-487332292
-487317954
-487324189
-487317954
-487326602
-487317954
-487332937
-487317954
-487317954
-487333627
-487317954
-487317954
Queue is Full
-487332204
-487337482
-487330277
-487317954
-487327594
-487317954
Queue is Full
-487317954
-487317954
-487326960
Queue is Full
-487333106
-487331829
-487317954
Queue is Full
-487317954
-487334484
-487317954
-487317954
-487322059
-487317954
Queue is Full
-487317954
Queue is Full
Queue is Full
-487321613
-487317954
-487331269
-487317954
-487324300
-487317954
-487324024
-487317954
-487318812
-487317954
-487333348
-487320902
-487317954
Queue is Full
-487329207
-487319346
-487317954
-487317954
-487333553
-487317954
-487317954
-487335542
-487317954
-487324289
-487317954
-487317954
-487323581
-487317954
Queue is Full
-487317954
-487317954
-487323384
-487317954
-487326313
-487317954
-487317954
-487331508
-487317954
-487327709
-487317954
-487337197
-487317954
-487317954
-487319483
-487325615
-487317954
-487317954
-487334288
-487317954
Queue is Full
-487326422
-487322507
-487317954
-487317954
-487333003
-487317954
Queue is Full
-487324070
-487317954
-487328618
-487317954
-487317954
-487330028
-487331610
-487317954
Queue is Full
-487324357
-487324160
-487317954
-487332955
-487323083
-487317954
-487317954
-487322093
-487317954
-487318141
-487317954
Queue is Full
-487317954
-487332621
-487317954
-487329314
-487317954
-487317954
-487329757
-487324608
-487335257
-487336285
-487317954
-487317954
-487317954
-487336893
-487317954
-487322233
-487317954
-487320723
-487317954
-487329816
-487317954
Queue is Full
-487317954
-487333218
-487326876
-487317954
-487317954
-487323147
-487333044
-487317954
-487335474
Queue is Full
-487337852
-487325001
-487319303
-487317954
-487317954
-487334491
-487317954
-487337748
-487317954
-487317954
-487331010
-487317954
Queue is Full
-487331310
-487329694
Queue is Full
-487317954
-487336656
-487317954
-487317954
-487332831
-487319947
-487319319
-487317954
-487317954
-487331573
-487319872
-487331016
-487337573
-487317954
-487317954
-487328207
-487317954
-487317954
Queue is Full
-487317954
-487332112
-487327480
-487317954
-487328563
-487317954
-487317954
-487335083
-487317954
-487329745
-487317954
Queue is Full
-487328887
-487323659
-487324770
-487327351
-487317954
-487317954
-487325485
-487317954
Queue is Full
-487322216
-487317954
-487331365
-487322583
-487317954
Queue is Full
-487317954
Queue is Full
-487318471
Queue is Full
-487330690
-487317954
-487319544
-487317954
-487317954
Queue is Full
-487317954
-487336892
-487317954
Queue is Full
-487317954
-487334696
-487317954
-487317954
-487327156
-487335507
-487317954
-487317954
-487331895
-487336543
-487317954
-487328215
-487317954
-487317954
-487326556
-487317954
-487317954
-487319692
-487317954
-487321501
-487317954
-487318085
-487321572
-487317954
-487329787
-487321079
-487317954
-487317954
-487328775
-487317954
-487328793
-487317954
-487325141
-487317954
-487317954
-487317963
-487317954
-487317954
-487318472
-487329374
-487317954
Queue is Full
-487317954
-487329762
-487317954
-487322923
-487317954
-487327976
-487317954
-487317954
-487323219
-487317954
-487322355
-487335769
-487323524
-487317954
-487321236
-487317954
-487331507
-487317954
-487327548
-487317954
-487324592
-487317954
-487317954
-487332313
-487317954
-487317954
-487330587
-487317954
-487317954
-487336191
-487324246
-487317954
-487320426
-487317954
-487336633
-487325952
-487317954
-487334342
-487317954
-487329271
-487317954
-487324734
-487335229
-487317954
-487317954
-487317954
-487325428
-487317954
-487327235
-487317954
-487317954
-487328889
-487317954
-487317954
-487317954
Queue is Full
-487325983
-487322103
-487317954
-487317954
-487324847
-487317954
-487317954
-487319973
-487327542
-487322064
-487335914
-487317954
-487331087
-487323390
-487325541
-487317954
-487328348
-487331202
-487317954
-487322847
-487317954
-487328922
-487329557
-487335761
-487317954
-487319834
-487322741
-487317954
-487317954
-487317954
-487319380
Queue is Full
-487317954
-487317954
Queue is Full
-487317954
-487333205
-487317954
-487325063
-487332365
-487317954
-487317954
-487328041
-487317954
-487331212
-487317954
-487327464
-487317954
Queue is Full
-487317954
-487324016
-487318583
-487317954
-487327138
-487326917
-487317954
-487333213
-487317954
-487333434
-487317954
-487321439
-487317954
-487317954
-487319045
-487317954
-487321211
-487317954
-487317954
-487317954
-487324116
-487320132
-487319262
-487333438
-487317954
-487317954
-487330943
-487328074
-487317954
-487328986
-487337828
-487333264
-487317954
-487334313
-487317954
-487331726
-487317954
-487317954
-487334882
-487317954
-487317954
-487317954
-487323700
-487335388
-487317954
Queue is Full
-487329592
-487317954
Queue is Full
-487317954
-487328740
-487317954
-487317954
-487319280
-487317954
-487317954
-487328390
-487317954
-487317954
-487325042
-487336160
-487317954
-487317954
-487317954
-487323089
-487318932
-487317954
-487327323
-487317954
-487317954
-487319643
-487317954
-487317954
-487331446
-487317954
Queue is Full
-487317954
Queue is Full
-487333863
-487317954
-487324177
-487319775
-487317954
-487334561
-487328827
-487335115
-487335137
-487317954
-487337230
-487317954
-487326616
-487317954
-487317954
-487325859
-487333500
-487330410
-487317954
-487331936
-487317954
-487328102
-487317954
-487317954
Queue is Full
-487317954
Queue is Full
-487317954
-487328367
-487317954
-487317954
-487326813
-487317954
-487332916
-487317954
-487317954
-487326452
-487335722
-487326821
-487323440
-487317954
-487319480
-487317954
-487333863
-487336434
-487317954
-487324119
-487328829
-487332384
-487317954
-487332336
-487317954
-487336875
-487324951
-487317954
-487326367
-487317954
-487329107
-487317954
-487317954
-487334023
-487317954
-487319842
-487317954
-487317954
-487320491
-487337309
-487317954
-487321983
-487317954
-487317954
-487317954
-487323339
-487317954
-487325113
-487317954
-487329870
-487333203
-487317954
-487329561
-487329239
-487317954
-487317954
-487320259
-487319348
-487317954
-487329492
-487317954
-487328336
-487330745
-487317954
-487317954
-487321251
-487317954
-487323259
-487317954
-487332875
-487317954
-487328476
-487317954
-487317954
-487330555
-487317954
-487317954
-487328540
-487319724
-487317954
-487317954
-487333260
-487317954
-487334796
Queue is Full
-487317954
-487317954
Queue is Full
-487317954
-487333805
-487317954
-487325840
-487317954
-487328610
-487317954
-487317954
-487336431
-487317954
-487317954
-487327202
-487317954
-487320271
-487317954
-487321641
-487317954
-487326537
-487317954
-487317954
-487317954
Queue is Full
-487317954
Queue is Full
-487317954
Queue is Full
Queue is Full
-487322866
-487326825
-487317954
-487317954
Queue is Full
-487317954
-487328962
-487336453
-487317954
-487317954
-487332734
-487330105
-487317954
-487322705
-487317954
-487317954
-487317954
-487322581
-487337392
-487317954
-487322470
-487325580
-487317954
Queue is Full
Queue is Full
-487318015
-487317954
-487332824
-487317954
-487317954
-487331107
-487317954
-487317954
-487332188
-487317954
-487318995
-487317954
-487317954
-487334204
-487317954
-487317954
-487320122
-487322420
-487317954
-487330563
-487321043
-487317954
-487317954
-487322588
-487317954
-487331998
-487317954
-487317954
-487331037
-487317954
-487337524
-487317954
-487334140
-487317954
-487329373
-487330976
-487317954
-487326383
-487317954
-487337747
-487317954
-487317954
-487329700
-487317954
-487328296
-487334302
-487318935
-487320853
-487317954
-487317954
-487317954
-487318728
-487317954
-487317954
-487331725
-487319495
-487317954
-487336398
-487317954
-487319636
-487317954
-487317954
-487317954
-487332431
-487317954
-487317954
-487330232
-487319155
-487336507
-487317954
Queue is Full
-487331183
-487317954
-487334020
-487320073
-487317954
-487324758
-487317954
-487317954
-487332990
-487317954
-487331946
-487317954
-487318477
-487317954
Queue is Full
-487317954
Queue is Full
-487334855
-487322781
-487317954
-487317954
-487332987
-487317954
-487326928
-487317954
-487317954
-487317954
-487328326
-487317954
-487317954
-487317954
Queue is Full
-487317954
-487327696
-487323401
-487337737
-487317954
-487317954
-487324259
-487317954
-487317954
Queue is Full
-487317954
-487317954
-487319696
Queue is Full
-487317954
-487331545
-487317954
-487335643
-487317954
-487317954
-487317954
-487318418
-487317954
-487317954
-487337138
-487324399
-487317954
-487317954
-487317954
-487337368
-487317954
-487318079
-487317954
-487325033
-487317954
-487317954
-487321756
-487317954
-487317954
Queue is Full
-487317954
-487319320
-487321175
-487317954
-487317954
-487326726
-487317954
-487317954
-487332908
-487321267
-487317954
-487317954
-487329895
-487317954
-487317954
-487323620
-487317954
-487318565
-487317954
-487319270
-487317954
-487326332
-487317954
-487317954
-487332347
-487317954
-487317954
-487317954
-487320838
-487317954
-487326156
-487321165
-487331741
-487317954
Queue is Full
-487317954
-487324048
-487317954
-487331917
-487317954
-487317954
-487322736
-487323055
-487317954
-487317954
-487329474
-487317954
-487317954
-487335566
-487317954
-487317954
-487319908
-487317954
-487317954
-487331241
-487317954
-487317954
-487336657
-487317954
-487333489
-487317954
-487328667
-487317954
-487319353
-487317954
Queue is Full
-487317954
-487326387
-487317954
-487323764
-487317954
-487317954
-487337571
-487332723
-487336275
-487317954
-487317954
-487334850
Queue is Full
Queue is Full
-487317954
-487326103
-487317954
-487337199
-487317954
-487322709
-487317954
-487317954
Queue is Full
-487317954
-487321562
-487317954
-487317954
-487320410
Queue is Full
-487317954
-487325550
-487337428
-487317954
-487320472
-487317954
-487321852
-487317954
-487328626
-487317954
-487331316
-487317954
-487317954
-487331903
-487317954
-487317954
-487334263
-487317954
-487325247
-487317954
-487336673
-487317954
-487322131
-487317954
-487332481
-487317954
-487317954
-487325049
-487322680
-487317954
-487321444
-487317954
-487324691
-487335581
-487317954
-487317954
-487324007
-487334424
-487317954
-487334527
-487317954
Queue is Full
-487317954
-487329415
-487317954
-487326912
-487317954
-487317954
-487330842
-487317954
-487317954
-487331919
-487317954
-487317954
-487325010
-487317954
-487334982
-487317954
-487317954
-487317954
-487332954
-487317954
-487328581
-487317954
-487317954
-487336572
-487317954
-487317954
-487331330
-487317954
-487317954
-487329680
-487318457
-487317954
-487317954
-487337254
-487317954
-487329915
-487336832
-487317954
-487317954
-487333499
-487317954
-487317954
-487336556
-487317954
-487317954
-487317954
-487335659
-487317954
-487328932
-487330532
-487336330
-487320351
-487317954
-487320649
-487331444
-487333755
-487317954
-487317954
-487321840
-487336330
-487326329
-487317954
-487332686
-487317954
-487317954
-487320638
-487336307
-487317954
-487317954
-487321707
-487317954
-487317954
-487330660
-487317954
-487328825
-487317954
-487317954
-487321007
-487317954
-487324639
-487317954
-487332061
-487331658
-487334728
-487317954
-487331904
-487333751
-487331644
-487317954
-487332575
-487317954
-487317954
-487324061
-487317954
-487318546
-487330837
-487317954
-487317954
-487317954
-487319093
-487323948
-487326215
-487317954
-487335278
-487317954
-487327455
-487332556
-487317954
-487317954
-487317954
Queue is Full
-487323017
-487317954
-487317954
-487334875
-487330938
-487317954
-487335279
-487317954
-487335339
-487317954
-487321545
-487336451
-487317954
-487317954
-487319795
-487317954
-487330098
-487317954
-487327635
-487334371
-487330677
-487317954
-487319149
-487317954
Queue is Full
-487320904
-487317954
-487323201
-487317954
-487317954
-487335087
-487318843
-487317954
-487335286
-487317954
-487323084
-487336316
-487319601
-487317954
-487317954
-487334302
-487333420
-487317954
-487317954
-487327554
-487317954
-487323362
-487317954
-487317954
-487317954
Queue is Full
-487335477
-487317954
-487335532
-487317954
-487317954
-487326883
-487317954
-487318540
-487323331
-487325918
-487317954
-487317954
-487317954
-487328210
-487317954
-487332689
-487324898
-487317954
-487317954
-487332513
-487317954
-487336207
-487320405
-487325083
-487317954
-487317954
-487317954
-487326706
-487333378
-487317954
-487317954
-487329162
-487332134
-487317954
-487337184
-487321462
-487320557
-487317954
-487317954
-487317954
-487317954
-487322050
-487317954
-487317954
Queue is Full
-487317954
-487337715
-487317954
-487329344
-487317954
-487323214
-487317954
-487317954
-487337892
-487317954
-487318627
-487317954
-487321237
-487317954
-487329940
-487317954
-487323950
-487317954
-487331229
-487317954
-487317954
-487317954
-487322327
-487317954
-487317954
-487324198
-487317954
-487317954
-487322966
-487318137
-487317954
-487335598
-487317954
Queue is Full
-487325683
-487317954
-487317954
-487319694
-487317954
-487337622
-487332469
-487317954
-487335369
-487332068
-487317954
-487328539
-487334720
-487317954
-487331777
-487317954
-487337260
-487332879
-487317954
-487331252
-487317954
-487317954
-487324560
-487317954
-487317954
Queue is Full
-487337016
-487317954
-487317954
Queue is Full
-487317954
-487321347
-487317954
Queue is Full
-487317954
-487336448
-487317954
-487330342
-487317954
-487327766
-487317954
-487317954
-487319329
-487317954
-487330305
-487317954
-487317954
-487330387
-487317954
-487325858
-487317954
-487325334
-487317954
Queue is Full
-487326039
-487317954
-487317954
-487329281
-487333081
-487317954
-487319864
-487329847
-487317954
-487317954
-487317954
-487319868
-487322662
-487335124
-487317954
-487317954
-487322097
-487317954
-487324123
-487317954
-487322625
-487317954
-487322446
-487317954
-487317954
-487319878
Queue is Full
-487333572
-487317954
-487325068
-487317954
-487317954
-487324053
-487317954
-487335823
-487317954
-487317954
-487334583
-487323310
-487323304
-487317954
-487324614
-487323512
-487317954
-487331708
-487334504
-487319709
-487325321
-487317954
-487317954
Queue is Full
-487328309
-487317954
-487317954
-487335553
-487317954
-487322911
-487317954
-487336063
-487330542
-487325662
-487317954
-487317954
-487317954
-487333254
-487317954
-487317954
Queue is Full
-487317954
-487321541
-487317954
-487333403
-487320516
-487317954
-487317954
-487317956
-487318318
-487317956
-487318377
-487317956
-487324343
-487331031
-487317956
-487317956
-487321113
Queue is Full
-487320379
-487317956
-487317956
-487333298
-487317956
Queue is Full
Queue is Full
-487322396
-487334919
-487317956
-487317956
-487329785
Queue is Full
-487332941
-487317956
-487332536
-487317956
-487327955
-487317956
-487332613
-487317956
-487327947
-487317956
-487317956
-487319519
-487332651
-487317956
-487321413
-487317956
-487317956
Queue is Full
-487317956
-487332625
-487317956
-487328157
-487317956
-487336670
-487336739
-487317956
-487326683
-487317956
Queue is Full
-487329793
-487317956
-487326725
-487317956
-487330475
-487317956
-487327006
-487317956
-487333660
-487329079
-487317956
-487317956
-487317956
-487333047
-487329764
-487317956
-487317956
-487327392
-487336957
-487317956
-487322910
-487324793
-487317956
-487336618
-487321651
-487317956
-487317956
-487325990
-487322678
-487317956
-487324766
-487317956
-487317956
-487317956
-487333022
-487332464
-487336701
-487317956
-487318400
-487317956
-487334793
Queue is Full
-487317956
-487323074
-487318646
-487317956
-487317956
-487320707
-487317956
-487326752
-487317956
-487325360
-487317956
-487325256
-487330482
-487317956
-487334356
-487333014
-487317956
Queue is Full
-487333793
-487327301
-487317956
-487317956
-487328882
-487319519
-487325599
-487317956
-487317956
Queue is Full
-487317956
-487335878
-487331714
-487317956
-487317956
-487320305
-487325260
-487317956
-487326048
-487317956
-487324808
-487317956
-487317956
-487327130
-487321292
-487317956
-487336897
-487333085
-487328986
-487319920
-487317956
-487317956
-487322372
-487317956
-487317956
-487335663
-487317956
-487317956
-487326033
-487323046
-487317956
-487327860
-487317956
-487322917
-487332182
-487331334
-487329310
-487317956
-487317956
Queue is Full
-487317956
-487327280
-487317956
-487317956
-487322171
-487337109
-487317956
-487328948
-487317956
-487317956
-487320201
-487317956
-487336745
-487328197
-487329385
-487317956
-487317956
-487332896
-487334143
-487317956
-487332431
-487317956
-487331900
-487333173
-487327195
-487317956
-487319943
-487337382
-487335689
-487317956
-487320788
-487317956
-487326653
-487317956
-487320399
-487317956
-487327052
-487317956
-487317956
-487317956
-487321783
-487328161
-487317956
-487325849
-487317956
-487317956
-487326186
-487317956
-487319720
-487317956
-487333980
-487325066
-487317956
Queue is Full
-487330253
-487317956
-487329827
-487317956
-487317956
-487317956
-487317956
Queue is Full
-487317956
Queue is Full
-487317956
-487317956
-487327206
-487317956
-487318286
-487317956
-487317956
Queue is Full
-487326192
-487317956
-487324479
-487317956
-487324677
-487317956
-487336975
-487324568
-487317956
-487317956
-487317956
-487329440
-487332642
-487322117
-487317956
-487318222
-487317956
-487330520
-487317956
-487336612
-487317956
-487319881
-487319252
-487334106
-487317956
-487331356
-487317956
-487333428
-487333859
-487317956
-487317956
-487317956
-487336713
-487330177
-487317956
-487335481
-487333056
-487317956
-487317956
-487334296
-487317956
-487327920
-487336328
-487317956
-487335614
-487317956
-487317956
-487327910
-487317956
-487326715
-487317956
-487317956
-487317956
-487327958
-487317956
-487326709
Queue is Full
-487327101
-487317956
-487328819
-487332359
-487317956
-487329017
-487317956
-487329199
-487317956
-487328057
-487336969
-487317956
-487327955
-487317956
-487318802
-487317956
-487322907
-487317956
-487337705
-487317956
-487319984
-487327946
-487317956
-487331129
-487317956
-487336679
-487317956
Queue is Full
-487317956
-487328675
-487328614
-487318213
-487323070
-487317956
-487317956
-487326009
-487317956
-487321373
-487322903
-487317956
-487319633
-487317956
-487317956
-487330101
-487317956
Queue is Full
-487317956
-487335913
-487317956
-487337122
-487317956
-487328102
-487317956
-487317956
-487326536
-487317956
-487317956
Queue is Full
-487319783
-487317956
-487320442
-487324151
-487317956
-487317956
-487319024
-487317956
-487317956
-487337304
-487317956
-487317956
-487317956
-487317956
-487319142
-487317956
-487334094
-487333455
-487327771
-487324558
-487326562
-487324892
-487317956
-487317956
-487320209
-487317956
-487317956
-487317956
-487317956
-487327674
-487320759
-487317956
-487323038
-487317956
-487317956
-487317956
-487317956
-487335558
-487317956
-487317956
-487319927
-487317956
-487328354
-487336224
-487317956
-487325058
-487317956
-487325005
-487331178
-487317956
-487320201
-487317956
Queue is Full
-487323855
-487317956
-487317956
-487325307
-487332251
-487324324
-487317956
-487335204
-487317956
-487317956
-487331987
-487317956
-487317956
-487327247
-487317956
-487336603
-487317956
-487317956
-487329835
-487317956
-487322684
-487317956
-487317956
-487336824
-487317956
-487317956
-487325631
-487337152
-487317956
-487317956
-487317956
-487319552
-487334279
-487317956
-487327206
Queue is Full
-487317956
Queue is Full
-487331077
Queue is Full
-487317956
-487334641
-487317956
-487324495
-487317956
-487330415
-487327488
-487317956
-487330672
-487317956
-487332414
-487317956
-487331013
-487317956
-487334303
-487334390
-487317956
-487317956
-487317956
Queue is Full
-487329898
-487317956
-487317956
-487323879
-487333189
-487317956
-487317956
Queue is Full
-487317956
Queue is Full
-487317956
-487333668
-487317956
-487319633
-487317956
-487337648
-487317956
-487319131
-487317956
-487317956
-487326012
-487317956
-487324424
-487317956
-487317956
-487317956
-487320251
-487317956
Queue is Full
-487332008
-487317956
-487317956
-487335396
-487317956
-487335679
-487323743
-487317956
-487317956
-487317956
-487326719
-487317956
-487317956
-487317956
-487329886
-487317956
-487337304
-487317956
-487317956
-487321568
-487328193
-487317956
-487319153
-487317956
-487317956
-487322293
-487329498
-487317956
-487328190
-487328368
-487317956
-487325239
-487327335
-487317956
-487317956
-487334169
-487317956
-487333422
-487317956
-487317956
-487326320
-487323811
-487323298
-487317956
-487335289
-487317956
-487326480
-487330905
-487317956
-487328772
-487317956
-487318219
-487317956
-487324505
-487334710
-487317956
-487317956
-487317956
-487330263
-487317956
-487328294
Queue is Full
-487324251
-487329303
-487317956
-487323680
-487326799
-487317956
-487317956
-487333743
-487317956
-487317956
-487317956
-487326284
-487317956
-487317956
-487326975
-487324304
-487317956
-487321105
-487317956
-487317956
-487323589
-487317956
Queue is Full
-487331269
-487317956
-487323849
-487317956
-487334536
-487317956
-487332825
-487330516
-487327703
-487321336
-487317956
-487317956
-487334097
-487319944
-487317956
-487317956
-487325627
-487317956
-487317956
-487321431
-487317956
-487320578
-487317956
-487323986
-487328275
-487331030
-487317956
-487317956
-487333882
-487317956
-487330204
-487317956
-487318911
-487317956
-487325004
-487317956
-487337589
-487317956
-487317956
-487322069
-487317956
-487332926
-487317956
-487337784
-487321582
-487317956
-487319505
-487317956
-487329732
-487318530
-487317956
-487331227
-487333120
-487317956
-487335069
-487317956
Queue is Full
-487317956
-487324290
-487317956
-487336764
-487317956
-487333755
-487317956
-487320626
-487321023
-487317956
-487317956
-487334715
-487317956
-487327023
-487317956
-487334943
-487317956
-487317956
-487318393
-487317956
-487317956
-487326092
-487326784
-487324938
-487317956
-487317956
-487321113
-487317956
-487317956
-487330025
-487336335
-487330172
-487317956
-487317956
Queue is Full
-487317956
-487325969
-487317956
-487336462
-487317956
Queue is Full
-487317956
-487320729
-487317956
-487317956
-487328526
-487317956
Queue is Full
-487329888
-487317956
-487317956
-487321207
Queue is Full
-487317956
-487317956
-487327543
-487318650
-487317956
-487331763
-487330881
-487317956
-487320646
-487317956
-487317956
-487327146
-487326594
-487317956
-487317956
-487320008
-487321691
-487317956
-487319461
-487317956
-487332841
-487317956
-487317956
-487331983
-487317956
-487318249
-487317956
-487323739
-487317956
-487336113
-487317956
-487318093
-487317956
-487329050
-487317956
-487317956
-487328701
-487317956
-487335852
-487321221
-487317956
-487336392
-487317956
-487331096
Queue is Full
-487317956
Queue is Full
-487321914
-487320725
-487317956
-487317956
-487320893
-487317956
-487317956
-487333853
-487317956
-487317956
-487322774
-487318026
-487325557
-487317956
-487317956
-487320481
-487317956
-487317956
-487334433
-487317956
-487335627
-487317956
-487317956
Queue is Full
Queue is Full
-487331771
-487317956
-487334023
-487319051
Queue is Full
-487321566
-487317956
-487319223
-487317956
-487317956
-487317956
Queue is Full
-487334207
-487335167
-487324535
-487337386
-487321581
-487332151
-487317956
-487325425
-487317956
-487317956
-487317956
-487328715
-487317956
-487317956
-487335493
-487317956
-487317956
-487331632
-487317956
-487332430
-487317956
-487317956
-487323668
-487317956
-487326636
-487317956
-487318784
-487334034
-487324915
-487326751
-487317956
-487317956
-487317956
-487321077
-487317956
-487330304
-487317956
-487317956
-487330117
-487317956
-487317956
-487321416
-487317956
-487329827
-487317956
Queue is Full
-487335481
-487337907
-487317956
-487317956
-487326380
-487317956
-487328781
-487329424
-487317956
-487317956
-487328820
-487317956
-487317956
-487333438
-487317956
-487322776
-487317956
-487326642
-487317956
-487334865
-487333209
-487317956
-487320837
-487317956
-487317956
-487324548
-487317956
-487330807
-487317956
-487331045
-487331502
-487317956
-487317956
-487325413
-487317956
-487328317
-487319596
-487317956
-487317956
-487323711
-487317956
-487317956
-487336601
-487334399
-487327720
-487336881
-487317956
-487335560
-487323850
-487317956
-487322735
-487326422
-487317956
-487317956
-487317956
-487317956
-487336338
-487317956
-487317956
-487324153
-487317956
-487317956
-487321345
-487317956
-487317956
-487322838
-487329452
-487317956
-487320776
-487317956
-487330192
-487317956
-487317956
-487323876
-487321575
-487324271
-487317956
-487321323
-487317956
-487317956
-487328487
-487317956
Queue is Full
-487317956
-487335384
-487317956
-487327192
-487318477
-487317956
-487336038
-487317956
-487317956
-487324398
-487317956
-487337501
-487317956
-487332359
-487317956
-487326433
-487317956
-487317956
-487317956
Queue is Full
-487328015
-487329213
Queue is Full
-487317956
Queue is Full
-487326314
-487317956
-487326327
-487317956
-487317956
-487330668
-487317956
-487318660
-487317956
-487317956
-487334246
-487320738
-487317956
-487317956
-487331733
-487322875
-487317956
-487317956
-487318011
-487318830
-487317956
-487335786
-487333784
-487317956
-487317956
-487331564
-487317956
-487317956
-487336080
-487317956
-487323994
-487317956
-487329076
-487317956
-487334890
-487331914
-487325255
-487317956
-487317956
-487321826
-487317956
-487317956
Queue is Full
-487317956
-487324443
-487317956
Queue is Full
-487329239
-487319293
-487326093
-487317956
-487317956
-487324767
-487326642
-487324810
-487332947
-487317956
-487337391
-487317956
-487317956
-487317956
-487317956
-487318746
-487336235
-487317956
-487320282
-487332047
-487317956
-487324648
-487317956
-487319043
-487334418
-487319444
-487317956
-487317956
-487334527
-487317956
-487317956
-487317956
-487330015
-487317956
-487317956
-487319695
-487333942
-487317956
-487317956
-487317956
-487330690
-487317956
-487334828
Queue is Full
-487326605
-487317956
-487317956
-487332210
-487317956
-487335599
-487317956
-487327662
-487317956
-487317956
-487337272
-487317956
-487330495
-487317956
-487317956
-487332436
-487332690
-487317956
-487320467
Queue is Full
-487324600
-487317956
-487317956
Queue is Full
-487317956
-487330264
-487317956
-487317956
-487317956
-487319621
Queue is Full
-487335353
-487317956
-487317956
-487325122
-487317956
Queue is Full
-487332751
-487319373
-487332362
-487317956
-487332271
-487317956
Queue is Full
-487328679
-487317956
-487317956
-487327966
-487317956
-487317956
-487332065
-487317956
-487322721
-487317956
-487317956
-487317987
-487336131
-487317956
-487320184
-487317956
-487321737
-487317956
-487323339
-487317956
-487317956
-487330676
-487317956
-487328337
-487330612
-487322763
-487317956
-487321927
-487317956
-487317956
-487317956
-487325325
-487317956
-487327358
-487323829
-487317956
-487317956
-487317956
-487329086
-487320989
-487317956
-487330101
-487317956
-487325928
-487332996
-487319230
-487329279
-487317956
-487317956
-487330938
-487317956
-487327102
-487317956
-487333947
-487317956
-487335086
-487318424
-487317956
-487317956
-487331765
-487329937
-487332302
-487335310
-487317956
-487335112
-487317956
-487322983
-487317956
-487317956
Queue is Full
-487317956
-487317956
-487323316
-487317956
-487326477
-487317956
-487317956
-487319027
-487317956
-487317956
-487322546
-487317956
-487317956
-487333622
-487328494
-487327305
-487318139
-487317956
-487317956
-487334773
-487317956
Queue is Full
-487321087
-487317956
-487317956
-487317956
-487328367
-487322927
-487317956
-487317956
-487337100
-487317956
-487324557
-487324335
-487319814
-487326053
-487317956
-487317956
-487327601
-487317956
-487327451
-487317956
-487325241
-487317956
-487317956
-487333374
-487325178
-487328745
-487317956
-487333770
-487317956
-487317956
-487317956
-487317956
-487319775
-487317956
-487317956
-487317956
-487335954
-487317956
-487329755
-487317956
-487325495
-487317956
-487328708
-487317956
-487333924
-487320167
-487317956
-487317956
-487333795
-487317956
-487317956
-487324632
-487325736
-487317956
-487333222
-487317956
-487317956
-487327009
-487322705
-487335402
-487317956
Queue is Full
-487317956
-487327586
-487317956
-487331074
-487334691
-487330813
-487325909
-487317956
-487317956
-487330055
Queue is Full
-487317956
Queue is Full
-487317956
-487336223
-487317956
-487326439
-487317956
-487320607
-487317956
Queue is Full
-487332086
-487317956
-487331422
-487332439
-487317956
-487321146
-487317956
Queue is Full
-487317956
-487319119
-487317956
-487328638
-487319378
-487325855
-487321433
-487323935
-487317956
-487333224
-487317956
-487317956
-487324564
-487317956
-487324813
-487320032
-487317956
-487336510
-487317956
-487317956
-487326394
-487331331
-487317956
-487320910
-487317956
-487317956
-487330919
-487317956
-487317956
-487321423
-487317956
-487333249
-487317956
-487323004
-487334372
-487328984
-487317956
-487317956
-487326418
-487317956
-487317956
-487319370
-487317956
-487317956
-487325431
-487317956
-487317956
-487317956
Queue is Full
-487332030
-487317956
-487322115
-487317956
-487317956
-487333052
-487336905
-487318144
-487317956
-487317956
-487335435
-487317956
-487317956
-487334712
-487332962
-487317956
-487317956
-487337430
-487322767
-487317956
-487317956
Queue is Full
-487317956
-487327463
-487317956
-487332189
-487317956
-487336074
-487317956
-487335218
-487317956
-487320403
-487317956
-487324340
-487317956
-487317956
-487327032
-487317956
Queue is Full
-487331685
-487331953
-487317956
-487319979
-487317956
-487324355
Queue is Full
-487317956
Queue is Full
-487318499
-487317956
-487336899
-487317956
-487328626
-487317956
-487328048
-487317956
-487317956
-487321252
-487317956
-487334172
-487317956
-487321218
-487330729
-487317956
-487335175
-487328679
-487327916
-487317956
-487335596
-487317956
-487331723
-487317956
-487318585
-487317956
-487333351
-487319789
-487317956
-487333837
-487317956
-487317956
-487317956
Queue is Full
Queue is Full
-487317956
-487317956
-487333609
-487332264
-487324274
-487319178
-487317956
-487328686
-487324018
-487324040
-487317956
-487317956
-487326561
-487317956
-487320609
-487317956
-487317956
-487326325
-487317956
-487317956
-487327157
-487328970
-487317956
-487322007
-487331470
-487317956
-487318682
-487332798
-487329551
-487317956
-487317956
-487317956
-487333842
-487317956
-487317956
-487318820
-487317956
-487317956
-487336768
Queue is Full
-487317956
-487319273
-487324010
-487317956
-487318329
-487317956
-487317956
-487317956
-487317956
-487321756
-487317956
-487317956
-487337799
-487321473
-487317956
-487324764
-487317956
-487323432
-487318225
-487317956
-487317956
-487317956
-487317956
-487327600
-487317956
-487317956
-487317956
-487334911
-487317956
-487329738
-487327821
-487317956
-487317956
-487335967
-487317956
-487317956
-487320249
-487317956
-487331973
-487317956
-487331014
-487325446
-487317956
-487329275
-487317956
-487331018
-487317956
-487318448
-487317956
-487325320
-487329580
-487317956
-487331306
-487317956
-487317956
-487318757
-487317956
-487333891
-487317956
-487317956
Queue is Full
-487331511
-487323116
-487317956
-487331430
-487317956
-487319222
-487330404
-487331254
-487317956
-487332074
-487322895
-487337451
-487317956
-487317956
Queue is Full
Queue is Full
-487326703
-487317956
Queue is Full
-487317956
-487335411
-487317956
-487317956
-487320870
Queue is Full
-487336613
-487327375
-487317956
-487317956
-487333430
-487320613
-487323595
-487317956
-487317956
-487326220
-487334236
-487324085
-487317956
-487317956
-487334651
-487326525
-487335904
-487328030
-487317956
-487323967
-487318913
-487324042
-487317956
-487331690
-487317956
-487317956
-487317956
Queue is Full
-487317956
-487321058
-487334276
-487317956
-487328481
-487332282
-487321116
-487323006
-487317956
-487317956
-487322709
-487337880
-487317956
-487323716
-487317956
-487317956
-487333057
-487317956
-487317956
-487317956
-487319929
-487336050
Queue is Full
-487317956
-487331504
-487331023
-487317956
-487323299
-487317956
-487319961
-487317956
-487317956
-487334590
-487328108
-487317956
-487317956
-487317956
-487326126
-487317956
-487323361
-487317956
-487330192
-487329195
-487317956
-487336689
-487317956
-487332811
-487317956
-487326115
-487317956
-487336843
-487317956
Queue is Full
-487327287
-487317956
-487317956
-487337529
-487322325
-487317956
-487317956
-487317956
-487335509
-487336209
-487320060
-487325574
-487317956
-487317956
-487317956
-487332411
-487317956
-487324921
-487317956
-487332364
-487323108
-487317956
-487317956
-487318183
-487317956
-487337691
-487326699
-487317956
-487317956
-487325962
-487331360
-487330034
-487317956
-487331068
-487317956
-487321913
-487317956
-487326123
-487317956
-487330052
-487317956
-487317956
-487323092
-487317956
-487335448
-487317956
-487317956
-487327033
-487317956
-487318088
-487317956
-487332971
-487331765
-487331924
-487317956
-487321574
-487317956
-487317956
-487317956
-487317956
-487317956
-487320030
-487317956
-487323188
-487317956
-487317956
-487326435
-487317956
-487336658
-487324270
-487317956
-487317956
-487317956
-487332291
-487317956
-487327579
-487317956
-487317956
-487335083
-487325207
-487317956
-487317956
-487333762
-487317956
-487318443
-487317956
-487317956
-487335186
-487320129
-487317956
-487337536
-487317956
-487330729
-487321493
-487317956
-487317956
-487326135
-487334866
-487324578
-487322458
-487317956
-487317956
-487318234
-487317956
-487328422
-487317956
-487331044
-487317956
-487324754
-487317956
-487317956
-487317956
-487317956
-487329220
-487330824
-487317956
-487317956
-487329978
-487317956
-487319277
-487317956
-487333884
Queue is Full
-487317956
-487329090
-487317956
-487328481
-487317956
-487325074
-487317956
-487336333
-487317956
-487331375
-487317956
-487326132
-487323396
-487317956
-487317956
-487323984
-487317956
-487317956
-487325477
-487321102
-487329441
-487317956
-487317956
-487317956
-487318931
-487324400
-487325452
-487317956
-487331513
-487317956
-487329971
-487321685
-487317956
-487329558
-487320120
-487323280
-487317956
-487317956
-487317956
-487317956
-487333682
-487317956
-487330417
-487317956
-487328087
-487317956
-487334633
-487321236
-487317956
-487317956
-487335376
-487317956
-487317956
-487333447
-487317956
-487317956
-487327627
-487317956
-487328455
-487334327
-487317956
-487323161
-487317956
-487317956
Queue is Full
-487317956
-487323049
-487317956
-487332403
-487317956
-487333294
-487317956
-487317956
-487326379
-487317956
-487323744
-487322006
-487317956
-487329851
-487317956
-487323522
-487317956
-487321920
-487317956
-487328733
-487317956
-487334200
-487325089
-487334968
-487317956
-487317956
-487326269
-487335950
-487331523
-487317956
Queue is Full
-487317956
-487318875
-487317956
-487319851
-487317956
-487317956
-487335820
Queue is Full
-487335343
-487317956
-487317956
-487319305
-487317956
-487327476
-487317956
-487329504
-487317956
-487317956
-487332168
-487325744
-487317956
-487320454
-487317956
-487323435
-487317956
-487332530
-487336873
-487317956
-487333028
-487317956
-487317956
-487337226
-487317956
-487319201
-487324079
-487317956
-487324580
-487317956
-487317956
-487332535
-487317956
-487318336
-487317956
-487322113
-487317956
-487334577
-487329204
-487317956
-487317956
-487317956
-487317956
-487333540
-487328770
-487317956
-487318635
-487317956
-487321291
-487317956
-487317956
-487319604
-487317956
-487317956
-487321032
-487317956
-487320511
-487317956
-487317956
-487324672
-487317956
-487321392
-487328866
-487317956
-487317956
-487335416
-487317956
-487321296
-487317956
-487317956
Queue is Full
-487317956
-487318335
-487317956
-487329905
-487317956
-487333452
-487317956
-487322298
-487329368
-487317956
-487317956
-487324038
-487329733
-487317956
-487319559
-487317956
-487331575
Queue is Full
-487317956
-487317968
-487317956
-487323200
-487327638
-487317956
-487317956
-487317956
-487318840
-487317956
-487326527
-487317956
-487336820
-487317956
-487317956
-487333687
-487317956
-487323116
-487317956
-487329902
-487317956
-487331282
-487317956
-487330805
-487317956
-487317956
-487326594
-487317956
-487332673
-487331089
-487317956
-487317956
-487317956
-487321265
-487317956
-487317956
-487322631
-487317956
Queue is Full
-487317956
-487320903
-487317956
-487317956
-487333008
-487317956
-487322609
-487317956
-487317956
-487317956
-487321223
-487317956
-487334767
-487333247
-487320377
-487317956
-487317956
-487317956
-487318428
-487317956
Queue is Full
-487317956
-487329957
-487317956
-487317956
-487317956
-487331989
-487317956
-487330795
-487317956
Queue is Full
-487317956
-487322889
-487317956
-487317956
-487330548
-487317956
-487322531
-487317956
-487331851
-487331026
-487336509
-487330708
-487317956
Queue is Full
-487325854
-487317956
-487324955
-487317956
-487318610
-487317956
-487317956
-487317956
-487332035
-487317956
-487325700
-487317956
-487327625
-487317956
-487329620
-487328249
-487336417
-487317956
-487333666
-487330210
-487317956
-487318069
-487317956
-487317956
-487337886
-487317956
-487318687
-487317956
Queue is Full
-487334212
-487317956
-487323081
-487317956
Queue is Full
-487325757
-487317956
-487317956
-487321052
-487317956
-487317971
-487317956
-487327855
-487317956
-487320124
-487317956
-487317956
-487327980
-487317956
-487330850
-487317956
-487334023
-487317956
-487334016
-487317956
-487317956
-487318004
-487322440
-487317956
-487317956
-487333949
-487321670
-487317956
-487317956
-487319022
-487317956
-487320145
-487317956
-487317956
-487328022
-487317956
Queue is Full
-487320566
-487317956
-487325021
-487317956
-487317956
-487329608
Queue is Full
-487318692
-487330302
-487327502
-487317956
-487325829
Queue is Full
-487321666
-487317956
-487317956
-487332642
-487323400
Queue is Full
-487317956
-487327963
-487317956
-487333847
-487317956
-487317956
-487332403
-487325666
-487317956
-487326565
-487317956
-487317956
-487324920
-487317956
-487317956
-487319857
-487317956
-487317956
-487319698
-487317956
-487322051
-487322213
-487317956
-487317956
-487332202
-487332276
-487317956
-487330144
-487331039
-487317956
-487330030
-487323874
-487317956
-487317956
-487318433
-487317956
-487317956
-487322068
-487317956
-487322724
-487317956
-487325516
-487317956
-487335017
-487317956
Queue is Full
-487317956
-487332954
-487326176
-487317956
-487317956
-487319288
-487331508
-487317956
-487317956
-487329650
-487317956
-487335094
-487321326
-487317956
-487319224
Queue is Full
-487317956
-487336436
-487317956
-487317956
-487334920
-487321682
-487317956
-487326007
-487317956
-487317956
-487328071
-487317956
-487336613
-487317956
-487323930
-487329081
-487317956
-487321247
-487317956
-487317956
-487320535
-487317956
-487324505
-487317956
-487317956
-487325807
-487317956
-487317956
Queue is Full
-487335675
-487317956
-487322888
-487318728
-487317956
-487317956
-487323946
-487317956
-487328055
-487336828
-487327806
-487317956
-487317956
-487332736
-487317956
-487333335
-487317956
-487326571
-487331946
-487335578
-487317956
-487330348
-487317956
-487325433
-487317956
-487336719
-487317956
-487331027
-487328799
-487317956
-487334964
-487317956
-487317956
-487317956
-487333679
-487317956
-487324835
-487317956
-487320484
-487317956
-487325231
-487317956
-487317956
-487327457
-487321704
-487317956
-487317956
-487327891
-487317956
-487324563
-487317956
-487327279
-487317956
-487330833
-487319748
-487317956
-487337052
-487317956
-487336445
-487317956
-487319320
-487329663
-487317956
-487321519
-487322657
-487319217
-487317956
-487317956
-487317956
-487329831
-487330467
-487317956
-487319787
-487317956
-487333205
-487317956
-487317956
-487320812
-487317956
-487333293
-487317956
-487317956
-487335755
-487331948
-487317956
-487325595
-487327588
-487334618
-487331357
-487317956
-487328090
-487330014
-487317956
-487317956
-487333536
-487317956
-487317956
-487317956
-487323052
-487322618
-487320880
-487318501
-487317956
-487319631
-487317956
-487317956
-487331323
-487317956
-487322893
-487335340
-487317956
-487318625
-487317956
Queue is Full
-487328507
-487317956
-487325416
-487323664
-487317956
-487317956
-487320442
-487317956
-487317956
-487319385
-487332043
-487317956
-487331658
-487322508
-487317956
-487334172
-487317956
-487323766
-487317956
-487326463
-487322261
-487317956
-487317956
-487320614
-487317956
-487331334
-487317956
-487322197
-487317956
-487334090
-487318989
-487317956
-487320251
-487317956
-487317956
-487337546
-487317956
-487317956
-487317956
-487326308
-487317956
-487321021
-487324982
-487317956
-487328950
-487317956
-487317956
Queue is Full
Queue is Full
-487328391
-487335223
-487317956
-487335400
-487317956
-487337853
-487317956
Queue is Full
-487324352
-487330808
-487317956
-487337041
-487321937
-487317956
-487317956
-487329456
-487317956
-487317956
-487317956
-487330141
-487317956
-487317956
-487317956
-487328076
-487321116
-487317956
-487321817
-487317956
-487317956
-487317956
-487326554
-487317956
-487336465
-487325968
-487317956
-487335503
-487317956
-487332138
-487317956
-487332426
-487317956
-487317956
-487331056
-487324315
-487317956
-487319466
-487317956
-487328036
-487336171
-487317956
-487332507
-487317956
-487317956
-487331510
-487328195
-487317956
-487317956
-487329551
-487317956
-487327062
-487317956
-487337657
-487317956
-487329219
-487317956
-487329196
-487317956
-487318731
-487317956
-487334973
-487317956
-487335881
-487320329
-487331605
-487317956
-487317956
-487317956
-487317956
-487331697
-487317956
-487317956
-487321675
-487331484
-487317956
-487317956
-487322008
-487317956
-487318109
-487317956
-487317956
-487321091
-487319340
-487317956
-487317956
-487317956
-487323557
-487317956
Queue is Full
-487322002
-487317956
-487319375
-487317956
-487319593
-487317956
Queue is Full
-487318283
-487331109
-487317956
Queue is Full
-487335944
-487328096
-487333880
-487317956
-487317956
-487328570
-487317956
-487330460
-487317956
-487333717
-487317956
-487317956
-487317998
-487317956
-487325413
-487317956
-487317956
-487327296
-487317956
-487328707
-487317956
-487317956
-487321256
-487317956
-487327494
-487317956
-487332450
-487317956
-487335554
-487317956
-487317956
-487333081
-487317956
-487317956
-487331881
-487322479
-487317956
-487325747
-487317956
-487329490
-487317956
-487323925
-487317956
-487319221
-487317956
-487319329
-487317956
-487328981
-487330474
-487317956
-487317956
-487336913
-487317956
-487317956
Queue is Full
Queue is Full
-487317956
-487319673
-487317956
-487319834
-487324574
-487317956
-487319135
-487317956
-487323673
-487317956
-487317956
-487317956
-487328818
-487317956
-487331537
-487317956
-487334698
-487322832
-487317956
-487317956
-487330702
-487317956
-487317956
-487334477
-487319966
-487317956
-487330382
-487317956
-487337000
-487317956
-487317956
-487330688
-487327415
-487317956
-487317956
Queue is Full
-487317956
-487322455
-487317956
-487317956
-487319295
-487317956
-487319844
-487317956
-487332042
-487317956
-487323396
-487317956
-487336666
-487320804
-487317956
-487323760
Queue is Full
-487317956
-487328765
-487319774
-487317956
-487321067
-487317956
-487320421
-487317956
-487317956
-487332932
-487319602
-487317956
-487327489
-487317956
-487336206
-487317956
-487335529
-487318239
-487336194
-487317956
-487334694
-487327703
-487317956
-487334639
-487317956
-487317956
-487317956
-487320635
-487336457
-487317956
-487317956
-487322385
-487317956
-487317956
-487327344
-487317956
-487331374
-487317956
Queue is Full
-487317956
Queue is Full
-487317956
-487328658
-487317956
-487329191
-487317956
-487317956
-487336623
-487317956
Queue is Full
-487322060
-487317956
-487331127
-487317956
Queue is Full
-487321050
-487317956
-487330272
-487317956
-487325149
-487317956
-487337641
-487317956
-487324382
-487334650
-487317956
-487317956
-487317956
-487327897
-487317956
-487321972
Queue is Full
-487326250
-487317956
-487327039
-487317956
Queue is Full
Queue is Full
-487321868
-487317956
-487317956
Queue is Full
-487317956
-487337909
-487317956
-487334502
-487317956
-487317956
-487330491
-487317956
Queue is Full
-487317956
-487321917
-487317956
-487317956
-487336429
-487317956
-487317956
-487329729
-487335725
-487317956
-487332163
-487317956
-487324964
-487322523
-487320411
-487317956
-487317956
-487327864
-487317956
-487317956
-487317956
-487333283
-487334170
-487317956
-487331900
-487317956
-487317956
-487336779
-487317956
-487317956
-487317956
-487317956
-487329711
-487336752
-487317956
-487317956
-487317956
-487327464
-487317956
Queue is Full
-487330831
-487317956
-487326101
-487328841
-487317956
-487317956
-487319490
-487317956
-487317956
-487331763
-487317956
-487324282
-487317956
-487331136
-487317956
-487317956
-487322316
-487320997
-487317956
-487327695
-487320934
-487319511
-487317956
-487320197
-487317956
-487317956
-487333069
-487326635
-487319405
-487317956
-487330517
-487317956
-487317956
-487336564
-487326587
-487317956
-487329343
-487317956
-487320961
-487317956
-487333369
-487321631
-487331050
-487329332
-487317956
-487317956
-487332034
-487317956
-487317956
-487320248
-487317956
-487317956
-487324196
-487317956
-487323922
-487317956
-487332384
-487318420
-487317956
-487317956
-487336015
-487336407
-487326126
-487330336
-487327654
-487317956
-487322835
-487317956
-487317956
-487328642
-487317956
-487327479
-487317956
-487317956
-487334830
-487317956
-487322234
-487317956
-487317956
-487332588
-487317956
-487317956
-487336383
-487333677
-487322608
-487317956
-487322940
-487317956
-487317956
-487318891
-487317956
-487318734
-487317956
Queue is Full
-487332032
-487317956
-487320294
-487330570
-487317956
-487325417
-487317956
-487329797
-487317956
-487317956
-487329231
-487337361
-487322028
-487317956
-487320655
-487322202
-487317956
-487328882
-487319963
-487317956
-487317956
-487318956
-487317956
-487317956
-487328890
-487317956
-487317956
-487322736
-487317956
-487332165
-487336322
-487317956
Queue is Full
-487335352
-487323115
-487335401
-487317956
-487334157
-487337424
-487317956
-487317956
-487320068
-487317956
Queue is Full
-487327034
-487317956
-487317956
-487317956
-487317956
-487335720
-487317956
-487317956
-487319932
-487317956
-487323547
-487317956
-487317956
-487330823
-487317956
-487323753
-487329639
-487317956
-487333646
-487317956
-487317956
-487337206
-487317956
-487322074
Queue is Full
-487333728
-487330530
-487317956
-487330500
-487317956
-487317956
-487317956
-487325506
-487317956
-487322435
-487317956
Queue is Full
-487336190
-487336698
-487320461
-487317956
-487317956
-487330466
-487322404
-487328662
-487317956
-487337545
-487334472
-487317956
-487336786
-487335559
-487317956
-487322789
Queue is Full
-487317956
Queue is Full
-487336863
-487319202
-487317956
-487336165
-487317956
-487317956
-487317956
-487317956
Queue is Full
-487317956
-487325609
-487317956
-487317956
Queue is Full
-487335035
-487332559
-487323401
-487317956
-487317956
-487335608
-487317956
-487317956
-487317956
-487325530
-487317956
-487317956
-487317956
-487337558
-487317956
-487334979
-487320734
-487324718
-487331562
-487317956
-487317956
-487324766
-487317956
-487317956
-487333052
-487325971
-487325913
-487317956
-487318598
-487336107
-487317956
Queue is Full
Queue is Full
-487317956
Queue is Full
-487317956
-487321716
-487325476
-487334826
-487317956
-487331557
-487317956
-487335507
-487334515
-487332011
-487317956
-487322888
-487326241
-487319826
-487317956
-487324863
-487317956
-487320218
-487317956
-487330704
-487322334
-487317956
-487317956
Queue is Full
-487317956
-487323216
-487317956
-487317956
-487317956
-487335384
-487317956
-487337492
-487337236
-487323383
-487317956
-487334202
-487337058
-487317956
-487326075
-487317956
-487336443
-487330325
-487317956
-487319072
-487317956
-487329691
-487336664
-487317956
-487317956
-487317956
-487317956
-487332496
-487317956
-487317956
-487317956
-487336710
-487317956
-487317956
-487320999
-487333873
-487317956
-487317956
-487317956
-487317956
-487336606
-487321517
-487317956
-487317956
-487317956
-487322442
-487317956
-487317956
-487326130
-487331710
-487317956
Queue is Full
-487317956
Queue is Full
-487317956
Queue is Full
-487336694
-487325953
-487317956
-487317956
-487337732
-487319046
-487317956
-487326056
-487317956
-487321898
-487317956
-487317956
-487317956
-487333896
-487317956
-487324487
-487317956
-487325131
-487336331
-487317956
-487317956
-487328251
-487330883
-487317956
-487317956
-487327793
Queue is Full
-487317956
-487327140
-487317956
-487334627
-487317956
-487325814
-487317956
-487331701
-487317956
-487317956
-487330301
-487317956
-487327431
-487317956
-487320956
-487317956
-487323808
-487322858
-487317956
-487317956
Queue is Full
-487317956
-487327929
-487317956
-487331151
-487317956
-487334008
-487319002
-487320532
-487317956
-487322876
-487335044
-487317956
-487317956
-487317956
-487326018
-487317956
-487319190
-487332240
-487334863
-487317956
-487317956
-487317956
-487317957
-487331019
-487317957
-487337526
-487326227
-487324346
-487317957
-487317957
-487317957
-487317957
-487329325
Queue is Full
-487334758
-487317957
-487317957
-487330406
-487329990
-487324750
-487317957
-487330424
-487317957
-487335650
-487317957
-487333722
-487317957
-487318413
-487325466
-487317957
-487317957
-487325017
-487317957
-487337427
-487332494
-487323286
-487327908
-487326599
-487317957
-487317957
-487336850
-487325550
-487317957
-487317957
-487327535
-487317957
-487335214
-487317957
-487317957
-487317957
-487317957
Queue is Full
-487317957
-487325942
-487324250
-487317957
-487322326
-487317957
-487323108
-487331573
Queue is Full
-487336487
-487317957
-487317957
-487336018
-487320417
-487317957
-487317957
-487325210
-487323685
-487317957
-487317957
Queue is Full
-487332307
-487317957
-487329343
-487333115
-487317957
-487317957
-487318763
-487317957
-487317957
-487322134
-487317957
-487325656
-487317957
-487317957
Queue is Full
-487326717
-487319726
-487337042
-487317957
Queue is Full
-487317957
-487325622
-487318036
-487322188
-487317957
-487337444
-487317957
-487335794
-487317957
-487317957
-487335602
-487337676
-487317957
-487333573
-487317957
-487331940
-487317957
-487317957
Queue is Full
-487317957
-487318995
-487317957
-487320938
-487317957
-487331579
-487317957
-487317957
-487331867
-487317957
-487336361
-487317957
-487317957
-487332497
-487317957
-487319576
-487317957
-487317957
-487324077
-487336246
-487317957
-487319193
-487320837
-487317957
-487325131
-487317957
-487317957
-487330353
-487317957
-487317957
-487334614
-487317957
-487317957
-487325432
-487317957
-487317957
-487333388
-487317957
-487333927
-487317957
-487323452
-487336981
-487317957
-487331577
-487317957
-487332464
-487337416
-487322421
-487329229
-487317957
-487317957
-487334006
-487317957
-487317957
-487320192
-487317957
-487317957
-487331304
-487317957
-487317957
-487323548
-487317957
-487317957
Queue is Full
-487331947
-487317957
-487317957
-487335208
-487317957
-487325887
-487317957
-487337275
-487317957
-487335829
Queue is Full
-487317957
Queue is Full
Queue is Full
-487317957
-487317957
-487324038
-487321833
-487334904
-487317957
-487317957
-487329163
-487317957
-487317957
-487320928
-487327107
Queue is Full
-487323933
-487333284
-487332132
-487317957
-487317957
Queue is Full
-487317957
-487324790
-487317957
-487325927
-487317957
-487317957
-487317957
-487317957
-487334799
-487317957
-487317957
-487322187
-487317957
-487322629
-487317957
-487334060
-487320800
-487317957
-487317957
-487326782
-487317957
-487323896
-487317957
-487317957
-487317957
Queue is Full
-487329934
-487317957
Queue is Full
-487324305
-487319679
-487317957
-487317957
-487317957
-487321055
-487317957
-487318701
-487317957
-487323412
-487330691
-487317957
-487328034
-487317957
-487332050
-487334079
-487317957
-487330512
-487326918
-487317957
-487317957
-487336173
-487322130
-487317957
-487320450
-487317957
-487325326
-487317957
-487331281
-487317957
-487317957
-487336299
-487317957
Queue is Full
-487317957
-487319538
-487317957
-487326991
-487317957
-487332140
-487317957
-487317957
-487330525
-487317957
-487321921
-487317957
-487318800
-487317957
-487336631
-487331703
-487337318
-487317957
-487320479
-487317957
-487317957
-487324972
-487317957
-487334437
-487317957
-487335789
-487328574
-487317957
-487331461
-487317957
-487326342
-487317957
-487317957
-487322266
-487336955
-487327819
-487317957
-487333020
-487317957
-487324918
-487317957
-487324070
-487317957
-487317957
-487321170
-487318716
-487317957
-487337508
-487317957
-487331929
-487317957
-487331024
-487324728
-487317957
-487317957
-487323512
-487322313
-487326802
-487330730
-487325916
-487317957
-487317957
-487321521
-487317957
-487317957
-487331016
-487317957
-487324343
-487331852
-487317957
-487321900
-487331419
-487317957
-487317957
-487336598
-487317957
-487317957
-487335541
-487317957
-487336125
-487317957
Queue is Full
-487317957
-487327026
-487324159
-487322477
-487317957
-487319389
-487317957
-487317957
-487317957
-487317957
-487337836
-487317957
-487317957
-487336506
-487333839
-487317957
-487330362
-487317957
-487336622
-487317957
Queue is Full
-487332794
-487317957
-487324824
-487317957
-487337043
-487317957
-487323365
-487335892
-487317957
-487328990
-487317957
-487317957
-487335849
-487329858
-487330200
-487320710
-487324551
-487328678
-487337040
-487323601
-487317957
-487317957
-487337206
-487334357
-487317957
-487317957
-487334086
-487317957
-487317957
-487317957
-487317957
-487317957
-487317957
-487317957
-487332230
-487317957
-487317957
-487320706
-487335213
-487317957
-487317957
-487317957
-487335489
-487317957
-487326144
-487317957
-487334215
-487317957
-487317957
-487336072
-487317957
-487317957
-487317957
-487333824
-487317957
-487317957
-487318045
-487317957
-487317957
-487318095
-487317957
-487322150
-487317957
-487335461
-487317957
-487317957
-487317957
-487319542
-487317957
Queue is Full
-487317957
Queue is Full
-487317957
-487322835
-487336559
-487317957
-487317957
Queue is Full
-487317957
-487317957
-487321797
-487332810
-487317957
-487322780
-487317957
-487317957
-487333008
-487328259
-487317957
-487317957
-487328959
-487323232
-487328498
-487317957
-487317957
-487317957
-487332076
-487329072
-487317957
-487322382
-487337103
-487317957
-487327267
-487317957
-487317957
-487331626
-487327258
-487317957
-487317957
-487321458
-487317957
-487332159
-487317957
-487317957
-487333556
Queue is Full
-487317957
Queue is Full
-487336308
-487322904
-487319443
-487333186
-487321254
-487317957
-487330694
-487331607
-487317957
-487317957
-487328557
-487317957
-487327834
-487330627
-487327413
-487317957
-487323902
-487321885
-487317957
-487319661
-487317957
-487321953
-487317957
-487319398
-487317957
-487331003
-487317957
-487317957
-487335138
-487333841
-487317957
-487334440
-487330931
-487336047
-487317957
-487317957
-487317957
-487317957
-487325612
-487333369
-487317957
-487332324
-487317957
-487321087
-487317957
-487334908
Queue is Full
-487317957
Queue is Full
-487324216
-487317957
-487317957
Queue is Full
-487331035
-487317957
-487318102
-487334459
-487317957
-487317957
-487325586
-487327049
-487317957
-487329270
-487317957
Queue is Full
-487319695
-487317957
-487334336
-487333086
-487317957
-487317957
-487317957
-487332487
-487317957
-487330769
-487317957
-487317957
-487322769
-487330170
-487317957
-487317957
-487317981
-487317957
-487317957
-487334436
-487317957
-487329421
-487317957
-487319892
Queue is Full
-487323443
-487329661
-487317957
-487320602
-487317957
-487328212
-487317957
-487323981
-487317957
-487323827
-487319725
-487319020
-487322387
-487331084
-487317957
-487317957
-487323589
-487317957
-487328944
-487324721
-487329000
-487317957
-487317957
-487337712
-487317957
-487318506
-487328376
-487317957
-487329766
-487317957
-487326617
-487317957
-487317957
-487337599
-487317957
-487317957
Queue is Full
Queue is Full
-487317957
-487323909
-487317957
-487329001
-487329004
-487317957
Queue is Full
-487318314
-487317957
-487334772
-487333256
-487317957
-487317957
-487326090
-487317957
-487317957
-487323154
-487334940
-487317957
-487330856
-487317957
-487328775
-487317957
-487336704
-487324408
-487317957
-487321614
-487317957
-487337934
-487336152
-487317957
-487317957
-487318690
-487317957
-487336990
-487317957
-487317957
-487337387
-487318793
-487317957
-487317957
-487317957
-487321911
-487317957
-487325860
-487317957
Queue is Full
-487317957
Queue is Full
-487321708
-487317957
-487323517
-487317957
-487317957
-487321603
-487337830
-487324559
-487317957
-487337215
-487317957
-487331110
-487317957
-487317957
-487334490
-487328215
-487317957
-487328828
-487317957
-487317957
-487332256
-487328621
-487336430
-487332794
-487317957
-487317957
-487337283
-487320756
-487317957
-487329297
-487317957
-487319196
-487317957
-487327657
-487317957
-487329405
-487317957
-487335956
-487317957
-487334108
-487317957
-487331795
-487317957
-487317957
-487326389
-487317957
-487333547
-487317957
-487318751
-487329514
-487334844
-487317957
-487317957
-487321080
-487325008
-487322508
-487322974
-487336242
-487317957
-487325214
-487317957
-487317957
-487332348
-487327743
-487317957
-487334639
-487317957
-487317957
-487321557
-487319528
-487317957
-487328824
-487333007
-487317957
-487330943
-487317957
-487324992
-487317957
-487326264
-487317957
-487325051
-487337814
-487322879
-487317957
-487317957
-487336589
-487317957
-487317957
-487327700
-487317957
-487317957
-487318738
-487317957
-487336894
-487320009
-487317957
-487321874
-487332997
-487321934
-487317957
-487317957
-487328344
-487317957
-487327650
-487317957
-487317957
Queue is Full
-487317957
-487336575
-487335416
-487323041
-487321752
-487317957
-487317957
-487337130
-487317957
-487334468
-487337546
-487334430
-487317957
-487322585
-487333282
-487317957
-487317957
-487329377
-487321752
-487317957
-487336527
-487317957
-487327259
-487317957
-487317957
Queue is Full
-487330057
-487317957
-487326791
Queue is Full
-487318755
-487318977
-487317957
-487326941
Queue is Full
-487317957
-487336932
-487317957
-487325015
-487317957
Queue is Full
Queue is Full
-487337930
-487317957
-487317957
-487321265
-487317957
-487325816
-487317957
-487317957
-487319922
-487317957
-487317957
-487317957
-487317957
-487336028
-487317957
-487333180
-487317957
-487326126
-487317957
-487325129
-487317957
-487327824
-487326098
-487337906
-487336617
-487317957
-487326075
-487328306
-487317957
-487321484
-487328964
-487317957
-487317957
-487317957
-487333080
-487317957
-487327131
-487318765
-487334276
-487335139
-487336527
-487317957
-487317957
-487317957
-487337652
-487317957
-487317957
-487317957
-487329825
-487317957
-487325440
-487317957
-487317957
-487330808
-487332943
-487317957
-487337418
-487317957
-487333858
-487317957
-487321097
-487325499
-487317957
-487328347
-487317957
-487331695
-487317957
-487317957
-487320004
-487317957
-487317957
Queue is Full
-487334314
-487317957
-487324851
-487317957
-487317957
-487321153
-487317957
-487329816
-487327882
-487326504
-487317957
-487328781
-487317957
-487326802
-487323439
-487317957
-487319686
-487317957
-487329973
-487317957
-487317957
-487325139
-487324420
-487317957
-487329360
-487337572
-487317957
-487337191
-487317957
-487317957
-487317957
-487332747
-487324426
-487317957
-487317957
-487332745
-487317957
-487328784
-487319409
-487317957
-487317957
-487327724
-487317957
-487334257
-487317957
-487334598
-487327013
-487317957
-487325299
-487317957
Queue is Full
-487321914
-487317957
-487317973
-487317957
-487317957
-487332270
-487317957
-487317957
-487331435
-487325281
-487317957
-487317957
-487334202
-487317957
-487317957
-487329820
-487329754
-487317957
Queue is Full
-487325943
-487328089
-487317957
-487317957
-487324594
-487317957
-487317957
-487335220
-487326018
-487317957
-487332075
-487337451
-487317957
-487335649
-487317957
-487333991
-487317957
-487323565
-487330959
-487337350
-487317957
-487317957
-487323488
-487317957
-487317957
-487336666
-487317957
-487317957
-487323073
-487321728
-487331043
-487325574
-487323263
-487317957
-487317957
-487335113
-487317957
-487324881
-487317957
-487319620
-487317957
-487317957
-487335219
-487317957
-487335153
-487317957
-487336035
-487317957
-487317957
-487328978
-487317957
-487321155
-487331795
-487317957
-487325456
-487328274
-487317957
-487333498
-487323637
-487317957
-487319058
-487320092
-487317957
-487317957
-487331950
-487324800
-487317957
-487317957
-487320057
-487317957
-487317957
-487328692
-487317957
-487320074
-487317957
-487317957
-487332364
-487323979
-487319586
-487317957
-487317957
-487331150
-487323770
-487322700
-487317957
-487317957
-487336038
-487317957
-487331150
-487318611
-487317957
-487330755
-487317957
-487322737
-487317957
-487317957
-487326567
-487317957
-487317957
-487321498
-487337569
-487317957
-487333061
-487324633
-487317957
-487317957
-487336164
-487317957
-487317957
Queue is Full
-487336977
-487317957
-487336987
-487317957
-487324452
-487324153
-487317957
-487322252
-487317957
-487329862
-487327043
-487317957
-487317957
-487328079
-487317957
-487319487
-487336566
-487317957
Queue is Full
-487327925
-487337300
-487323549
-487317957
-487330684
-487334233
-487317957
-487317957
-487320254
-487317957
-487335768
-487317957
-487317957
-487318798
-487317957
-487333482
-487317957
-487321491
-487317957
-487334506
-487331079
-487317957
-487317957
-487336015
-487317957
-487317957
-487327698
-487328041
-487323296
-487317957
Queue is Full
-487337505
-487317957
-487317957
-487332589
-487317957
-487337613
-487317957
Queue is Full
-487318559
-487317957
-487322225
-487334132
-487317957
-487317957
-487324796
Queue is Full
-487319405
-487317957
-487317957
-487333015
-487317957
-487317957
-487318158
-487324486
-487317957
-487323123
-487317957
-487317957
-487318805
-487317957
-487317957
Queue is Full
-487327870
-487317957
-487330502
-487317957
-487317957
-487331634
-487317957
-487327716
-487335946
-487317957
-487337646
-487317957
-487322046
-487333351
-487326467
-487317957
Queue is Full
-487317957
-487330256
-487333699
-487317957
-487317957
Queue is Full
-487335507
-487322761
-487317957
-487329671
-487324008
-487317957
-487317957
-487318812
-487317957
-487323214
-487336777
-487317957
-487330235
-487331101
-487317957
-487323470
-487336316
-487317957
-487317957
-487329588
-487317957
-487320141
-487317957
-487330347
-487317957
-487336176
-487317957
-487329379
-487335773
-487317957
-487328820
-487317957
-487317957
-487322708
-487328648
-487317957
-487319823
-487317957
-487319962
Queue is Full
-487317957
-487317957
-487336356
-487317957
-487331002
-487317957
-487322924
-487317957
-487327868
-487317957
-487322523
-487317957
-487317957
-487336604
-487317957
-487321787
Queue is Full
-487325435
-487332227
-487337878
-487317957
-487317957
-487317957
-487331732
-487317957
Queue is Full
-487320645
-487317957
-487317957
-487326985
-487334984
-487317957
-487332629
-487317957
-487317957
-487326072
-487332012
-487317957
-487329902
-487317957
-487332153
-487317957
-487317957
-487317957
-487330666
-487318038
-487329972
-487336796
-487317957
-487317957
-487318046
-487317957
-487327730
-487320412
-487317957
-487324818
-487317957
-487320569
-487317957
-487317957
-487317957
-487336224
-487328142
-487317957
-487327955
-487317957
-487334291
-487324397
-487317957
-487327620
-487326454
-487317957
-487317957
-487317957
-487331168
-487317957
-487317957
-487318237
-487317957
-487333383
-487317957
-487317957
-487321386
-487317957
-487326485
-487317957
-487317957
-487317957
-487317957
-487333022
-487317957
-487325915
-487334286
-487317957
-487317957
-487317957
Queue is Full
-487317957
-487328223
-487317957
-487317957
-487327467
-487335928
-487328720
-487317957
-487317957
-487337804
-487328147
-487325951
-487317957
-487317957
Queue is Full
-487317957
-487320559
-487334053
-487317957
-487325127
-487317957
-487317957
-487337456
-487317957
-487317957
Queue is Full
-487320390
-487317957
-487332384
-487317957
-487321314
-487317957
Queue is Full
-487337864
-487317957
-487330281
-487317957
-487331416
-487317957
-487317957
-487333047
-487317957
-487329180
-487317957
-487317957
-487318784
-487326037
-487317957
-487317957
-487317957
-487322320
-487329955
-487320425
-487317957
-487317957
-487317957
-487317957
-487324850
Queue is Full
-487317957
-487327200
-487330376
-487319550
-487317957
-487317957
-487326336
-487317957
-487325849
-487317957
-487324078
-487317957
-487336784
-487317957
-487329305
-487317957
-487322959
-487327448
-487317957
-487337675
-487317957
-487317957
-487317957
-487318163
-487317957
-487329177
-487317957
-487330709
-487334100
-487317957
-487317957
-487329373
-487317957
-487325311
-487317957
-487317957
-487324764
-487324492
-487334897
-487328238
-487317957
-487334483
-487317957
Queue is Full
-487332352
-487326040
-487317957
-487321299
-487323528
-487317957
-487323586
-487317957
-487317957
-487323590
-487317957
-487327201
-487317957
-487330300
-487331902
-487317957
Queue is Full
-487326034
-487317957
-487329581
-487333159
-487317957
-487325563
-487317957
-487325054
-487317957
-487334285
-487317957
-487317957
-487332202
-487325580
-487317957
-487317957
-487317957
-487325307
-487317957
-487317957
-487320245
-487317957
-487317957
-487332050
-487317957
-487317957
-487325501
-487325351
-487323373
-487317957
-487317957
-487317957
-487336894
-487335929
-487317957
-487319936
-487317957
-487322579
-487319358
-487317957
-487337449
-487317957
-487319210
-487317957
-487337287
-487327289
-487317957
-487317957
-487318027
-487317957
-487317957
Queue is Full
-487317957
-487334838
-487317957
-487327753
-487321050
-487321718
-487322436
-487330116
-487317957
-487317957
-487317957
-487317957
-487317957
-487332629
-487317957
-487324747
-487317957
-487337755
-487319684
-487323224
-487336487
-487317957
-487324867
-487317957
-487323098
-487317957
-487337753
-487317957
-487322699
-487317957
Queue is Full
-487317957
-487319366
-487321123
-487317957
-487321724
-487317957
-487324491
-487332162
-487317957
-487327266
-487326598
-487318119
-487317957
-487317957
-487318729
-487317957
-487321062
-487328630
-487318918
-487317957
-487317957
-487324911
-487317957
-487328966
-487317957
-487317957
-487317957
-487331362
-487317957
-487317957
-487333054
-487322390
-487317957
-487331251
-487329522
Queue is Full
Queue is Full
-487324381
-487317957
-487319328
-487317957
Queue is Full
-487317957
-487322606
-487317957
-487317957
-487318828
-487326775
-487323845
-487317957
-487324681
-487317957
-487324948
-487317957
Queue is Full
-487323581
-487330452
-487317957
-487317957
-487318156
Queue is Full
-487333931
-487317957
-487318025
-487337322
-487331905
-487317957
-487317957
-487325106
-487331177
-487317957
-487324437
-487317957
-487326249
-487327880
-487317957
-487319724
-487317957
-487317957
-487333060
-487317957
-487321676
-487317957
-487327646
-487317957
-487317957
-487335285
-487317957
-487328526
-487335678
-487317957
-487337337
-487332837
-487317957
-487333154
-487317957
-487327633
-487317957
-487325775
-487317957
-487326259
-487317957
Queue is Full
Queue is Full
-487320103
Queue is Full
Queue is Full
-487317957
-487328208
-487317957
-487329859
-487317957
-487323121
-487330374
-487327806
-487317957
-487317957
-487320302
-487317957
-487328821
-487317957
-487328374
-487329945
-487332278
-487323499
-487317957
-487317957
-487336726
-487317957
-487320557
-487321753
-487317957
-487317957
-487329350
-487323864
-487317957
-487317957
-487323964
-487317957
-487319759
-487317957
-487333748
Queue is Full
-487335132
-487317957
-487335886
-487317957
-487317957
-487334545
-487325223
-487333305
-487317957
-487323347
-487317957
-487329576
-487327873
-487317957
-487317957
Queue is Full
-487333596
-487317957
-487328555
-487317957
-487331229
-487317957
-487317957
-487322965
-487317957
-487323129
-487337937
-487317957
-487317957
-487317957
-487328615
-487322939
-487335582
-487317957
-487336424
-487317957
-487331417
-487323105
-487318932
-487317957
-487317957
-487324218
-487317957
-487322803
-487317957
-487317957
-487329519
-487333399
-487317957
-487321917
-487326560
-487317957
-487335304
-487317957
-487317957
-487320828
-487317957
-487326997
-487322122
Queue is Full
-487317957
-487325398
-487319649
-487333012
-487317957
-487317957
-487318751
-487319935
-487328619
-487336349
-487325581
-487317957
-487317957
-487333133
-487325560
-487317957
-487317957
-487317957
Queue is Full
Queue is Full
-487317957
-487317957
-487332489
-487337179
-487317957
-487337748
-487331583
Queue is Full
-487317957
-487337757
-487335588
-487317957
Queue is Full
-487317957
Queue is Full
-487329796
-487317957
-487317957
Queue is Full
-487321661
-487317957
-487337345
-487332893
-487317957
-487317957
-487317957
-487327891
-487317957
-487332089
-487317957
-487317957
-487332874
-487317957
-487317957
-487329476
-487317957
-487317957
Queue is Full
-487324259
-487317957
-487317957
-487323640
-487317957
-487335041
-487319282
-487317957
-487317957
-487317957
-487321732
-487321025
-487317957
-487335436
-487320362
-487317957
-487317957
-487331304
-487321675
-487317957
-487332851
-487317957
-487317957
Queue is Full
-487317957
-487317957
-487334192
-487317957
-487317957
-487323491
-487317957
-487317957
-487317957
-487324878
-487317957
-487337572
-487333656
-487336628
-487317957
-487321764
-487317957
-487322051
-487332560
-487317957
-487317957
-487332590
Queue is Full
-487328158
-487328331
-487317957
-487332062
-487321068
-487317957
-487335693
-487317957
-487317957
-487317957
-487322164
-487317957
-487317957
-487336164
-487323234
-487317957
-487321083
-487335723
-487317957
-487328731
-487317957
-487317957
-487333253
-487317957
-487331823
-487317957
-487331933
-487317957
Queue is Full
-487330447
-487317957
-487317957
-487317957
-487325569
-487317957
-487331321
-487332325
-487333066
-487317957
-487317957
-487317957
-487328687
-487317957
-487317957
-487321240
-487317957
-487329159
-487317957
-487335120
-487317957
-487317957
-487323378
-487333672
-487324652
-487317957
-487327426
-487317957
-487317957
-487332450
-487317957
-487317957
-487329250
-487317957
-487317957
-487317957
-487336192
-487317957
-487322818
-487317957
-487317957
-487330978
-487317957
-487317957
-487321085
-487317957
Queue is Full
-487326161
-487317957
-487317957
-487318295
-487318554
-487317957
-487335891
-487317957
-487317957
-487334693
-487317957
-487330030
-487317957
-487327982
-487317957
-487330756
-487327691
-487317957
-487330400
-487317957
-487335162
-487317957
-487317957
-487329064
-487317957
-487331256
-487317957
-487317957
-487330859
-487317957
-487327390
-487317957
Queue is Full
-487317957
-487332692
-487321393
-487317957
-487317957
-487317957
-487318696
-487317957
-487317957
Queue is Full
-487327909
-487317957
-487320390
-487329495
-487317957
-487318863
-487318283
-487317957
-487321398
-487325965
-487317957
-487317957
-487327051
-487335118
-487322706
-487317957
-487317957
-487321926
-487317957
Queue is Full
-487317957
-487334139
-487328808
-487317957
-487317957
-487337567
-487326122
-487317957
-487323391
-487317957
-487324754
-487331839
-487317957
-487317957
Queue is Full
-487317957
-487335593
-487317957
-487319356
-487330194
-487317957
-487317957
-487325943
-487317957
-487317957
-487327767
-487317957
-487317957
-487319229
-487326171
-487317957
-487317957
-487319334
-487330909
-487317957
-487317957
-487335380
-487317957
-487317957
-487329675
-487317957
Queue is Full
-487337568
-487317957
-487317957
-487325079
-487317957
-487337424
-487317957
-487317957
-487335363
Queue is Full
-487324745
-487317957
Queue is Full
-487330157
-487317957
-487321086
-487317957
-487331917
-487317957
-487334173
-487317957
-487323883
-487317957
Queue is Full
-487317957
-487327128
-487317957
-487317957
Queue is Full
-487332705
-487317957
-487321333
-487317957
-487337216
-487317957
-487330481
-487317957
-487327081
-487317957
-487317957
-487318112
-487317957
-487334636
-487317957
-487319421
-487317957
-487317957
-487330713
-487317957
-487317957
-487337919
-487317957
-487336329
-487317957
-487333945
-487317957
-487318693
-487332087
-487317957
Queue is Full
-487317957
-487322762
-487317957
-487320920
-487317957
-487323846
-487317957
-487332144
-487321569
-487317957
-487317957
-487323572
Queue is Full
-487330346
-487317957
-487337901
-487317957
-487325531
-487317957
-487325595
-487317957
-487330626
-487317957
Queue is Full
-487317957
-487335055
-487317957
-487327335
-487317957
-487329288
-487329429
-487317957
-487337881
-487317957
-487335493
-487325717
-487320563
-487317957
-487317957
Queue is Full
-487317957
-487319189
-487317957
-487322040
-487317957
-487317957
-487317957
-487317957
-487329677
-487318120
-487327990
-487317957
-487317957
-487322736
-487317957
-487329673
-487317957
-487331784
-487317957
-487317957
-487317957
-487317957
-487336714
-487317957
-487317957
-487337679
-487317957
-487322938
-487317957
-487320716
-487317957
-487328245
-487317957
-487317957
-487325929
-487317957
-487331867
-487317957
Queue is Full
-487322418
-487334157
-487317957
-487336707
-487317957
-487317957
-487333813
-487317957
Queue is Full
-487322825
-487321920
-487333812
-487317957
-487317957
Queue is Full
-487317957
-487333915
-487317957
-487335933
-487318844
-487317957
-487320076
-487317957
-487317957
-487317957
-487328501
-487317957
-487317957
Queue is Full
-487317957
-487331259
-487321072
-487317957
-487330374
-487317957
-487324406
-487317957
-487330150
-487317957
-487325430
-487320438
-487317957
-487324768
-487317957
-487317957
-487335314
-487317957
Queue is Full
-487325516
-487317957
-487326486
-487317957
-487317957
-487325921
-487324626
-487317957
-487317957
-487337839
-487317957
-487322779
-487317957
-487317957
-487317957
-487327401
-487317957
-487317957
-487333936
-487317957
-487317957
-487321967
-487317957
-487317957
-487323812
-487333976
-487317957
-487326520
-487317957
-487317957
-487317957
-487324919
-487317957
-487335337
-487317957
-487327490
-487317957
-487317957
-487317957
-487320465
-487326342
-487317957
-487332661
-487317957
-487317957
-487320729
-487322745
-487329187
-487317957
-487337851
-487317957
-487317957
-487317957
-487334400
-487317957
-487319071
-487317957
-487329797
-487317957
-487322751
-487325739
-487317957
-487325495
-487320076
-487336904
-487317957
-487336743
-487317957
-487317957
-487325207
-487317957
-487317957
-487326367
-487317957
-487324323
-487317957
-487318169
-487317957
-487317957
-487317957
-487324499
-487317957
Queue is Full
-487317957
-487323338
-487323046
-487317957
-487328720
-487319220
-487317957
-487317957
-487317957
-487317957
-487337069
-487317957
-487317957
Queue is Full
-487317957
-487322851
-487335087
-487317957
-487317957
-487317957
-487331772
Queue is Full
-487317957
Queue is Full
-487322334
-487335419
-487324965
-487317957
-487317957
-487326601
-487317957
-487317957
Queue is Full
-487317957
-487328286
-487317957
Queue is Full
-487317957
-487319450
-487333249
-487317957
-487317957
-487331107
-487317957
-487317957
-487331353
-487324227
-487317957
-487317957
-487327694
-487337584
-487317957
-487317957
-487317957
-487328001
-487332944
-487320376
-487317957
-487318715
-487317957
-487317957
-487317957
-487317957
-487335935
-487317957
-487317957
Queue is Full
-487317957
-487331264
-487317957
-487317957
-487323904
-487317957
-487317957
-487325778
-487317957
-487317957
-487328001
-487332346
-487317957
-487317957
-487317957
-487332475
-487317957
-487318279
-487321424
-487328192
-487317957
-487317957
-487317957
-487331020
-487324031
-487317957
-487328255
-487317957
Queue is Full
-487317957
-487336987
-487336397
-487317957
-487327789
-487317957
-487317957
-487331724
-487317957
-487321235
-487317957
-487317957
Queue is Full
-487317957
-487326554
Queue is Full
-487317957
-487332571
-487317957
-487317957
-487317957
-487324864
-487320721
-487317957
-487317957
-487317957
-487329552
-487317957
-487317957
-487332080
-487317957
-487335944
-487317957
-487337007
-487317957
-487327861
-487329360
-487317957
-487317957
-487317957
-487334048
-487317957
-487317957
-487320120
-487317957
-487336460
-487317957
-487328848
-487333539
-487336351
-487317957
-487317957
-487317957
-487337051
-487317957
-487323357
-487317957
-487317957
-487317957
-487324551
-487317957
-487321506
-487331968
-487317957
-487317957
-487317957
-487317957
-487319645
-487332395
-487317957
-487327294
-487324521
-487317957
-487322280
-487317957
-487334138
-487325588
-487317957
-487327002
-487317957
-487335567
-487317957
-487323586
-487317957
-487317957
-487333489
-487317957
-487317957
-487317957
-487325856
-487317957
-487327277
-487317957
-487336195
-487317957
-487334880
-487317957
-487331478
-487317957
-487321191
-487317957
-487319269
-487319762
-487318354
-487317957
-487317957
-487324912
-487317957
Queue is Full
-487317957
-487332294
-487319817
-487317957
-487317957
Queue is Full
-487317957
Queue is Full
-487317957
Queue is Full
-487317957
-487321175
-487317957
-487328424
-487328951
-487317957
-487334207
-487319369
-487317957
Queue is Full
-487332610
-487317957
-487317957
-487325532
-487317957
-487330341
-487317957
-487335447
-487317957
-487336220
-487317957
-487322003
-487317957
-487317957
-487319385
-487317957
-487317957
-487318862
-487337453
-487317957
-487317957
-487326384
-487317957
-487328319
Queue is Full
-487328559
-487317957
-487318760
-487318562
-487317957
-487328665
-487317957
-487319012
-487317957
-487336434
-487317957
-487337160
-487317957
-487317957
-487327821
-487317957
-487321853
-487317957
-487320658
-487329023
-487317957
-487317957
-487328821
-487321307
-487317957
-487329510
-487322691
-487317957
-487334346
-487324033
-487318136
-487319920
-487317957
-487333911
-487317957
-487317957
-487317957
-487317957
-487326881
-487317957
-487336135
-487334026
-487323704
-487317957
-487334591
-487317957
-487327954
-487317957
-487317957
Queue is Full
-487317957
-487322891
-487324559
-487331480
-487317957
-487317957
-487317957
-487320878
-487326233
Queue is Full
-487328075
-487317957
Queue is Full
-487317957
Queue is Full
-487317957
-487317957
-487328258
-487317957
-487323069
-487317957
-487319786
-487326603
-487335083
-487317957
-487317957
-487325256
-487317957
-487325831
-487317957
-487318176
-487317957
-487317957
-487337204
-487317957
-487331538
-487317957
Queue is Full
-487337321
-487317957
Queue is Full
-487327467
-487317957
-487317957
-487323677
-487317957
-487329940
-487317957
-487322194
-487317957
-487317957
-487326967
-487321238
-487319539
-487317957
-487325552
-487317957
-487317957
-487328565
-487336758
-487319496
-487317957
-487317957
-487323060
-487331223
-487317957
-487317957
-487334511
-487337598
-487317957
-487317957
-487321176
-487327896
-487317957
-487321372
-487317957
-487317957
-487328253
-487320705
-487317957
-487317957
-487318774
-487328775
-487317957
-487317957
Queue is Full
-487323624
-487317957
-487324381
-487317957
-487325680
-487325708
-487317957
-487317957
-487320186
-487317957
-487325021
-487323203
-487319929
-487317957
-487317957
-487321163
-487321337
-487317957
-487317957
-487322615
-487337602
-487317957
-487317957
-487329339
-487317957
-487317957
-487330862
-487324977
-487317957
-487332278
-487317957
-487323898
-487317957
-487317957
-487317957
Queue is Full
-487323935
-487317957
-487323705
-487317957
-487325166
-487317957
-487317957
Queue is Full
-487317957
Queue is Full
-487317957
-487335707
-487317957
-487327149
-487335308
-487337017
-487322808
-487327067
-487317957
-487326169
-487329358
-487332175
-487317957
-487317957
-487318363
-487317957
-487325589
-487317957
-487317957
-487317957
-487317957
-487330414
-487317957
-487334279
-487317957
-487317957
-487326688
-487330106
-487317957
-487322085
-487330190
-487317957
-487328309
-487317957
Queue is Full
-487317957
-487331708
-487332951
-487317957
-487327145
-487323918
-487317957
-487325066
-487317957
-487324843
-487317957
Queue is Full
-487334940
-487333234
-487321324
-487325191
-487317957
-487317957
-487321632
-487317957
-487331505
-487326641
-487317957
-487317957
-487317957
-487329596
-487317957
Queue is Full
-487324398
-487317957
-487317957
-487320592
-487317957
-487324227
-487336385
-487317957
-487317957
-487323044
-487317957
-487320502
Queue is Full
-487330074
-487317957
Queue is Full
-487320856
-487317957
-487332492
-487337157
-487331635
-487317957
-487317957
-487317957
Queue is Full
-487317957
-487324310
-487317957
-487332233
-487317957
-487321271
-487317957
-487325648
-487317957
-487317957
-487336663
-487317957
-487317957
-487321582
-487326490
-487317957
-487330710
-487317957
-487317957
-487317957
-487333433
-487317957
-487317957
-487330156
-487317957
-487327899
-487317957
Queue is Full
-487335312
-487327574
-487319526
-487317957
-487317957
-487325391
-487317957
-487336070
-487317957
-487320001
-487317957
-487327818
-487317957
-487327861
-487328279
-487317957
-487317957
-487319977
-487330891
-487317957
-487317957
-487317957
-487331519
-487337487
-487317957
-487317957
-487332286
-487322191
-487317957
-487320305
-487317957
-487320265
-487317957
-487317957
Queue is Full
-487317957
-487322241
-487336329
-487323498
-487325317
-487317957
-487317957
Queue is Full
-487325437
-487317957
-487317957
-487324471
-487317957
-487317957
-487320274
Queue is Full
-487317957
-487333230
-487317957
-487317957
-487317957
-487317957
-487333039
-487317957
-487325353
-487317957
-487317957
Queue is Full
-487317957
-487327795
-487330282
-487323089
-487317957
-487326473
-487317957
-487332548
-487328968
-487317944
-487323302
-487331348
-487317944
-487334692
-487328916
-487317944
-487317944
-487328442
-487317944
-487328661
-487317944
-487317944
-487335277
-487334445
-487317944
-487317944
-487323804
-487317944
-487331792
-487317944
-487317944
-487317944
-487323269
Queue is Full
-487335424
-487317944
Queue is Full
-487317944
-487323516
-487317944
-487337206
-487325028
-487317944
-487331306
-487317944
-487333431
-487317944
-487323234
-487317944
-487317944
-487323687
-487317944
-487317944
-487324593
-487317944
-487331738
-487317944
Queue is Full
-487317944
-487334811
-487317944
-487317944
-487333048
-487319530
-487317944
-487318572
-487317944
-487317944
-487327321
-487317944
-487317944
-487317944
-487317944
-487336154
-487317944
-487335698
-487317944
-487334092
-487317944
Queue is Full
-487317944
-487319374
-487317944
-487335765
-487332180
-487323434
-487317944
-487330729
-487317944
-487327633
-487332423
-487317944
-487317944
-487334169
-487317944
-487329144
-487317944
-487337611
-487317944
Queue is Full
-487322714
-487336355
-487319954
-487317944
-487318660
-487317944
-487336338
-487317944
-487317944
Queue is Full
-487317944
-487329517
-487322629
-487317944
-487317944
-487337788
-487317944
-487317944
-487323258
-487317944
-487334830
-487336211
-487319906
-487317944
-487317944
-487333215
-487317944
-487317987
-487317944
-487326614
-487317944
-487317944
Queue is Full
-487317944
Queue is Full
-487317944
Queue is Full
-487330082
-487317944
-487334651
-487317944
-487323045
-487317944
-487330215
-487317944
-487325848
-487317944
-487329033
-487329199
-487333704
-487317944
-487327591
-487317944
-487333577
-487323171
-487317944
-487318622
-487317944
-487317944
-487317944
-487320283
-487317944
-487332188
-487322503
-487317944
-487327737
-487317944
-487317944
-487320691
-487319544
-487317944
-487318538
-487317944
-487320560
-487326152
-487317944
-487317944
-487326652
-487317944
-487317944
-487327683
-487317944
-487327704
-487328336
-487317944
-487317944
Queue is Full
-487333466
Queue is Full
-487323325
-487317944
-487330138
-487329169
-487322135
-487319841
-487334849
-487317944
-487328404
-487317944
-487322646
-487317944
-487317944
-487317944
-487324666
-487330146
-487317944
-487333215
-487317944
-487320596
Queue is Full
-487317944
-487334398
-487336528
-487317944
-487320897
-487317944
-487317944
-487325744
-487319596
-487317944
-487317944
-487317944
-487331778
-487317944
-487319757
-487333233
-487320234
-487317944
-487328822
-487318114
-487317944
-487318400
-487317944
-487329235
-487317944
-487325003
-487317944
Queue is Full
-487332046
-487322636
-487317944
-487321527
-487317944
-487321787
Queue is Full
-487317944
-487317944
-487322411
-487317944
-487317944
-487328149
-487329635
-487317944
-487327891
-487317944
-487317944
-487317944
-487332709
-487317944
-487336319
-487317944
-487317944
-487325436
-487322897
-487317944
-487322990
-487317944
-487317944
-487330723
-487317944
-487317944
-487334062
-487321993
-487317944
-487332697
-487317944
-487317944
-487320265
-487326669
-487317944
-487317944
-487334608
-487321669
-487317944
-487317944
-487325033
-487317944
-487317944
-487331851
-487317944
-487332570
-487329272
-487317944
-487334062
-487317944
-487320511
-487317944
-487317997
-487317944
-487317944
-487327375
-487317944
-487317944
Queue is Full
-487330215
-487335954
-487317944
-487317944
-487318227
-487317944
-487330092
-487317944
-487336415
-487317944
-487320838
-487317944
-487329975
-487322212
-487317944
-487330399
-487317944
-487335589
-487317944
-487317944
-487317944
Queue is Full
-487337485
-487317944
-487336115
-487317944
-487320183
-487317944
-487333537
-487321922
-487317944
-487323398
-487317944
-487317944
-487324709
-487336625
-487317944
-487317944
-487334094
-487317944
-487317944
-487322912
-487317944
-487336730
-487317944
-487330770
-487317944
-487317944
-487317944
-487317944
Queue is Full
-487317944
Queue is Full
-487317944
-487325668
-487317944
-487335775
-487327983
-487317944
-487317944
-487331936
-487317944
-487324358
-487317944
-487329533
-487317944
-487317944
-487330860
-487317944
-487317944
-487333128
-487317944
Queue is Full
Queue is Full
-487317944
Queue is Full
Queue is Full
-487322840
-487317944
-487335709
-487317944
-487333000
-487336645
-487317944
-487317944
-487317944
-487324005
-487317944
-487317944
-487317944
-487337245
-487317944
Queue is Full
-487323782
-487317944
-487331868
-487317944
-487321040
-487317944
-487323677
-487336012
-487317944
-487317944
-487325721
-487317944
-487317944
-487320970
-487317944
-487317944
-487325850
-487317944
-487317944
-487331568
-487317944
-487317944
-487327922
-487317944
-487332807
-487317944
-487320324
-487317944
-487317944
-487317944
-487329100
-487317944
-487328612
-487317944
-487332415
-487317944
-487327895
-487317944
-487336695
-487335499
-487317944
-487317944
-487325989
-487317944
-487318741
-487317944
Queue is Full
Queue is Full
-487317944
-487337600
-487320462
-487317944
-487335958
-487317944
-487322664
-487317944
-487337613
-487317944
-487317944
-487332858
-487317944
-487330568
-487317944
-487337000
-487317944
-487332141
-487326496
-487317944
-487320755
-487317944
-487336813
-487317944
-487317944
Queue is Full
-487318232
-487317944
-487319152
-487332491
-487317944
-487317944
-487328735
-487317944
-487330602
-487317944
-487317944
-487317944
-487318136
-487327290
-487317944
-487328089
-487317944
-487317944
-487327770
-487317944
-487317944
-487330723
-487317944
-487334659
-487317944
-487337857
-487325757
Queue is Full
-487317944
-487330091
-487318353
-487320575
-487317944
-487324448
-487317944
-487317944
-487330440
-487317944
-487336249
-487337528
-487317944
-487333085
-487317944
-487331168
-487333218
-487326571
-487317944
-487326533
-487317944
-487317944
-487317944
Queue is Full
-487330777
-487317944
-487317944
-487327292
-487317944
-487327467
-487318783
-487317944
-487320252
-487317944
-487317944
-487320743
-487317944
Queue is Full
-487317944
-487321750
-487317944
-487334738
-487317944
-487317944
-487317944
-487328366
-487317944
-487337786
-487317944
-487317944
-487319964
-487327427
-487317944
-487336358
-487317944
-487332328
-487327574
-487320018
-487317944
-487328779
-487317944
-487317944
-487317944
-487321029
-487317944
-487323528
-487317944
-487317944
-487317944
-487317944
-487329630
-487317944
-487325763
-487324605
-487317944
-487335097
-487330834
-487317944
-487317944
-487335019
-487317944
-487319596
-487317944
-487331251
-487336915
-487317944
-487329825
-487328379
-487317944
-487325511
-487332831
-487317944
-487325969
-487317944
-487331692
-487317944
-487328706
-487317944
-487322969
-487331967
-487317944
-487333571
-487334450
-487317944
Queue is Full
-487317944
-487317944
-487319831
-487317944
-487321331
-487317944
-487317944
-487320785
-487317944
-487317944
-487322307
-487317944
-487317944
-487317944
Queue is Full
-487322109
-487317944
-487317944
-487320307
-487336152
-487317944
-487317944
-487327408
-487317944
-487336859
-487317944
-487321736
-487317944
-487326688
-487317944
-487317944
-487325605
-487327781
-487325871
-487317944
-487334331
-487331875
-487317944
-487337254
-487330532
-487317944
-487317944
-487328561
-487327920
-487317944
-487317944
-487317944
-487335495
-487317944
-487317944
-487329698
-487317944
-487331410
-487317944
-487317944
-487317944
-487337230
-487317944
-487319805
-487317944
-487327946
-487317944
-487333631
-487317944
-487317944
-487333156
-487317944
-487317944
Queue is Full
-487317944
-487324017
-487318660
-487317944
-487337253
-487317944
-487317944
-487319658
-487337200
-487317944
-487325664
-487330996
-487317944
-487317944
-487328114
-487317944
-487320910
-487320322
-487317944
-487317944
-487320815
-487319177
-487317944
-487317944
-487334965
-487330933
-487317944
-487317944
Queue is Full
-487317944
-487320198
-487336172
-487317944
-487328624
-487317944
-487317944
-487317944
-487324795
-487317944
-487317944
-487327552
-487317944
-487337712
-487317944
-487334660
-487317944
-487330499
-487317944
Queue is Full
-487317944
-487321311
-487317944
-487336865
-487328441
-487317944
-487330181
-487317944
-487317944
-487332335
-487317944
-487328468
-487317944
-487336754
-487333285
-487332061
-487317944
-487317944
-487337595
-487317944
-487325475
-487317944
-487317944
-487329528
-487319350
-487320044
-487317944
-487337818
-487323069
-487318632
-487320244
-487317944
-487317944
-487317944
-487327886
-487317944
-487317944
-487317944
-487317944
-487333356
-487317944
-487336993
-487317944
-487332772
-487317944
-487317944
-487317944
-487332456
-487317944
-487331322
-487322740
-487317944
-487317944
-487318977
-487323570
-487317944
-487317944
-487330244
-487317944
Queue is Full
-487317944
-487330434
-487334999
-487317944
-487337777
-487317944
-487326513
-487317944
-487337015
-487317944
-487318659
-487317944
-487317944
-487317944
-487324933
-487317944
-487323996
-487317944
-487331269
-487319732
-487337386
-487323681
-487317944
-487317944
-487317944
-487320972
-487317944
-487317944
Queue is Full
Queue is Full
-487322950
-487317944
-487317944
-487317944
Queue is Full
-487317944
-487332942
-487317944
-487331908
-487333370
-487317944
-487334720
-487317944
-487317944
-487318667
-487317944
-487325748
-487326338
-487317944
-487326015
-487317944
-487322243
-487317944
-487317944
Queue is Full
Queue is Full
-487322690
-487317944
-487317944
-487334544
-487317944
-487317944
-487323472
-487327275
-487326680
-487317944
-487317944
-487326854
-487327210
-487317944
-487317944
-487318541
-487317944
-487317944
-487320995
-487320037
-487317944
-487330971
-487317944
Queue is Full
-487317944
-487333867
-487317944
-487331853
-487317944
-487331416
-487317944
-487317944
-487317944
-487329063
-487317944
-487321132
-487317944
-487317944
-487332364
-487317944
-487326682
-487317944
-487333989
-487317944
-487326335
-487334874
-487334943
-487317944
-487320578
-487321451
-487317944
-487317944
-487330749
-487317944
Queue is Full
-487317944
-487329866
-487317944
-487331558
Queue is Full
-487317944
-487332297
-487317944
-487317944
-487336056
-487319600
-487317944
-487317944
-487331218
-487317944
-487317944
-487336050
-487331380
-487317944
Queue is Full
-487317944
-487321209
-487317944
-487321805
-487337491
-487317944
-487336816
-487317944
-487317944
-487317944
-487318357
-487333967
-487317944
-487328774
Queue is Full
-487317944
Queue is Full
-487331244
-487333921
-487324391
-487317944
-487317944
-487320302
-487317944
-487334240
-487317944
-487324110
-487337002
-487317944
-487329763
-487326042
-487328973
-487319743
-487317944
-487333487
-487317944
-487317944
-487336340
-487317944
-487323159
-487331009
-487317944
-487317944
-487322153
-487317944
-487325701
-487317944
-487323195
-487317944
-487337670
-487317944
-487325097
-487317944
-487317944
-487322110
-487317944
-487323712
-487317944
-487317944
-487317944
-487327329
Queue is Full
-487317944
-487335801
-487317944
-487331049
Queue is Full
-487335270
-487317944
-487321150
-487317944
-487336945
-487323343
-487317944
-487318031
-487332773
-487333893
-487317944
Queue is Full
-487323913
-487317944
-487319046
-487322889
-487326639
-487317944
-487326902
-487324770
-487317944
-487317944
-487337745
-487317944
-487320386
-487317944
-487317944
-487330866
-487317944
-487317944
-487334005
-487317944
-487335683
-487337332
-487317944
-487320052
-487317944
-487336657
-487317944
-487317944
-487322195
-487317944
-487336635
-487330640
-487317944
-487327345
-487317944
-487327541
-487317944
-487317944
-487337340
-487335095
-487317944
-487317944
-487334400
-487317944
Queue is Full
-487322259
-487317944
Queue is Full
-487323410
-487320932
-487331540
-487317944
-487324332
-487322842
-487317944
-487317944
Queue is Full
-487324676
-487317944
-487318156
-487332280
-487317944
Queue is Full
-487317944
Queue is Full
-487333316
-487317944
-487336782
-487317944
Queue is Full
-487317944
-487321198
-487317944
-487331929
-487317944
-487320008
-487332978
-487317944
-487317944
-487317944
-487325061
-487331526
-487323189
-487317944
-487317944
Queue is Full
-487317944
-487317944
-487317944
-487325883
-487317944
-487317944
-487334218
-487317944
-487336298
-487317944
-487337886
-487317944
-487317944
-487336179
-487334544
-487317944
-487332265
-487317944
-487324376
-487317944
-487337464
-487317944
-487323865
-487317944
-487326194
-487317944
-487317944
-487323333
-487325522
-487328116
-487319138
-487317944
-487317944
-487317944
-487326793
-487317944
-487329115
-487317944
-487336742
-487326161
-487317944
-487336759
-487317944
-487335139
-487318231
-487317944
-487335583
-487317944
-487331980
-487317944
-487317944
-487335540
-487329821
-487317944
Queue is Full
-487317944
-487326571
-487321544
-487317944
Queue is Full
-487317944
-487318294
-487321831
-487317944
-487317944
-487332172
-487317944
-487336987
-487321011
-487317944
-487334615
-487337454
-487337125
-487317944
-487317944
-487336005
-487317944
-487317944
-487326583
-487317944
-487331989
-487317944
-487317944
-487332480
Queue is Full
-487317944
-487334882
-487326468
-487317944
-487332660
-487317944
Queue is Full
-487317944
-487327883
-487317944
-487325839
-487317944
-487330780
-487317944
-487328095
-487326241
-487317944
-487335558
-487319979
-487322745
-487317944
-487317944
-487323801
-487317944
-487319002
-487317944
-487317944
-487330069
-487317944
-487335986
-487317944
-487317944
-487321423
-487320976
-487317944
-487328279
-487317944
-487317944
-487317944
-487330735
-487317944
-487334994
-487317944
-487317944
-487317944
-487318812
-487317944
-487323297
-487335242
-487317944
-487317944
-487322863
-487317944
-487317944
-487323199
-487336643
-487317944
-487329419
-487327265
-487319819
-487317944
-487317944
-487325215
-487327421
-487336846
-487317944
-487335939
-487332407
-487317944
-487336299
-487317944
-487317944
-487336036
-487317944
-487322864
-487317944
-487333456
-487317944
-487320304
-487317944
-487317944
-487326336
-487317944
Queue is Full
-487317944
-487323267
-487317944
-487317944
-487335066
-487317944
-487323685
-487336687
-487328247
-487317944
-487317944
-487328371
Queue is Full
-487317944
-487334667
-487317944
-487322347
-487337382
-487327777
-487317944
-487317944
-487327474
-487323462
-487317944
-487317944
-487320881
-487317944
-487319995
-487317944
-487331009
-487317944
Queue is Full
-487317944
-487327633
-487317944
-487317944
-487333145
-487317944
-487327016
-487317944
-487329600
-487317944
-487332440
-487327069
-487317944
-487317944
-487335482
-487336613
-487317944
-487317944
-487331604
-487332725
-487317944
-487324772
-487333685
-487317944
-487321000
-487317944
-487317944
Queue is Full
-487319661
-487317944
-487317944
-487326744
-487317944
-487317944
-487319913
-487317944
-487317944
-487321502
-487317944
-487317944
-487332487
-487335742
-487317944
-487328777
-487323033
-487317944
-487320302
-487317944
-487318275
-487317944
-487323210
-487317944
-487321516
-487317944
-487327375
-487317944
-487317944
-487325107
-487317944
-487319549
-487317944
-487317944
-487317944
-487333303
-487317944
-487317944
-487318625
-487317944
-487330751
-487317944
-487332771
-487317944
-487337663
-487317944
-487330566
-487317944
-487320955
-487317944
-487318323
-487323737
-487323334
-487317944
-487317944
-487329230
-487336059
-487323409
-487317944
-487330369
-487332854
-487317944
-487317944
Queue is Full
-487327333
-487321657
-487317944
-487325214
-487317944
-487334705
-487327663
-487336417
-487317944
-487328351
-487317944
-487319329
-487317944
-487328869
-487317944
-487335243
-487317944
-487317944
-487334243
-487320024
-487317944
-487334211
-487317944
-487317944
Queue is Full
-487323327
-487317944
-487327400
-487317944
-487317944
-487317944
-487324377
-487324679
-487317944
-487317944
Queue is Full
-487317944
-487328244
-487332261
-487317944
-487324045
-487317944
-487326757
-487317944
-487317944
-487318781
-487317944
-487317944
-487334833
-487317944
-487336290
-487317944
-487335725
-487317944
-487317944
-487319541
-487317944
-487317944
-487336320
-487317944
-487332731
-487317944
-487318354
-487317944
-487328849
-487336228
-487317944
-487317944
-487319703
-487317944
-487324591
-487317944
-487317944
-487324231
-487323190
-487317944
-487320189
-487317944
-487317944
-487317944
Queue is Full
-487317944
-487331179
-487321025
-487317944
-487317944
-487317944
-487320099
-487317944
-487325533
Queue is Full
Queue is Full
-487325591
-487317944
-487317944
-487319038
-487317944
-487317944
-487337110
-487317944
-487317944
-487334529
-487334889
-487319634
-487317944
-487327346
-487317944
-487317944
-487317944
Queue is Full
-487319640
-487317944
-487334668
-487333386
-487337759
-487317944
-487317944
-487329199
-487317944
-487317944
Queue is Full
-487327819
-487334090
-487317944
-487317944
-487321050
-487320255
-487317944
-487317944
-487333474
-487317944
Queue is Full
-487337252
-487317944
-487317944
-487330776
-487325845
-487317944
-487331468
-487317944
-487317944
-487317944
-487333592
-487320855
-487326820
-487317944
Queue is Full
Queue is Full
-487317944
-487324269
-487317944
-487317944
-487323524
-487317944
-487317944
-487334773
-487317944
-487317944
-487329879
Queue is Full
-487319986
-487322065
-487331078
-487317944
-487328133
-487317944
-487334245
-487317944
-487317944
-487329961
-487317944
-487319782
-487317944
-487319648
-487317944
-487317944
-487322266
-487328998
-487317944
-487336960
-487317944
-487317944
-487333456
-487317944
-487317944
-487318431
-487317944
-487331333
-487317944
-487317944
-487332091
-487330811
-487317944
-487317944
-487320648
-487317944
-487317944
-487317944
-487320395
-487317944
-487317944
-487318013
-487317944
-487327193
-487317944
-487325679
-487317944
-487317944
-487319932
-487333549
-487317944
-487332306
-487317944
-487317944
-487317944
-487317944
Queue is Full
-487319633
-487326691
-487317944
-487317944
-487333259
-487317944
-487329765
-487317944
-487321451
-487317944
Queue is Full
-487317944
-487332565
-487320226
-487320841
-487332329
-487317944
-487325893
-487325233
-487317944
-487317944
-487317944
-487330640
-487320519
-487317944
-487336436
-487317944
-487317944
-487329077
-487317944
-487317944
-487332594
-487317944
-487317944
Queue is Full
-487317944
-487330446
-487327091
-487317944
-487317944
-487323566
-487328648
-487317944
-487323073
-487317944
-487321690
-487317944
-487337393
-487321014
-487317944
-487317944
-487333637
-487317944
-487317944
-487323482
-487317944
-487328600
-487317944
-487337604
-487317944
-487337504
-487317944
-487318954
-487328536
-487317944
-487317944
-487318774
-487317944
-487326914
-487317944
-487317944
-487317944
Queue is Full
-487325995
-487317944
-487317944
Queue is Full
-487331322
-487317944
-487320017
-487317944
-487334849
-487317944
-487328198
-487317944
-487317944
-487317944
-487324785
-487317944
-487329661
-487317944
-487317944
-487331832
-487317944
-487319370
-487317944
-487330448
-487317944
-487322665
-487317944
-487324571
-487317944
-487333988
-487317944
-487317944
Queue is Full
-487325851
-487322241
-487317944
-487317944
-487335330
-487317944
-487317944
-487334128
-487317944
Queue is Full
-487320502
-487328376
-487317944
-487331159
-487317944
-487326126
-487317944
-487331703
-487317944
-487337487
-487317944
-487317944
-487335084
-487326696
-487319723
-487326844
-487317944
-487317944
-487326203
-487323147
-487317944
-487317944
-487323332
-487321753
-487317969
-487317944
-487319340
-487330007
Queue is Full
-487317944
-487336055
-487317944
-487331112
-487317944
-487317944
-487333233
-487332107
-487317944
-487317944
-487333393
-487317944
-487317944
-487317944
-487320929
-487328679
-487317944
-487335538
-487327392
-487317944
-487323435
-487317944
-487317944
-487317944
-487327035
-487317944
-487321071
-487332663
-487317944
-487317944
-487317944
-487319508
-487317944
Queue is Full
-487317944
-487323855
-487317944
-487327457
-487326806
-487317944
-487324338
-487317944
-487319991
-487317944
-487317944
-487327417
-487317944
-487317944
-487319034
-487317944
-487320396
-487318667
-487324636
-487317944
-487318066
-487317944
-487332254
-487317944
-487322238
-487320717
-487317944
-487320952
-487317944
-487329088
-487335931
-487319414
-487317944
-487317944
-487332704
-487334314
-487317944
-487317944
-487328734
-487317944
-487317944
Queue is Full
-487317944
-487323999
-487317944
-487319486
-487317944
-487317944
-487326799
-487333854
-487317944
-487317944
-487323975
-487328372
-487317944
-487336792
-487336162
-487317944
-487329381
-487317944
-487317944
-487327264
-487317944
Queue is Full
-487337216
-487327623
-487333633
-487337457
-487327645
-487317944
Queue is Full
-487323903
-487334407
-487317944
-487327200
-487317944
Queue is Full
-487317944
-487333089
-487317944
-487320756
-487331141
-487317944
-487325454
-487317944
-487317944
-487332678
-487337324
-487317944
-487332339
-487317944
-487317944
-487326286
Queue is Full
-487317944
-487331783
-487317944
Queue is Full
-487317944
-487332702
-487328140
-487334692
-487317944
-487317944
-487335786
-487336104
-487317944
-487321671
-487317944
Queue is Full
-487337799
-487326474
-487329053
-487317944
-487317944
-487317944
Queue is Full
-487318804
-487322519
-487317944
-487317944
-487317944
-487328302
-487317944
-487317944
-487319536
-487317944
-487329739
-487317944
-487337237
-487317944
-487320542
-487317944
-487324790
-487317944
-487317944
-487330290
-487317944
-487317944
-487327011
-487333596
-487317944
-487336022
-487317944
-487322404
-487319607
-487328643
-487317944
-487321798
-487327236
-487317944
-487317944
-487320838
-487317944
-487317944
-487328216
-487317944
-487317944
-487319417
Queue is Full
-487322876
-487317944
-487328898
-487336589
-487317944
-487321304
Queue is Full
-487317944
-487329662
-487317944
-487326373
-487317944
-487317944
-487326684
-487327927
-487317944
-487317944
Queue is Full
-487320667
-487317944
-487317944
-487317944
Queue is Full
-487317944
-487321469
-487317944
-487321251
-487317944
-487328595
-487317944
-487317944
-487332041
-487317944
-487331974
-487317944
-487317944
-487317944
-487318317
-487324306
-487317944
-487317944
-487317944
-487322404
-487327785
-487318484
Queue is Full
-487317944
-487332449
-487317944
-487334744
-487334607
-487317944
-487317944
-487337853
-487324808
-487317944
-487328974
-487317944
-487317944
Queue is Full
-487329418
-487330292
-487317944
-487323936
-487322304
-487317944
-487317944
-487324473
-487333853
-487318055
-487317944
-487317944
-487317944
-487334854
-487333790
-487317944
-487337740
Queue is Full
-487329922
-487317944
-487330708
-487317944
-487317944
Queue is Full
-487329551
-487317944
-487317944
-487325866
-487317944
-487331829
-487317944
-487331020
-487317944
-487317944
-487335375
-487317944
Queue is Full
-487318687
-487334036
-487317944
-487335965
-487334415
-487317944
-487318281
-487319112
-487317944
-487329895
-487317944
Queue is Full
-487317944
-487317944
-487319295
-487321359
-487317944
Queue is Full
-487317944
-487320600
-487317944
-487326769
-487317944
-487331449
-487317944
-487323761
-487317944
-487317944
-487317944
-487317944
-487320460
-487317944
-487317944
-487318111
-487317944
Queue is Full
-487320544
-487318430
-487317944
-487319562
-487317944
-487317944
-487333004
-487317944
-487337845
-487317944
-487319687
-487323415
-487317944
-487317944
-487331263
-487317944
-487317944
-487320084
-487332233
-487323490
-487324756
-487317944
-487317944
-487331664
-487317944
-487317944
-487330952
-487334970
-487317944
-487328533
-487317944
-487323016
-487335803
-487317944
-487323464
-487336241
-487317944
-487334866
-487327038
-487317944
-487337352
-487319022
-487317944
-487332533
-487317944
-487331120
-487323948
-487317944
-487317944
-487317944
Queue is Full
Queue is Full
-487317944
-487325276
-487325066
-487317944
-487334068
-487317944
-487325121
-487317944
-487328129
-487317944
-487319056
-487317944
-487330177
-487321433
-487317944
-487317944
-487317944
-487335665
-487317944
-487332710
-487317944
-487328985
-487317944
-487317944
-487327222
-487317944
-487331530
-487335666
-487318948
-487317944
-487317944
-487321391
-487337268
-487317944
-487325575
-487331022
-487317944
-487324965
-487325830
-487337347
-487317944
-487330808
-487317944
-487317944
-487330636
-487330630
-487317944
-487317944
-487321564
-487317944
-487319365
-487317944
-487328907
-487336504
-487320600
-487317944
Queue is Full
-487317944
-487318812
-487322396
-487317944
-487317944
-487321432
-487317944
-487322813
-487323190
-487317944
-487317944
-487326437
-487317944
-487327889
-487331433
-487317944
-487337593
-487317944
-487319282
-487317944
-487327248
-487320482
-487317944
-487317944
-487325758
-487317944
-487317944
-487320075
-487317944
-487329214
-487317944
-487317944
-487327515
-487317944
-487317944
-487331281
-487317944
-487317944
-487323657
-487317944
-487317944
-487321002
-487317944
-487326476
-487317944
-487332829
-487317944
-487336727
-487317944
-487317944
-487321209
-487317944
-487323055
-487317944
-487332497
-487317944
-487327626
-487317944
-487317944
-487317944
-487324163
-487317944
-487332405
-487321985
-487326104
-487317944
-487319143
-487317944
-487317944
-487337646
-487317944
-487319757
-487317944
-487317944
-487333990
-487317944
-487322394
-487317944
-487326678
-487336428
-487332887
-487323235
-487323541
-487317944
-487317944
-487327625
-487318120
-487317944
-487321445
-487317944
-487327534
-487317944
-487319230
-487317944
-487320365
-487317944
-487319139
-487331712
-487317944
-487323872
-487317944
-487325486
-487317944
-487332735
-487317944
-487317944
-487334152
-487320341
-487317944
-487319981
-487317944
-487317944
-487317944
-487325295
-487317944
-487331171
-487327270
-487317944
-487317944
-487330963
-487331088
-487317944
-487317944
-487317944
-487317944
-487331823
-487317944
-487330335
-487317944
-487317944
Queue is Full
-487317944
-487333231
-487335747
-487317944
-487321192
-487317944
-487321026
-487317944
-487317944
-487328672
-487317944
-487317944
-487321393
-487317944
-487332506
-487317944
-487326013
-487322814
-487317944
-487317944
-487333021
-487337180
-487317944
-487332943
-487317944
-487318481
-487317944
-487319843
-487317944
-487318999
-487336448
-487333706
-487325323
-487317944
-487317944
-487317944
-487317944
-487317944
-487317944
-487323806
-487317944
-487328176
-487317944
-487329155
-487317944
Queue is Full
-487317944
-487326262
-487317944
-487317944
-487323551
-487319243
-487336044
Queue is Full
-487317944
-487330358
-487328100
-487317944
-487337536
-487317944
-487330487
-487326528
-487317944
-487335750
-487317944
-487317944
-487319331
-487317944
-487317944
-487332776
-487331436
-487317944
-487332721
-487317944
-487337298
-487317944
-487321563
-487317944
-487317944
-487332044
-487317944
-487336173
-487336698
-487317944
-487317944
-487318585
-487318736
-487320220
-487317944
-487317944
-487337460
-487317944
-487317944
-487321580
-487317944
-487318587
-487317944
-487317944
-487335223
Queue is Full
-487317944
-487337860
-487317944
-487328590
-487317944
-487334668
-487317944
Queue is Full
-487332742
-487317944
-487317944
-487323429
Queue is Full
-487330894
-487317944
-487335589
-487317944
-487317944
-487322113
-487317944
-487317944
-487326266
-487317944
-487317944
-487336754
-487317944
-487327016
-487317944
-487317944
Queue is Full
-487317944
-487322238
-487317944
-487327906
-487317944
-487317944
-487331193
-487317944
-487337215
-487335587
-487317944
-487334413
-487317944
-487317944
-487322135
-487317944
-487317944
-487332283
-487317944
-487330352
-487317944
-487317944
-487317944
-487323680
-487317944
-487320705
-487317944
-487317944
-487317944
-487333578
-487317944
-487337122
-487317944
-487317944
Queue is Full
-487319314
-487317944
-487337462
-487327193
-487330327
-487317944
-487330875
-487317944
-487317944
-487334107
-487317944
-487324127
-487317944
Queue is Full
-487317944
-487337319
-487317944
-487329022
-487317944
-487317944
-487325323
-487317944
-487317944
-487323866
-487319934
-487317944
-487330395
-487317944
-487336941
-487331186
-487317944
-487317944
-487326194
-487317944
-487335256
-487317944
-487336034
-487329066
-487318767
-487317944
-487327868
-487317944
-487317944
-487335131
-487317944
-487317944
-487330600
-487334409
-487317944
-487321469
-487317944
-487322081
Queue is Full
-487334519
-487317944
-487317944
-487337309
-487317944
-487330410
-487317944
-487329321
-487333631
-487317944
-487328850
-487317944
-487328821
-487317944
-487327128
-487317944
-487317944
-487337483
-487317944
-487324296
-487317944
-487322420
-487329371
-487317944
-487317944
-487325146
-487317944
-487317944
-487329737
Queue is Full
Queue is Full
-487317944
-487332209
-487318260
-487317944
-487317944
-487332096
-487317944
-487317944
-487328825
-487317944
-487317944
-487334981
-487320077
-487317944
-487317944
-487319391
-487317944
-487330785
-487317944
-487317944
-487318168
-487317944
-487317944
-487337234
-487317944
-487317944
-487332236
-487317944
-487330004
Queue is Full
-487336875
-487317944
-487317944
-487321580
-487317944
-487323536
-487317944
-487317944
-487336236
-487317944
-487319923
-487317944
-487328530
-487317944
-487320428
-487317944
-487335619
-487317944
-487319199
-487317944
-487323334
-487317944
-487333173
-487317944
-487328722
-487322351
-487329714
-487317944
-487317944
-487334431
-487317944
-487324973
-487317944
-487317944
-487334530
-487317944
-487317944
Queue is Full
-487317944
-487332883
-487317944
-487328391
-487320285
-487318035
-487317944
-487329900
-487323262
-487326093
-487320967
-487317944
Queue is Full
-487326320
-487317944
-487334507
-487317944
-487321039
-487321453
-487317944
-487317944
Queue is Full
-487317944
Queue is Full
-487326305
-487317944
-487317944
-487327062
-487317944
-487317944
-487333564
-487317944
-487331189
-487317944
-487322112
-487317944
-487333713
-487337010
-487317944
-487323184
-487317944
-487317944
-487317944
-487336092
-487317944
-487317944
Queue is Full
-487317944
-487328206
-487318616
-487317944
-487321416
-487317944
-487322165
-487320935
-487335088
-487317944
-487317944
Queue is Full
-487325071
-487318473
-487317944
-487317944
-487326527
-487317944
-487325565
-487320040
-487317944
-487327264
-487317944
-487317944
-487317944
-487326439
-487317944
-487317944
-487317944
-487324982
-487328714
-487317944
-487327360
-487324050
-487317944
-487317944
-487321564
-487317944
-487317944
-487319644
-487317944
-487317944
-487327179
-487323849
-487331923
-487317944
-487317944
-487317944
-487328056
-487317944
-487317944
-487318657
-487317944
Queue is Full
-487332305
-487317944
-487328248
-487317944
-487317944
-487324672
-487325857
-487330865
-487334945
-487317944
-487317944
-487337159
-487326620
-487337330
-487317944
-487317944
-487335160
-487325123
-487317944
-487326659
-487322947
-487317944
-487317944
-487322281
-487317944
-487335687
-487317944
Queue is Full
-487317944
-487323187
-487317944
-487317944
-487323122
-487317944
-487327066
-487317944
-487317944
-487317944
-487317944
-487317944
-487323601
-487317944
-487334760
-487317944
-487317944
-487331281
-487317944
-487318486
-487317944
-487333612
-487321233
-487317944
-487317944
-487333143
-487317944
-487319704
-487317944
-487318713
-487325078
-487317944
-487323024
-487317944
-487319807
-487330567
-487317944
-487317944
-487327701
-487317944
-487317944
-487327815
-487317944
-487334720
-487317944
-487333124
-487317944
-487336355
-487317944
-487337207
-487324281
-487318775
-487317944
-487324952
-487317944
-487327530
-487317944
-487332625
-487317944
-487318138
-487317944
-487333597
-487327997
-487335394
-487317944
-487317944
-487321201
-487317944
-487326341
-487328605
-487317944
-487336922
-487317944
Queue is Full
-487329843
-487317944
-487317944
-487319952
-487317944
-487317944
-487317944
-487331570
-487335013
-487327612
-487332292
-487317944
-487333364
-487317944
-487317944
-487332158
-487317944
-487331243
-487317944
-487329100
-487317944
-487317944
-487320409
-487317944
-487331237
-487317944
-487334527
-487319997
-487317944
-487337147
Queue is Full
-487333497
-487330473
-487320495
-487317944
-487331553
-487328477
-487317944
-487317944
-487321189
-487319503
-487317944
-487332055
-487317944
Queue is Full
-487317944
-487321716
-487317944
-487320889
-487317944
-487337037
-487326503
-487317944
Queue is Full
-487331895
-487317944
-487326027
-487317944
-487329377
-487319356
-487317944
-487320449
-487317944
-487326133
-487317944
-487336043
-487328855
-487321905
-487317944
-487323690
-487317944
-487324097
-487317944
-487317944
-487327603
-487317944
-487332072
-487317944
-487320025
-487317944
-487317944
-487324171
-487332438
-487325592
-487317944
-487325764
-487325104
-487317944
-487318975
-487332511
-487317944
-487332686
-487317944
-487317944
-487326774
-487317944
-487334953
-487323949
-487317944
-487317944
-487335314
-487317944
-487317944
-487325619
-487317944
-487317944
Queue is Full
-487325357
-487329191
-487317944
-487319150
-487317944
Queue is Full
-487320521
-487317944
-487332863
-487324129
-487317944
-487317944
-487330794
-487317944
-487317944
-487317944
-487330179
-487317944
-487317944
Queue is Full
-487317944
Queue is Full
-487317944
-487329283
-487321478
-487317944
-487317944
-487337740
-487317944
-487317944
-487330478
-487336513
-487317944
-487332444
-487319702
-487327866
-487317944
-487317944
-487330503
-487321862
-487317944
-487331780
-487317944
-487322743
-487317944
-487322217
-487328335
-487317944
-487329275
-487317944
-487332737
-487326371
-487317944
-487317944
-487317944
-487329139
-487318821
-487317944
-487320529
-487317944
-487317944
Queue is Full
-487323261
-487317944
Queue is Full
-487320789
-487317944
-487328051
-487317944
-487336315
-487317944
-487325605
-487317944
-487323294
-487337027
-487317944
-487333674
-487317944
-487317944
-487317944
-487331307
-487317944
-487326631
-487335838
-487328310
-487317944
-487332117
-487317944
-487317944
-487319211
-487317944
-487317944
-487335671
-487319679
-487317944
-487329918
-487317944
-487321347
-487317944
-487330941
Queue is Full
-487317944
-487324623
-487317944
-487324549
-487317944
-487317944
-487319107
-487333392
-487334944
-487317944
-487317944
-487331150
-487317944
-487332847
-487329571
-487317944
-487328473
-487317944
-487317944
Queue is Full
-487317944
-487334387
-487317944
-487317944
-487325067
-487329042
-487317944
-487317944
-487317944
-487336771
-487336991
-487317944
-487317944
-487317944
-487318231
-487317944
-487326481
-487317944
-487322460
-487332307
-487330676
-487329732
-487325004
-487317944
-487317944
-487321631
-487317944
-487317944
-487325461
-487317944
-487320100
-487318175
-487317944
-487324570
-487317944
-487327091
-487317944
-487336559
-487325531
-487336454
-487325006
-487331381
-487317944
-487317944
-487325649
-487328216
-487336878
-487317944
-487324301
-487317944
-487317944
-487317944
-487330998
-487317944
-487335702
-487317944
-487317944
-487324050
-487336905
-487317944
-487317944
-487318039
-487317944
-487332069
-487317944
-487319577
-487317944
-487332465
-487317944
-487317944
Queue is Full
-487320509
-487317944
-487317944
-487334959
-487327352
-487317944
-487335664
-487317944
-487331672
-487317944
-487317944
-487324261
-487330605
Queue is Full
-487317944
-487335041
-487317944
-487317944
-487325366
-487317944
-487317944
Queue is Full
-487317944
-487331623
-487317944
-487317944
-487332335
-487317944
-487317944
-487317944
-487330485
-487317944
-487327779
-487337066
-487317944
-487330461
-487317944
-487318233
-487337406
-487317944
-487334355
-487324931
-487337026
-487317944
-487327467
-487317944
-487334699
-487317944
-487325370
-487335808
-487317944
-487317944
Queue is Full
-487317944
-487325199
-487317944
-487331684
-487317944
-487319382
-487317944
Queue is Full
-487327114
-487317944
-487317944
-487332216
-487317944
-487317944
-487322851
-487317944
-487324777
-487317944
-487326343
-487317944
-487318701
-487317944
Queue is Full
-487332636
-487317944
-487326688
-487318886
-487319731
-487317944
-487317944
-487328822
-487317944
-487323878
-487317944
-487326542
-487317944
-487325475
-487317944
-487317944
-487323556
-487337552
-487317944
Queue is Full
-487320301
-487319931
-487317944
-487323725
-487317944
-487336709
-487317944
-487326596
-487317944
-487337649
-487317944
-487317944
-487320666
-487317944
-487329789
-487317944
-487329981
-487334161
-487331590
-487317944
-487317944
-487317944
-487317944
Queue is Full
-487334397
-487317944
-487336171
-487317944
-487317944
-487321196
-487317944
-487317944
Queue is Full
-487317944
-487321431
-487317944
-487317944
-487333740
-487317944
-487323336
-487317944
-487335152
-487317944
-487317944
-487317944
-487337643
-487331277
-487317944
-487317944
Queue is Full
-487317944
-487324566
-487320994
-487317944
-487328813
-487317944
-487318349
-487317944
-487317944
-487325654
-487317944
-487320515
-487326598
-487317944
-487334373
-487317944
-487326626
-487317944
-487317944
-487317944
-487324131
-487328427
-487322134
-487317944
Queue is Full
-487319961
-487333972
-487317944
-487317944
-487317944
Queue is Full
-487334826
-487317944
-487317944
-487317944
-487337373
-487317944
-487317944
-487325887
-487317944
-487317944
-487323617
-487317944
-487334718
-487317944
-487324023
-487321148
-487317944
-487328130
-487317944
-487317944
-487323096
-487317944
-487337404
-487317944
-487317944
-487324927
-487317944
-487322106
-487317944
Queue is Full
-487317944
-487335409
-487317944
-487333574
-487317944
-487317944
-487335857
-487317944
-487335692
-487336246
-487317944
-487328665
-487317944
-487332462
-487317944
-487317944
-487327403
-487317944
-487329400
-487317944
-487317944
-487334236
-487331269
-487334039
-487317944
-487337260
-487317944
-487317944
Queue is Full
-487331641
-487317944
-487324528
-487317944
-487317944
-487317944
-487331378
-487317944
-487320224
-487334018
-487317944
-487331780
-487317944
Queue is Full
-487331349
-487317944
-487335291
-487317944
-487334029
-487328204
-487317944
-487336077
-487336685
-487317944
Queue is Full
-487320939
-487317944
-487317944
-487336379
-487317944
-487326634
-487317944
-487317944
-487317944
-487326745
-487317944
-487323406
-487317944
-487317944
-487325681
-487317944
-487322209
-487318402
-487328046
-487318881
-487336402
-487317944
-487318823
-487332436
-487328967
-487320307
-487317944
-487317944
-487327572
-487325759
-487334353
-487317944
-487317944
-487331597
-487317944
-487317944
-487326580
-487319795
-487317944
-487333572
-487317944
-487317944
-487317944
-487317944
-487317944
-487317944
-487328650
-487317944
Queue is Full
-487317944
Queue is Full
-487319071
-487320605
-487317944
-487333826
-487317944
-487328172
-487317944
-487327469
-487326003
-487318501
-487317944
-487317944
-487317944
-487328648
-487320524 -487323781 -487318465 -487318110 -487329434 -487331159 -487334449 -487332412 -487324880 -487336192 -487329249 -487328984 -487335503 -487329002 -487337118 -487328016 -487325087 -487322211 -487324797 -487320098 -487332706 -487327682 -487322876 -487334876 -487331201 -487331281 -487330907 -487325962 -487337421 -487331610 -487329138 -487331436 -487322939 -487331187 -487337199 -487333276 -487326278 -487337659 -487321064 -487332094 -487319978 -487326955 -487336278 -487324479 -487333523 -487321061 -487333442 -487322492 -487334731 -487334592 -487318906 -487328227 -487331634 -487332020 -487324978 -487337447 -487325932 -487335302 -487331154 -487336970 -487334933 -487330255 -487319580 -487321072 -487324496 -487332947 -487319718 -487322703 -487330873 -487332729 -487326790 -487334684 -487320304 -487333394 -487329747 -487333097 -487337818 -487330338 -487334405 -487319356 -487336885 -487326851 -487335084 -487322208 -487336940 -487324288 -487337539 -487321568 -487326289 -487330827 -487318487 -487325284 -487332654 -487335996 -487324788 -487336656 -487336048 -487319413 -487331324 -487333674 -487321493 -487331367 -487322739 -487322881 -487336078 -487318124 -487319271 -487326286 -487335250 -487324202 -487337505 -487322198 -487330570 -487330808 -487328767 -487323265 -487334502 -487322898 -487337491 -487336009 -487332830 -487322042 -487318433 -487325395 -487337280 -487319621 -487329544 -487332949 -487328644 -487321443 -487333094 -487334045 -487318032 -487333741 -487320267 -487330187 -487330604 -487337244 -487320482 -487334268 -487327656 -487333509 -487334326 -487336087 -487324668 -487326213 -487323068 -487332260 -487337341 -487318301 -487329115 -487333392 -487337915 -487329536 -487326398 -487325910 -487333418 -487322247 -487333314 -487326560 -487328329 -487328459 -487320254 -487332967 -487322132 -487319032 -487323804 -487319067 -487329279 -487331332 -487321035 -487318318 -487321976 -487327258 -487320393 -487333359 -487319743 -487319034 -487331429 -487321891 -487330071 -487331855 -487332836 -487335281 -487328632 -487330251 -487336543 -487331742 -487318191 -487330157 -487322389 -487334178 -487331345 -487337688 -487337521 -487324401 -487320167 -487337558 -487334988 -487332394 -487331628 -487335762 -487326903 -487333606 -487321948 -487323846 -487334384 -487332365 -487323155 -487331931 -487318115 -487336174 -487328246 -487327101 -487322713 -487330565 -487326412 -487326162 -487337315 -487322623 -487336293 -487321997 -487333388 -487319834 -487337624 -487329947 -487334273 -487322734 -487319219 -487319346 -487325248 -487334862 -487326942 -487326041 -487318409 -487333012 -487330589 -487331633 -487335175 -487336198 -487324822 -487328812 -487323938 -487334116 -487332969 -487329713 -487335488 -487322263 -487328731 -487326913 -487331845 -487322142 -487319258 -487324752 -487325263 -487330980 -487321690 -487327737 -487335660 -487321799 -487322525 -487328299 -487333700 -487320920 -487318888 -487324413 -487319453 -487327171 -487329919 -487321699 -487324824 -487319735 -487335330 -487337495 -487331562 -487334471 -487327384 -487318797 -487321990 -487321751 -487327646 -487328241 -487334223 -487328535 -487320382 -487324731 -487321366 -487326045 -487331054 -487327763 -487337390 -487334114 -487318765 -487330288 -487329349 -487329389 -487336642 -487326057 -487318487 -487323421 -487319147 -487318925 -487328159 -487328326 -487322219 -487320200 -487337703 -487330553 -487324409 -487337634 -487332138 -487330058 -487331941 -487327803 -487328050 -487324720 -487321611 -487333790 -487329924 -487329478 -487335544 -487329150 -487332941 -487337085 -487322684 -487326927 -487331611 -487327165 -487319731 -487320491 -487333503 -487329890 -487323543 -487333471 -487324498 -487325468 -487330341 -487322941 -487333217 -487337508 -487332131 -487335003 -487318609 -487329300 -487324783 -487317968 -487332765 -487318712 -487327068 -487334159 -487319588 -487322411 -487318231 -487332173 -487320023 -487322362 -487331083 -487330119 -487329945 -487325822 -487334523 -487337267 -487324159 -487336431 -487326507 -487326311 -487322639 -487329033 -487337652 -487330137 -487327887 -487321828 -487332652 -487327532 -487333058 -487318397 -487337282 -487331281 -487326772 -487325951 -487335153 -487330341 -487326362 -487325172 -487335144 -487330739 -487334356 -487319782 -487327512 -487334313 -487330877 -487336972 -487318730 -487329630 -487332341 -487320305 -487331602 -487332987 -487332710 -487329638 -487326075 -487327277 -487327864 -487328697 -487322083 -487321387 -487327986 -487336728 -487328814 -487324170 -487319131 -487329974 -487328047 -487325389 -487320824 -487322894 -487332677 -487336498 -487325602 -487332231 -487331634 -487334065 -487325516 -487335469 -487332792 -487334038 -487330651 -487325295 -487321458 -487323623 -487327453 -487336810 -487337087 -487322860 -487330753 -487325513 -487326242 -487325587 -487317957 -487334413 -487335917 -487326494 -487332023 -487337128 -487328153 -487323432 -487330583 -487328420 -487331740 -487328976 -487324020 -487329461 -487325187 -487332055 -487330946 -487337662 -487331866 -487327201 -487320429 -487334449 -487319042 -487325375 -487327496 -487333430 -487333768 -487334320 -487335656 -487323215 -487318346 -487329496 -487321390 -487323179 -487335088 -487331821 -487318727 -487323564 -487335677 -487319036 -487324451 -487326190 -487331526 -487323098 -487332902 -487323930 -487318587 -487320854 -487335533 -487329290 -487337017 -487324187 -487331258 -487322600 -487320089 -487318804 -487320309 -487318038 -487337841 -487330604 -487332793 -487319117 -487327658 -487331638 -487320548 -487322455 -487326797 -487336914 -487334314 -487323755 -487321974 -487330635 -487323777 -487323098 -487334937 -487324329 -487321453 -487326360 -487332654 -487328558 -487330289 -487332042 -487328126 -487321095 -487332124 -487332153 -487321685 -487330288 -487318148 -487324455 -487334887 -487331677 -487334082 -487322995 -487320451 -487331879 -487325963 -487327872 -487336071 -487335602 -487331713 -487321468 -487325324 -487333452 -487325788 -487332329 -487329967 -487322519 -487318713 -487318438 -487320645 -487322714 -487325601 -487326603 -487330785 -487326711 -487318625 -487325277 -487323329 -487321922 -487330531 -487327959 -487325530 -487333598 -487333844 -487331513 -487323301 -487333616 -487320498 -487322892 -487326681 -487335255 -487324005 -487323283 -487329675 -487323142 -487333605 -487330227 -487335288 -487335359 -487333187 -487324865 -487322399 -487325696 -487333503 -487326081 -487330132 -487320370 -487325966 -487323580 -487318507 -487337681 -487334243 -487323291 -487329181 -487330991 -487334605 -487327043 -487326496 -487327955 -487334782 -487321321 -487334279 -487321195 -487330541 -487331479 -487325732 -487318069 -487321181 -487332359 -487324580 -487328891 -487336635 -487325603 -487327406 -487327149 -487337313 -487320200 -487325069 -487326910 -487331890 -487328170 -487329644 -487336762 -487328162 -487325646 -487318594 -487335317 -487323886 -487319102 -487336934 -487333796 -487333900 -487323260 -487337493 -487337533 -487328696 -487328940 -487318081 -487332075 -487331695 -487325610 -487323535 -487328902 -487334178 -487328486 -487333587 -487336291 -487327947 -487321215 -487335622 -487335300 -487321978 -487321416 -487337250 -487326421 -487325595 -487335423 -487327497 -487321753 -487325604 -487334341 -487337255 -487337829 -487320749 -487326783 -487334638 -487334591 -487329825 -487336180 -487335377 -487320708 -487332642 -487326513 -487319305 -487325112 -487328675 -487321468 -487323076 -487328367 -487336823 -487336017 -487318022 -487320450 -487324793 -487325876 -487337110 -487334553 -487323329 -487332457 -487318065 -487323676 -487318458 -487321877 -487331070 -487335004 -487335084 -487320807 -487330921 -487333388 -487321316 -487321363 -487332309 -487328886 -487324757 -487334085 -487321011 -487325394 -487333341 -487330675 -487321627 -487322807 -487331065 -487320876 -487323347 -487334584 -487337786 -487328919 -487335392 -487319648 -487330122 -487326113 -487318913 -487329829 -487317977 -487327036 -487336982 -487332224 -487329055 -487327343 -487322938 -487325467 -487331301 -487331984 -487319017 -487332876 -487331275 -487318345 -487328584 -487330310 -487320084 -487326079 -487323945 -487332743 -487324745 -487331788 -487335930 -487326999 -487322060 -487319852 -487318365 -487331541 -487327625 -487335415 -487327178 -487324771 -487319338 -487331534 -487322363 -487334134 -487329514 -487334685 -487332180 -487336846 -487337157 -487333808 -487323616 -487322738 -487330777 -487336841 -487322419 -487320979 -487326074 -487321827 -487335770 -487323593 -487318929 -487327399 -487331681 -487330513 -487322227 -487337727 -487327496 -487326135 -487334193 -487322717 -487322742 -487317958 -487324128 -487319845 -487337782 -487327557 -487333646 -487333327 -487323785 -487329923 -487331472 -487331684 -487331315 -487320404 -487336908 -487331026 -487325783 -487326164 -487334169 -487337816 -487326623 -487325949 -487318610 -487333052 -487332412 -487327829 -487321913 -487318257 -487323895 -487328456 -487335852 -487332482 -487329715 -487321239 -487330011 -487319340 -487329356 -487328400 -487328891 -487319782 -487337429 -487332238 -487318177 -487322853 -487319171 -487332126 -487330135 -487322686 -487325874 -487334157 -487331744 -487320354 -487321725 -487324267 -487333815 -487319398 -487336153 -487335536 -487322569 -487322151 -487333574 -487328993 -487322049 -487337455 -487335838 -487318480 -487331678 -487320995 -487323226 -487328475 -487334563 -487324332 -487324672 -487319974 -487331456 -487322572 -487325903 -487332498 -487319249 -487327608 -487335220 -487318442 -487326282 -487326456 -487335644 -487337796 -487324641 -487333085 -487330611 -487328646 -487324604 -487321996 -487330807 -487333974 -487334491 -487331149 -487318143 -487323982 -487335130 -487321920 -487330532 -487336962 -487332296 -487337693 -487322562 -487333023 -487318054 -487330951 -487319735 -487325935 -487332196 -487336537 -487322278 -487325949 -487323883 -487332510 -487335823 -487329037 -487335797 -487333381 -487337489 -487337817 -487331600 -487329741 -487330730 -487325440 -487336870 -487331753 -487327850 -487319785 -487334840 -487337511 -487325197 -487327455 -487318835 -487330248 -487334341 -487324576 -487321101 -487325414 -487320024 -487323538 -487318569 -487328374 -487329307 -487318593 -487324686 -487332269 -487329493 -487324340 -487322088 -487323012 -487334180 -487325864 -487321186 -487330689 -487327048 -487326251 -487336800 -487332694 -487329862 -487320789 -487321219 -487336100 -487337121 -487331031 -487323243 -487329228 -487336715 -487324868 -487320848 -487327889 -487324641 -487318606 -487319807 -487326853 -487323102 -487330394 -487325802 -487322281 -487325869 -487322075 -487336876 -487334394 -487326025 -487318788 -487319908 -487334110 -487333859 -487326331 -487318534 -487319461 -487334892 -487331671 -487332637 -487331651 -487325917 -487337517 -487319085 -487322395 -487322234 -487322362 -487334413 -487336522 -487331164 -487336107 -487335407 -487328542 -487322919 -487326751 -487335512 -487324229 -487335781 -487331427 -487319607 -487334831 -487323062 -487332523 -487333550 -487327752 -487320002 -487332690 -487318979 -487332586 -487319958 -487326009 -487329832 -487330582 -487328314 -487331656 -487333675 -487330161 -487332104 -487323499 -487337670 -487321547 -487336408 -487324263 -487319739 -487322526 -487333527 -487332990 -487329842 -487331744 -487326819 -487327983 -487328459 -487326920 -487337575 -487332681 -487320943 -487327161 -487328643 -487337688 -487333792 -487319380 -487322161 -487327918 -487330882 -487336743 -487318856 -487321029 -487328759 -487323067 -487322324 -487333571 -487325888 -487319004 -487327486 -487322859 -487322055 -487329574 -487326184 -487319825 -487335123 -487327006 -487337651 -487318885 -487337827 -487336667 -487325307 -487325181 -487319305 -487332792 -487335324 -487327306 -487329609 -487333039 -487320511 -487328382 -487334192 -487331905 -487335980 -487320887 -487334213 -487327269 -487331479 -487320948 -487320422 -487328560 -487333044 -487330786 -487323352 -487336322 -487319373 -487328115 -487328528 -487335365 -487330477 -487320980 -487320787 -487327225 -487322744 -487332902 -487320944 -487320433 -487327860 -487319374 -487318213 -487326554 -487330216 -487331061 -487330524 -487325650 -487335067 -487321900 -487331934 -487335950 -487331680 -487335247 -487325064 -487324110 -487325022 -487322940 -487331460 -487328227 -487320627 -487324687 -487331460 -487333053 -487336871 -487318408 -487319887 -487320074 -487331873 -487322599 -487324645 -487330064 -487319578 -487329291 -487327298 -487318162 -487323101 -487331437 -487328719 -487323189 -487334601 -487336139 -487330886 -487320592 -487320578 -487332101 -487328945 -487336829 -487335395 -487319151 -487320012 -487333429 -487328623 -487336627 -487322574 -487328394 -487319983 -487319037 -487319987 -487319113 -487325907 -487334394 -487329234 -487336076 -487321608 -487336843 -487320850 -487323280 -487330100 -487334959 -487334996 -487326125 -487331822 -487329059 -487326350 -487332275 -487320803 -487334939 -487317995 -487319419 -487330101 -487337770 -487328345 -487335742 -487332416 -487331880 -487334457 -487331881 -487321485 -487323521 -487335114 -487318454 -487335924 -487323769 -487322769 -487331217 -487327010 -487325954 -487330034 -487332537 -487330537 -487335411 -487331896 -487331178 -487330218 -487334199 -487320060 -487329830 -487332005 -487323125 -487326520 -487318759 -487318733 -487324942 -487330551 -487331315 -487324408 -487328277 -487334685 -487327983 -487332427 -487331227 -487321882 -487331332 -487324094 -487334818 -487336365 -487321068 -487320563 -487336476 -487328975 -487336790 -487321153 -487332018 -487324965 -487336470 -487321657 -487322826 -487319882 -487329404 -487327014 -487334282 -487323809 -487331507 -487330056 -487325623 -487322743 -487326183 -487337033 -487337754 -487331676 -487337090 -487335155 -487322027 -487324176 -487334818 -487326339 -487328459 -487329578 -487324666 -487337816 -487323853 -487334206 -487318757 -487325177 -487321514 -487331148 -487321432 -487324492 -487335262 -487329748 -487318627 -487322269 -487328423 -487332773 -487328085 -487330802 -487322990 -487322486 -487330589 -487335798 -487318642 -487321541 -487324884 -487327375 -487326223 -487322128 -487329381 -487322414 -487334096 -487330864 -487331396 -487323075 -487328851 -487322258 -487328488 -487328852 -487318050 -487334193 -487330581 -487320706 -487330934 -487332235 -487325649 -487334135 -487327978 -487330093 -487336048 -487322729 -487320636 -487319139 -487328902 -487321908 -487318717 -487337536 -487333519 -487323260 -487335406 -487318694 -487337822 -487321173 -487334938 -487324972 -487337479 -487323439 -487332658 -487330039 -487325129 -487322289 -487328449 -487335304 -487336606 -487331817 -487319988 -487336204 -487337077 -487327614 -487324436 -487330577 -487331674 -487333852 -487320503 -487336070 -487329231 -487324081 -487337438 -487324446 -487334156 -487324474 -487333818 -487327445 -487322434 -487324717 -487323401 -487324766 -487335990 -487320377 -487328244 -487321466 -487320002 -487318931 -487335982 -487320824 -487323876 -487324543 -487331257 -487334598 -487331423 -487322240 -487334450 -487319182 -487319823 -487331795 -487326802 -487318783 -487332187 -487320707 -487334249 -487329689 -487333667 -487336716 -487322123 -487325058 -487321717 -487333573 -487333458 -487328279 -487336414 -487331560 -487325537 -487328045 -487319293 -487330558 -487322939 -487327992 -487320420 -487332617 -487329521 -487329862 -487323389 -487330658 -487327144 -487333052 -487326344 -487320384 -487322037 -487329110 -487327110 -487335047 -487321817 -487337864 -487319707 -487326444 -487317989 -487322538 -487325835 -487335484 -487321663 -487319673 -487330703 -487330426 -487320637 -487325063 -487325991 -487337078 -487328225 -487330677 -487337722 -487327236 -487322460 -487332833 -487334644 -487323870 -487336259 -487336879 -487327406 -487319499 -487325623 -487333969 -487337668 -487330153 -487320455 -487320670 -487337163 -487333398 -487320185 -487322665 -487337448 -487334900 -487336036 -487335461 -487327749 -487329742 -487323233 -487321950 -487334744 -487336762 -487321068 -487322960 -487327242 -487318520 -487329480 -487319081 -487337292 -487325586 -487318755 -487326112 -487326079 -487326850 -487327163 -487318338 -487323620 -487336266 -487318408 -487334497 -487328413 -487324570 -487335395 -487318583 -487329978 -487333074 -487336855 -487327711 -487323773 -487319359 -487319399 -487326549 -487320771 -487333549 -487320201 -487334241 -487321973 -487326292 -487325164 -487335922 -487329694 -487335104 -487335958 -487334354 -487326009 -487319142 -487320183 -487324958 -487336052 -487318024 -487330325 -487323304 -487334623 -487328753 -487336820 -487321818 -487334460 -487332262 -487320382 -487330283 -487337423 -487335005 -487318974 -487329372 -487319174 -487319718 -487329012 -487326769 -487322197 -487326177 -487334332 -487322888 -487321952 -487332600 -487336997 -487336133 -487328511 -487331077 -487328016 -487328799 -487334488 -487323892 -487325700 -487326523 -487325793 -487321605 -487332027 -487326929 -487337613 -487336764 -487323352 -487318500 -487333573 -487334480 -487333965 -487335446 -487332198 -487321379 -487326689 -487319046 -487325188 -487334242 -487333726 -487330758 -487330969 -487324084 -487318705 -487337069 -487333022 -487322020 -487325192 -487330902 -487333101 -487332935 -487335513 -487336640 -487330790 -487317968 -487335252 -487333743 -487330741 -487334099 -487325137 -487321989 -487320666 -487322748 -487326873 -487323628 -487330670 -487333156 -487328921 -487326106 -487332877 -487330042 -487331402 -487335277 -487337605 -487334447 -487332203 -487328407 -487336918 -487334127 -487326098 -487320686 -487325293 -487332100 -487335067 -487325016 -487333670 -487325558 -487328550 -487327227 -487323693 -487326389 -487335526 -487334568 -487323466 -487319393 -487334565 -487319558 -487335521 -487318379 -487327019 -487333904 -487332704 -487329971 -487328590 -487320021 -487328604 -487337425 -487327757 -487331325 -487337616 -487333555 -487319379 -487328429 -487337322 -487337093 -487323456 -487321679 -487324872 -487329853 -487321864 -487328875 -487321858 -487334144 -487334286 -487323707 -487334334 -487336043 -487328271 -487328559 -487321502 -487321396 -487320242 -487333945 -487321003 -487322991 -487336411 -487320140 -487318904 -487337676 -487336897 -487319558 -487329827 -487331805 -487324711 -487332959 -487331446 -487329859 -487325712 -487332619 -487329995 -487327422 -487332731 -487337184 -487318697 -487334069 -487320400 -487332932 -487323912 -487333334 -487319578 -487335061 -487333054 -487318006 -487333067 -487337617 -487328547 -487320012 -487328703 -487333759 -487329210 -487325821 -487333301 -487330002 -487321747 -487325982 -487334766 -487321401 -487319750 -487332953 -487328940 -487327444 -487336912 -487324552 -487322358 -487336752 -487318432 -487325280 -487329344 -487327158 -487330431 -487334321 -487329987 -487333735 -487332474 -487327546 -487334421 -487320810 -487326768 -487334100 -487323291 -487320353 -487332107 -487326867 -487337412 -487319310 -487322789 -487328531 -487336566 -487331041 -487328319 -487323840 -487321450 -487337552 -487325609 -487321900 -487328737 -487321273 -487326291 -487330517 -487334414 -487322621 -487329706 -487324804 -487323120 -487332455 -487326835 -487319892 -487330697 -487330409 -487332452 -487322086 -487337100 -487319246 -487319622 -487330563 -487323606 -487333440 -487319056 -487322331 -487321867 -487337668 -487324589 -487330960 -487324297 -487328822 -487321862 -487332783 -487326356 -487321160 -487329227 -487319544 -487332626 -487335427 -487327786 -487333191 -487331059 -487337529 -487334266 -487331373 -487333942 -487329564 -487328941 -487334372 -487337413 -487336488 -487337779 -487336640 -487325986 -487322701 -487319413 -487328828 -487337651 -487325255 -487333297 -487336147 -487330333 -487321522 -487330871 -487326947 -487331703 -487325570 -487321383 -487330660 -487328504 -487318793 -487323194 -487323978 -487318558 -487327619 -487319268 -487333505 -487336045 -487325405 -487336840 -487327708 -487331039 -487328711 -487322212 -487320315 -487336483 -487325818 -487336838 -487321808 -487329193 -487336478 -487330924 -487322376 -487332401 -487321615 -487324079 -487325588 -487337088 -487337523 -487329487 -487329985 -487337046 -487318262 -487322910 -487324557 -487335765 -487327872 -487330393 -487319365 -487324185 -487323268 -487320349 -487337759 -487328020 -487327627 -487330553 -487336393 -487334313 -487324587 -487330041 -487332777 -487322988 -487326331 -487331562 -487333575 -487318335 -487319398 -487336477 -487333003 -487328456 -487318736 -487321359 -487320814 -487332672 -487329684 -487322092 -487319710 -487334465 -487333625 -487332106 -487326944 -487331387 -487323370 -487318468 -487330588 -487327275 -487337899 -487333308 -487331584 -487329449 -487334921 -487336628 -487336337 -487330222 -487331426 -487320303 -487327116 -487336881 -487328554 -487331889 -487337423 -487329676 -487326172 -487321737 -487318597 -487318503 -487326140 -487334173 -487326500 -487331853 -487322667 -487328021 -487321132 -487331050 -487334281 -487327216 -487327258 -487334645 -487327052 -487320309 -487331528 -487330551 -487329874 -487326551 -487319938 -487321227 -487318498 -487328968 -487328088 -487320196 -487326745 -487323693 -487330406 -487320735 -487323853 -487320476 -487336089 -487318912 -487330263 -487323126 -487336894 -487326925 -487334724 -487327317 -487323749 -487330886 -487333787 -487332214 -487325788 -487325488 -487326211 -487324607 -487332720 -487319387 -487327999 -487333422 -487325489 -487333468 -487322309 -487324108 -487328495 -487327812 -487330798 -487324815 -487322615 -487321876 -487334179 -487328669 -487321205 -487322026 -487333713 -487324059 -487324990 -487322152 -487336301 -487336435 -487336177 -487324082 -487336793 -487320613 -487322489 -487327860 -487320573 -487331612 -487337230 -487334350 -487326665 -487318279 -487326405 -487326094 -487319778 -487324204 -487329234 -487336933 -487325716 -487337305 -487337917 -487336115 -487336267 -487320154 -487333053 -487320902 -487328604 -487334005 -487334753 -487318636 -487331756 -487336377 -487334400 -487319474 -487324054 -487330864 -487323560 -487320040 -487320127 -487318112 -487330349 -487324977 -487325849 -487327169 -487336086 -487330105 -487324684 -487336283 -487327248 -487328606 -487325596 -487333607 -487335507 -487328054 -487335501 -487323984 -487334479 -487330105 -487320947 -487320096 -487334265 -487337756 -487323983 -487321514 -487319642 -487325791 -487330090 -487330808 -487336544 -487328936 -487334893 -487318871 -487329506 -487337291 -487334885 -487335465 -487336569 -487336329 -487330901 -487319540 -487319357 -487319360 -487330581 -487328711 -487324532 -487335766 -487329360 -487333844 -487335861 -487329790 -487320814 -487320536 -487330890 -487330191 -487334730 -487328594 -487325167 -487336210 -487331604 -487333073 -487333791 -487335108 -487324016 -487325439 -487330211 -487318431 -487322826 -487327121 -487333939 -487319428 -487334436 -487321025 -487335765 -487334098 -487320116 -487333430 -487337896 -487319703 -487328837 -487337023 -487324310 -487326953 -487324139 -487326766 -487327821 -487321225 -487322715 -487319872 -487337540 -487333058 -487326117 -487330837 -487335940 -487336142 -487323751 -487335692 -487331366 -487337301 -487326979 -487324496 -487330163 -487322087 -487320352 -487328834 -487330678 -487318815 -487320853 -487319024 -487325667 -487329931 -487333100 -487318831 -487336929 -487332446 -487330560 -487336869 -487321247 -487337532 -487336536 -487323715 -487325501 -487318306 -487331484 -487329737 -487323233 -487337705 -487323432 -487331421 -487323505 -487322028 -487322949 -487324691 -487328871 -487332812 -487319703 -487332151 -487318454 -487325231 -487330924 -487333301 -487337627 -487336448 -487329781 -487323892 -487319483 -487322167 -487337370 -487319134 -487337238 -487323772 -487328395 -487322926 -487334423 -487321530 -487327119 -487328531 -487320992 -487332594 -487324371 -487318070 -487336020 -487329533 -487332299 -487332088 -487329843 -487326399 -487321827 -487330209 -487321027 -487319214 -487325455 -487337115 -487319340 -487318412 -487331688 -487334082 -487323370 -487337307 -487337556 -487337935 -487335691 -487331323 -487323840 -487328803 -487334360 -487321412 -487331519 -487333481 -487334209 -487331840 -487320467 -487326042 -487335504 -487320948 -487335639 -487336549 -487330677 -487335904 -487329580 -487326304 -487321383 -487333496 -487326240 -487318105 -487335488 -487336619 -487329180 -487327753 -487333576 -487322660 -487335162 -487319907 -487327691 -487327326 -487325321 -487333528 -487335042 -487328791 -487333256 -487321707 -487333167 -487324118 -487321651 -487327057 -487334002 -487335549 -487327484 -487329749 -487332204 -487334800 -487318897 -487337063 -487332830 -487322434 -487319474 -487322655 -487320730 -487322664 -487328881 -487334900 -487325995 -487337459 -487333563 -487329498 -487322612 -487332312 -487334606 -487332417 -487335600 -487332659 -487336452 -487325615 -487321302 -487331008 -487318960 -487332297 -487336355 -487319995 -487320178 -487328229 -487335896 -487321981 -487320586 -487336629 -487320724 -487320680 -487327127 -487324330 -487330657 -487325341 -487318193 -487330328 -487331470 -487323718 -487333474 -487326808 -487331736 -487319185 -487324281 -487320327 -487320443 -487337219 -487335451 -487331492 -487326799 -487327758 -487330417 -487319273 -487324971 -487334376 -487317973 -487334884 -487319213 -487322452 -487322856 -487329730 -487328242 -487320248 -487332813 -487318879 -487333127 -487329925 -487337788 -487335489 -487336819 -487329568 -487334315 -487323949 -487321318 -487320641 -487319913 -487324768 -487325252 -487330647 -487326973 -487325842 -487327101 -487318319 -487326447 -487337629 -487335418 -487330102 -487336393 -487333617 -487329944 -487335222 -487323683 -487330564 -487333690 -487321067 -487320887 -487330286 -487320199 -487332121 -487323882 -487322849 -487337279 -487322151 -487327678 -487336736 -487325088 -487325154 -487324606 -487326364 -487322467 -487337364 -487324590 -487318555 -487331967 -487327108 -487328526 -487329129 -487327402 -487330035 -487326709 -487330195 -487337178 -487320202 -487321809 -487336298 -487324700 -487330267 -487329230 -487328973 -487327295 -487320383 -487327400 -487336744 -487335497 -487327598 -487325737 -487332354 -487320257 -487332855 -487327162 -487328363 -487324978 -487324230 -487324956 -487337413 -487331799 -487337938 -487317981 -487323515 -487318115 -487318374 -487330391 -487319167 -487326471 -487323280 -487336835 -487323135 -487320783 -487337812 -487332860 -487334548 -487329270 -487318899 -487323598 -487337109 -487325241 -487318348 -487330416 -487329436 -487335151 -487324401 -487319139 -487335280 -487320334 -487330719 -487329751 -487318781 -487321057 -487331821 -487324962 -487336954 -487332433 -487328395 -487335148 -487320906 -487328862 -487318734 -487337436 -487328501 -487336676 -487320604 -487334164 -487322995 -487329929 -487324096 -487328634 -487320640 -487328768 -487324904 -487322762 -487335377 -487334920 -487329840 -487330030 -487319032 -487333385 -487332176 -487331377 -487336999 -487331420 -487328599 -487321281 -487331774 -487325883 -487318615 -487334691 -487325996 -487325460 -487334680 -487333851 -487329052 -487334280 -487326082 -487326129 -487336071 -487321042 -487336165 -487326829 -487318095 -487322484 -487332323 -487328660 -487331254 -487319131 -487333449 -487322067 -487319238 -487326828 -487327357 -487333243 -487332657 -487327213 -487334316 -487331892 -487329892 -487333162 -487330537 -487320736 -487329913 -487319917 -487318696 -487328192 -487333060 -487335426 -487329109 -487318357 -487331033 -487337857 -487323799 -487319021 -487321117 -487331943 -487323305 -487326608 -487325199 -487330582 -487334977 -487325712 -487324997 -487329773 -487327744 -487326733 -487328487 -487323234 -487330435 -487331502 -487325489 -487322014 -487318022 -487323489 -487319377 -487334604 -487324433 -487332472 -487333971 -487323727 -487329181 -487337654 -487321790 -487328056 -487337480 -487331994 -487320689 -487321976 -487318577 -487321843 -487328295 -487331325 -487334572 -487325635 -487335472 -487337564 -487328141 -487326160 -487331733 -487332749 -487335398 -487331076 -487322218 -487322625 -487323351 -487325952 -487333897 -487321052 -487321225 -487327554 -487325486 -487324972 -487327559 -487332461 -487330192 -487321467 -487323397 -487329728 -487321185 -487326348 -487327350 -487334554 -487318053 -487318940 -487318024 -487321815 -487327739 -487325381 -487334331 -487328148 -487326854 -487318475 -487328720 -487323028 -487330451 -487329144 -487333589 -487332787 -487335453 -487334862 -487333700 -487336349 -487334842 -487336598 -487319233 -487333641 -487322647 -487335147 -487322044 -487324793 -487336502 -487328217 -487329599 -487322706 -487328380 -487331924 -487333317 -487337902 -487333729 -487326995 -487327466 -487335987 -487329737 -487334555 -487329778 -487337412 -487325985 -487331358 -487327872 -487325683 -487322943 -487336194 -487320584 -487319903 -487326124 -487336711 -487337848 -487333401 -487320407 -487325064 -487325456 -487323223 -487322846 -487331242 -487336726 -487331923 -487334157 -487328495 -487325752 -487333316 -487319778 -487321055 -487332182 -487329459 -487323055 -487320714 -487326402 -487326241 -487332058 -487337600 -487336319 -487326018 -487329041 -487318790 -487333035 -487318869 -487325080 -487328638 -487318138 -487336655 -487335557 -487330116 -487337071 -487331946 -487318252 -487328622 -487325167 -487328098 -487336405 -487336109 -487331077 -487324984 -487332627 -487334766 -487318053 -487319177 -487319436 -487329442 -487319203 -487331442 -487332454 -487333656 -487327389 -487329293 -487319353 -487330621 -487324933 -487328493 -487326275 -487328839 -487326373 -487337398 -487332972 -487331396 -487320311 -487318118 -487319040 -487326057 -487318843 -487323433 -487329717 -487319743 -487325484 -487320746 -487334863 -487333431 -487326518 -487328326 -487322330 -487328267 -487321197 -487326950 -487328323 -487326057 -487331116 -487318118 -487325432 -487334367 -487330090 -487328036 -487334341 -487326974 -487329751 -487318513 -487326739 -487337810 -487333019 -487336163 -487335014 -487321598 -487329177 -487325881 -487332322 -487328086 -487334847 -487325691 -487328668 -487318967 -487320048 -487318276 -487321634 -487330931 -487324031 -487333139 -487322501 -487336596 -487337028 -487322559 -487329019 -487327895 -487319914 -487337014 -487318479 -487328962 -487335563 -487333441 -487320650 -487322877 -487322298 -487336231 -487329597 -487320223 -487329298 -487329414 -487322936 -487326479 -487320183 -487334505 -487329328 -487326697 -487326669 -487331728 -487333608 -487318919 -487320361 -487322729 -487335684 -487326947 -487321761 -487323902 -487329901 -487321571 -487337716 -487336820 -487322610 -487334709 -487325121 -487325431 -487320159 -487327210 -487331667 -487318986 -487328917 -487331858 -487318189 -487337631 -487326952 -487322749 -487329293 -487326354 -487335772 -487331797 -487332033 -487332965 -487321573 -487320716 -487322196 -487332903 -487334854 -487331340 -487324311 -487336044 -487328760 -487325932 -487336910 -487331212 -487321350 -487325367 -487337845 -487319201 -487327570 -487336528 -487335825 -487330018 -487323196 -487326125 -487334296 -487324904 -487328899 -487328097 -487333105 -487318359 -487321338 -487326635 -487333459 -487318268 -487328833 -487329546 -487330791 -487327352 -487328970 -487326773 -487327581 -487321661 -487330875 -487318991 -487324719 -487321953 -487324600 -487327167 -487335428 -487332799 -487335936 -487332702 -487331098 -487324609 -487336830 -487321315 -487337736 -487327561 -487320952 -487324391 -487325117 -487322632 -487320930 -487329881 -487329019 -487323939 -487319061 -487336530 -487319036 -487328236 -487336743 -487319716 -487322976 -487322318 -487325941 -487325172 -487330368 -487334392 -487330267 -487336738 -487334127 -487336704 -487327205 -487322147 -487332375 -487325988 -487327218 -487324894 -487333977 -487329728 -487334695 -487323097 -487321320 -487328845 -487330831 -487333177 -487331456 -487335443 -487337350 -487325667 -487336882 -487320265 -487323492 -487324120 -487331309 -487325494 -487337500 -487329917 -487333180 -487323909 -487335339 -487331543 -487330476 -487318755 -487323569 -487318073 -487332579 -487324182 -487326385 -487336166 -487329007 -487333912 -487318361 -487337853 -487336413 -487319210 -487323340 -487336500 -487330484 -487334441 -487336946 -487324196 -487325204 -487326599 -487320343 -487320385 -487326201 -487335459 -487330888 -487337733 -487329082 -487324184 -487335135 -487333088 -487327027 -487321119 -487331801 -487332637 -487321142 -487335176 -487323214 -487333130 -487327964 -487327643 -487329391 -487321590 -487329525 -487326979 -487327399 -487318814 -487334339 -487318279 -487319092 -487332518 -487335876 -487328459 -487328483 -487336187 -487319631 -487318076 -487333270 -487323924 -487325193 -487333228 -487326902 -487326024 -487335716 -487336873 -487336208 -487336588 -487321192 -487326001 -487319615 -487322850 -487327196 -487321544 -487334336 -487337894 -487321320 -487333870 -487318995 -487324666 -487325734 -487321920 -487337369 -487323446 -487332475 -487336447 -487331367 -487325334 -487333930 -487323248 -487334821 -487321455 -487325581 -487324495 -487320215 -487327099 -487320122 -487318562 -487331672 -487328578 -487320527 -487323391 -487328248 -487327444 -487335094 -487336895 -487319031 -487327477 -487326335 -487319475 -487327522 -487332434 -487322246 -487326994 -487333292 -487337286 -487333637 -487331266 -487330474 -487319108 -487320472 -487326052 -487324017 -487330309 -487329503 -487323699 -487325669 -487325625 -487331308 -487319565 -487333507 -487323870 -487336328 -487332827 -487321284 -487319140 -487328736 -487330094 -487326784 -487332015 -487333751 -487337625 -487326512 -487337734 -487321150 -487337609 -487322989 -487321499 -487318428 -487326961 -487335165 -487336837 -487329559 -487320982 -487323740 -487335145 -487329270 -487327001 -487321870 -487331316 -487325063 -487327880 -487329124 -487335520 -487331684 -487319254 -487337082 -487324815 -487318598 -487320734 -487321794 -487321733 -487333967 -487336155 -487324916 -487334279 -487323798 -487326211 -487324682 -487337836 -487334791 -487319696 -487318489 -487333285 -487328355 -487321111 -487331097 -487322863 -487329873 -487322596 -487334475 -487325219 -487325373 -487331093 -487326520 -487335431 -487332794 -487334941 -487329118 -487329474 -487318754 -487328642 -487328864 -487326837 -487321830 -487324538 -487320463 -487321061 -487330703 -487329856 -487323599 -487333883 -487319090 -487320309 -487330887 -487319008 -487325793 -487323699 -487325384 -487334431 -487324719 -487331215 -487328195 -487326862 -487337715 -487325656 -487331232 -487326428 -487329238 -487327036 -487337047 -487333857 -487325678 -487332506 -487335994 -487336020 -487320492 -487321036 -487329862 -487330258 -487334137 -487326407 -487335125 -487331413 -487330209 -487332006 -487330835 -487321398 -487319951 -487329564 -487324108 -487323055 -487324059 -487323361 -487322944 -487333048 -487329528 -487331307 -487332973 -487321093 -487322065 -487337412 -487333111 -487326692 -487321796 -487320286 -487328981 -487337757 -487327666 -487320100 -487324505 -487334229 -487336105 -487319618 -487318287 -487329154 -487320728 -487334005 -487329277 -487331086 -487333827 -487333966 -487328331 -487318241 -487320223 -487329358 -487328341 -487327724 -487322897 -487335333 -487323535 -487328137 -487335496 -487333172 -487328085 -487324575 -487331054 -487331076 -487335647 -487329640 -487322993 -487318568 -487327701 -487336673 -487336743 -487320349 -487321915 -487329837 -487330043 -487321745 -487319046 -487321142 -487329686 -487319370 -487324119 -487324340 -487330646 -487319994 -487319410 -487330014 -487323019 -487334966 -487319333 -487337256 -487318315 -487331613 -487335028 -487325332 -487319364 -487318653 -487329267 -487326329 -487332371 -487325946 -487330658 -487336442 -487320006 -487324567 -487337401 -487327333 -487333578 -487319081 -487337565 -487336058 -487319583 -487332593 -487320935 -487319978 -487331636 -487333351 -487336695 -487329284 -487328309 -487335174 -487331886 -487324149 -487335821 -487333094 -487337840 -487325977 -487335020 -487336147 -487321271 -487320007 -487319819 -487320539 -487322176 -487332837 -487324756 -487337709 -487318932 -487330741 -487318272 -487331715 -487318046 -487318431 -487317975 -487337919 -487319152 -487324050 -487321510 -487329825 -487324628 -487326853 -487328686 -487325494 -487327016 -487320380 -487335119 -487328361 -487328653 -487323350 -487324287 -487327564 -487328128 -487328832 -487318677 -487332846 -487328500 -487325678 -487336650 -487333878 -487329555 -487323250 -487318416 -487328010 -487333856 -487318348 -487326900 -487323169 -487325326 -487331818 -487327266 -487335095 -487328041 -487333938 -487334935 -487320661 -487329052 -487324752 -487328028 -487329742 -487337595 -487324244 -487336797 -487337153 -487333414 -487334094 -487336630 -487333368 -487323843 -487335503 -487325709 -487319757 -487326235 -487319045 -487318745 -487324977 -487327278 -487331585 -487323294 -487322985 -487330600 -487320496 -487329100 -487321284 -487331663 -487327914 -487320501 -487337907 -487335094 -487329730 -487327103 -487331799 -487334960 -487322933 -487334391 -487324542 -487330819 -487333788 -487326842 -487328899 -487337415 -487319833 -487324904 -487319636 -487320743 -487332871 -487321810 -487327379 -487333550 -487319838 -487329721 -487326917 -487324647 -487327262 -487326197 -487337760 -487328609 -487337864 -487333219 -487322458 -487335327 -487328899 -487327870 -487336025 -487334492 -487326823 -487322466 -487325041 -487332887 -487325115 -487334539 -487324220 -487320564 -487337656 -487325766 -487322908 -487323927 -487327246 -487321944 -487330775 -487333994 -487318283 -487318878 -487331103 -487318210 -487334149 -487320990 -487332195 -487336722 -487322721 -487327030 -487332918 -487334751 -487322605 -487337917 -487333416 -487333239 -487334817 -487331266 -487329518 -487326295 -487330804 -487325525 -487333926 -487335197 -487318668 -487336632 -487325260 -487337675 -487322426 -487318226 -487325338 -487323674 -487326475 -487330700 -487324609 -487335496 -487321854 -487335442 -487324046 -487330324 -487334747 -487327668 -487332888 -487337703 -487336526 -487326722 -487321235 -487320573 -487321934 -487322761 -487337594 -487336269 -487334646 -487326661 -487329752 -487322950 -487332756 -487332884 -487334935 -487330196 -487328439 -487334267 -487333193 -487325427 -487318381 -487335232 -487332233 -487324638 -487329403 -487319151 -487319766 -487327868 -487333918 -487326468 -487321427 -487328563 -487331163 -487325803 -487322746 -487322244 -487325970 -487324731 -487333456 -487327729 -487321689 -487335352 -487331955 -487325493 -487322790 -487334217 -487323730 -487336620 -487321985 -487337111 -487318876 -487321963 -487329333 -487331462 -487335765 -487331952 -487323010 -487337605 -487327602 -487321417 -487329874 -487320051 -487334901 -487333179 -487333479 -487325566 -487325374 -487337000 -487335559 -487325791 -487330608 -487322721 -487335352 -487318140 -487326902 -487332854 -487327990 -487318401 -487330275 -487327002 -487320651 -487327346 -487322830 -487332056 -487329143 -487333733 -487328459 -487333317 -487327324 -487324682 -487332904 -487330648 -487324191 -487320245 -487318418 -487318831 -487336590 -487328172 -487323835 -487319819 -487322837 -487320354 -487325028 -487336505 -487327844 -487320597 -487320458 -487336473 -487331073 -487323478 -487328106 -487322090 -487333007 -487334200 -487329320 -487318247 -487336992 -487323201 -487337291 -487337287 -487326006 -487333097 -487323519 -487318080 -487329447 -487326677 -487329988 -487323597 -487333159 -487322363 -487325225 -487328795 -487336270 -487329407 -487333212 -487330645 -487320233 -487326681 -487328204 -487319447 -487329880 -487330482 -487322175 -487332316 -487333045 -487322688 -487320252 -487335255 -487337503 -487319294 -487323201 -487326090 -487323253 -487325850 -487333293 -487323765 -487321915 -487322025 -487332484 -487336604 -487320589 -487332565 -487329643 -487334520 -487337772 -487325223 -487327282 -487329161 -487335459 -487319109 -487329025 -487331720 -487321902 -487329284 -487327537 -487336746 -487330051 -487337244 -487329323 -487320285 -487323201 -487321714 -487319016 -487325085 -487327190 -487322111 -487329176 -487325624 -487332176 -487328680 -487327326 -487329528 -487320394 -487324836 -487336947 -487331095 -487320203 -487335270 -487328235 -487336996 -487335587 -487327416 -487320097 -487327261 -487322254 -487327999 -487333486 -487337398 -487327787 -487335344 -487324198 -487337813 -487318938 -487336418 -487328222 -487319386 -487318760 -487329645 -487326061 -487330644 -487336169 -487333796 -487320984 -487330570 -487324838 -487323372 -487324507 -487337901 -487327401 -487323589 -487326145 -487337925 -487328018 -487319758 -487331729 -487333191 -487337037 -487335257 -487336372 -487327387 -487324422 -487325369 -487326019 -487333166 -487328503 -487318866 -487337782 -487322304 -487321352 -487318688 -487325044 -487323904 -487324760 -487327133 -487320836 -487331602 -487321024 -487319498 -487333844 -487332229 -487320725 -487320432 -487325197 -487336091 -487332647 -487331129 -487326399 -487337768 -487328241 -487327360 -487331713 -487334626 -487325176 -487336778 -487335374 -487318622 -487318215 -487326209 -487318120 -487324898 -487331147 -487333778 -487334120 -487324231 -487337423 -487327840 -487325062 -487320955 -487332268 -487337310 -487336533 -487319816 -487331799 -487324334 -487323663 -487329564 -487335503 -487329562 -487334685 -487323375 -487334996 -487324848 -487334910 -487325741 -487329214 -487327030 -487333612 -487335130 -487330250 -487331508 -487333228 -487328537 -487322667 -487320467 -487324329 -487326990 -487333757 -487320259 -487325695 -487335834 -487322890 -487322748 -487325204 -487323695 -487318279 -487319145 -487324292 -487333998 -487323864 -487320785 -487326484 -487323932 -487332147 -487332573 -487323578 -487324630 -487325917 -487326262 -487325754 -487328772 -487328847 -487330289 -487333767 -487320111 -487320636 -487321406 -487333096 -487332088 -487330967 -487323378 -487328104 -487335577 -487326145 -487326434 -487324258 -487329155 -487331352 -487336170 -487326267 -487332153 -487333312 -487326928 -487333031 -487334369 -487332377 -487332878 -487329455 -487324602 -487328160 -487320506 -487327756 -487335171 -487330255 -487334704 -487322924 -487337540 -487335575 -487335995 -487327889 -487331583 -487336075 -487327221 -487322227 -487331802 -487322275 -487336537 -487333617 -487329753 -487320605 -487320167 -487332859 -487319579 -487334835 -487331662 -487329034 -487319671 -487337928 -487331804 -487331594 -487321092 -487332886 -487327519 -487330989 -487320954 -487334781 -487330171 -487328820 -487322054 -487326522 -487322583 -487318531 -487326678 -487322429 -487335118 -487336365 -487332526 -487320459 -487319778 -487331653 -487332894 -487327730 -487333967 -487327227 -487333602 -487321572 -487328461 -487334440 -487319985 -487323320 -487337230 -487336242 -487324785 -487333632 -487329461 -487330900 -487323791 -487330930 -487326463 -487335547 -487331399 -487322480 -487333072 -487333486 -487320049 -487330519 -487318320 -487337043 -487330503 -487334612 -487328355 -487332228 -487321715 -487332653 -487332388 -487324354 -487326218 -487326084 -487331258 -487318585 -487334322 -487319189 -487336158 -487336590 -487328626 -487336461 -487332346 -487336677 -487327609 -487331544 -487320260 -487326600 -487334341 -487330802 -487336724 -487331123 -487318573 -487327097 -487324964 -487335227 -487331171 -487337648 -487322497 -487326367 -487322737 -487329316 -487334179 -487335620 -487327675 -487327266 -487336050 -487330429 -487327460 -487325804 -487323242 -487327467 -487319872 -487325292 -487320619 -487329146 -487322341 -487330811 -487320285 -487336166 -487328591 -487331848 -487329771 -487321425 -487322794 -487323854 -487332378 -487333455 -487321138 -487328994 -487334145 -487325931 -487328051 -487336507 -487319418 -487330438 -487318742 -487320093 -487324852 -487331322 -487325569 -487319906 -487326584 -487322215 -487325999 -487322894 -487326125 -487321217 -487334983 -487321201 -487328996 -487334767 -487335803 -487318686 -487336550 -487327693 -487337422 -487320198 -487320493 -487320557 -487337375 -487334062 -487332568 -487329045 -487321780 -487318192 -487334660 -487334553 -487330143 -487323395 -487321263 -487327023 -487325383 -487336646 -487326185 -487333415 -487333085 -487337266 -487333601 -487334371 -487334686 -487330383 -487336241 -487329101 -487322371 -487336175 -487330295 -487327025 -487337279 -487327384 -487336403 -487328640 -487328367 -487318778 -487336948 -487321813 -487329214 -487335479 -487332705 -487330601 -487335793 -487333897 -487336042 -487325592 -487327620 -487328654 -487332419 -487326884 -487334569 -487320424 -487327540 -487325433 -487324141 -487336769 -487333540 -487327526 -487326394 -487336869 -487322519 -487328246 -487329315 -487330794 -487330000 -487325429 -487335031 -487324875 -487332066 -487329057 -487318686 -487334971 -487332046 -487324668 -487334117 -487335618 -487325573 -487335606 -487337306 -487323604 -487324241 -487318201 -487333136 -487332382 -487325364 -487325990 -487332024 -487319568 -487324323 -487330374 -487322317 -487330177 -487330726 -487328625 -487321486 -487325722 -487336242 -487318008 -487335184 -487323953 -487321824 -487333490 -487326130 -487333807 -487324605 -487330303 -487322435 -487330142 -487320851 -487332330 -487328027 -487336658 -487325285 -487324308 -487331387 -487336098 -487329118 -487331557 -487325580 -487327287 -487322003 -487336043 -487334446 -487320505 -487336586 -487336200 -487328249 -487335377 -487335487 -487333411 -487330729 -487320691 -487332286 -487324886 -487323644 -487330899 -487325030 -487330133 -487334540 -487333440 -487331339 -487328609 -487325314 -487332039 -487333199 -487337037 -487326732 -487323086 -487334109 -487328737 -487332423 -487336742 -487321341 -487334540 -487334699 -487331039 -487335045 -487318788 -487333239 -487325225 -487334392 -487335748 -487329891 -487330812 -487333184 -487319960 -487322015 -487336734 -487332278 -487328328 -487337739 -487329318 -487321608 -487335468 -487325350 -487322718 -487327016 -487318862 -487330222 -487332114 -487335681 -487321066 -487318930 -487324712 -487323315 -487331960 -487337193 -487321016 -487337935 -487336387 -487334098 -487319972 -487329763 -487319485 -487323493 -487324727 -487323944 -487334321 -487333523 -487322782 -487335751 -487335964 -487335048 -487331682 -487328463 -487331259 -487333534 -487329543 -487327130 -487332697 -487326961 -487335301 -487326962 -487336262 -487332390 -487322104 -487330176 -487331698 -487331166 -487333464 -487326330 -487329831 -487336899 -487324681 -487328051 -487319480 -487320912 -487329655 -487324695 -487329863 -487333795 -487324639 -487322875 -487318448 -487328077 -487334881 -487321876 -487322455 -487332995 -487328693 -487334270 -487321207 -487337192 -487333208 -487321199 -487327715 -487321048 -487336746 -487323695 -487335315 -487327851 -487328389 -487326216 -487332250 -487330176 -487335845 -487330383 -487328020 -487334462 -487330228 -487329501 -487335303 -487334100 -487335178 -487318312 -487317957 -487326890 -487326240 -487325453 -487336878 -487328276 -487326682 -487326190 -487334212 -487324259 -487331888 -487337432 -487332822 -487332024 -487324100 -487335129 -487332858 -487333651 -487331980 -487322635 -487328658 -487334893 -487328343 -487332453 -487318611 -487337565 -487327009 -487318444 -487336571 -487336750 -487323600 -487324197 -487337469 -487319239 -487327011 -487327982 -487319802 -487322847 -487334431 -487323686 -487337134 -487320035 -487321410 -487322797 -487325646 -487332320 -487330010 -487319374 -487321154 -487319623 -487318357 -487318068 -487320163 -487325524 -487332214 -487321749 -487323591 -487321209 -487328068 -487319451 -487336245 -487337525 -487329434 -487324202 -487320259 -487326204 -487319963 -487318441 -487335761 -487327263 -487335466 -487324836 -487318308 -487330674 -487327278 -487336174 -487335120 -487321314 -487330915 -487335492 -487331455 -487337040 -487335069 -487337307 -487328459 -487324687 -487336486 -487332642 -487318181 -487319783 -487337133 -487330024 -487326425 -487323866 -487336068 -487327316 -487321822 -487331363 -487327634 -487325153 -487337895 -487336327 -487320727 -487330310 -487318021 -487325705 -487329189 -487323422 -487332478 -487335001 -487331000 -487332794 -487323551 -487336590 -487323078 -487336669 -487324504 -487332744 -487331531 -487318434 -487325729 -487318511 -487324406 -487328284 -487326024 -487334859 -487333180 -487325147 -487335782 -487321695 -487336584 -487331738 -487334455 -487329151 -487337052 -487318524 -487324668 -487321182 -487330919 -487324742 -487335838 -487324526 -487332145 -487333727 -487326313 -487333390 -487327789 -487320789 -487337002 -487336567 -487327788 -487334928 -487318605 -487335076 -487318814 -487319741 -487329705 -487329823 -487319724 -487320968 -487332982 -487324016 -487336719 -487317944 -487319268 -487319576 -487320045 -487335547 -487319537 -487331516 -487321734 -487326488 -487333123 -487328339 -487323129 -487319686 -487329890 -487333791 -487321182 -487327930 -487318629 -487327371 -487319403 -487322887 -487321022 -487329711 -487326570 -487335256 -487335409 -487326228 -487335922 -487328090 -487320791 -487328476 -487325033 -487327213 -487330114 -487321044 -487332470 -487333296 -487321081 -487336263 -487334055 -487336498 -487319288 -487319093 -487335281 -487330858 -487324680 -487332760 -487326269 -487329293 -487337349 -487325703 -487321623 -487337803 -487325738 -487326311 -487332461 -487321455 -487318641 -487337563 -487327898 -487325928 -487336980 -487330736 -487324051 -487334464 -487325896 -487328398 -487322281 -487321227 -487322603 -487332486 -487330788 -487319179 -487337483 -487321695 -487327382 -487334259 -487329664 -487326912 -487327253 -487334779 -487333787 -487334618 -487318576 -487319298 -487319454 -487331723 -487334655 -487328229 -487330844 -487328639 -487320902 -487330256 -487322110 -487318523 -487329452 -487335879 -487319048 -487328902 -487321377 -487321553 -487332657 -487318747 -487334968 -487318096 -487329070 -487321314 -487324379 -487322952 -487336338 -487320463 -487335052 -487337660 -487330516 -487323005 -487329537 -487337181 -487331390 -487325314 -487326928 -487329492 -487334466 -487330329 -487320649 -487329745 -487318233 -487328548 -487320158 -487328431 -487327229 -487337789 -487318555 -487327469 -487322711 -487327477 -487333493 -487327241 -487326879 -487335243 -487334238 -487336322 -487332289 -487328377 -487327084 -487326405 -487325077 -487336812 -487325142 -487320634 -487330074 -487322900 -487330930 -487330687 -487337453 -487324324 -487330143 -487329844 -487335382 -487320045 -487337654 -487336014 -487324735 -487325992 -487335260 -487318660 -487321391 -487324691 -487331632 -487331268 -487321138 -487335152 -487335208 -487333802 -487320716 -487336454 -487323749 -487321287 -487335812 -487329047 -487332712 -487336860 -487330208 -487332575 -487329881 -487333450 -487326047 -487329657 -487333272 -487325780 -487337702 -487336372 -487318706 -487329600 -487321830 -487320478 -487336863 -487320425 -487334777 -487323585 -487332908 -487331168 -487322613 -487324357 -487329307 -487320760 -487335148 -487334105 -487319743 -487334258 -487329117 -487336314 -487324320 -487326994 -487318836 -487324480 -487323102 -487327635 -487334433 -487333515 -487330038 -487337930 -487323648 -487335609 -487323531 -487327989 -487331632 -487321852 -487332182 -487336170 -487333191 -487325008 -487330229 -487336838 -487332807 -487318282 -487334390 -487318845 -487328076 -487332559 -487337299 -487335692 -487319103 -487329292 -487318077 -487322802 -487319262 -487328202 -487334985 -487334715 -487328604 -487326888 -487319947 -487323190 -487329584 -487326824 -487319204 -487324857 -487337494 -487320597 -487320075 -487333760 -487336034 -487330107 -487337135 -487323914 -487328546 -487336866 -487325553 -487325670 -487326123 -487327254 -487324989 -487323097 -487327195 -487326445 -487334031 -487334751 -487337159 -487333937 -487337005 -487330102 -487328090 -487325699 -487331458 -487335679 -487333245 -487320288 -487330729 -487319733 -487319315 -487318635 -487325990 -487317950 -487326709 -487319887 -487325615 -487327901 -487319336 -487318427 -487328570 -487331059 -487334328 -487335589 -487321979 -487337582 -487321151 -487336137 -487329559 -487330513 -487336938 -487319248 -487326045 -487333079 -487336542 -487333525 -487324837 -487337120 -487337068 -487325015 -487320804 -487334353 -487323539 -487327828 -487318034 -487335520 -487336526 -487320348 -487330730 -487335095 -487324705 -487329014 -487333968 -487324364 -487336187 -487335712 -487332022 -487336131 -487334773 -487337258 -487331379 -487319400 -487319027 -487333318 -487322765 -487333189 -487332622 -487325952 -487331508 -487323619 -487320290 -487328102 -487323810 -487330508 -487326434 -487334308 -487334700 -487322474 -487326940 -487335471 -487323787 -487319447 -487325043 -487322515 -487335825 -487332498 -487333712 -487318373 -487334740 -487330929 -487322086 -487336173 -487319966 -487322021 -487333173 -487331127 -487319302 -487331682 -487337168 -487337668 -487336526 -487333874 -487333689 -487324776 -487332476 -487333652 -487335236 -487326965 -487330748 -487324151 -487330070 -487324562 -487322790 -487328245 -487325276 -487337722 -487327944 -487329929 -487328282 -487323843 -487328736 -487326799 -487326618 -487321787 -487332870 -487318499 -487319710 -487319947 -487336978 -487328129 -487324905 -487319129 -487330556 -487325450 -487322745 -487319249 -487331351 -487326384 -487334255 -487326860 -487326198 -487326718 -487323870 -487327764 -487319451 -487323477 -487319305 -487332203 -487330497 -487323125 -487321337 -487318064 -487327434 -487332316 -487320548 -487322469 -487330780 -487330359 -487326749 -487330057 -487323700 -487323338 -487335627 -487329544 -487332643 -487331061 -487325403 -487319999 -487330326 -487327915 -487318686 -487329809 -487334874 -487335973 -487332759 -487325119 -487321351 -487328933 -487332875 -487331571 -487325172 -487318314 -487335436 -487332439 -487336409 -487327050 -487320204 -487318455 -487322717 -487337910 -487331908 -487324854 -487324927 -487318748 -487323365 -487324943 -487335190 -487322882 -487336329 -487325847 -487323878 -487322614 -487334536 -487337529 -487332905 -487318733 -487332313 -487335637 -487326038 -487328478 -487319988 -487325561 -487329859 -487332340 -487323142 -487335308 -487337024 -487324173 -487322684 -487332239 -487320601 -487319631 -487334054 -487322568 -487325188 -487334630 -487328418 -487334851 -487332512 -487336980 -487327949 -487323081 -487334235 -487329067 -487324240 -487330267 -487327664 -487328620 -487321962 -487331272 -487332456 -487322684 -487326514 -487334035 -487330765 -487318869 -487324910 -487326248 -487328137 -487329402 -487324495 -487327855 -487332700 -487331072 -487325943 -487318099 -487337284 -487323591 -487322362 -487335364 -487333170 -487333791 -487331078 -487326273 -487334844 -487328161 -487334276 -487328724 -487334566 -487337306 -487331074 -487318322 -487322547 -487333556 -487334821 -487333571 -487327465 -487324847 -487326145 -487329526 -487320662 -487328440 -487331106 -487318738 -487334258 -487328675 -487329993 -487320808 -487319342 -487320538 -487320728 -487335828 -487329282 -487319731 -487334546 -487324676 -487337737 -487318194 -487322288 -487333754 -487335262 -487330898 -487336968 -487332168 -487318440 -487329611 -487335599 -487321854 -487321995 -487319788 -487323025 -487322609 -487332673 -487337580 -487333198 -487334463 -487336640 -487335668 -487331524 -487325238 -487334261 -487323502 -487323440 -487332365 -487328282 -487326336 -487321769 -487334881 -487318749 -487322516 -487334382 -487322203 -487324853 -487334595 -487328768 -487326865 -487323027 -487322681 -487321272 -487329139 -487328791 -487324136 -487324003 -487327464 -487332279 -487329176 -487320262 -487322434 -487326594 -487326542 -487319051 -487335270 -487336159 -487328312 -487322589 -487335001 -487334960 -487335864 -487336758 -487332200 -487336558 -487319663 -487332699 -487335161 -487323931 -487324617 -487331074 -487334692 -487327188 -487329029 -487336217 -487335676 -487333326 -487322385 -487331950 -487330976 -487336279 -487330046 -487320413 -487320743 -487327126 -487327796 -487330501 -487329015 -487332835 -487324030 -487337263 -487328928 -487332212 -487329430 -487322183 -487327839 -487329393 -487328388 -487330852 -487337743 -487332029 -487321521 -487329249 -487336001 -487323124 -487318547 -487332377 -487334447 -487328309 -487331596 -487321557 -487320219 -487322862 -487333839 -487334043 -487327601 -487330851 -487322021 -487333936 -487318401 -487335012 -487330080 -487323060 -487324903 -487319595 -487321425 -487322980 -487334264 -487326438 -487333906 -487333013 -487327240 -487327418 -487321325 -487319259 -487330241 -487322011 -487333787 -487334224 -487321827 -487322910 -487327769 -487318809 -487329706 -487333457 -487326361 -487320036 -487336707 -487336679 -487324887 -487328581 -487328147 -487331524 -487325684 -487332018 -487319956 -487337549 -487319757 -487329026 -487333468 -487335933 -487334069 -487333656 -487319608 -487322734 -487337565 -487335009 -487319758 -487336022 -487332361 -487333942 -487318984 -487335844 -487328326 -487332227 -487331499 -487336711 -487321289 -487323130 -487334852 -487334604 -487332100 -487336568 -487336707 -487331472 -487323097 -487325043 -487318298 -487329878 -487325393 -487321579 -487319880 -487327197 -487320932 -487322512 -487326370 -487329031 -487318635 -487332308 -487326557 -487333537 -487333500 -487325551 -487321272 -487326250 -487329424 -487322185 -487333882 -487336103 -487333972 -487327358 -487319227 -487332585 -487323853 -487319535 -487337176 -487319497 -487323819 -487336300 -487329114 -487332096 -487331071 -487332053 -487320644 -487325715 -487329213 -487323967 -487331621 -487321252 -487326629 -487337824 -487320277 -487332358 -487329402 -487330767 -487325609 -487319227 -487319881 -487332876 -487321825 -487318774 -487318801 -487321262 -487335146 -487319144 -487329982 -487329574 -487320196 -487332718 -487335484 -487333980 -487323259 -487336514 -487321712 -487329361 -487323454 -487326097 -487324777 -487318491 -487337317 -487322104 -487331162 -487323284 -487325250 -487317986 -487333554 -487332661 -487337651 -487323157 -487328206 -487319264 -487336203 -487321492 -487320141 -487330034 -487329585 -487331822 -487330153 -487335765 -487323207 -487320436 -487332529 -487325885 -487335510 -487329572 -487330687 -487334141 -487324329 -487328127 -487327718 -487326310 -487332269 -487334927 -487336632 -487321412 -487332854 -487321950 -487336693 -487328636 -487323534 -487329877 -487326809 -487319904 -487327561 -487329492 -487335828 -487326574 -487335589 -487331383 -487323585 -487332337 -487335538 -487326663 -487322656 -487324798 -487334509 -487331831 -487330546 -487329013 -487331308 -487333921 -487334601 -487321468 -487323647 -487334953 -487324814 -487326464 -487323390 -487333009 -487318168 -487321317 -487336185 -487329119 -487318266 -487333099 -487327495 -487331162 -487333624 -487331744 -487330753 -487325535 -487330292 -487331860 -487326027 -487330151 -487321607 -487319832 -487328389 -487320580 -487330263 -487335714 -487331525 -487320784 -487322747 -487324215 -487327836 -487326582 -487318292 -487322017 -487329552 -487332495 -487318837 -487334969 -487337440 -487325130 -487321644 -487333313 -487337473 -487321965 -487330162 -487326694 -487324901 -487331131 -487331855 -487320578 -487324986 -487336136 -487326347 -487321223 -487330563 -487322600 -487325986 -487327299 -487328024 -487325634 -487323662 -487328328 -487334863 -487337591 -487335956 -487335786 -487329588 -487334787 -487335683 -487324959 -487329811 -487320522 -487318455 -487318988 -487328679 -487321374 -487324305 -487335888 -487327771 -487321095 -487330001 -487335796 -487333888 -487326930 -487320774 -487330023 -487325632 -487330906 -487326234 -487335390 -487332104 -487331307 -487320041 -487318538 -487322341 -487326363 -487335059 -487334377 -487334959 -487333359 -487324196 -487323801 -487327323 -487334875 -487336819 -487325448 -487332181 -487328809 -487331441 -487325957 -487331706 -487333949 -487328710 -487335785 -487337938 -487321047 -487336145 -487323253 -487321594 -487335333 -487324308 -487332595 -487318266 -487329909 -487329990 -487326508 -487322292 -487333007 -487324805 -487334130 -487324997 -487321925 -487333306 -487322393 -487335851 -487322450 -487323457 -487325239 -487319079 -487326054 -487323357 -487334201 -487337080 -487332282 -487337095 -487330239 -487333394 -487320807 -487324349 -487320244 -487331418 -487334964 -487327877 -487335831 -487320454 -487333428 -487321894 -487325012 -487321847 -487336242 -487337164 -487336875 -487334931 -487334930 -487332140 -487326571 -487331147 -487332123 -487326785 -487327126 -487319985 -487322657 -487327197 -487331568 -487323066 -487329445 -487320492 -487318314 -487322996 -487325807 -487327841 -487322726 -487329331 -487334491 -487327882 -487324317 -487335547 -487325711 -487324023 -487325629 -487322888 -487326658 -487317975 -487325365 -487327948 -487330802 -487330089 -487327102 -487332498 -487322324 -487332570 -487337297 -487335094 -487326746 -487334201 -487335509 -487324616 -487329781 -487318269 -487323858 -487321013 -487318320 -487322134 -487335049 -487335577 -487333284 -487327090 -487325054 -487334217 -487330963 -487337362 -487333417 -487331361 -487335855 -487334526 -487333686 -487320393 -487330548 -487334037 -487336266 -487329602 -487333337 -487330537 -487323214 -487337020 -487329524 -487324543 -487336069 -487335083 -487323043 -487329661 -487318826 -487322815 -487333777 -487327537 -487318739 -487332075 -487323627 -487332655 -487328707 -487325082 -487333676 -487325388 -487324066 -487337622 -487337779 -487324273 -487318498 -487323484 -487327619 -487323521 -487336334 -487331187 -487326113 -487327670 -487328385 -487334412 -487322046 -487331267 -487337029 -487318622 -487326537 -487318112 -487323395 -487325128 -487332586 -487337901 -487321711 -487328290 -487329285 -487337810 -487337042 -487318468 -487330070 -487332329 -487334702 -487322139 -487336662 -487321548 -487337064 -487321139 -487322641 -487319054 -487321049 -487331217 -487321788 -487332591 -487328590 -487332175 -487336965 -487323694 -487329392 -487333889 -487327246 -487329469 -487334607 -487333881 -487322406 -487325407 -487320979 -487327760 -487318654 -487329505 -487336557 -487326583 -487334459 -487323136 -487331143 -487326619 -487328999 -487327518 -487319780 -487333728 -487318550 -487322709 -487331124 -487320482 -487322994 -487320293 -487321084 -487322832 -487324713 -487328524 -487333941 -487320571 -487331925 -487334686 -487324666 -487322142 -487325299 -487334998 -487337073 -487335972 -487319880 -487319565 -487324556 -487318287 -487327642 -487329458 -487319292 -487332212 -487333213 -487336870 -487322587 -487333813 -487334997 -487334077 -487325598 -487329317 -487330674 -487330114 -487321676 -487330616 -487333063 -487329342 -487324709 -487324090 -487331019 -487318723 -487325592 -487324330 -487331344 -487332904 -487328998 -487331805 -487323273 -487320263 -487328336 -487321321 -487326729 -487325429 -487320336 -487335913 -487334342 -487320822 -487318427 -487326850 -487323194 -487332132 -487337202 -487327893 -487326539 -487318204 -487331534 -487335777 -487325816 -487335781 -487330049 -487335524 -487323037 -487337862 -487327136 -487327755 -487322599 -487324892 -487325625 -487323078 -487334840 -487331034 -487329136 -487319665 -487326897 -487326104 -487337730 -487336491 -487326905 -487327366 -487334377 -487321977 -487331040 -487331984 -487326337 -487337374 -487335380 -487320262 -487327156 -487333574 -487328829 -487320438 -487328238 -487327039 -487327237 -487336693 -487333095 -487322439 -487330019 -487322866 -487331141 -487329906 -487325407 -487329674 -487321299 -487327354 -487337651 -487318687 -487326770 -487335840 -487331441 -487328097 -487326950 -487337485 -487322133 -487334916 -487334225 -487320223 -487328469 -487325128 -487335636 -487335165 -487337779 -487336593 -487335331 -487319452 -487331097 -487326129 -487323970 -487328860 -487322988 -487337938 -487330580 -487333728 -487323737 -487334127 -487323408 -487325479 -487322052 -487334306 -487327219 -487322587 -487326211 -487334184 -487332763 -487324292 -487320301 -487324961 -487321609 -487328181 -487335685 -487330211 -487320539 -487321270 -487332017 -487323962 -487324090 -487322562 -487319409 -487332551 -487330335 -487331177 -487324724 -487332439 -487334791 -487327277 -487327841 -487334779 -487319658 -487331215 -487333794 -487325696 -487323760 -487331380 -487331794 -487325089 -487337104 -487331056 -487323027 -487337343 -487335886 -487333013 -487320072 -487335273 -487328871 -487321149 -487337017 -487322486 -487332244 -487320693 -487331958 -487320323 -487324374 -487318098 -487328523 -487336564 -487322478 -487321423 -487324522 -487334408 -487325934 -487320560 -487321640 -487334875 -487333604 -487330515 -487326678 -487319906 -487333899 -487329006 -487335674 -487329252 -487327816 -487334364 -487323421 -487328488 -487335190 -487319338 -487331977 -487328058 -487327309 -487335167 -487325432 -487329043 -487321208 -487332943 -487335903 -487318390 -487324994 -487334336 -487322995 -487325675 -487319566 -487320090 -487334444 -487329104 -487324926 -487332911 -487327241 -487327321 -487328859 -487333522 -487336424 -487331117 -487331474 -487331039 -487336977 -487328540 -487318594 -487333203 -487337193 -487329039 -487335418 -487327103 -487320323 -487323242 -487330309 -487327059 -487321549 -487336356 -487335719 -487336612 -487331928 -487329284 -487330949 -487336575 -487332747 -487336598 -487328751 -487322191 -487333276 -487323972 -487320626 -487335903 -487321862 -487325916 -487331874 -487333356 -487337104 -487323590 -487334786 -487336595 -487327294 -487326464 -487337514 -487320033 -487325862 -487318528 -487331689 -487321406 -487322591 -487324734 -487323740 -487327557 -487323441 -487335105 -487328441 -487319307 -487321594 -487333288 -487320369 -487325889 -487335153 -487328570 -487328632 -487318352 -487321940 -487322831 -487327718 -487325928 -487321255 -487327773 -487324808 -487324249 -487336412 -487324022 -487324948 -487334169 -487330471 -487328275 -487333991 -487319961 -487329597 -487333043 -487336063 -487334484 -487323654 -487335010 -487323717 -487329588 -487322410 -487319521 -487330387
