排名  考号      姓名          总分  语文  数学  英语
----------------------------------------------------------
1     S0878     学生878       433   145   144   144   
2     S4769     学生4769      430   143   137   150   
3     S0465     学生465       428   133   150   145   
4     S0893     学生893       426   144   138   144   
5     S1376     学生1376      426   141   150   135   
6     S0973     学生973       425   150   148   127   
7     S1209     学生1209      423   150   142   131   
8     S1342     学生1342      422   141   150   131   
9     S4031     学生4031      421   150   150   121   
10    S2742     学生2742      418   130   138   150   
11    S4401     学生4401      417   150   150   117   
12    S4682     学生4682      417   136   135   146   
13    S3188     学生3188      417   120   147   150   
14    S2325     学生2325      416   140   150   126   
15    S2604     学生2604      416   121   145   150   
16    S4640     学生4640      415   150   142   123   
17    S4634     学生4634      415   148   150   117   
18    S3639     学生3639      415   133   143   139   
19    S1160     学生1160      414   150   137   127   
20    S3589     学生3589      414   150   128   136   
21    S0167     学生167       414   150   125   139   
22    S4337     学生4337      413   150   150   113   
23    S4148     学生4148      413   141   133   139   
24    S1290     学生1290      413   134   140   139   
25    S2265     学生2265      413   134   130   149   
26    S4562     学生4562      412   150   143   119   
27    S4655     学生4655      411   146   137   128   
28    S4361     学生4361      411   146   115   150   
29    S4809     学生4809      411   138   146   127   
30    S2307     学生2307      411   136   145   130   
31    S3087     学生3087      411   125   149   137   
32    S3669     学生3669      410   150   149   111   
33    S3544     学生3544      410   150   124   136   
34    S2121     学生2121      410   147   113   150   
35    S1930     学生1930      410   135   125   150   
36    S1140     学生1140      409   144   141   124   
37    S2415     学生2415      409   140   124   145   
38    S4520     学生4520      409   137   122   150   
39    S0625     学生625       409   132   127   150   
40    S2755     学生2755      409   123   150   136   
41    S1862     学生1862      408   146   142   120   
42    S0047     学生47        408   131   132   145   
43    S1401     学生1401      408   116   145   147   
44    S0059     学生59        408   109   149   150   
45    S3807     学生3807      407   148   150   109   
46    S3660     学生3660      407   135   143   129   
47    S1087     学生1087      407   117   145   145   
48    S1647     学生1647      407   116   141   150   
49    S3704     学生3704      406   150   131   125   
50    S4833     学生4833      406   150   114   142   
51    S2134     学生2134      406   150   106   150   
52    S1686     学生1686      406   148   126   132   
53    S4323     学生4323      406   142   149   115   
54    S4931     学生4931      406   139   127   140   
55    S3354     学生3354      406   137   132   137   
56    S3866     学生3866      406   118   138   150   
57    S4115     学生4115      405   147   116   142   
58    S3009     学生3009      405   142   113   150   
59    S2308     学生2308      405   138   126   141   
60    S1996     学生1996      405   135   150   120   
61    S2759     学生2759      405   134   142   129   
62    S0485     学生485       405   122   133   150   
63    S4727     学生4727      404   145   148   111   
64    S4243     学生4243      404   136   146   122   
65    S1978     学生1978      404   128   144   132   
66    S2295     学生2295      404   124   137   143   
67    S3469     学生3469      404   113   147   144   
68    S0584     学生584       403   140   117   146   
69    S2067     学生2067      403   131   145   127   
70    S4527     学生4527      403   121   143   139   
71    S4113     学生4113      402   144   108   150   
72    S2985     学生2985      402   138   129   135   
73    S3249     学生3249      402   132   150   120   
74    S3818     学生3818      402   131   123   148   
75    S0404     学生404       402   120   150   132   
76    S0736     学生736       401   150   120   131   
77    S1043     学生1043      401   136   125   140   
78    S2770     学生2770      401   129   127   145   
79    S1845     学生1845      401   127   134   140   
80    S0882     学生882       401   124   133   144   
81    S2413     学生2413      400   150   129   121   
82    S4006     学生4006      400   150   113   137   
83    S3989     学生3989      400   138   142   120   
84    S2314     学生2314      400   132   118   150   
85    S4895     学生4895      400   131   136   133   
86    S4573     学生4573      400   109   150   141   
87    S0203     学生203       399   150   139   110   
88    S3603     学生3603      399   150   129   120   
89    S2267     学生2267      399   141   136   122   
90    S1071     学生1071      399   131   123   145   
91    S4696     学生4696      399   127   150   122   
92    S1041     学生1041      399   125   124   150   
93    S1511     学生1511      399   123   130   146   
94    S0236     学生236       399   119   139   141   
95    S0754     学生754       398   150   131   117   
96    S2106     学生2106      398   150   124   124   
97    S2004     学生2004      398   146   130   122   
98    S4805     学生4805      398   143   123   132   
99    S1913     学生1913      398   126   137   135   
100   S1077     学生1077      397   150   113   134   
101   S4146     学生4146      397   144   121   132   
102   S0778     学生778       397   136   150   111   
103   S2491     学生2491      397   135   135   127   
104   S2856     学生2856      397   131   116   150   
105   S2483     学生2483      397   123   137   137   
106   S2182     学生2182      397   119   135   143   
107   S2661     学生2661      397   115   148   134   
108   S3938     学生3938      396   147   126   123   
109   S2637     学生2637      396   143   126   127   
110   S3457     学生3457      396   134   150   112   
111   S3269     学生3269      396   133   125   138   
112   S3836     学生3836      396   125   136   135   
113   S4097     学生4097      396   113   146   137   
114   S1539     学生1539      395   150   134   111   
115   S3153     学生3153      395   148   124   123   
116   S3117     学生3117      395   147   114   134   
117   S1623     学生1623      395   145   133   117   
118   S0173     学生173       395   140   110   145   
119   S3019     学生3019      395   136   118   141   
120   S2616     学生2616      395   133   138   124   
121   S3090     学生3090      395   132   139   124   
122   S4147     学生4147      395   131   132   132   
123   S2771     学生2771      395   128   138   129   
124   S4380     学生4380      395   122   127   146   
125   S2284     学生2284      395   121   150   124   
126   S4732     学生4732      395   119   150   126   
127   S0123     学生123       395   116   143   136   
128   S3107     学生3107      395   114   131   150   
129   S2819     学生2819      395   113   143   139   
130   S1949     学生1949      395   108   138   149   
131   S0939     学生939       395   99    146   150   
132   S2275     学生2275      394   150   132   112   
133   S3939     学生3939      394   148   96    150   
134   S1372     学生1372      394   142   125   127   
135   S1627     学生1627      394   140   150   104   
136   S1036     学生1036      394   138   132   124   
137   S3944     学生3944      394   131   137   126   
138   S2978     学生2978      394   128   144   122   
139   S3766     学生3766      394   123   134   137   
140   S1854     学生1854      394   115   150   129   
141   S4080     学生4080      393   150   145   98    
142   S1049     学生1049      393   150   141   102   
142   S2824     学生2824      393   150   141   102   
144   S4012     学生4012      393   150   98    145   
145   S2231     学生2231      393   144   102   147   
146   S0568     学生568       393   143   129   121   
147   S0057     学生57        393   143   115   135   
148   S0905     学生905       393   135   122   136   
149   S0529     学生529       393   134   129   130   
150   S0803     学生803       393   134   125   134   
151   S1305     学生1305      393   130   115   148   
152   S3874     学生3874      393   129   139   125   
153   S4124     学生4124      393   128   121   144   
154   S3565     学生3565      393   125   118   150   
155   S0515     学生515       393   121   144   128   
156   S0245     学生245       393   118   125   150   
157   S3325     学生3325      393   117   135   141   
158   S3614     学生3614      393   114   150   129   
159   S1769     学生1769      393   112   135   146   
160   S3166     学生3166      392   146   124   122   
161   S4354     学生4354      392   145   118   129   
162   S1618     学生1618      392   129   123   140   
163   S3142     学生3142      392   127   122   143   
164   S2370     学生2370      392   126   126   140   
165   S4907     学生4907      392   117   134   141   
166   S0668     学生668       392   116   150   126   
167   S1107     学生1107      392   116   142   134   
168   S0872     学生872       392   111   139   142   
169   S1325     学生1325      391   150   138   103   
170   S2396     学生2396      391   150   102   139   
171   S3429     学生3429      391   150   101   140   
172   S1783     学生1783      391   143   133   115   
173   S0790     学生790       391   134   134   123   
174   S3487     学生3487      391   133   127   131   
175   S0117     学生117       391   130   116   145   
176   S1307     学生1307      391   125   131   135   
177   S2654     学生2654      391   123   142   126   
178   S2086     学生2086      391   123   134   134   
179   S4226     学生4226      391   121   126   144   
180   S0458     学生458       391   119   137   135   
181   S3390     学生3390      391   116   133   142   
182   S4955     学生4955      390   150   114   126   
183   S1820     学生1820      390   145   102   143   
184   S3572     学生3572      390   145   95    150   
185   S4175     学生4175      390   138   126   126   
186   S2330     学生2330      390   132   126   132   
187   S1156     学生1156      390   132   123   135   
188   S3392     学生3392      390   128   133   129   
189   S1832     学生1832      390   125   143   122   
190   S1393     学生1393      390   122   131   137   
191   S2746     学生2746      390   118   122   150   
192   S0182     学生182       389   144   150   95    
193   S3743     学生3743      389   142   116   131   
194   S2725     学生2725      389   142   102   145   
195   S0944     学生944       389   137   140   112   
196   S0366     学生366       389   129   143   117   
197   S1233     学生1233      389   127   141   121   
198   S1668     学生1668      389   99    150   140   
199   S4783     学生4783      388   148   90    150   
200   S1138     学生1138      388   143   123   122   
201   S2576     学生2576      388   142   114   132   
202   S1421     学生1421      388   141   126   121   
203   S1925     学生1925      388   141   115   132   
204   S3168     学生3168      388   139   106   143   
205   S2630     学生2630      388   132   134   122   
206   S1076     学生1076      388   130   127   131   
207   S4876     学生4876      388   125   134   129   
208   S1774     学生1774      388   120   143   125   
209   S4606     学生4606      388   108   147   133   
210   S3118     学生3118      388   107   131   150   
211   S0419     学生419       388   103   135   150   
212   S4076     学生4076      387   150   125   112   
213   S2191     学生2191      387   150   113   124   
214   S2558     学生2558      387   150   109   128   
215   S4349     学生4349      387   150   107   130   
216   S1091     学生1091      387   150   87    150   
217   S4121     学生4121      387   148   117   122   
218   S3814     学生3814      387   144   120   123   
219   S1781     学生1781      387   144   119   124   
220   S1137     学生1137      387   142   133   112   
221   S2682     学生2682      387   140   140   107   
222   S0933     学生933       387   139   150   98    
223   S3233     学生3233      387   138   113   136   
224   S2756     学生2756      387   134   117   136   
225   S3980     学生3980      387   132   150   105   
226   S2025     学生2025      387   131   139   117   
227   S2190     学生2190      387   131   121   135   
228   S1861     学生1861      387   126   125   136   
229   S3337     学生3337      387   123   114   150   
230   S1388     学生1388      387   120   139   128   
231   S4993     学生4993      387   119   143   125   
232   S2170     学生2170      387   116   131   140   
233   S0798     学生798       387   116   130   141   
234   S4474     学生4474      387   115   140   132   
235   S0017     学生17        387   115   129   143   
236   S0370     学生370       387   113   140   134   
237   S3026     学生3026      387   112   146   129   
238   S1827     学生1827      387   111   144   132   
239   S1128     学生1128      387   110   150   127   
240   S2290     学生2290      387   104   138   145   
241   S4332     学生4332      387   99    150   138   
242   S2766     学生2766      386   150   142   94    
243   S3018     学生3018      386   150   110   126   
244   S0679     学生679       386   150   104   132   
245   S0145     学生145       386   145   131   110   
246   S4299     学生4299      386   145   111   130   
247   S1197     学生1197      386   142   141   103   
248   S1603     学生1603      386   140   103   143   
249   S2047     学生2047      386   137   140   109   
250   S2748     学生2748      386   134   130   122   
251   S2617     学生2617      386   127   140   119   
252   S0110     学生110       386   126   132   128   
253   S3671     学生3671      386   125   139   122   
254   S3076     学生3076      386   116   147   123   
255   S3426     学生3426      386   110   150   126   
256   S2119     学生2119      386   108   140   138   
257   S4622     学生4622      386   105   150   131   
258   S2970     学生2970      386   101   135   150   
259   S4429     学生4429      385   150   150   85    
260   S0439     学生439       385   150   116   119   
261   S3342     学生3342      385   150   112   123   
262   S0237     学生237       385   150   109   126   
263   S3410     学生3410      385   143   111   131   
264   S4822     学生4822      385   142   119   124   
265   S1334     学生1334      385   139   117   129   
266   S0921     学生921       385   138   125   122   
267   S4590     学生4590      385   137   134   114   
268   S1765     学生1765      385   134   124   127   
269   S2437     学生2437      385   133   131   121   
270   S4202     学生4202      385   132   103   150   
271   S0227     学生227       385   131   127   127   
272   S3628     学生3628      385   131   122   132   
273   S0650     学生650       385   127   148   110   
274   S4099     学生4099      385   124   136   125   
275   S1717     学生1717      385   124   111   150   
276   S2028     学生2028      385   123   141   121   
277   S1405     学生1405      385   123   132   130   
278   S2631     学生2631      385   119   121   145   
279   S1099     学生1099      385   113   134   138   
280   S3417     学生3417      385   113   133   139   
281   S4403     学生4403      385   112   128   145   
282   S0701     学生701       385   101   134   150   
283   S1633     学生1633      384   146   119   119   
284   S0186     学生186       384   144   105   135   
285   S2969     学生2969      384   140   120   124   
286   S4929     学生4929      384   139   131   114   
287   S2797     学生2797      384   138   140   106   
288   S4484     学生4484      384   136   126   122   
289   S4150     学生4150      384   133   124   127   
290   S3935     学生3935      384   131   150   103   
291   S2686     学生2686      384   131   120   133   
292   S3217     学生3217      384   131   110   143   
293   S3769     学生3769      384   130   125   129   
294   S0262     学生262       384   130   121   133   
295   S2721     学生2721      384   130   120   134   
296   S0766     学生766       384   129   114   141   
297   S2783     学生2783      384   128   134   122   
298   S2103     学生2103      384   122   150   112   
299   S3577     学生3577      384   122   124   138   
300   S0100     学生100       384   122   120   142   
301   S4767     学生4767      384   121   146   117   
302   S2534     学生2534      384   120   127   137   
303   S2040     学生2040      384   119   150   115   
304   S0086     学生86        384   118   137   129   
305   S1732     学生1732      384   117   139   128   
306   S1398     学生1398      384   113   130   141   
307   S1676     学生1676      384   113   122   149   
308   S4739     学生4739      384   111   140   133   
309   S4075     学生4075      384   107   142   135   
310   S2189     学生2189      384   103   131   150   
311   S1875     学生1875      383   150   130   103   
312   S3066     学生3066      383   150   128   105   
313   S1323     学生1323      383   143   116   124   
314   S2090     学生2090      383   143   99    141   
315   S3578     学生3578      383   139   102   142   
316   S1214     学生1214      383   136   150   97    
317   S3762     学生3762      383   135   107   141   
318   S0868     学生868       383   132   127   124   
319   S4755     学生4755      383   131   139   113   
320   S4666     学生4666      383   123   110   150   
321   S4055     学生4055      383   122   126   135   
322   S3223     学生3223      383   122   120   141   
323   S4613     学生4613      383   121   116   146   
324   S0771     学生771       383   118   150   115   
325   S0418     学生418       383   117   116   150   
326   S2501     学生2501      383   113   130   140   
327   S0097     学生97        383   111   129   143   
328   S2980     学生2980      383   111   122   150   
329   S0732     学生732       383   98    140   145   
330   S1314     学生1314      382   150   119   113   
331   S4170     学生4170      382   148   102   132   
332   S4391     学生4391      382   144   150   88    
333   S0671     学生671       382   144   133   105   
334   S0865     学生865       382   136   123   123   
335   S3652     学生3652      382   136   108   138   
336   S0324     学生324       382   135   118   129   
337   S2799     学生2799      382   135   109   138   
338   S2466     学生2466      382   134   120   128   
339   S3373     学生3373      382   134   103   145   
340   S4207     学生4207      382   131   148   103   
341   S0793     学生793       382   122   125   135   
342   S0727     学生727       382   115   122   145   
343   S2451     学生2451      382   114   118   150   
344   S0225     学生225       382   112   150   120   
345   S1829     学生1829      382   109   150   123   
346   S3283     学生3283      382   108   124   150   
347   S3896     学生3896      382   103   150   129   
348   S3767     学生3767      382   102   137   143   
349   S4712     学生4712      381   150   121   110   
350   S0897     学生897       381   150   101   130   
351   S3300     学生3300      381   136   134   111   
352   S4707     学生4707      381   134   134   113   
353   S0103     学生103       381   132   125   124   
354   S3943     学生3943      381   129   123   129   
355   S3184     学生3184      381   122   123   136   
356   S1311     学生1311      381   122   116   143   
357   S3934     学生3934      381   120   111   150   
358   S4201     学生4201      381   117   150   114   
359   S4246     学生4246      381   117   126   138   
360   S4496     学生4496      381   117   125   139   
361   S4583     学生4583      381   116   130   135   
362   S4448     学生4448      381   114   123   144   
363   S3791     学生3791      381   113   131   137   
364   S1054     学生1054      381   112   150   119   
365   S4371     学生4371      381   108   145   128   
366   S1443     学生1443      381   100   150   131   
367   S2916     学生2916      381   94    150   137   
368   S3610     学生3610      380   150   134   96    
369   S3957     学生3957      380   150   122   108   
370   S1406     学生1406      380   148   111   121   
371   S0935     学生935       380   139   150   91    
372   S1241     学生1241      380   139   91    150   
373   S0001     学生1         380   136   111   133   
374   S1888     学生1888      380   134   150   96    
375   S0102     学生102       380   131   123   126   
376   S4159     学生4159      380   131   106   143   
377   S2828     学生2828      380   131   103   146   
378   S2834     学生2834      380   129   116   135   
379   S4210     学生4210      380   129   111   140   
380   S1419     学生1419      380   126   116   138   
381   S0716     学生716       380   125   150   105   
382   S1588     学生1588      380   120   132   128   
383   S3466     学生3466      380   114   141   125   
384   S3636     学生3636      380   114   138   128   
385   S2304     学生2304      380   107   138   135   
386   S2657     学生2657      379   150   127   102   
387   S0528     学生528       379   145   139   95    
388   S4954     学生4954      379   132   144   103   
389   S0547     学生547       379   132   121   126   
390   S4182     学生4182      379   131   100   148   
391   S2632     学生2632      379   128   130   121   
392   S4759     学生4759      379   126   110   143   
393   S3346     学生3346      379   124   125   130   
394   S4230     学生4230      379   123   128   128   
395   S3365     学生3365      379   120   127   132   
396   S0909     学生909       379   119   120   140   
397   S1347     学生1347      379   118   119   142   
398   S4801     学生4801      379   116   125   138   
399   S4995     学生4995      379   115   150   114   
400   S2736     学生2736      379   114   142   123   
401   S0926     学生926       379   114   115   150   
402   S1171     学生1171      379   110   150   119   
403   S2429     学生2429      379   109   141   129   
404   S4921     学生4921      379   106   125   148   
405   S3561     学生3561      378   150   114   114   
406   S3258     学生3258      378   150   108   120   
407   S3516     学生3516      378   150   106   122   
408   S2402     学生2402      378   148   113   117   
409   S2042     学生2042      378   142   122   114   
410   S3626     学生3626      378   140   125   113   
411   S2131     学生2131      378   136   115   127   
412   S4815     学生4815      378   134   111   133   
413   S1968     学生1968      378   134   102   142   
414   S4589     学生4589      378   132   117   129   
415   S1665     学生1665      378   131   127   120   
416   S3631     学生3631      378   127   150   101   
417   S1392     学生1392      378   127   130   121   
418   S0002     学生2         378   126   145   107   
419   S2433     学生2433      378   125   128   125   
420   S1771     学生1771      378   125   119   134   
421   S3323     学生3323      378   124   118   136   
422   S1301     学生1301      378   121   113   144   
423   S1753     学生1753      378   120   132   126   
424   S3305     学生3305      378   117   131   130   
425   S4285     学生4285      378   117   130   131   
426   S3892     学生3892      378   113   132   133   
427   S4432     学生4432      378   110   118   150   
428   S2303     学生2303      377   150   128   99    
429   S4066     学生4066      377   150   93    134   
430   S2561     学生2561      377   138   107   132   
431   S4722     学生4722      377   135   130   112   
432   S4784     学生4784      377   132   132   113   
433   S3401     学生3401      377   129   150   98    
434   S0318     学生318       377   124   120   133   
435   S4586     学生4586      377   120   111   146   
436   S0132     学生132       377   117   133   127   
437   S3825     学生3825      377   117   125   135   
438   S2692     学生2692      377   115   121   141   
439   S1999     学生1999      377   115   120   142   
440   S3154     学生3154      377   114   133   130   
441   S2044     学生2044      377   111   116   150   
442   S3442     学生3442      377   108   141   128   
443   S4206     学生4206      377   108   119   150   
444   S1029     学生1029      377   105   144   128   
445   S1356     学生1356      377   99    150   128   
446   S0721     学生721       377   89    150   138   
447   S4078     学生4078      376   145   94    137   
448   S4745     学生4745      376   142   109   125   
449   S1367     学生1367      376   140   86    150   
450   S4366     学生4366      376   134   124   118   
451   S1856     学生1856      376   134   106   136   
452   S4407     学生4407      376   133   116   127   
453   S4668     学生4668      376   132   95    149   
454   S1646     学生1646      376   131   120   125   
455   S2324     学生2324      376   130   109   137   
456   S4820     学生4820      376   128   136   112   
457   S2884     学生2884      376   128   99    149   
458   S4951     学生4951      376   127   125   124   
459   S2257     学生2257      376   122   124   130   
460   S3869     学生3869      376   122   122   132   
461   S3790     学生3790      376   119   128   129   
462   S4566     学生4566      376   119   125   132   
463   S0873     学生873       376   110   146   120   
464   S0831     学生831       376   110   128   138   
465   S3950     学生3950      376   107   125   144   
466   S2073     学生2073      376   102   136   138   
467   S3461     学生3461      376   99    150   127   
468   S4865     学生4865      375   150   115   110   
469   S1194     学生1194      375   150   98    127   
470   S1436     学生1436      375   145   133   97    
471   S3029     学生3029      375   144   126   105   
472   S3857     学生3857      375   144   122   109   
473   S4436     学生4436      375   143   112   120   
474   S4825     学生4825      375   143   111   121   
475   S4174     学生4174      375   143   110   122   
476   S1331     学生1331      375   143   106   126   
477   S3353     学生3353      375   142   116   117   
478   S2262     学生2262      375   142   105   128   
479   S0448     学生448       375   136   120   119   
480   S2499     学生2499      375   135   107   133   
481   S3075     学生3075      375   131   108   136   
482   S2079     学生2079      375   130   137   108   
483   S2963     学生2963      375   129   102   144   
484   S3609     学生3609      375   121   141   113   
485   S2526     学生2526      375   121   138   116   
486   S0263     学生263       375   120   124   131   
487   S1284     学生1284      375   120   113   142   
488   S1359     学生1359      375   119   134   122   
489   S2921     学生2921      375   116   128   131   
490   S2589     学生2589      375   115   119   141   
491   S4024     学生4024      375   111   141   123   
492   S1928     学生1928      375   110   145   120   
493   S3645     学生3645      375   110   143   122   
494   S2574     学生2574      375   109   138   128   
495   S3349     学生3349      375   109   129   137   
496   S1161     学生1161      375   108   129   138   
497   S0143     学生143       375   107   131   137   
498   S0373     学生373       375   105   125   145   
499   S0150     学生150       375   102   138   135   
500   S2371     学生2371      375   97    150   128   
501   S2642     学生2642      374   150   96    128   
502   S2071     学生2071      374   149   135   90    
503   S2410     学生2410      374   147   131   96    
504   S0806     学生806       374   142   120   112   
505   S0334     学生334       374   138   109   127   
506   S4044     学生4044      374   138   104   132   
507   S4860     学生4860      374   136   129   109   
508   S1295     学生1295      374   135   116   123   
509   S3793     学生3793      374   135   110   129   
510   S4618     学生4618      374   132   132   110   
511   S2432     学生2432      374   129   122   123   
512   S1659     学生1659      374   129   121   124   
513   S0695     学生695       374   128   145   101   
514   S3161     学生3161      374   125   126   123   
515   S0946     学生946       374   124   142   108   
516   S0217     学生217       374   124   118   132   
517   S0194     学生194       374   122   112   140   
518   S2181     学生2181      374   121   136   117   
519   S3105     学生3105      374   121   119   134   
520   S0409     学生409       374   120   134   120   
521   S3551     学生3551      374   120   132   122   
522   S1883     学生1883      374   118   106   150   
523   S1040     学生1040      374   117   137   120   
524   S2392     学生2392      374   117   135   122   
525   S1934     学生1934      374   112   131   131   
526   S1080     学生1080      374   112   130   132   
527   S3200     学生3200      374   109   135   130   
528   S1442     学生1442      374   105   140   129   
529   S3760     学生3760      373   149   85    139   
530   S0126     学生126       373   145   121   107   
531   S2564     学生2564      373   141   133   99    
532   S0888     学生888       373   136   107   130   
533   S1582     学生1582      373   136   106   131   
534   S0241     学生241       373   136   100   137   
535   S1670     学生1670      373   135   124   114   
536   S2454     学生2454      373   133   103   137   
537   S0441     学生441       373   132   96    145   
538   S3096     学生3096      373   128   128   117   
539   S1485     学生1485      373   126   120   127   
540   S1281     学生1281      373   126   108   139   
541   S0539     学生539       373   126   101   146   
542   S1379     学生1379      373   124   140   109   
543   S2793     学生2793      373   124   126   123   
544   S1726     学生1726      373   122   134   117   
545   S4986     学生4986      373   119   150   104   
546   S3773     学生3773      373   118   150   105   
547   S2787     学生2787      373   110   113   150   
548   S3250     学生3250      373   109   144   120   
549   S0523     学生523       373   106   117   150   
550   S4735     学生4735      373   102   132   139   
551   S2207     学生2207      373   100   142   131   
552   S0435     学生435       373   96    140   137   
553   S0750     学生750       373   93    131   149   
554   S0743     学生743       373   92    148   133   
555   S2838     学生2838      372   150   126   96    
556   S2269     学生2269      372   150   107   115   
557   S0283     学生283       372   150   92    130   
558   S3856     学生3856      372   145   100   127   
559   S4967     学生4967      372   142   116   114   
560   S0163     学生163       372   142   114   116   
561   S3261     学生3261      372   141   111   120   
562   S1103     学生1103      372   138   150   84    
563   S2059     学生2059      372   136   111   125   
564   S2626     学生2626      372   135   115   122   
565   S2066     学生2066      372   134   126   112   
566   S1105     学生1105      372   132   104   136   
567   S3239     学生3239      372   129   93    150   
568   S2741     学生2741      372   127   123   122   
569   S2655     学生2655      372   121   137   114   
570   S4477     学生4477      372   121   122   129   
571   S0392     学生392       372   118   126   128   
572   S2959     学生2959      372   116   106   150   
573   S4742     学生4742      372   110   139   123   
574   S0158     学生158       372   109   133   130   
575   S4374     学生4374      372   109   132   131   
576   S3251     学生3251      372   108   138   126   
577   S1786     学生1786      372   106   135   131   
578   S0056     学生56        372   102   147   123   
579   S1355     学生1355      372   88    149   135   
580   S3493     学生3493      372   87    150   135   
581   S4710     学生4710      371   150   96    125   
582   S2987     学生2987      371   149   100   122   
583   S1523     学生1523      371   148   92    131   
584   S2502     学生2502      371   147   106   118   
585   S3317     学生3317      371   146   133   92    
586   S4280     学生4280      371   146   122   103   
587   S1162     学生1162      371   145   101   125   
588   S0148     学生148       371   142   79    150   
589   S4348     学生4348      371   139   131   101   
590   S1439     学生1439      371   139   105   127   
591   S3476     学生3476      371   137   123   111   
592   S3841     学生3841      371   133   113   125   
593   S2185     学生2185      371   132   124   115   
594   S0677     学生677       371   130   121   120   
594   S2041     学生2041      371   130   121   120   
596   S0475     学生475       371   129   131   111   
597   S3838     学生3838      371   127   114   130   
598   S1371     学生1371      371   126   103   142   
599   S4751     学生4751      371   124   125   122   
600   S0530     学生530       371   121   112   138   
601   S3003     学生3003      371   120   123   128   
602   S1482     学生1482      371   119   114   138   
603   S2352     学生2352      371   117   129   125   
604   S4509     学生4509      371   115   130   126   
605   S4495     学生4495      371   111   127   133   
606   S4112     学生4112      371   110   150   111   
607   S0859     学生859       371   107   114   150   
608   S1581     学生1581      371   105   134   132   
609   S4837     学生4837      371   95    126   150   
610   S2600     学生2600      370   150   113   107   
611   S3806     学生3806      370   150   105   115   
612   S0050     学生50        370   150   97    123   
613   S2234     学生2234      370   146   139   85    
614   S3986     学生3986      370   146   120   104   
615   S4950     学生4950      370   145   114   111   
616   S4195     学生4195      370   142   116   112   
617   S2536     学生2536      370   141   103   126   
618   S2340     学生2340      370   140   111   119   
619   S2595     学生2595      370   139   129   102   
619   S0426     学生426       370   139   129   102   
621   S1216     学生1216      370   138   127   105   
622   S4116     学生4116      370   138   82    150   
623   S4564     学生4564      370   137   101   132   
624   S2551     学生2551      370   133   150   87    
625   S1496     学生1496      370   131   110   129   
626   S0072     学生72        370   128   150   92    
627   S0567     学生567       370   127   128   115   
628   S1389     学生1389      370   126   101   143   
629   S4166     学生4166      370   121   105   144   
630   S2151     学生2151      370   120   128   122   
631   S1017     学生1017      370   117   110   143   
632   S0467     学生467       370   116   146   108   
633   S3053     学生3053      370   116   137   117   
634   S3150     学生3150      370   115   145   110   
635   S4731     学生4731      370   112   134   124   
636   S4505     学生4505      370   112   113   145   
637   S2947     学生2947      370   110   147   113   
638   S4104     学生4104      370   105   133   132   
639   S2180     学生2180      370   100   146   124   
640   S0420     学生420       370   98    129   143   
641   S4581     学生4581      370   95    142   133   
642   S3361     学生3361      370   86    145   139   
643   S3170     学生3170      369   150   148   71    
644   S3906     学生3906      369   150   97    122   
644   S4612     学生4612      369   150   97    122   
646   S4748     学生4748      369   140   120   109   
647   S1375     学生1375      369   139   93    137   
648   S3971     学生3971      369   137   137   95    
649   S4417     学生4417      369   137   135   97    
650   S1465     学生1465      369   137   99    133   
651   S4467     学生4467      369   133   121   115   
652   S1149     学生1149      369   131   141   97    
653   S2243     学生2243      369   131   112   126   
654   S1007     学生1007      369   130   128   111   
655   S0948     学生948       369   130   95    144   
656   S2210     学生2210      369   129   127   113   
657   S1366     学生1366      369   127   127   115   
658   S1957     学生1957      369   127   121   121   
659   S2010     学生2010      369   126   99    144   
660   S4392     学生4392      369   126   93    150   
661   S3486     学生3486      369   123   134   112   
662   S0276     学生276       369   123   110   136   
663   S2634     学生2634      369   121   123   125   
664   S2169     学生2169      369   119   128   122   
665   S0108     学生108       369   116   147   106   
666   S0321     学生321       369   116   112   141   
667   S0310     学生310       369   113   121   135   
668   S4255     学生4255      369   113   117   139   
669   S0344     学生344       369   111   150   108   
670   S0804     学生804       369   109   139   121   
671   S1185     学生1185      369   105   125   139   
672   S1150     学生1150      369   103   135   131   
673   S2606     学生2606      369   103   127   139   
674   S4582     学生4582      369   103   121   145   
675   S1616     学生1616      369   100   148   121   
676   S0077     学生77        369   94    148   127   
677   S0702     学生702       369   89    150   130   
678   S3855     学生3855      369   88    131   150   
679   S0377     学生377       369   85    134   150   
680   S2030     学生2030      368   150   136   82    
681   S2524     学生2524      368   150   134   84    
682   S1403     学生1403      368   150   109   109   
683   S4873     学生4873      368   146   118   104   
684   S2687     学生2687      368   146   100   122   
685   S2428     学生2428      368   146   94    128   
686   S4321     学生4321      368   144   114   110   
687   S0343     学生343       368   139   132   97    
688   S0484     学生484       368   139   89    140   
689   S0884     学生884       368   134   128   106   
690   S2328     学生2328      368   133   128   107   
691   S4565     学生4565      368   132   92    144   
692   S4442     学生4442      368   131   106   131   
693   S3858     学生3858      368   130   136   102   
694   S0383     学生383       368   127   130   111   
695   S3834     学生3834      368   124   104   140   
696   S3296     学生3296      368   123   150   95    
697   S2467     学生2467      368   123   119   126   
698   S4275     学生4275      368   122   150   96    
699   S3890     学生3890      368   122   143   103   
700   S4906     学生4906      368   122   137   109   
701   S1795     学生1795      368   117   141   110   
702   S2459     学生2459      368   117   126   125   
703   S3343     学生3343      368   114   134   120   
704   S4413     学生4413      368   112   150   106   
705   S2582     学生2582      368   112   140   116   
706   S1607     学生1607      368   112   106   150   
707   S0098     学生98        368   111   133   124   
708   S2465     学生2465      368   109   142   117   
709   S0835     学生835       368   108   122   138   
710   S0153     学生153       368   104   137   127   
711   S0212     学生212       368   102   124   142   
712   S4845     学生4845      368   93    141   134   
713   S2528     学生2528      368   93    133   142   
714   S0535     学生535       367   150   87    130   
715   S2362     学生2362      367   147   117   103   
716   S0380     学生380       367   145   117   105   
717   S2202     学生2202      367   145   103   119   
718   S1252     学生1252      367   141   106   120   
719   S0200     学生200       367   141   105   121   
720   S2553     学生2553      367   137   120   110   
721   S4196     学生4196      367   136   103   128   
722   S2085     学生2085      367   136   100   131   
723   S2577     学生2577      367   135   134   98    
724   S1666     学生1666      367   135   125   107   
725   S3533     学生3533      367   131   113   123   
726   S4231     学生4231      367   130   105   132   
727   S2065     学生2065      367   129   141   97    
728   S3558     学生3558      367   128   135   104   
729   S3169     学生3169      367   127   121   119   
730   S4410     学生4410      367   126   128   113   
731   S4741     学生4741      367   126   124   117   
732   S1667     学生1667      367   124   140   103   
733   S2183     学生2183      367   123   122   122   
734   S4969     学生4969      367   122   123   122   
735   S4524     学生4524      367   122   122   123   
736   S2236     学生2236      367   119   144   104   
737   S2288     学生2288      367   119   125   123   
738   S3068     学生3068      367   116   132   119   
739   S3625     学生3625      367   115   127   125   
740   S1373     学生1373      367   115   111   141   
741   S0474     学生474       367   113   128   126   
742   S0265     学生265       367   110   118   139   
743   S4685     学生4685      367   109   145   113   
744   S3213     学生3213      367   109   122   136   
745   S0779     学生779       367   107   110   150   
746   S2315     学生2315      367   100   127   140   
747   S3448     学生3448      367   99    150   118   
748   S3031     学生3031      367   98    150   119   
749   S4466     学生4466      367   98    138   131   
750   S4145     学生4145      366   150   102   114   
751   S2610     学生2610      366   148   113   105   
752   S4095     学生4095      366   139   123   104   
753   S2507     学生2507      366   139   115   112   
754   S1694     学生1694      366   138   116   112   
755   S1729     学生1729      366   137   118   111   
756   S2761     学生2761      366   136   110   120   
757   S2532     学生2532      366   135   135   96    
758   S2271     学生2271      366   131   106   129   
759   S1189     学生1189      366   128   117   121   
760   S0091     学生91        366   127   106   133   
761   S1237     学生1237      366   126   96    144   
762   S2448     学生2448      366   125   130   111   
763   S3513     学生3513      366   123   120   123   
764   S1810     学生1810      366   119   130   117   
765   S4794     学生4794      366   119   99    148   
766   S2581     学生2581      366   118   127   121   
767   S3883     学生3883      366   118   108   140   
768   S0036     学生36        366   117   130   119   
769   S2421     学生2421      366   117   127   122   
770   S3590     学生3590      366   117   109   140   
771   S2679     学生2679      366   114   137   115   
772   S1377     学生1377      366   112   150   104   
773   S2930     学生2930      366   110   117   139   
774   S0307     学生307       366   109   133   124   
775   S2409     学生2409      366   108   108   150   
776   S3297     学生3297      366   107   142   117   
777   S3369     学生3369      366   106   138   122   
778   S3272     学生3272      366   102   114   150   
779   S4738     学生4738      366   101   116   149   
780   S3500     学生3500      366   99    137   130   
781   S0113     学生113       366   94    150   122   
782   S1022     学生1022      366   91    138   137   
783   S4557     学生4557      366   79    150   137   
784   S4519     学生4519      365   150   105   110   
785   S3084     学生3084      365   150   90    125   
786   S4626     学生4626      365   143   134   88    
787   S1794     学生1794      365   140   114   111   
788   S1094     学生1094      365   136   104   125   
789   S2816     学生2816      365   135   119   111   
790   S3543     学生3543      365   135   100   130   
791   S4263     学生4263      365   132   142   91    
792   S0586     学生586       365   131   126   108   
793   S3044     学生3044      365   129   122   114   
794   S3146     学生3146      365   129   102   134   
795   S1679     学生1679      365   126   103   136   
796   S1540     学生1540      365   122   140   103   
797   S2130     学生2130      365   122   120   123   
798   S0509     学生509       365   121   150   94    
799   S0080     学生80        365   121   94    150   
800   S0062     学生62        365   119   123   123   
801   S0156     学生156       365   119   119   127   
802   S1878     学生1878      365   117   131   117   
803   S0982     学生982       365   115   131   119   
804   S0204     学生204       365   114   105   146   
805   S3207     学生3207      365   112   138   115   
806   S4102     学生4102      365   110   107   148   
807   S1028     学生1028      365   108   136   121   
808   S0748     学生748       365   107   130   128   
809   S2244     学生2244      365   107   109   149   
810   S3682     学生3682      365   105   145   115   
811   S0454     学生454       365   104   141   120   
812   S0440     学生440       365   103   127   135   
813   S0055     学生55        365   102   122   141   
814   S2709     学生2709      365   101   119   145   
815   S2192     学生2192      365   89    143   133   
816   S3502     学生3502      365   88    140   137   
817   S4570     学生4570      364   150   110   104   
818   S0412     学生412       364   150   83    131   
819   S0172     学生172       364   145   114   105   
820   S4746     学生4746      364   145   111   108   
821   S3093     学生3093      364   145   104   115   
822   S0009     学生9         364   143   150   71    
823   S2456     学生2456      364   139   113   112   
824   S1850     学生1850      364   137   113   114   
825   S0696     学生696       364   137   110   117   
826   S4334     学生4334      364   136   123   105   
827   S0124     学生124       364   135   121   108   
828   S4867     学生4867      364   134   114   116   
829   S1030     学生1030      364   132   119   113   
830   S0928     学生928       364   131   118   115   
831   S3033     学生3033      364   131   112   121   
832   S4857     学生4857      364   130   121   113   
832   S2256     学生2256      364   130   121   113   
834   S0864     学生864       364   130   96    138   
835   S0401     学生401       364   128   141   95    
836   S1399     学生1399      364   127   120   117   
837   S2287     学生2287      364   126   124   114   
838   S1731     学生1731      364   124   130   110   
839   S1662     学生1662      364   123   128   113   
840   S2861     学生2861      364   123   112   129   
841   S1819     学生1819      364   123   93    148   
842   S3356     学生3356      364   122   127   115   
843   S0455     学生455       364   122   110   132   
844   S4178     学生4178      364   118   132   114   
845   S1906     学生1906      364   118   131   115   
846   S1257     学生1257      364   118   125   121   
847   S0910     学生910       364   118   122   124   
848   S4772     学生4772      364   117   137   110   
849   S0966     学生966       364   117   132   115   
850   S4841     学生4841      364   115   125   124   
851   S4154     学生4154      364   115   122   127   
852   S4220     学生4220      364   114   108   142   
853   S1872     学生1872      364   110   128   126   
854   S0375     学生375       364   109   139   116   
855   S2420     学生2420      364   109   135   120   
856   S0450     学生450       364   109   134   121   
857   S2300     学生2300      364   108   116   140   
858   S3070     学生3070      364   107   132   125   
859   S3842     学生3842      364   105   139   120   
860   S3204     学生3204      364   101   141   122   
861   S3826     学生3826      364   99    138   127   
862   S2216     学生2216      364   83    150   131   
863   S3895     学生3895      363   150   106   107   
864   S1592     学生1592      363   150   89    124   
865   S2369     学生2369      363   150   78    135   
866   S3441     学生3441      363   147   110   106   
867   S2702     学生2702      363   143   115   105   
868   S3308     学生3308      363   140   119   104   
869   S2573     学生2573      363   131   123   109   
870   S2518     学生2518      363   131   122   110   
871   S3237     学生3237      363   130   150   83    
872   S0136     学生136       363   128   120   115   
873   S0786     学生786       363   126   117   120   
874   S2740     学生2740      363   126   101   136   
875   S2696     学生2696      363   125   127   111   
876   S3282     学生3282      363   124   119   120   
877   S3930     学生3930      363   124   115   124   
878   S2888     学生2888      363   123   114   126   
879   S0711     学生711       363   121   136   106   
880   S3359     学生3359      363   120   117   126   
881   S2056     学生2056      363   119   118   126   
882   S1468     学生1468      363   118   142   103   
883   S1994     学生1994      363   116   150   97    
884   S0697     学生697       363   110   139   114   
885   S2246     学生2246      363   107   128   128   
886   S3756     学生3756      363   107   122   134   
887   S1513     学生1513      363   107   120   136   
888   S2077     学生2077      363   99    137   127   
889   S2823     学生2823      363   91    137   135   
890   S4785     学生4785      363   85    128   150   
891   S1201     学生1201      362   137   114   111   
892   S0688     学生688       362   137   103   122   
893   S1486     学生1486      362   136   140   86    
894   S1963     学生1963      362   133   143   86    
895   S3692     学生3692      362   133   107   122   
896   S0504     学生504       362   133   101   128   
897   S1207     学生1207      362   132   132   98    
898   S3034     学生3034      362   132   89    141   
899   S2597     学生2597      362   131   118   113   
900   S3039     学生3039      362   130   120   112   
901   S1972     学生1972      362   128   136   98    
902   S3357     学生3357      362   128   106   128   
903   S1889     学生1889      362   127   99    136   
904   S4062     学生4062      362   125   128   109   
905   S2098     学生2098      362   125   99    138   
906   S0248     学生248       362   123   130   109   
907   S1101     学生1101      362   121   138   103   
908   S1245     学生1245      362   121   132   109   
909   S4952     学生4952      362   117   111   134   
910   S0390     学生390       362   116   133   113   
911   S0755     学生755       362   116   131   115   
912   S2229     学生2229      362   116   121   125   
913   S4119     学生4119      362   115   133   114   
913   S1265     学生1265      362   115   133   114   
915   S4384     学生4384      362   114   140   108   
916   S4942     学生4942      362   114   132   116   
917   S4335     学生4335      362   113   144   105   
918   S0871     学生871       362   110   129   123   
919   S3717     学生3717      362   108   145   109   
920   S3195     学生3195      362   108   121   133   
921   S3585     学生3585      362   104   121   137   
922   S2902     学生2902      362   101   135   126   
923   S4033     学生4033      362   100   129   133   
924   S3403     学生3403      362   94    150   118   
925   S1966     学生1966      361   150   110   101   
926   S4300     学生4300      361   143   87    131   
927   S0642     学生642       361   139   84    138   
928   S2082     学生2082      361   138   121   102   
929   S3588     学生3588      361   138   105   118   
930   S3638     学生3638      361   137   83    141   
931   S4843     学生4843      361   136   120   105   
932   S1701     学生1701      361   136   108   117   
933   S1494     学生1494      361   136   107   118   
934   S3732     学生3732      361   136   104   121   
935   S2094     学生2094      361   133   129   99    
936   S1869     学生1869      361   132   113   116   
937   S2497     学生2497      361   132   112   117   
938   S0542     学生542       361   132   105   124   
939   S2395     学生2395      361   131   134   96    
940   S0466     学生466       361   131   118   112   
941   S1851     学生1851      361   129   114   118   
942   S0616     学生616       361   127   122   112   
943   S3554     学生3554      361   126   124   111   
944   S3684     学生3684      361   126   119   116   
945   S4798     学生4798      361   125   110   126   
946   S3885     学生3885      361   124   135   102   
947   S4999     学生4999      361   124   87    150   
948   S1924     学生1924      361   121   150   90    
949   S0765     学生765       361   120   126   115   
950   S3723     学生3723      361   120   114   127   
951   S4286     学生4286      361   119   125   117   
952   S3460     学生3460      361   119   114   128   
953   S0764     学生764       361   117   135   109   
954   S4257     学生4257      361   117   133   111   
955   S2258     学生2258      361   115   150   96    
956   S1432     学生1432      361   115   142   104   
957   S0058     学生58        361   115   136   110   
958   S3451     学生3451      361   113   134   114   
959   S1859     学生1859      361   113   125   123   
960   S1260     学生1260      361   111   116   134   
961   S4535     学生4535      361   111   107   143   
962   S0251     学生251       361   109   132   120   
963   S2177     学生2177      361   106   150   105   
964   S0303     学生303       361   105   106   150   
965   S3175     学生3175      361   104   128   129   
966   S2016     学生2016      361   104   120   137   
967   S0712     学生712       361   104   107   150   
968   S4329     学生4329      361   101   124   136   
969   S0610     学生610       361   100   120   141   
970   S0234     学生234       361   100   111   150   
971   S3739     学生3739      361   82    142   137   
972   S0300     学生300       361   82    129   150   
973   S0191     学生191       360   150   123   87    
974   S1597     学生1597      360   144   92    124   
975   S1337     学生1337      360   136   118   106   
976   S4576     学生4576      360   133   100   127   
977   S1891     学生1891      360   131   122   107   
978   S3226     学生3226      360   129   106   125   
979   S3784     学生3784      360   127   134   99    
980   S1183     学生1183      360   126   125   109   
981   S2463     学生2463      360   124   129   107   
982   S0481     学生481       360   124   97    139   
983   S2720     学生2720      360   122   99    139   
984   S4089     学生4089      360   121   121   118   
985   S2394     学生2394      360   120   144   96    
986   S2096     学生2096      360   119   91    150   
987   S4387     学生4387      360   118   92    150   
988   S0155     学生155       360   117   147   96    
989   S0632     学生632       360   116   133   111   
990   S1202     学生1202      360   116   108   136   
991   S1965     学生1965      360   115   140   105   
992   S4303     学生4303      360   115   114   131   
993   S1801     学生1801      360   110   141   109   
994   S1288     学生1288      360   108   133   119   
995   S0197     学生197       360   106   107   147   
996   S0639     学生639       360   105   105   150   
997   S1542     学生1542      360   104   131   125   
998   S3992     学生3992      360   100   110   150   
999   S0340     学生340       360   93    121   146   
1000  S3982     学生3982      360   88    137   135   
1001  S4775     学生4775      359   150   113   96    
1002  S3931     学生3931      359   143   100   116   
1003  S2024     学生2024      359   140   107   112   
1004  S3556     学生3556      359   138   112   109   
1005  S4313     学生4313      359   137   107   115   
1006  S2006     学生2006      359   136   119   104   
1007  S0687     学生687       359   131   119   109   
1008  S3209     学生3209      359   131   110   118   
1009  S1738     学生1738      359   130   105   124   
1010  S0332     学生332       359   130   101   128   
1011  S0758     学生758       359   129   121   109   
1012  S2197     学生2197      359   127   91    141   
1013  S0382     学生382       359   126   129   104   
1014  S0559     学生559       359   125   135   99    
1015  S1698     学生1698      359   125   96    138   
1016  S4705     学生4705      359   124   133   102   
1017  S1225     学生1225      359   124   129   106   
1018  S2350     学生2350      359   123   132   104   
1019  S1572     学生1572      359   122   128   109   
1020  S4482     学生4482      359   122   123   114   
1021  S4308     学生4308      359   121   119   119   
1022  S2817     学生2817      359   121   98    140   
1023  S1322     学生1322      359   120   133   106   
1024  S2841     学生2841      359   119   132   108   
1025  S0031     学生31        359   119   124   116   
1026  S2401     学生2401      359   119   96    144   
1027  S4511     学生4511      359   118   121   120   
1028  S4881     学生4881      359   116   130   113   
1029  S4789     学生4789      359   116   110   133   
1030  S2368     学生2368      359   112   128   119   
1031  S4522     学生4522      359   111   131   117   
1032  S2892     学生2892      359   110   127   122   
1033  S1594     学生1594      359   110   121   128   
1034  S4936     学生4936      359   109   124   126   
1035  S1724     学生1724      359   107   124   128   
1036  S0543     学生543       359   106   128   125   
1037  S1500     学生1500      359   104   148   107   
1038  S3135     学生3135      359   94    117   148   
1039  S3716     学生3716      359   93    140   126   
1040  S3681     学生3681      359   83    150   126   
1041  S3530     学生3530      358   150   129   79    
1042  S2545     学生2545      358   150   91    117   
1043  S1714     学生1714      358   148   79    131   
1044  S0309     学生309       358   146   116   96    
1045  S4508     学生4508      358   145   109   104   
1046  S3408     学生3408      358   141   135   82    
1047  S2523     学生2523      358   139   126   93    
1048  S3413     学生3413      358   138   125   95    
1049  S0215     学生215       358   132   90    136   
1050  S3873     学生3873      358   131   130   97    
1051  S4856     学生4856      358   129   113   116   
1052  S1503     学生1503      358   128   109   121   
1053  S3658     学生3658      358   128   93    137   
1054  S4419     学生4419      358   125   97    136   
1055  S0691     学生691       358   124   119   115   
1056  S3521     学生3521      358   123   126   109   
1057  S1493     学生1493      358   123   110   125   
1058  S4981     学生4981      358   122   112   124   
1059  S4183     学生4183      358   121   108   129   
1060  S3194     学生3194      358   120   115   123   
1060  S2113     学生2113      358   120   115   123   
1062  S0633     学生633       358   117   124   117   
1063  S1683     学生1683      358   116   150   92    
1064  S3722     学生3722      358   115   125   118   
1065  S0496     学生496       358   112   119   127   
1066  S2801     学生2801      358   110   109   139   
1067  S0886     学生886       358   106   142   110   
1068  S1772     学生1772      358   105   118   135   
1069  S4818     学生4818      358   101   136   121   
1070  S2567     学生2567      358   100   121   137   
1071  S3437     学生3437      358   100   116   142   
1072  S1415     学生1415      358   92    130   136   
1073  S2166     学生2166      358   81    127   150   
1074  S3848     学生3848      357   150   116   91    
1075  S4325     学生4325      357   150   81    126   
1076  S0993     学生993       357   144   117   96    
1077  S4038     学生4038      357   143   105   109   
1078  S2126     学生2126      357   143   93    121   
1079  S0063     学生63        357   141   107   109   
1080  S2542     学生2542      357   138   100   119   
1081  S2344     学生2344      357   138   97    122   
1082  S3726     学生3726      357   137   112   108   
1083  S4567     学生4567      357   137   90    130   
1084  S2337     学生2337      357   134   120   103   
1085  S3824     学生3824      357   130   130   97    
1086  S4657     学生4657      357   128   130   99    
1087  S2844     学生2844      357   128   110   119   
1088  S1840     学生1840      357   124   83    150   
1089  S0842     学生842       357   122   118   117   
1090  S0704     学生704       357   122   103   132   
1091  S1266     学生1266      357   121   116   120   
1092  S2684     学生2684      357   120   124   113   
1093  S4277     学生4277      357   118   133   106   
1094  S1610     学生1610      357   117   124   116   
1095  S3888     学生3888      357   115   92    150   
1096  S2159     学生2159      357   114   135   108   
1097  S3424     学生3424      357   114   115   128   
1098  S3538     学生3538      357   113   121   123   
1099  S3211     学生3211      357   111   150   96    
1100  S2286     学生2286      357   107   127   123   
1101  S3707     学生3707      357   105   136   116   
1102  S3306     学生3306      357   104   133   120   
1103  S2569     学生2569      357   99    137   121   
1104  S4940     学生4940      357   99    120   138   
1105  S2676     学生2676      357   98    142   117   
1106  S4839     学生4839      357   94    113   150   
1107  S3847     学生3847      357   91    150   116   
1108  S0019     学生19        357   89    131   137   
1109  S1986     学生1986      357   87    150   120   
1110  S3764     学生3764      357   86    128   143   
1111  S1102     学生1102      356   150   117   89    
1112  S4880     学生4880      356   149   111   96    
1113  S2924     学生2924      356   146   112   98    
1114  S3688     学生3688      356   139   99    118   
1115  S4891     学生4891      356   137   113   106   
1116  S3062     学生3062      356   136   98    122   
1117  S1509     学生1509      356   136   90    130   
1118  S2332     学生2332      356   135   104   117   
1119  S3134     学生3134      356   134   141   81    
1120  S2872     学生2872      356   134   97    125   
1121  S0490     学生490       356   132   104   120   
1122  S1955     学生1955      356   130   121   105   
1123  S1654     学生1654      356   127   129   100   
1124  S0863     学生863       356   127   113   116   
1125  S3837     学生3837      356   123   147   86    
1126  S4018     学生4018      356   121   132   103   
1127  S0433     学生433       356   118   122   116   
1128  S4462     学生4462      356   118   104   134   
1129  S1733     学生1733      356   118   101   137   
1130  S1552     学生1552      356   117   109   130   
1131  S0479     学生479       356   116   141   99    
1132  S3846     学生3846      356   115   103   138   
1133  S3004     学生3004      356   111   133   112   
1134  S1062     学生1062      356   107   108   141   
1135  S2516     学生2516      356   106   121   129   
1136  S4057     学生4057      356   104   150   102   
1137  S2796     学生2796      356   103   122   131   
1138  S3833     学生3833      356   102   123   131   
1139  S1431     学生1431      356   101   138   117   
1140  S0286     学生286       356   101   106   149   
1141  S1146     学生1146      356   99    135   122   
1142  S2580     学生2580      356   92    118   146   
1143  S2150     学生2150      355   147   73    135   
1144  S4164     学生4164      355   142   119   94    
1145  S3108     学生3108      355   141   109   105   
1146  S0331     学生331       355   141   88    126   
1147  S2109     学生2109      355   139   81    135   
1148  S1046     学生1046      355   137   110   108   
1149  S2346     学生2346      355   136   133   86    
1150  S1896     学生1896      355   136   97    122   
1151  S1475     学生1475      355   134   109   112   
1152  S3792     学生3792      355   133   103   119   
1153  S3680     学生3680      355   130   75    150   
1154  S4828     学生4828      355   129   116   110   
1155  S2268     学生2268      355   129   107   119   
1156  S1780     学生1780      355   128   135   92    
1157  S2302     学生2302      355   127   111   117   
1158  S1730     学生1730      355   125   132   98    
1159  S1887     学生1887      355   125   111   119   
1160  S4506     学生4506      355   125   103   127   
1161  S3126     学生3126      355   124   108   123   
1162  S0517     学生517       355   120   119   116   
1163  S3347     学生3347      355   119   137   99    
1164  S2705     学生2705      355   119   94    142   
1165  S4943     学生4943      355   118   120   117   
1166  S4720     学生4720      355   116   105   134   
1167  S0637     学生637       355   114   121   120   
1168  S2318     学生2318      355   114   117   124   
1169  S4084     学生4084      355   114   114   127   
1170  S2412     学生2412      355   112   117   126   
1171  S3436     学生3436      355   111   140   104   
1172  S1275     学生1275      355   110   134   111   
1173  S4619     学生4619      355   110   127   118   
1174  S4708     学生4708      355   108   116   131   
1175  S2713     学生2713      355   106   150   99    
1176  S4307     学生4307      355   106   137   112   
1177  S3236     学生3236      355   106   130   119   
1178  S4539     学生4539      355   104   129   122   
1179  S0924     学生924       355   104   105   146   
1180  S3613     学生3613      355   101   133   121   
1181  S3789     学生3789      355   100   125   130   
1182  S0680     学生680       355   99    106   150   
1183  S2847     学生2847      355   95    111   149   
1184  S1562     学生1562      355   94    137   124   
1185  S3786     学生3786      355   84    121   150   
1186  S3278     学生3278      355   82    126   147   
1187  S0685     学生685       354   148   130   76    
1188  S3124     学生3124      354   147   106   101   
1189  S1645     学生1645      354   144   101   109   
1190  S2012     学生2012      354   142   102   110   
1191  S2280     学生2280      354   135   120   99    
1192  S1849     学生1849      354   135   109   110   
1193  S1027     学生1027      354   133   116   105   
1194  S4816     学生4816      354   133   115   106   
1195  S4973     学生4973      354   131   111   112   
1196  S0270     学生270       354   131   110   113   
1197  S3193     学生3193      354   129   119   106   
1198  S3287     学生3287      354   128   150   76    
1199  S3427     学生3427      354   127   121   106   
1200  S4542     学生4542      354   126   112   116   
1201  S4518     学生4518      354   126   78    150   
1202  S0823     学生823       354   124   125   105   
1203  S0792     学生792       354   124   118   112   
1204  S2213     学生2213      354   124   105   125   
1205  S0976     学生976       354   122   110   122   
1206  S3854     学生3854      354   121   106   127   
1207  S2821     学生2821      354   118   146   90    
1208  S0292     学生292       354   118   129   107   
1209  S4558     学生4558      354   118   119   117   
1210  S4027     学生4027      354   118   109   127   
1211  S3468     学生3468      354   118   106   130   
1212  S3021     学生3021      354   117   128   109   
1213  S0785     学生785       354   117   118   119   
1214  S0500     学生500       354   117   109   128   
1215  S2374     学生2374      354   117   107   130   
1216  S1424     学生1424      354   115   105   134   
1217  S4185     学生4185      354   112   124   118   
1218  S0896     学生896       354   110   128   116   
1219  S4036     学生4036      354   110   119   125   
1220  S4790     学生4790      354   110   107   137   
1221  S0759     学生759       354   110   106   138   
1222  S3923     学生3923      354   109   119   126   
1223  S2734     学生2734      354   105   132   117   
1224  S1190     学生1190      354   103   133   118   
1225  S2386     学生2386      354   101   112   141   
1226  S0394     学生394       354   101   106   147   
1227  S3637     学生3637      354   100   123   131   
1228  S2164     学生2164      354   99    143   112   
1229  S2858     学生2858      354   99    114   141   
1230  S1097     学生1097      354   93    127   134   
1231  S2917     学生2917      354   91    115   148   
1232  S4598     学生4598      354   89    140   125   
1233  S0769     学生769       353   150   113   90    
1234  S3163     学生3163      353   149   123   81    
1235  S3235     学生3235      353   146   86    121   
1236  S1900     学生1900      353   137   113   103   
1237  S4289     学生4289      353   137   105   111   
1238  S4355     学生4355      353   137   77    139   
1239  S4203     学生4203      353   135   104   114   
1240  S1846     学生1846      353   133   90    130   
1241  S4600     学生4600      353   128   104   121   
1242  S0431     学生431       353   127   125   101   
1243  S1902     学生1902      353   127   122   104   
1244  S2683     学生2683      353   126   122   105   
1245  S0232     学生232       353   126   111   116   
1246  S1120     学生1120      353   124   125   104   
1247  S4701     学生4701      353   123   117   113   
1248  S0794     学生794       353   122   119   112   
1249  S4660     学生4660      353   121   94    138   
1250  S3435     学生3435      353   120   115   118   
1251  S2811     学生2811      353   119   115   119   
1252  S4058     学生4058      353   118   128   107   
1253  S3047     学生3047      353   118   121   114   
1254  S1223     学生1223      353   118   111   124   
1255  S1798     学生1798      353   117   120   116   
1256  S1394     学生1394      353   117   111   125   
1257  S4982     学生4982      353   116   136   101   
1258  S1426     学生1426      353   116   104   133   
1259  S1483     学生1483      353   115   107   131   
1260  S0811     学生811       353   113   139   101   
1261  S3932     学生3932      353   113   132   108   
1262  S4341     学生4341      353   113   113   127   
1263  S1702     学生1702      353   112   138   103   
1264  S1824     学生1824      353   112   123   118   
1265  S0487     学生487       353   112   105   136   
1266  S1196     学生1196      353   110   105   138   
1267  S4517     学生4517      353   109   112   132   
1268  S0597     学生597       353   107   101   145   
1269  S3583     学生3583      353   105   127   121   
1270  S4637     学生4637      353   104   125   124   
1271  S4965     学生4965      353   104   99    150   
1272  S3072     学生3072      353   102   143   108   
1273  S2358     学生2358      353   101   130   122   
1274  S4428     学生4428      353   99    113   141   
1275  S4512     学生4512      353   98    128   127   
1276  S2341     学生2341      353   96    150   107   
1277  S4990     学生4990      353   96    111   146   
1278  S4288     学生4288      353   93    143   117   
1279  S0518     学生518       353   89    130   134   
1280  S2107     学生2107      353   84    122   147   
1281  S1915     学生1915      353   74    142   137   
1282  S0832     学生832       352   150   97    105   
1283  S4194     学生4194      352   142   94    116   
1284  S4840     学生4840      352   140   109   103   
1285  S4683     学生4683      352   140   91    121   
1286  S0424     学生424       352   139   83    130   
1287  S0960     学生960       352   138   97    117   
1288  S0005     学生5         352   134   118   100   
1289  S2442     学生2442      352   132   103   117   
1290  S3924     学生3924      352   130   130   92    
1291  S2908     学生2908      352   130   106   116   
1292  S0130     学生130       352   128   126   98    
1293  S4948     学生4948      352   128   123   101   
1294  S0389     学生389       352   128   89    135   
1295  S1510     学生1510      352   127   125   100   
1296  S2311     学生2311      352   127   102   123   
1297  S3522     学生3522      352   126   119   107   
1298  S4441     学生4441      352   124   97    131   
1299  S2477     学生2477      352   123   132   97    
1300  S3309     学生3309      352   122   120   110   
1301  S1320     学生1320      352   120   104   128   
1302  S0723     学生723       352   119   124   109   
1303  S0533     学生533       352   119   114   119   
1304  S2928     学生2928      352   119   108   125   
1305  S2805     学生2805      352   119   97    136   
1306  S1362     学生1362      352   117   121   114   
1307  S1973     学生1973      352   115   141   96    
1308  S4278     学生4278      352   115   131   106   
1309  S4408     学生4408      352   115   101   136   
1310  S2927     学生2927      352   114   108   130   
1311  S1980     学生1980      352   111   143   98    
1312  S0513     学生513       352   111   103   138   
1313  S0106     学生106       352   111   93    148   
1314  S0410     学生410       352   109   128   115   
1315  S3015     学生3015      352   109   123   120   
1316  S2141     学生2141      352   107   132   113   
1317  S1573     学生1573      352   107   107   138   
1318  S4690     学生4690      352   106   150   96    
1319  S3439     学生3439      352   105   137   110   
1320  S4420     学生4420      352   105   98    149   
1321  S1374     学生1374      352   101   125   126   
1322  S3280     学生3280      352   100   150   102   
1323  S1304     学生1304      352   100   114   138   
1324  S1354     学生1354      352   99    141   112   
1325  S2971     学生2971      352   98    116   138   
1326  S0578     学生578       352   97    150   105   
1327  S4890     学生4890      352   97    117   138   
1328  S3183     学生3183      352   96    142   114   
1329  S3254     学生3254      352   90    139   123   
1330  S3752     学生3752      352   89    142   121   
1331  S3867     学生3867      351   150   134   67    
1332  S3231     学生3231      351   150   110   91    
1333  S0317     学生317       351   146   119   86    
1334  S0983     学生983       351   146   112   93    
1335  S2565     学生2565      351   140   85    126   
1336  S2876     学生2876      351   138   122   91    
1337  S3391     学生3391      351   137   121   93    
1338  S2081     学生2081      351   137   104   110   
1339  S0140     学生140       351   136   72    143   
1340  S2005     学生2005      351   132   113   106   
1341  S1634     学生1634      351   131   83    137   
1342  S1300     学生1300      351   130   102   119   
1343  S1865     学生1865      351   129   119   103   
1344  S0602     学生602       351   129   111   111   
1345  S4800     学生4800      351   128   142   81    
1346  S1926     学生1926      351   128   132   91    
1347  S4162     学生4162      351   127   123   101   
1348  S0780     学生780       351   124   117   110   
1349  S3794     学生3794      351   121   115   115   
1350  S4452     学生4452      351   119   139   93    
1351  S2639     学生2639      351   119   126   106   
1352  S1434     学生1434      351   118   128   105   
1353  S3364     学生3364      351   117   125   109   
1354  S0349     学生349       351   117   124   110   
1355  S3876     学生3876      351   117   121   113   
1356  S3206     学生3206      351   116   130   105   
1357  S2789     学生2789      351   116   115   120   
1358  S3344     学生3344      351   115   140   96    
1359  S2464     学生2464      351   115   119   117   
1360  S4975     学生4975      351   115   110   126   
1361  S3061     学生3061      351   113   114   124   
1362  S3428     学生3428      351   111   132   108   
1363  S2992     学生2992      351   111   125   115   
1364  S0160     学生160       351   110   130   111   
1365  S1526     学生1526      351   109   117   125   
1366  S2976     学生2976      351   107   131   113   
1367  S3832     学生3832      351   104   108   139   
1368  S1477     学生1477      351   103   116   132   
1369  S3411     学生3411      351   102   140   109   
1370  S0468     学生468       351   100   108   143   
1371  S0833     学生833       351   96    112   143   
1372  S4885     学生4885      351   88    120   143   
1373  S0311     学生311       351   86    134   131   
1374  S3987     学生3987      351   85    136   130   
1375  S0239     学生239       351   82    143   126   
1376  S2251     学生2251      350   150   71    129   
1377  S3514     学生3514      350   146   94    110   
1378  S0521     学生521       350   138   95    117   
1379  S3710     学生3710      350   135   130   85    
1380  S2320     学生2320      350   135   103   112   
1381  S2009     学生2009      350   133   130   87    
1381  S1547     学生1547      350   133   130   87    
1383  S0405     学生405       350   133   91    126   
1384  S4244     学生4244      350   131   129   90    
1385  S2266     学生2266      350   127   131   92    
1386  S1693     学生1693      350   127   111   112   
1387  S3859     学生3859      350   126   108   116   
1388  S1502     学生1502      350   125   132   93    
1389  S4350     学生4350      350   125   112   113   
1390  S1570     学生1570      350   119   112   119   
1391  S3157     学生3157      350   119   102   129   
1392  S0746     学生746       350   117   118   115   
1393  S3302     学生3302      350   116   120   114   
1394  S0814     学生814       350   116   118   116   
1395  S0354     学生354       350   115   106   129   
1396  S3746     学生3746      350   114   111   125   
1397  S1135     学生1135      350   114   103   133   
1398  S1031     学生1031      350   113   129   108   
1399  S2171     学生2171      350   113   109   128   
1400  S3023     学生3023      350   112   121   117   
1401  S4831     学生4831      350   112   120   118   
1402  S0594     学生594       350   111   138   101   
1403  S0206     学生206       350   108   131   111   
1404  S1711     学生1711      350   106   117   127   
1405  S2662     学生2662      350   106   115   129   
1406  S4903     学生4903      350   106   109   135   
1407  S3339     学生3339      350   105   150   95    
1408  S2636     学生2636      350   105   127   118   
1409  S2390     学生2390      350   105   118   127   
1410  S0577     学生577       350   105   106   139   
1411  S0686     学生686       350   105   102   143   
1412  S3314     学生3314      350   100   141   109   
1413  S4695     学生4695      350   100   118   132   
1414  S0157     学生157       350   98    124   128   
1415  S4069     学生4069      350   97    143   110   
1416  S3621     学生3621      350   94    131   125   
1417  S4492     学生4492      350   91    131   128   
1418  S0358     学生358       350   90    144   116   
1419  S0565     学生565       350   81    130   139   
1420  S3504     学生3504      350   79    134   137   
1421  S4868     学生4868      350   76    125   149   
1422  S1620     学生1620      349   150   105   94    
1423  S0636     学生636       349   150   99    100   
1424  S0719     学生719       349   149   108   92    
1425  S0861     学生861       349   147   101   101   
1426  S4763     学生4763      349   142   98    109   
1427  S3843     学生3843      349   141   117   91    
1428  S3419     学生3419      349   137   101   111   
1429  S0664     学生664       349   136   89    124   
1430  S3228     学生3228      349   134   93    122   
1431  S3678     学生3678      349   132   100   117   
1432  S1093     学生1093      349   131   91    127   
1433  S0670     学生670       349   129   91    129   
1434  S4879     学生4879      349   127   89    133   
1435  S2540     学生2540      349   124   124   101   
1436  S2022     学生2022      349   124   105   120   
1437  S3334     学生3334      349   124   103   122   
1438  S3225     学生3225      349   123   118   108   
1439  S2261     学生2261      349   119   123   107   
1440  S4453     学生4453      349   118   114   117   
1441  S2949     学生2949      349   118   112   119   
1442  S4144     学生4144      349   118   106   125   
1443  S2051     学生2051      349   117   128   104   
1444  S3656     学生3656      349   115   84    150   
1445  S0903     学生903       349   114   119   116   
1446  S1995     学生1995      349   114   118   117   
1447  S2014     学生2014      349   112   128   109   
1448  S1173     学生1173      349   112   105   132   
1449  S0362     学生362       349   111   127   111   
1450  S1348     学生1348      349   111   121   117   
1451  S1501     学生1501      349   109   141   99    
1452  S2100     学生2100      349   109   115   125   
1453  S2023     学生2023      349   108   132   109   
1454  S2850     学生2850      349   107   134   108   
1455  S1779     学生1779      349   107   124   118   
1456  S2880     学生2880      349   107   109   133   
1457  S1680     学生1680      349   107   107   135   
1458  S2338     学生2338      349   105   124   120   
1459  S4686     学生4686      349   105   123   121   
1460  S1271     学生1271      349   104   114   131   
1461  S0277     学生277       349   104   112   133   
1462  S4173     学生4173      349   103   123   123   
1463  S1119     学生1119      349   102   150   97    
1464  S4607     学生4607      349   101   124   124   
1465  S2792     学生2792      349   100   146   103   
1466  S4026     学生4026      349   100   125   124   
1467  S2111     学生2111      349   97    125   127   
1468  S3844     学生3844      349   95    129   125   
1469  S0365     学生365       349   95    127   127   
1470  S3642     学生3642      349   93    138   118   
1471  S4060     学生4060      349   87    147   115   
1472  S2331     学生2331      349   76    123   150   
1473  S4980     学生4980      349   62    147   140   
1474  S3562     学生3562      348   145   106   97    
1475  S1134     学生1134      348   145   92    111   
1476  S2520     学生2520      348   145   90    113   
1477  S0575     学生575       348   142   99    107   
1478  S3755     学生3755      348   140   125   83    
1479  S4491     学生4491      348   140   112   96    
1480  S2115     学生2115      348   138   105   105   
1481  S1206     学生1206      348   135   100   113   
1482  S4810     学生4810      348   133   109   106   
1483  S0915     学生915       348   133   101   114   
1484  S2572     学生2572      348   132   95    121   
1485  S1600     学生1600      348   132   81    135   
1486  S4852     学生4852      348   130   116   102   
1487  S2104     学生2104      348   126   99    123   
1488  S0291     学生291       348   124   134   90    
1489  S0889     学生889       348   123   107   118   
1490  S3566     学生3566      348   122   98    128   
1491  S4866     学生4866      348   120   129   99    
1492  S2354     学生2354      348   120   117   111   
1493  S2058     学生2058      348   120   105   123   
1494  S4266     学生4266      348   119   113   116   
1495  S1035     学生1035      348   119   105   124   
1496  S4945     学生4945      348   118   124   106   
1497  S3693     学生3693      348   110   150   88    
1498  S4440     学生4440      348   107   141   100   
1499  S0853     学生853       348   107   126   115   
1500  S4343     学生4343      348   107   107   134   
1501  S4399     学生4399      348   106   131   111   
1502  S2279     学生2279      348   105   150   93    
1503  S1528     学生1528      348   105   114   129   
1504  S0253     学生253       348   104   133   111   
1505  S4540     学生4540      348   101   120   127   
1506  S0034     学生34        348   95    138   115   
1507  S2361     学生2361      348   95    115   138   
1508  S0273     学生273       348   94    115   139   
1509  S3738     学生3738      348   93    139   116   
1510  S0916     学生916       348   93    105   150   
1511  S2034     学生2034      348   92    114   142   
1512  S3399     学生3399      348   90    130   128   
1513  S2167     学生2167      348   87    139   122   
1514  S1181     学生1181      348   87    119   142   
1515  S0606     学生606       348   86    131   131   
1516  S4676     学生4676      347   139   120   88    
1517  S4960     学生4960      347   138   107   102   
1518  S0538     学生538       347   132   105   110   
1519  S1437     学生1437      347   132   92    123   
1520  S4032     学生4032      347   130   94    123   
1521  S1095     学生1095      347   130   86    131   
1522  S2424     学生2424      347   129   123   95    
1523  S3968     学生3968      347   127   103   117   
1524  S3606     学生3606      347   125   120   102   
1525  S0220     学生220       347   123   132   92    
1526  S4098     学生4098      347   121   117   109   
1527  S2764     学生2764      347   119   104   124   
1528  S1749     学生1749      347   119   92    136   
1529  S1340     学生1340      347   117   114   116   
1530  S2222     学生2222      347   117   103   127   
1531  S3185     学生3185      347   117   91    139   
1532  S2470     学生2470      347   115   105   127   
1533  S2646     学生2646      347   114   105   128   
1534  S3281     学生3281      347   114   100   133   
1535  S3071     学生3071      347   114   94    139   
1536  S1498     学生1498      347   113   139   95    
1537  S4976     学生4976      347   113   121   113   
1538  S0255     学生255       347   113   109   125   
1539  S0607     学生607       347   111   135   101   
1540  S1834     学生1834      347   111   128   108   
1541  S2221     学生2221      347   111   102   134   
1542  S3133     学生3133      347   110   118   119   
1543  S1470     学生1470      347   110   113   124   
1544  S3037     学生3037      347   110   99    138   
1545  S0572     学生572       347   109   147   91    
1546  S4132     学生4132      347   108   137   102   
1547  S2940     学生2940      347   108   107   132   
1548  S2489     学生2489      347   105   99    143   
1549  S4322     学生4322      347   103   119   125   
1550  S1016     学生1016      347   102   134   111   
1551  S3462     学生3462      347   99    121   127   
1552  S3380     学生3380      347   98    146   103   
1553  S4877     学生4877      347   98    99    150   
1554  S1590     学生1590      347   97    133   117   
1555  S3482     学生3482      347   96    118   133   
1556  S3622     学生3622      347   93    138   116   
1557  S4795     学生4795      347   90    142   115   
1558  S2195     学生2195      347   84    141   122   
1559  S3879     学生3879      347   76    142   129   
1560  S3367     学生3367      346   150   118   78    
1561  S1310     学生1310      346   150   93    103   
1562  S2749     学生2749      346   144   106   96    
1563  S3395     学生3395      346   144   94    108   
1564  S1762     学生1762      346   139   121   86    
1565  S3446     学生3446      346   137   97    112   
1566  S4134     学生4134      346   137   95    114   
1567  S1756     学生1756      346   135   103   108   
1568  S1689     学生1689      346   131   100   115   
1569  S0007     学生7         346   131   93    122   
1570  S3965     学生3965      346   131   77    138   
1571  S3893     学生3893      346   130   102   114   
1572  S3672     学生3672      346   126   117   103   
1573  S2462     学生2462      346   125   111   110   
1574  S1174     学生1174      346   125   90    131   
1575  S0678     学生678       346   124   114   108   
1576  S1802     学生1802      346   122   117   107   
1577  S3382     学生3382      346   121   137   88    
1578  S3813     学生3813      346   121   125   100   
1579  S1129     学生1129      346   121   94    131   
1580  S2509     学生2509      346   120   102   124   
1581  S4468     学生4468      346   120   98    128   
1582  S3059     学生3059      346   119   115   112   
1583  S1658     学生1658      346   118   130   98    
1584  S1908     学生1908      346   118   121   107   
1585  S2763     学生2763      346   118   105   123   
1586  S4425     学生4425      346   118   102   126   
1587  S4994     学生4994      346   118   101   127   
1588  S4919     学生4919      346   116   129   101   
1589  S0142     学生142       346   115   135   96    
1590  S3147     学生3147      346   115   111   120   
1591  S4129     学生4129      346   115   93    138   
1592  S1558     学生1558      346   114   112   120   
1593  S1471     学生1471      346   113   97    136   
1594  S2438     学生2438      346   112   107   127   
1595  S0739     学生739       346   111   129   106   
1596  S4390     学生4390      346   111   125   110   
1597  S1285     学生1285      346   111   117   118   
1598  S4503     学生4503      346   110   118   118   
1599  S1338     学生1338      346   110   117   119   
1600  S1353     学生1353      346   110   107   129   
1601  S1656     学生1656      346   109   117   120   
1602  S0756     学生756       346   109   102   135   
1602  S3398     学生3398      346   109   102   135   
1604  S3997     学生3997      346   108   106   132   
1605  S0617     学生617       346   108   100   138   
1606  S3276     学生3276      346   106   96    144   
1607  S0774     学生774       346   103   108   135   
1608  S3127     学生3127      346   102   129   115   
1609  S4457     学生4457      346   102   125   119   
1610  S4793     学生4793      346   101   124   121   
1611  S4653     学生4653      346   101   114   131   
1612  S1208     学生1208      346   101   109   136   
1613  S0972     学生972       346   100   122   124   
1614  S4743     学生4743      346   98    115   133   
1615  S0587     学生587       346   97    126   123   
1616  S1423     学生1423      346   96    140   110   
1617  S0745     学生745       346   96    121   129   
1618  S3245     学生3245      346   96    110   140   
1619  S3430     学生3430      346   94    122   130   
1620  S2452     学生2452      346   94    120   132   
1621  S4342     学生4342      346   82    135   129   
1622  S0934     学生934       345   150   92    103   
1623  S2671     学生2671      345   147   104   94    
1624  S3685     学生3685      345   144   81    120   
1625  S0563     学生563       345   142   94    109   
1626  S1793     学生1793      345   138   95    112   
1627  S3234     学生3234      345   138   85    122   
1628  S1299     学生1299      345   136   110   99    
1629  S1546     学生1546      345   135   110   100   
1630  S3383     学生3383      345   134   114   97    
1631  S0920     学生920       345   134   106   105   
1632  S0879     学生879       345   134   97    114   
1633  S1361     学生1361      345   133   114   98    
1634  S4770     学生4770      345   131   115   99    
1635  S2049     学生2049      345   129   116   100   
1636  S1521     学生1521      345   129   101   115   
1637  S1507     学生1507      345   128   126   91    
1638  S0643     学生643       345   128   116   101   
1639  S0638     学生638       345   127   103   115   
1640  S4932     学生4932      345   125   133   87    
1641  S4591     学生4591      345   124   129   92    
1642  S0930     学生930       345   124   87    134   
1643  S1326     学生1326      345   121   118   106   
1644  S0129     学生129       345   120   112   113   
1645  S4949     学生4949      345   117   123   105   
1646  S3524     学生3524      345   117   97    131   
1647  S2136     学生2136      345   114   117   114   
1648  S3748     学生3748      345   114   102   129   
1649  S4862     学生4862      345   114   97    134   
1650  S4456     学生4456      345   113   122   110   
1651  S3969     学生3969      345   112   135   98    
1652  S4901     学生4901      345   112   130   103   
1653  S0622     学生622       345   111   119   115   
1654  S1927     学生1927      345   109   122   114   
1655  S0839     学生839       345   108   111   126   
1656  S2175     学生2175      345   107   133   105   
1657  S2994     学生2994      345   105   113   127   
1658  S2601     学生2601      345   104   138   103   
1659  S4493     学生4493      345   103   115   127   
1660  S0749     学生749       345   103   99    143   
1661  S4532     学生4532      345   99    114   132   
1662  S3030     学生3030      345   98    125   122   
1663  S0911     学生911       345   96    138   111   
1664  S4219     学生4219      345   96    127   122   
1665  S3113     学生3113      345   95    143   107   
1666  S1006     学生1006      345   95    128   122   
1667  S0134     学生134       345   89    150   106   
1668  S4871     学生4871      345   88    135   122   
1669  S2815     学生2815      345   87    108   150   
1670  S0337     学生337       345   86    150   109   
1671  S4899     学生4899      345   85    120   140   
1672  S2905     学生2905      345   81    114   150   
1673  S3925     学生3925      345   80    131   134   
1674  S1114     学生1114      345   71    140   134   
1675  S2967     学生2967      344   150   82    112   
1676  S1148     学生1148      344   144   116   84    
1677  S1688     学生1688      344   142   113   89    
1678  S3759     学生3759      344   141   90    113   
1679  S3378     学生3378      344   137   124   83    
1680  S1847     学生1847      344   137   75    132   
1681  S4788     学生4788      344   134   106   104   
1682  S2722     学生2722      344   130   104   110   
1683  S3319     学生3319      344   128   110   106   
1684  S0201     学生201       344   127   107   110   
1685  S3724     学生3724      344   127   94    123   
1686  S2050     学生2050      344   126   118   100   
1687  S3690     学生3690      344   125   113   106   
1688  S3972     学生3972      344   125   81    138   
1689  S3915     学生3915      344   123   122   99    
1690  S3474     学生3474      344   120   117   107   
1691  S4368     学生4368      344   118   112   114   
1692  S2938     学生2938      344   118   105   121   
1693  S4344     学生4344      344   118   87    139   
1694  S2128     学生2128      344   117   112   115   
1695  S4961     学生4961      344   115   106   123   
1696  S2587     学生2587      344   114   123   107   
1697  S1611     学生1611      344   114   115   115   
1698  S1988     学生1988      344   113   124   107   
1699  S0208     学生208       344   113   103   128   
1700  S0333     学生333       344   112   102   130   
1701  S4005     学生4005      344   111   114   119   
1702  S1804     学生1804      344   110   117   117   
1703  S3959     学生3959      344   110   102   132   
1704  S4259     学生4259      344   108   134   102   
1705  S3151     学生3151      344   108   133   103   
1706  S1904     学生1904      344   107   118   119   
1707  S3222     学生3222      344   107   107   130   
1708  S3372     学生3372      344   106   126   112   
1709  S1280     学生1280      344   105   146   93    
1710  S3797     学生3797      344   104   122   118   
1711  S4205     学生4205      344   103   135   106   
1712  S3167     学生3167      344   100   110   134   
1713  S2622     学生2622      344   99    129   116   
1714  S0338     学生338       344   98    148   98    
1715  S1690     学生1690      344   96    119   129   
1716  S4215     学生4215      344   96    117   131   
1717  S2833     学生2833      344   94    130   120   
1718  S4414     学生4414      344   94    100   150   
1719  S4004     学生4004      344   92    110   142   
1720  S2737     学生2737      344   91    106   147   
1721  S0348     学生348       344   86    134   124   
1722  S0437     学生437       344   86    130   128   
1723  S2900     学生2900      344   84    140   120   
1723  S3942     学生3942      344   84    140   120   
1725  S2807     学生2807      343   150   98    95    
1726  S2043     学生2043      343   144   129   70    
1727  S3706     学生3706      343   141   109   93    
1728  S2238     学生2238      343   139   115   89    
1729  S4140     学生4140      343   139   84    120   
1730  S0775     学生775       343   138   97    108   
1731  S3016     学生3016      343   134   97    112   
1732  S4689     学生4689      343   133   97    113   
1733  S3103     学生3103      343   132   119   92    
1734  S1000     学生1000      343   132   113   98    
1735  S4630     学生4630      343   130   110   103   
1736  S3860     学生3860      343   128   124   91    
1737  S3197     学生3197      343   128   122   93    
1738  S1238     学生1238      343   126   117   100   
1739  S3715     学生3715      343   126   115   102   
1740  S1981     学生1981      343   126   104   113   
1741  S2517     学生2517      343   125   109   109   
1742  S1004     学生1004      343   124   116   103   
1743  S1319     学生1319      343   124   113   106   
1744  S2209     学生2209      343   121   116   106   
1745  S3128     学生3128      343   120   108   115   
1746  S0508     学生508       343   118   112   113   
1747  S0997     学生997       343   117   131   95    
1748  S0690     学生690       343   115   109   119   
1749  S2382     学生2382      343   115   108   120   
1750  S4791     学生4791      343   114   132   97    
1751  S0984     学生984       343   114   120   109   
1752  S1661     学生1661      343   114   115   114   
1753  S1147     学生1147      343   112   141   90    
1754  S3001     学生3001      343   112   112   119   
1755  S3509     学生3509      343   111   126   106   
1756  S3850     学生3850      343   110   141   92    
1757  S4314     学生4314      343   110   118   115   
1758  S4276     学生4276      343   109   129   105   
1759  S4269     学生4269      343   108   113   122   
1760  S4077     学生4077      343   108   110   125   
1761  S3673     学生3673      343   107   107   129   
1762  S0720     学生720       343   106   132   105   
1763  S3431     学生3431      343   106   106   131   
1764  S2003     学生2003      343   104   104   135   
1765  S0180     学生180       343   101   133   109   
1766  S0709     学生709       343   100   129   114   
1767  S1132     学生1132      343   100   123   120   
1768  S1332     学生1332      343   99    95    149   
1769  S2835     学生2835      343   95    125   123   
1770  S4883     学生4883      343   94    150   99    
1771  S2920     学生2920      343   93    145   105   
1772  S0272     学生272       343   85    118   140   
1773  S3492     学生3492      342   150   101   91    
1774  S1433     学生1433      342   150   92    100   
1775  S1766     学生1766      342   137   96    109   
1776  S2607     学生2607      342   136   113   93    
1777  S0218     学生218       342   136   102   104   
1778  S3279     学生3279      342   133   106   103   
1779  S4272     学生4272      342   133   77    132   
1780  S1449     学生1449      342   127   96    119   
1781  S0064     学生64        342   125   110   107   
1782  S3908     学生3908      342   125   93    124   
1783  S0092     学生92        342   124   110   108   
1784  S4008     学生4008      342   124   92    126   
1785  S4454     学生4454      342   124   83    135   
1786  S0359     学生359       342   123   99    120   
1787  S1881     学生1881      342   121   104   117   
1788  S4989     学生4989      342   120   139   83    
1789  S4476     学生4476      342   120   116   106   
1790  S3659     学生3659      342   120   103   119   
1791  S3013     学生3013      342   119   84    139   
1792  S2868     学生2868      342   118   98    126   
1793  S2522     学生2522      342   115   106   121   
1794  S3708     学生3708      342   114   103   125   
1794  S4106     学生4106      342   114   103   125   
1796  S2278     学生2278      342   113   150   79    
1797  S0648     学生648       342   113   122   107   
1798  S0501     学生501       342   112   149   81    
1799  S3119     学生3119      342   112   120   110   
1800  S2753     学生2753      342   112   108   122   
1801  S4389     学生4389      342   111   116   115   
1802  S3616     学生3616      342   111   98    133   
1803  S2563     学生2563      342   111   87    144   
1804  S4290     学生4290      342   111   86    145   
1805  S3371     学生3371      342   110   128   104   
1806  S4235     学生4235      342   110   116   116   
1807  S3686     学生3686      342   109   113   120   
1808  S4449     学生4449      342   109   102   131   
1809  S0023     学生23        342   108   130   104   
1810  S1884     学生1884      342   108   128   106   
1811  S4531     学生4531      342   107   113   122   
1812  S0096     学生96        342   105   130   107   
1813  S0656     学生656       342   104   141   97    
1814  S1001     学生1001      342   101   114   127   
1815  S4659     学生4659      342   101   109   132   
1816  S2989     学生2989      342   100   124   118   
1817  S3174     学生3174      342   100   123   119   
1818  S0987     学生987       342   98    115   129   
1819  S2711     学生2711      342   96    137   109   
1820  S0941     学生941       342   95    125   122   
1821  S2798     学生2798      342   92    131   119   
1822  S4356     学生4356      342   92    123   127   
1823  S3385     学生3385      342   91    137   114   
1824  S2264     学生2264      342   91    134   117   
1825  S3440     学生3440      342   91    133   118   
1826  S1561     学生1561      342   90    102   150   
1827  S0135     学生135       342   89    141   112   
1828  S0312     学生312       342   87    131   124   
1829  S3785     学生3785      342   86    150   106   
1830  S0493     学生493       342   80    134   128   
1831  S1251     学生1251      342   80    133   129   
1832  S2431     学生2431      342   76    150   116   
1833  S4983     学生4983      341   149   89    103   
1834  S3995     学生3995      341   147   110   84    
1835  S3962     学生3962      341   142   112   87    
1836  S4736     学生4736      341   140   120   81    
1837  S1848     学生1848      341   140   93    108   
1838  S3275     学生3275      341   139   105   97    
1839  S1748     学生1748      341   139   86    116   
1840  S2836     学生2836      341   139   85    117   
1841  S3156     学生3156      341   138   94    109   
1842  S1708     学生1708      341   135   119   87    
1843  S2778     学生2778      341   135   105   101   
1844  S3374     学生3374      341   135   85    121   
1845  S0254     学生254       341   134   112   95    
1846  S2826     学生2826      341   134   111   96    
1847  S3676     学生3676      341   132   120   89    
1848  S3162     学生3162      341   132   86    123   
1849  S1555     学生1555      341   130   112   99    
1850  S4131     学生4131      341   127   103   111   
1851  S4184     学生4184      341   126   125   90    
1852  S3536     学生3536      341   125   105   111   
1852  S1351     学生1351      341   125   105   111   
1854  S4585     学生4585      341   123   118   100   
1855  S3949     学生3949      341   123   101   117   
1856  S3038     学生3038      341   122   130   89    
1857  S2918     学生2918      341   122   111   108   
1858  S4160     学生4160      341   122   110   109   
1859  S3125     学生3125      341   120   109   112   
1860  S3288     学生3288      341   118   106   117   
1861  S2363     学生2363      341   117   119   105   
1862  S4070     学生4070      341   117   102   122   
1863  S3115     学生3115      341   116   135   90    
1864  S1548     学生1548      341   115   134   92    
1865  S4869     学生4869      341   115   96    130   
1866  S3069     学生3069      341   112   117   112   
1867  S3933     学生3933      341   112   107   122   
1868  S3377     学生3377      341   112   101   128   
1869  S0094     学生94        341   111   104   126   
1870  S0138     学生138       341   110   126   105   
1871  S1277     学生1277      341   109   109   123   
1872  S2883     学生2883      341   108   135   98    
1873  S2353     学生2353      341   108   126   107   
1874  S3180     学生3180      341   108   125   108   
1875  S2471     学生2471      341   108   109   124   
1876  S1909     学生1909      341   108   103   130   
1877  S3479     学生3479      341   108   101   132   
1878  S1704     学生1704      341   107   115   119   
1879  S4870     学生4870      341   106   113   122   
1880  S2504     学生2504      341   105   110   126   
1881  S0260     学生260       341   104   113   124   
1882  S1122     学生1122      341   103   128   110   
1883  S4971     学生4971      341   102   129   110   
1884  S4608     学生4608      341   102   111   128   
1885  S2641     学生2641      341   102   109   130   
1886  S0796     学生796       341   102   104   135   
1887  S4048     学生4048      341   101   141   99    
1888  S0133     学生133       341   101   127   113   
1889  S3121     学生3121      341   100   99    142   
1890  S3294     学生3294      341   99    150   92    
1891  S4443     学生4443      341   97    127   117   
1892  S2925     学生2925      341   93    110   138   
1893  S4187     学生4187      341   92    129   120   
1894  S4914     学生4914      341   91    107   143   
1895  S1256     学生1256      341   90    149   102   
1896  S1395     学生1395      341   78    113   150   
1897  S0298     学生298       341   77    147   117   
1898  S0171     学生171       341   75    131   135   
1899  S4400     学生4400      340   150   98    92    
1900  S4406     学生4406      340   150   88    102   
1901  S1302     学生1302      340   144   104   92    
1902  S2718     学生2718      340   139   120   81    
1903  S4151     学生4151      340   135   117   88    
1904  S4372     学生4372      340   135   94    111   
1905  S1444     学生1444      340   134   97    109   
1906  S2193     学生2193      340   134   93    113   
1907  S0267     学生267       340   132   117   91    
1908  S3763     学生3763      340   131   95    114   
1909  S2139     学生2139      340   131   72    137   
1910  S3545     学生3545      340   127   117   96    
1911  S2779     学生2779      340   127   98    115   
1912  S2447     学生2447      340   124   90    126   
1913  S1321     学生1321      340   123   125   92    
1914  S0384     学生384       340   123   107   110   
1915  S0491     学生491       340   122   119   99    
1916  S4125     学生4125      340   122   112   106   
1917  S2752     学生2752      340   121   116   103   
1918  S2165     学生2165      340   121   105   114   
1919  S4928     学生4928      340   120   106   114   
1920  S3040     学生3040      340   119   89    132   
1921  S1657     学生1657      340   118   107   115   
1922  S2751     学生2751      340   117   132   91    
1923  S0207     学生207       340   116   126   98    
1924  S0605     学生605       340   116   118   106   
1925  S0700     学生700       340   116   108   116   
1926  S0449     学生449       340   116   85    139   
1927  S2475     学生2475      340   115   150   75    
1928  S3560     学生3560      340   115   95    130   
1929  S1743     学生1743      340   114   117   109   
1930  S2936     学生2936      340   112   125   103   
1931  S0472     学生472       340   111   99    130   
1932  S1514     学生1514      340   110   134   96    
1933  S1591     学生1591      340   110   118   112   
1934  S2693     学生2693      340   110   116   114   
1935  S2854     学生2854      340   110   104   126   
1936  S3878     学生3878      340   109   118   113   
1937  S4010     学生4010      340   108   131   101   
1938  S3768     学生3768      340   108   127   105   
1939  S3861     学生3861      340   107   119   114   
1940  S1258     学生1258      340   107   115   118   
1941  S4849     学生4849      340   107   107   126   
1942  S1844     学生1844      340   106   122   112   
1943  S2342     学生2342      340   106   111   123   
1944  S1463     学生1463      340   105   128   107   
1945  S0039     学生39        340   105   116   119   
1946  S1569     学生1569      340   104   135   101   
1947  S4664     学生4664      340   103   134   103   
1948  S0369     学生369       340   102   127   111   
1949  S3253     学生3253      340   101   125   114   
1950  S3519     学生3519      340   101   109   130   
1951  S0827     学生827       340   99    102   139   
1952  S2808     学生2808      340   98    115   127   
1953  S0175     学生175       340   98    101   141   
1954  S0922     学生922       340   98    98    144   
1955  S4534     学生4534      340   97    111   132   
1956  S3853     学生3853      340   96    123   121   
1957  S0190     学生190       340   95    125   120   
1958  S2726     学生2726      340   95    119   126   
1959  S1828     学生1828      340   94    126   120   
1960  S1982     学生1982      340   92    133   115   
1961  S2347     学生2347      340   89    135   116   
1962  S1343     学生1343      340   83    124   133   
1963  S3081     学生3081      340   64    150   126   
1964  S1515     学生1515      339   149   67    123   
1965  S3271     学生3271      339   139   84    116   
1966  S0937     学生937       339   139   79    121   
1967  S2461     学生2461      339   136   112   91    
1968  S3629     学生3629      339   135   112   92    
1969  S3852     学生3852      339   133   99    107   
1970  S2599     学生2599      339   133   83    123   
1971  S3064     学生3064      339   132   95    112   
1972  S4851     学生4851      339   131   95    113   
1973  S3182     学生3182      339   129   127   83    
1974  S3042     学生3042      339   129   92    118   
1975  S3872     学生3872      339   128   118   93    
1976  S4092     学生4092      339   126   98    115   
1977  S1621     学生1621      339   126   78    135   
1978  S3089     学生3089      339   125   131   83    
1979  S3082     学生3082      339   125   119   95    
1980  S1061     学生1061      339   125   110   104   
1980  S0906     学生906       339   125   110   104   
1982  S0486     学生486       339   123   110   106   
1983  S3810     学生3810      339   122   118   99    
1984  S2152     学生2152      339   122   93    124   
1985  S0640     学生640       339   121   107   111   
1986  S0938     学生938       339   120   93    126   
1987  S4273     学生4273      339   120   70    149   
1988  S4525     学生4525      339   119   118   102   
1989  S2110     学生2110      339   119   111   109   
1989  S3630     学生3630      339   119   111   109   
1991  S4212     学生4212      339   119   105   115   
1992  S4250     学生4250      339   119   83    137   
1993  S0351     学生351       339   118   109   112   
1994  S0600     学生600       339   118   105   116   
1995  S1777     学生1777      339   117   130   92    
1996  S3803     学生3803      339   116   110   113   
1997  S3985     学生3985      339   115   108   116   
1998  S2758     学生2758      339   113   107   119   
1999  S0849     学生849       339   112   116   111   
2000  S4578     学生4578      339   110   133   96    
2001  S1839     学生1839      339   110   123   106   
2002  S3485     学生3485      339   109   123   107   
2003  S2990     学生2990      339   109   106   124   
2004  S3587     学生3587      339   109   80    150   
2005  S2514     学生2514      339   108   121   110   
2006  S1155     学生1155      339   108   110   121   
2007  S1565     学生1565      339   107   124   108   
2008  S3049     学生3049      339   106   131   102   
2008  S3336     学生3336      339   106   131   102   
2010  S0088     学生88        339   106   121   112   
2011  S1564     学生1564      339   106   114   119   
2012  S3557     学生3557      339   106   103   130   
2013  S4544     学生4544      339   105   113   121   
2014  S2515     学生2515      339   104   131   104   
2015  S2017     学生2017      339   102   135   102   
2016  S1516     学生1516      339   101   109   129   
2017  S0423     学生423       339   101   94    144   
2018  S1166     学生1166      339   100   122   117   
2019  S2187     学生2187      339   99    124   116   
2020  S1660     学生1660      339   98    122   119   
2021  S3095     学生3095      339   98    101   140   
2022  S4402     学生4402      339   97    148   94    
2023  S1885     学生1885      339   96    131   112   
2024  S2932     学生2932      339   96    124   119   
2025  S0975     学生975       339   96    93    150   
2026  S0243     学生243       339   89    131   119   
2027  S2274     学生2274      339   88    130   121   
2028  S4316     学生4316      339   88    129   122   
2029  S4893     学生4893      339   86    150   103   
2030  S4351     学生4351      339   82    107   150   
2031  S3074     学生3074      338   150   103   85    
2032  S1941     学生1941      338   145   88    105   
2033  S0634     学生634       338   143   91    104   
2034  S4035     学生4035      338   142   84    112   
2035  S2505     学生2505      338   137   99    102   
2036  S4594     学生4594      338   135   107   96    
2037  S4074     学生4074      338   134   95    109   
2038  S1641     学生1641      338   130   81    127   
2039  S2704     学生2704      338   129   103   106   
2040  S4156     学生4156      338   128   102   108   
2041  S3804     学生3804      338   128   82    128   
2042  S0443     学生443       338   126   115   97    
2043  S1723     学生1723      338   125   134   79    
2044  S3564     学生3564      338   124   97    117   
2045  S0131     学生131       338   124   96    118   
2046  S4538     学生4538      338   123   129   86    
2047  S3060     学生3060      338   122   108   108   
2048  S0336     学生336       338   121   111   106   
2049  S2670     学生2670      338   120   126   92    
2050  S0788     学生788       338   119   92    127   
2051  S4309     学生4309      338   117   110   111   
2052  S0396     学生396       338   117   71    150   
2053  S1768     学生1768      338   116   86    136   
2054  S0386     学生386       338   115   99    124   
2055  S0376     学生376       338   115   83    140   
2056  S2122     学生2122      338   115   82    141   
2057  S2531     学生2531      338   114   123   101   
2058  S3471     学生3471      338   113   122   103   
2059  S1893     学生1893      338   113   120   105   
2060  S4139     学生4139      338   113   105   120   
2061  S2624     学生2624      338   113   99    126   
2062  S1025     学生1025      338   110   128   100   
2063  S3203     学生3203      338   110   106   122   
2064  S0074     学生74        338   109   127   102   
2065  S3655     学生3655      338   109   119   110   
2066  S3775     学生3775      338   109   104   125   
2067  S1167     学生1167      338   108   119   111   
2067  S2627     学生2627      338   108   119   111   
2069  S0540     学生540       338   108   114   116   
2070  S3809     学生3809      338   108   100   130   
2071  S3326     学生3326      338   107   111   120   
2072  S0109     学生109       338   105   110   123   
2073  S1784     学生1784      338   104   137   97    
2074  S1133     学生1133      338   104   100   134   
2075  S0953     学生953       338   104   89    145   
2076  S0477     学生477       338   103   133   102   
2077  S3316     学生3316      338   103   125   110   
2078  S1230     学生1230      338   103   119   116   
2079  S4404     学生4404      338   103   104   131   
2080  S1797     学生1797      338   101   105   132   
2081  S1715     学生1715      338   100   103   135   
2082  S0297     学生297       338   98    138   102   
2083  S3733     学生3733      338   97    119   122   
2084  S3830     学生3830      338   95    113   130   
2085  S2384     学生2384      338   92    146   100   
2086  S3152     学生3152      338   91    129   118   
2087  S3549     学生3549      338   80    125   133   
2088  S3264     学生3264      338   79    118   141   
2089  S3265     学生3265      337   150   70    117   
2090  S0782     学生782       337   145   95    97    
2091  S3612     学生3612      337   144   102   91    
2092  S3333     学生3333      337   138   83    116   
2093  S3570     学生3570      337   138   77    122   
2094  S2786     学生2786      337   135   105   97    
2095  S2605     学生2605      337   134   101   102   
2096  S0877     学生877       337   134   98    105   
2097  S2204     学生2204      337   132   98    107   
2098  S1397     学生1397      337   131   102   104   
2099  S3481     学生3481      337   130   111   96    
2100  S4730     学生4730      337   129   120   88    
2101  S0118     学生118       337   129   97    111   
2102  S0714     学生714       337   127   101   109   
2103  S1259     学生1259      337   126   87    124   
2104  S2981     学生2981      337   124   114   99    
2105  S1953     学生1953      337   124   94    119   
2106  S2419     学生2419      337   122   93    122   
2107  S4041     学生4041      337   121   112   104   
2108  S2556     学生2556      337   119   127   91    
2109  S1287     学生1287      337   118   119   100   
2110  S4691     学生4691      337   117   108   112   
2111  S1261     学生1261      337   117   103   117   
2112  S4365     学生4365      337   116   114   107   
2113  S0913     学生913       337   116   107   114   
2114  S1550     学生1550      337   114   102   121   
2115  S4079     学生4079      337   113   111   113   
2116  S0185     学生185       337   113   107   117   
2117  S2929     学生2929      337   113   93    131   
2118  S4431     学生4431      337   112   113   112   
2119  S2200     学生2200      337   111   89    137   
2120  S2867     学生2867      337   110   121   106   
2121  S2559     学生2559      337   110   100   127   
2122  S2724     学生2724      337   110   85    142   
2123  S0313     学生313       337   109   126   102   
2124  S3593     学生3593      337   108   138   91    
2125  S2194     学生2194      337   107   129   101   
2126  S0812     学生812       337   107   114   116   
2127  S2220     学生2220      337   107   106   124   
2128  S2822     学生2822      337   106   130   101   
2129  S4221     学生4221      337   104   132   101   
2130  S1517     学生1517      337   103   112   122   
2131  S1179     学生1179      337   102   115   120   
2132  S0024     学生24        337   99    114   124   
2132  S2250     学生2250      337   99    114   124   
2134  S1033     学生1033      337   98    116   123   
2135  S3751     学生3751      337   96    148   93    
2136  S3242     学生3242      337   96    107   134   
2137  S3067     学生3067      337   95    131   111   
2138  S2897     学生2897      337   89    123   125   
2139  S2235     学生2235      337   83    146   108   
2140  S2840     学生2840      337   81    135   121   
2141  S0495     学生495       336   142   111   83    
2142  S4362     学生4362      336   141   96    99    
2143  S2800     学生2800      336   134   131   71    
2144  S1814     学生1814      336   131   117   88    
2145  S1152     学生1152      336   130   113   93    
2146  S2046     学生2046      336   130   106   100   
2147  S4697     学生4697      336   127   102   107   
2148  S4295     学生4295      336   126   135   75    
2149  S1671     学生1671      336   126   86    124   
2150  S2795     学生2795      336   125   118   93    
2151  S0128     学生128       336   125   105   106   
2151  S1481     学生1481      336   125   105   106   
2153  S1075     学生1075      336   123   116   97    
2154  S2739     学生2739      336   123   96    117   
2155  S2495     学生2495      336   120   124   92    
2156  S4152     学生4152      336   119   123   94    
2157  S4643     学生4643      336   116   126   94    
2158  S0164     学生164       336   116   122   98    
2159  S2791     学生2791      336   115   109   112   
2160  S1312     学生1312      336   114   109   113   
2161  S2156     学生2156      336   114   97    125   
2162  S1339     学生1339      336   113   126   97    
2163  S0623     学生623       336   113   119   104   
2164  S2993     学生2993      336   113   109   114   
2165  S3912     学生3912      336   113   92    131   
2166  S0363     学生363       336   112   125   99    
2167  S4894     学生4894      336   111   97    128   
2168  S3104     学生3104      336   110   112   114   
2169  S3635     学生3635      336   110   103   123   
2170  S4744     学生4744      336   109   116   111   
2171  S3547     学生3547      336   108   99    129   
2172  S3619     学生3619      336   107   128   101   
2173  S4190     学生4190      336   104   116   116   
2174  S3662     学生3662      336   103   128   105   
2175  S1821     学生1821      336   103   112   121   
2176  S1987     学生1987      336   103   110   123   
2177  S2887     学生2887      336   102   134   100   
2178  S1381     学生1381      336   102   132   102   
2179  S4580     学生4580      336   98    112   126   
2180  S3512     学生3512      336   97    137   102   
2181  S4764     学生4764      336   93    135   108   
2182  S2794     学生2794      336   93    114   129   
2183  S1438     学生1438      336   88    113   135   
2184  S3668     学生3668      336   85    119   132   
2185  S2306     学生2306      336   82    150   104   
2186  S2381     学生2381      336   79    131   126   
2187  S3875     学生3875      336   69    136   131   
2188  S0125     学生125       335   136   104   95    
2189  S0728     学生728       335   134   96    105   
2190  S4315     学生4315      335   131   107   97    
2191  S2831     学生2831      335   131   101   103   
2192  S1959     学生1959      335   130   89    116   
2193  S1176     学生1176      335   128   68    139   
2194  S4382     学生4382      335   127   117   91    
2195  S2366     学生2366      335   127   103   105   
2196  S3363     学生3363      335   123   102   110   
2197  S2961     学生2961      335   121   104   110   
2198  S4846     学生4846      335   121   87    127   
2199  S3229     学生3229      335   120   80    135   
2200  S0846     学生846       335   119   128   88    
2201  S1447     学生1447      335   119   110   106   
2202  S4409     学生4409      335   119   107   109   
2203  S3907     学生3907      335   119   104   112   
2204  S0361     学生361       335   118   107   110   
2205  S2232     学生2232      335   116   126   93    
2206  S0675     学生675       335   116   121   98    
2207  S3936     学生3936      335   116   110   109   
2208  S4719     学生4719      335   115   105   115   
2209  S1153     学生1153      335   114   125   96    
2210  S1467     学生1467      335   114   124   97    
2210  S3675     学生3675      335   114   124   97    
2212  S2663     学生2663      335   114   95    126   
2213  S0035     学生35        335   113   106   116   
2214  S3618     学生3618      335   112   117   106   
2215  S1691     学生1691      335   112   116   107   
2216  S0082     学生82        335   112   108   115   
2217  S0032     学生32        335   110   111   114   
2218  S4155     学生4155      335   110   84    141   
2219  S3694     学生3694      335   108   101   126   
2220  S0374     学生374       335   107   119   109   
2221  S3744     学生3744      335   107   112   116   
2222  S3920     学生3920      335   106   129   100   
2223  S1728     学生1728      335   106   128   101   
2224  S1056     学生1056      335   105   119   111   
2225  S4938     学生4938      335   104   130   101   
2226  S2408     学生2408      335   104   113   118   
2227  S0278     学生278       335   103   108   124   
2228  S0737     学生737       335   102   104   129   
2229  S3423     学生3423      335   101   101   133   
2230  S4747     学生4747      335   101   88    146   
2231  S4014     学生4014      335   99    111   125   
2232  S2146     学生2146      335   99    100   136   
2233  S0936     学生936       335   98    128   109   
2234  S0514     学生514       335   98    104   133   
2235  S2608     学生2608      335   97    130   108   
2236  S4874     学生4874      335   96    150   89    
2237  S4347     学生4347      335   93    128   114   
2238  S3328     学生3328      335   93    114   128   
2239  S1803     学生1803      335   93    109   133   
2240  S4559     学生4559      335   84    110   141   
2241  S2263     学生2263      334   144   137   53    
2242  S0627     学生627       334   141   87    106   
2243  S2305     学生2305      334   136   99    99    
2244  S1081     学生1081      334   132   104   98    
2245  S2277     学生2277      334   129   113   92    
2246  S3829     学生3829      334   127   110   97    
2247  S0178     学生178       334   127   69    138   
2248  S4279     学生4279      334   124   128   82    
2249  S0899     学生899       334   124   112   98    
2250  S2291     学生2291      334   124   85    125   
2251  S4604     学生4604      334   123   118   93    
2252  S3149     学生3149      334   123   115   96    
2253  S1921     学生1921      334   122   127   85    
2254  S3776     学生3776      334   121   108   105   
2255  S4180     学生4180      334   121   63    150   
2256  S3511     学生3511      334   120   104   110   
2257  S3691     学生3691      334   120   98    116   
2257  S2714     学生2714      334   120   98    116   
2259  S4915     学生4915      334   116   143   75    
2260  S4034     学生4034      334   115   123   96    
2261  S4718     学生4718      334   114   92    128   
2262  S2984     学生2984      334   113   122   99    
2262  S3926     学生3926      334   113   122   99    
2264  S0320     学生320       334   113   115   106   
2265  S4847     学生4847      334   113   93    128   
2266  S2254     学生2254      334   112   129   93    
2267  S4260     学生4260      334   112   100   122   
2268  S0199     学生199       334   110   136   88    
2269  S3292     学生3292      334   109   112   113   
2270  S0725     学生725       334   108   137   89    
2271  S1195     学生1195      334   108   118   108   
2272  S3507     学生3507      334   107   103   124   
2273  S1111     学生1111      334   106   150   78    
2274  S2472     学生2472      334   106   123   105   
2275  S3634     学生3634      334   105   107   122   
2276  S2851     学生2851      334   104   120   110   
2277  S0631     学生631       334   104   110   120   
2278  S0692     学生692       334   102   137   95    
2279  S0075     学生75        334   101   121   112   
2280  S1446     学生1446      334   100   132   102   
2281  S4725     学生4725      334   99    150   85    
2282  S3208     学生3208      334   99    121   114   
2283  S0844     学生844       334   98    101   135   
2284  S2986     学生2986      334   94    140   100   
2285  S4773     学生4773      334   93    110   131   
2286  S1650     学生1650      334   92    124   118   
2287  S2901     学生2901      334   89    121   124   
2288  S0030     学生30        334   87    127   120   
2289  S0545     学生545       334   85    135   114   
2290  S1818     学生1818      334   84    142   108   
2291  S3772     学生3772      334   84    137   113   
2292  S4671     学生4671      334   84    110   140   
2293  S0408     学生408       334   83    130   121   
2294  S2629     学生2629      334   83    124   127   
2295  S2717     学生2717      334   75    136   123   
2296  S4433     学生4433      333   147   88    98    
2297  S1272     学生1272      333   142   101   90    
2298  S0647     学生647       333   141   105   87    
2299  S4838     学生4838      333   139   84    110   
2300  S2519     学生2519      333   135   123   75    
2301  S0581     学生581       333   128   134   71    
2302  S2055     学生2055      333   127   115   91    
2303  S2069     学生2069      333   127   113   93    
2304  S3032     学生3032      333   127   95    111   
2305  S3573     学生3573      333   127   87    119   
2306  S4480     学生4480      333   125   89    119   
2307  S1813     学生1813      333   124   118   91    
2308  S2852     学生2852      333   123   101   109   
2309  S0233     学生233       333   122   113   98    
2310  S1871     学生1871      333   122   97    114   
2311  S2143     学生2143      333   120   109   104   
2312  S2688     学生2688      333   120   104   109   
2313  S1136     学生1136      333   119   110   104   
2314  S2863     学生2863      333   119   66    148   
2315  S3731     学生3731      333   118   102   113   
2316  S4373     学生4373      333   118   87    128   
2317  S3627     学生3627      333   117   99    117   
2318  S1825     学生1825      333   117   96    120   
2319  S0497     学生497       333   116   134   83    
2320  S3901     学生3901      333   114   123   96    
2321  S4216     学生4216      333   114   83    136   
2322  S3799     学生3799      333   113   135   85    
2323  S1624     学生1624      333   111   100   122   
2324  S4046     学生4046      333   109   103   121   
2325  S1967     学生1967      333   108   116   109   
2326  S3653     学生3653      333   108   112   113   
2327  S0744     学生744       333   108   97    128   
2328  S4699     学生4699      333   106   118   109   
2329  S4665     学生4665      333   106   88    139   
2330  S2355     学生2355      333   105   115   113   
2331  S0630     学生630       333   104   135   94    
2332  S0385     学生385       333   104   128   101   
2333  S2242     学生2242      333   103   125   105   
2334  S2506     学生2506      333   103   119   111   
2335  S1543     学生1543      333   102   122   109   
2336  S4023     学生4023      333   102   115   116   
2337  S3651     学生3651      333   98    136   99    
2338  S3891     学生3891      333   98    122   113   
2339  S0731     学生731       333   97    120   116   
2340  S3094     学生3094      333   97    112   124   
2341  S3475     学生3475      333   93    141   99    
2342  S2201     学生2201      333   93    117   123   
2343  S2745     学生2745      333   92    121   120   
2344  S2643     学生2643      333   89    137   107   
2345  S0822     学生822       333   87    133   113   
2346  S2064     学生2064      333   87    122   124   
2347  S3881     学生3881      333   85    150   98    
2348  S2944     学生2944      333   85    105   143   
2349  S0463     学生463       333   61    123   149   
2350  S0174     学生174       332   145   76    111   
2351  S1643     学生1643      332   142   87    103   
2352  S1586     学生1586      332   139   82    111   
2353  S2685     学生2685      332   138   126   68    
2354  S1664     学生1664      332   138   99    95    
2355  S2425     学生2425      332   136   87    109   
2356  S2099     学生2099      332   133   135   64    
2357  S0589     学生589       332   131   102   99    
2358  S0087     学生87        332   130   120   82    
2359  S3591     学生3591      332   127   106   99    
2360  S2112     学生2112      332   125   112   95    
2361  S4317     学生4317      332   125   99    108   
2362  S2871     学生2871      332   124   89    119   
2363  S3321     学生3321      332   123   105   104   
2364  S3143     学生3143      332   122   107   103   
2365  S0898     学生898       332   121   125   86    
2366  S1380     学生1380      332   121   108   103   
2367  S0760     学生760       332   120   106   106   
2368  S0099     学生99        332   119   95    118   
2369  S1464     学生1464      332   118   118   96    
2370  S2377     学生2377      332   118   108   106   
2371  S4111     学生4111      332   117   113   102   
2372  S1653     学生1653      332   116   120   96    
2373  S3012     学生3012      332   115   131   86    
2374  S1008     学生1008      332   115   99    118   
2375  S3966     学生3966      332   115   83    134   
2376  S0541     学生541       332   114   136   82    
2377  S0115     学生115       332   114   131   87    
2378  S0457     学生457       332   114   119   99    
2379  S4233     学生4233      332   114   117   101   
2380  S3665     学生3665      332   113   110   109   
2381  S0734     学生734       332   113   104   115   
2382  S0776     学生776       332   112   115   105   
2383  S0615     学生615       332   112   88    132   
2384  S2249     学生2249      332   111   110   111   
2385  S1628     学生1628      332   110   112   110   
2386  S2950     学生2950      332   109   102   121   
2387  S3109     学生3109      332   108   122   102   
2388  S0506     学生506       332   108   118   106   
2389  S4908     学生4908      332   108   103   121   
2390  S1933     学生1933      332   107   123   102   
2391  S2319     学生2319      332   107   119   106   
2392  S1809     学生1809      332   107   80    145   
2393  S0274     学生274       332   105   110   117   
2394  S4889     学生4889      332   105   103   124   
2395  S1551     学生1551      332   104   130   98    
2396  S2282     学生2282      332   104   120   108   
2396  S2411     学生2411      332   104   120   108   
2398  S1387     学生1387      332   103   104   125   
2399  S2011     学生2011      332   102   127   103   
2400  S0177     学生177       332   101   133   98    
2401  S4470     学生4470      332   101   115   116   
2402  S0816     学生816       332   99    110   123   
2403  S4599     学生4599      332   99    103   130   
2404  S2982     学生2982      332   98    131   103   
2405  S0532     学生532       332   98    126   108   
2406  S4884     学生4884      332   98    108   126   
2407  S2157     学生2157      332   97    120   115   
2408  S3054     学生3054      332   97    119   116   
2409  S0016     学生16        332   95    137   100   
2410  S2886     学生2886      332   95    114   123   
2411  S1535     学生1535      332   94    129   109   
2412  S1692     学生1692      332   94    126   112   
2413  S4396     学生4396      332   94    99    139   
2414  S1652     学生1652      332   93    91    148   
2415  S1651     学生1651      332   86    131   115   
2416  S0226     学生226       332   82    111   139   
2417  S4547     学生4547      332   79    105   148   
2418  S4698     学生4698      332   76    107   149   
2419  S0611     学生611       332   65    117   150   
2420  S2996     学生2996      331   150   62    119   
2421  S4832     学生4832      331   146   88    97    
2422  S2957     学生2957      331   142   89    100   
2423  S3988     学生3988      331   139   116   76    
2424  S0801     学生801       331   139   91    101   
2425  S1126     学生1126      331   127   106   98    
2426  S4887     学生4887      331   125   112   94    
2427  S4587     学生4587      331   124   119   88    
2428  S0738     学生738       331   124   94    113   
2429  S3999     学生3999      331   124   93    114   
2430  S1268     学生1268      331   123   123   85    
2431  S4068     学生4068      331   123   118   90    
2432  S1212     学生1212      331   123   117   91    
2433  S1484     学生1484      331   122   81    128   
2434  S4724     学生4724      331   121   115   95    
2435  S1939     学生1939      331   120   121   90    
2436  S1292     学生1292      331   120   108   103   
2437  S4623     学生4623      331   119   116   96    
2438  S1306     学生1306      331   119   112   100   
2439  S4957     学生4957      331   119   111   101   
2440  S1626     学生1626      331   119   100   112   
2441  S4645     学生4645      331   117   141   73    
2442  S1629     学生1629      331   116   120   95    
2443  S1333     学生1333      331   115   131   85    
2444  S4609     学生4609      331   115   122   94    
2445  S4375     学生4375      331   114   105   112   
2446  S3007     学生3007      331   114   102   115   
2447  S3677     学生3677      331   113   134   84    
2448  S3998     学生3998      331   111   110   110   
2449  S4137     学生4137      331   111   90    130   
2450  S0347     学生347       331   111   87    133   
2451  S4974     学生4974      331   110   114   107   
2452  S2510     学生2510      331   109   118   104   
2453  S1811     学生1811      331   109   103   119   
2454  S2434     学生2434      331   107   102   122   
2455  S3136     学生3136      331   105   133   93    
2456  S3397     学生3397      331   105   131   95    
2457  S0851     学生851       331   104   111   116   
2458  S3728     学生3728      331   103   121   107   
2459  S2135     学生2135      331   102   131   98    
2460  S3816     学生3816      331   102   113   116   
2461  S1370     学生1370      331   102   108   121   
2462  S4510     学生4510      331   101   136   94    
2463  S0327     学生327       331   101   112   118   
2464  S2029     学生2029      331   100   122   109   
2465  S1053     学生1053      331   100   113   118   
2466  S2129     学生2129      331   100   110   121   
2467  S1418     学生1418      331   99    107   125   
2468  S2356     学生2356      331   99    105   127   
2469  S3535     学生3535      331   98    125   108   
2470  S3267     学生3267      331   97    138   96    
2471  S4616     学生4616      331   95    128   108   
2472  S2450     学生2450      331   95    116   120   
2473  S1385     学生1385      331   93    120   118   
2474  S0956     学生956       331   92    127   112   
2475  S2547     学生2547      331   92    123   116   
2476  S4669     学生4669      331   91    117   123   
2477  S4526     学生4526      331   90    143   98    
2478  S2583     学生2583      331   90    125   116   
2479  S4560     学生4560      331   87    150   94    
2480  S3284     学生3284      331   87    126   118   
2481  S2458     学生2458      331   82    99    150   
2482  S1461     学生1461      331   81    127   123   
2483  S3801     学生3801      331   81    111   139   
2484  S0999     学生999       331   79    142   110   
2485  S3940     学生3940      331   64    146   121   
2486  S3456     学生3456      330   136   99    95    
2487  S4513     学生4513      330   135   94    101   
2488  S2101     学生2101      330   132   90    108   
2489  S1838     学生1838      330   131   99    100   
2490  S4123     学生4123      330   128   109   93    
2491  S0534     学生534       330   128   108   94    
2492  S4047     学生4047      330   128   107   95    
2493  S4108     学生4108      330   127   89    114   
2494  S2108     学生2108      330   126   123   81    
2495  S4473     学生4473      330   125   112   93    
2496  S0525     学生525       330   125   108   97    
2497  S0346     学生346       330   125   94    111   
2498  S3884     学生3884      330   125   80    125   
2499  S0598     学生598       330   124   108   98    
2500  S0090     学生90        330   124   105   101   
2501  S4239     学生4239      330   123   107   100   
2502  S4864     学生4864      330   121   99    110   
2503  S3005     学生3005      330   120   107   103   
2504  S2997     学生2997      330   118   122   90    
2505  S2757     学生2757      330   118   113   99    
2506  S1936     学生1936      330   117   111   102   
2507  S3079     学生3079      330   117   110   103   
2508  S4133     学生4133      330   116   90    124   
2509  S3698     学生3698      330   115   87    128   
2510  S4165     学生4165      330   112   106   112   
2511  S2074     学生2074      330   110   113   107   
2512  S3083     学生3083      330   110   91    129   
2513  S0925     学生925       330   109   111   110   
2514  S1678     学生1678      330   109   101   120   
2515  S4554     学生4554      330   108   128   94    
2516  S0550     学生550       330   108   98    124   
2517  S1191     学生1191      330   108   97    125   
2518  S4472     学生4472      330   108   92    130   
2519  S1574     学生1574      330   107   123   100   
2520  S2349     学生2349      330   107   110   113   
2521  S3909     学生3909      330   106   124   100   
2522  S3711     学生3711      330   106   105   119   
2523  S3605     学生3605      330   105   150   75    
2524  S1018     学生1018      330   103   110   117   
2525  S4579     学生4579      330   103   106   121   
2526  S2037     学生2037      330   103   105   122   
2527  S1605     学生1605      330   102   121   107   
2528  S2336     学生2336      330   102   106   122   
2529  S1491     学生1491      330   101   119   110   
2530  S1860     学生1860      330   100   150   80    
2531  S3218     学生3218      330   100   122   108   
2532  S4096     学生4096      330   100   119   111   
2533  S1308     学生1308      330   98    122   110   
2534  S0527     学生527       330   98    102   130   
2535  S3750     学生3750      330   97    137   96    
2536  S4281     学生4281      330   97    123   110   
2537  S1127     学生1127      330   97    121   112   
2537  S1369     学生1369      330   97    121   112   
2539  S4803     学生4803      330   96    120   114   
2540  S1497     学生1497      330   95    109   126   
2541  S2500     学生2500      330   94    122   114   
2542  S3313     学生3313      330   94    109   127   
2543  S4646     学生4646      330   94    91    145   
2544  S0995     学生995       330   93    118   119   
2545  S3683     学生3683      330   92    118   120   
2546  S1914     学生1914      330   90    94    146   
2547  S0717     学生717       330   89    116   125   
2548  S4223     学生4223      330   89    105   136   
2549  S0505     学生505       330   75    140   115   
2550  S3702     学生3702      329   138   88    103   
2551  S0257     学生257       329   137   95    97    
2552  S2052     学生2052      329   137   94    98    
2553  S4813     学生4813      329   131   110   88    
2554  S0644     学生644       329   129   87    113   
2555  S3802     学生3802      329   127   107   95    
2556  S0372     学生372       329   127   95    107   
2557  S2364     学生2364      329   124   128   77    
2558  S1739     学生1739      329   124   123   82    
2559  S0741     学生741       329   122   114   93    
2560  S1899     学生1899      329   122   110   97    
2561  S2179     学生2179      329   122   73    134   
2562  S0181     学生181       329   121   117   91    
2563  S2417     学生2417      329   121   67    141   
2564  S0252     学生252       329   119   114   96    
2565  S1012     学生1012      329   118   108   103   
2566  S1638     学生1638      329   117   110   102   
2567  S3463     学生3463      329   116   116   97    
2568  S2285     学生2285      329   115   116   98    
2569  S2903     学生2903      329   115   93    121   
2570  S3497     学生3497      329   114   123   92    
2571  S4811     学生4811      329   113   116   100   
2571  S3202     学生3202      329   113   116   100   
2573  S0456     学生456       329   113   106   110   
2574  S0519     学生519       329   112   96    121   
2575  S4445     学生4445      329   111   100   118   
2576  S3951     学生3951      329   111   99    119   
2577  S1612     学生1612      329   111   98    120   
2578  S3644     学生3644      329   110   109   110   
2579  S1606     学生1606      329   110   107   112   
2580  S2951     学生2951      329   110   103   116   
2581  S2359     学生2359      329   109   134   86    
2582  S0986     学生986       329   109   110   110   
2583  S0238     学生238       329   109   106   114   
2584  S3956     学生3956      329   108   135   86    
2585  S2078     学生2078      329   108   120   101   
2586  S0223     学生223       329   108   113   108   
2587  S0770     学生770       329   108   111   110   
2588  S1727     学生1727      329   108   94    127   
2589  S4463     学生4463      329   107   109   113   
2590  S1217     学生1217      329   105   121   103   
2591  S3703     学生3703      329   105   115   109   
2592  S3730     学生3730      329   105   99    125   
2593  S1026     学生1026      329   104   105   120   
2594  S3480     学生3480      329   102   118   109   
2595  S1057     学生1057      329   102   107   120   
2596  S3753     学生3753      329   101   94    134   
2597  S4306     学生4306      329   101   93    135   
2598  S0962     学生962       329   100   108   121   
2599  S2731     学生2731      329   100   88    141   
2600  S3138     学生3138      329   99    112   118   
2601  S4181     学生4181      329   98    115   116   
2602  S3415     学生3415      329   98    104   127   
2603  S1402     学生1402      329   98    92    139   
2604  S3449     学生3449      329   98    90    141   
2605  S3443     学生3443      329   97    122   110   
2606  S3975     学生3975      329   96    102   131   
2607  S3720     学生3720      329   95    133   101   
2608  S4523     学生4523      329   95    107   127   
2609  S0360     学生360       329   94    112   123   
2610  S0988     学生988       329   91    124   114   
2611  S3303     学生3303      329   90    126   113   
2612  S2512     学生2512      329   87    112   130   
2613  S0322     学生322       329   86    143   100   
2614  S0991     学生991       329   84    147   98    
2615  S4912     学生4912      329   74    128   127   
2616  S0753     学生753       328   149   105   74    
2617  S3996     学生3996      328   143   104   81    
2618  S3043     学生3043      328   142   113   73    
2619  S3608     学生3608      328   140   110   78    
2620  S1873     学生1873      328   136   91    101   
2621  S3304     学生3304      328   136   80    112   
2622  S1954     学生1954      328   135   79    114   
2623  S3386     学生3386      328   133   65    130   
2624  S1901     学生1901      328   132   104   92    
2625  S1456     学生1456      328   127   126   75    
2626  S4821     学生4821      328   125   111   92    
2627  S0706     学生706       328   124   103   101   
2628  S3647     学生3647      328   122   89    117   
2629  S1903     学生1903      328   122   75    131   
2630  S4625     学生4625      328   121   101   106   
2631  S1435     学生1435      328   118   122   88    
2632  S2045     学生2045      328   118   96    114   
2633  S4549     学生4549      328   117   150   61    
2634  S4797     学生4797      328   116   110   102   
2635  S0663     学生663       328   116   109   103   
2636  S1453     学生1453      328   115   122   91    
2637  S3623     学生3623      328   115   100   113   
2638  S4548     学生4548      328   113   120   95    
2639  S0646     学生646       328   112   113   103   
2640  S4304     学生4304      328   111   138   79    
2641  S2549     学生2549      328   109   119   100   
2642  S1479     学生1479      328   109   116   103   
2643  S1118     学生1118      328   109   107   112   
2644  S1474     学生1474      328   108   70    150   
2645  S0784     学生784       328   106   129   93    
2646  S3085     学生3085      328   105   127   96    
2647  S3916     学生3916      328   105   114   109   
2648  S3311     学生3311      328   104   104   120   
2649  S1886     学生1886      328   103   130   95    
2650  S3444     学生3444      328   103   100   125   
2651  S2853     学生2853      328   102   91    135   
2652  S3445     学生3445      328   100   120   108   
2653  S4771     学生4771      328   100   114   114   
2653  S2469     学生2469      328   100   114   114   
2655  S1469     学生1469      328   100   109   119   
2656  S2480     学生2480      328   98    117   113   
2657  S2780     学生2780      328   98    107   123   
2658  S1427     学生1427      328   97    136   95    
2659  S3484     学生3484      328   97    119   112   
2660  S4364     学生4364      328   96    127   105   
2661  S1009     学生1009      328   96    101   131   
2662  S2638     学生2638      328   95    134   99    
2663  S4087     学生4087      328   95    102   131   
2664  S1763     学生1763      328   94    125   109   
2665  S0184     学生184       328   92    119   117   
2666  S1923     学生1923      328   92    108   128   
2667  S3260     学生3260      328   90    146   92    
2668  S4536     学生4536      328   90    132   106   
2669  S1109     学生1109      328   88    120   120   
2670  S3196     学生3196      328   87    92    149   
2671  S3123     学生3123      328   86    130   112   
2672  S2460     学生2460      328   86    120   122   
2673  S3970     学生3970      328   86    108   134   
2673  S2492     学生2492      328   86    108   134   
2675  S2313     学生2313      328   83    124   121   
2676  S0356     学生356       328   77    121   130   
2677  S2588     学生2588      328   74    138   116   
2678  S0464     学生464       327   150   86    91    
2679  S4426     学生4426      327   148   71    108   
2680  S2299     学生2299      327   145   81    101   
2681  S1211     学生1211      327   135   98    94    
2682  S3052     学生3052      327   134   111   82    
2683  S0301     学生301       327   133   108   86    
2684  S4042     学生4042      327   133   94    100   
2685  S0998     学生998       327   131   123   73    
2686  S2223     学生2223      327   131   97    99    
2687  S2068     学生2068      327   127   82    118   
2688  S1250     学生1250      327   126   114   87    
2689  S1222     学生1222      327   126   105   96    
2690  S4360     学生4360      327   126   87    114   
2691  S4629     学生4629      327   123   110   94    
2692  S4294     学生4294      327   123   96    108   
2693  S2956     学生2956      327   121   120   86    
2694  S4624     学生4624      327   121   87    119   
2695  S4421     学生4421      327   119   110   98    
2696  S0710     学生710       327   119   109   99    
2697  S4011     学生4011      327   118   99    110   
2698  S2496     学生2496      327   118   92    117   
2699  S0259     学生259       327   117   112   98    
2700  S3425     学生3425      327   115   100   112   
2701  S0305     学生305       327   109   143   75    
2702  S4040     学生4040      327   109   118   100   
2703  S1815     学生1815      327   109   110   108   
2704  S0230     学生230       327   109   103   115   
2705  S3155     学生3155      327   107   131   89    
2706  S3981     学生3981      327   107   120   100   
2707  S2019     学生2019      327   105   124   98    
2708  S3821     学生3821      327   105   113   109   
2709  S1760     学生1760      327   102   107   118   
2710  S1232     学生1232      327   102   93    132   
2711  S0037     学生37        327   100   131   96    
2712  S2001     学生2001      327   99    119   109   
2713  S4265     学生4265      327   99    106   122   
2714  S0907     学生907       327   98    110   119   
2715  S4728     学生4728      327   97    100   130   
2716  S0085     学生85        327   97    97    133   
2717  S0902     学生902       327   95    93    139   
2718  S1360     学生1360      327   90    133   104   
2719  S2530     学生2530      327   90    129   108   
2720  S0856     学生856       327   87    104   136   
2721  S0548     学生548       327   85    140   102   
2722  S3092     学生3092      327   75    138   114   
2723  S3205     学生3205      326   142   89    95    
2724  S3700     学生3700      326   136   99    91    
2725  S0350     学生350       326   135   92    99    
2726  S2658     学生2658      326   134   102   90    
2727  S4614     学生4614      326   131   109   86    
2728  S2948     学生2948      326   131   97    98    
2729  S1649     学生1649      326   125   105   96    
2730  S1631     学生1631      326   125   103   98    
2731  S0658     学生658       326   123   125   78    
2732  S3388     学生3388      326   122   130   74    
2733  S1950     学生1950      326   122   95    109   
2734  S4241     学生4241      326   121   127   78    
2735  S4892     学生4892      326   121   84    121   
2736  S2095     学生2095      326   120   103   103   
2737  S0104     学生104       326   120   101   105   
2738  S2730     学生2730      326   117   120   89    
2739  S4529     学生4529      326   116   117   93    
2740  S2145     学生2145      326   116   107   103   
2741  S2941     学生2941      326   116   103   107   
2742  S0355     学生355       326   115   79    132   
2743  S1742     学生1742      326   112   99    115   
2744  S1106     学生1106      326   112   91    123   
2745  S3526     学生3526      326   111   114   101   
2745  S4274     学生4274      326   111   114   101   
2747  S1544     学生1544      326   110   122   94    
2748  S1052     学生1052      326   109   115   102   
2749  S2114     学生2114      326   109   86    131   
2750  S1817     学生1817      326   107   141   78    
2751  S2855     学生2855      326   107   106   113   
2752  S2468     学生2468      326   105   121   100   
2753  S3991     学生3991      326   105   118   103   
2754  S0817     学生817       326   105   116   105   
2755  S2404     学生2404      326   105   112   109   
2756  S1089     学生1089      326   98    123   105   
2757  S1490     学生1490      326   98    120   108   
2758  S2013     学生2013      326   97    117   112   
2759  S0258     学生258       326   97    116   113   
2760  S2708     学生2708      326   97    114   115   
2761  S2397     学生2397      326   97    110   119   
2762  S4639     学生4639      326   96    121   109   
2763  S2140     学生2140      326   96    106   124   
2764  S1131     学生1131      326   96    101   129   
2765  S0395     学生395       326   95    127   104   
2766  S1857     学生1857      326   95    124   107   
2767  S0821     学生821       326   94    123   109   
2768  S0799     学生799       326   93    114   119   
2769  S1382     学生1382      326   93    110   123   
2770  S4778     学生4778      326   92    113   121   
2771  S3110     学生3110      326   91    141   94    
2772  S4930     学生4930      326   90    106   130   
2773  S0699     学生699       326   87    127   112   
2774  S2498     学生2498      326   79    106   141   
2775  S1788     学生1788      326   78    138   110   
2776  S2691     学生2691      326   73    119   134   
2777  S0261     学生261       326   63    149   114   
2778  S2859     学生2859      325   140   95    90    
2779  S3332     学生3332      325   137   92    96    
2780  S4827     学生4827      325   134   107   84    
2781  S4766     学生4766      325   132   95    98    
2782  S2707     学生2707      325   130   111   84    
2783  S0847     学生847       325   130   94    101   
2784  S4621     学生4621      325   129   86    110   
2785  S1892     学生1892      325   128   104   93    
2786  S2488     学生2488      325   124   133   68    
2787  S0399     学生399       325   124   103   98    
2788  S2677     学生2677      325   124   91    110   
2789  S1837     学生1837      325   123   136   66    
2790  S1407     学生1407      325   121   115   89    
2791  S3421     学生3421      325   120   99    106   
2792  S1420     学生1420      325   120   90    115   
2793  S3805     学生3805      325   119   126   80    
2794  S2015     学生2015      325   119   117   89    
2795  S1609     学生1609      325   118   122   85    
2796  S3165     学生3165      325   118   78    129   
2797  S4946     学生4946      325   117   119   89    
2798  S4427     学生4427      325   117   114   94    
2799  S3295     学生3295      325   117   98    110   
2800  S3889     学生3889      325   117   89    119   
2801  S1187     学生1187      325   116   105   104   
2802  S2943     学生2943      325   116   103   106   
2803  S0308     学生308       325   116   97    112   
2804  S4370     学生4370      325   115   99    111   
2805  S4702     学生4702      325   114   124   87    
2806  S4941     学生4941      325   114   112   99    
2807  S3796     学生3796      325   114   105   106   
2808  S0411     学生411       325   113   71    141   
2809  S3454     学生3454      325   112   117   96    
2810  S2923     学生2923      325   112   94    119   
2811  S4301     学生4301      325   111   104   110   
2812  S1090     学生1090      325   111   82    132   
2813  S3020     学生3020      325   110   124   91    
2814  S2681     学生2681      325   110   106   109   
2815  S1015     学生1015      325   109   119   97    
2816  S1706     学生1706      325   107   98    120   
2817  S3646     学生3646      325   107   85    133   
2818  S1253     学生1253      325   106   113   106   
2819  S4297     学生4297      325   106   95    124   
2820  S1013     学生1013      325   106   87    132   
2821  S1480     学生1480      325   105   119   101   
2822  S3947     学生3947      325   104   114   107   
2823  S2053     学生2053      325   104   91    130   
2824  S0852     学生852       325   102   131   92    
2825  S1675     学生1675      325   102   100   123   
2826  S2825     学生2825      325   102   84    139   
2827  S2953     学生2953      325   101   126   98    
2828  S0977     学生977       325   101   120   104   
2829  S0281     学生281       325   101   114   110   
2830  S4383     学生4383      325   100   93    132   
2831  S3495     学生3495      325   99    126   100   
2832  S1754     学生1754      325   99    111   115   
2833  S0735     学生735       325   98    121   106   
2834  S1289     学生1289      325   98    77    150   
2835  S1571     学生1571      325   97    124   104   
2836  S1224     学生1224      325   97    107   121   
2837  S1383     学生1383      325   96    120   109   
2838  S0476     学生476       325   96    110   119   
2839  S1145     学生1145      325   95    87    143   
2840  S0414     学生414       325   94    127   104   
2841  S2710     学生2710      325   91    126   108   
2842  S2525     学生2525      325   90    112   123   
2843  S3212     学生3212      325   89    105   131   
2844  S0957     学生957       325   87    127   111   
2845  S0065     学生65        325   87    109   129   
2846  S3433     学生3433      325   83    150   92    
2847  S1524     学生1524      325   78    114   133   
2848  S1124     学生1124      325   77    111   137   
2849  S1098     学生1098      325   76    133   116   
2850  S4497     学生4497      325   76    118   131   
2851  S3198     学生3198      325   73    112   140   
2852  S0768     学生768       325   67    122   136   
2853  S2176     学生2176      324   150   108   66    
2854  S3729     学生3729      324   140   96    88    
2855  S3568     学生3568      324   138   113   73    
2856  S4804     学生4804      324   138   90    96    
2857  S1942     学生1942      324   138   84    102   
2858  S1417     学生1417      324   138   71    115   
2859  S0279     学生279       324   126   80    118   
2860  S3528     学生3528      324   125   102   97    
2861  S1019     学生1019      324   124   110   90    
2862  S2479     学生2479      324   124   105   95    
2863  S2343     学生2343      324   122   107   95    
2864  S1324     学生1324      324   122   86    116   
2865  S0674     学生674       324   122   74    128   
2866  S3106     学生3106      324   121   93    110   
2867  S4572     学生4572      324   120   126   78    
2868  S2719     学生2719      324   120   108   96    
2869  S0797     学生797       324   120   83    121   
2870  S4328     学生4328      324   115   111   98    
2871  S2873     学生2873      324   114   87    123   
2872  S4043     学生4043      324   113   116   95    
2873  S4186     学生4186      324   113   107   104   
2874  S3520     学生3520      324   112   126   86    
2875  S1734     学生1734      324   112   102   110   
2876  S0551     学生551       324   111   115   98    
2877  S0502     学生502       324   111   103   110   
2878  S2225     学生2225      324   109   114   101   
2879  S2865     学生2865      324   109   97    118   
2880  S4224     学生4224      324   108   102   114   
2881  S4714     学生4714      324   107   122   95    
2882  S4858     学生4858      324   107   117   100   
2883  S3592     学生3592      324   106   127   91    
2884  S3400     学生3400      324   106   108   110   
2885  S2727     学生2727      324   105   104   115   
2886  S4037     学生4037      324   104   118   102   
2887  S4780     学生4780      324   104   117   103   
2888  S1058     学生1058      324   104   113   107   
2889  S4331     学生4331      324   104   102   118   
2889  S1488     学生1488      324   104   102   118   
2891  S0326     学生326       324   103   124   97    
2892  S3921     学生3921      324   103   103   118   
2893  S2188     学生2188      324   103   95    126   
2894  S0314     学生314       324   103   86    135   
2895  S3051     学生3051      324   102   124   98    
2896  S2439     学生2439      324   101   84    139   
2897  S4459     学生4459      324   100   126   98    
2898  S4749     学生4749      324   100   111   113   
2899  S3056     学生3056      324   99    113   112   
2900  S0176     学生176       324   98    111   115   
2901  S1234     学生1234      324   98    105   121   
2902  S2038     学生2038      324   98    95    131   
2903  S2857     学生2857      324   96    147   81    
2904  S2914     学生2914      324   96    124   104   
2905  S1504     学生1504      324   96    105   123   
2906  S4346     学生4346      324   96    99    129   
2907  S2973     学生2973      324   95    100   129   
2908  S3224     学生3224      324   94    100   130   
2909  S4136     学生4136      324   92    120   112   
2910  S2615     学生2615      324   88    104   132   
2911  S4065     学生4065      324   87    93    144   
2912  S3910     学生3910      324   86    119   119   
2913  S0883     学生883       324   86    101   137   
2914  S3293     学生3293      324   79    122   123   
2915  S1833     学生1833      324   57    129   138   
2916  S1630     学生1630      323   143   75    105   
2917  S3407     学生3407      323   138   84    101   
2918  S1867     学生1867      323   135   89    99    
2919  S2511     学生2511      323   131   88    104   
2920  S0078     学生78        323   128   125   70    
2921  S4268     学生4268      323   128   79    116   
2922  S4693     学生4693      323   127   94    102   
2923  S3877     学生3877      323   127   93    103   
2924  S0608     学生608       323   127   88    108   
2925  S3144     学生3144      323   126   112   85    
2926  S3120     学生3120      323   126   108   89    
2927  S1792     学生1792      323   126   96    101   
2928  S0683     学生683       323   121   96    106   
2929  S4135     学生4135      323   121   95    107   
2930  S0296     学生296       323   121   88    114   
2931  S3058     学生3058      323   118   97    108   
2932  S4284     学生4284      323   118   92    113   
2933  S1718     学生1718      323   117   104   102   
2934  S0451     学生451       323   117   94    112   
2935  S3080     学生3080      323   116   105   102   
2936  S4169     学生4169      323   115   97    111   
2937  S1262     学生1262      323   113   99    111   
2938  S2619     学生2619      323   111   131   81    
2939  S2529     学生2529      323   111   124   88    
2940  S1674     学生1674      323   111   108   104   
2941  S4464     学生4464      323   110   111   102   
2942  S0328     学生328       323   110   85    128   
2943  S1554     学生1554      323   108   117   98    
2944  S0890     学生890       323   107   133   83    
2945  S4781     学生4781      323   107   117   99    
2946  S2184     学生2184      323   107   105   111   
2947  S0159     学生159       323   106   117   100   
2948  S0588     学生588       323   106   109   108   
2949  S1557     学生1557      323   106   92    125   
2950  S0264     学生264       323   105   122   96    
2951  S1248     学生1248      323   105   101   117   
2952  S3177     学生3177      323   104   116   103   
2953  S1800     学生1800      323   104   96    123   
2954  S0867     学生867       323   103   119   101   
2955  S1188     学生1188      323   103   100   120   
2956  S1059     学生1059      323   103   94    126   
2957  S4161     学生4161      323   101   94    128   
2958  S0269     学生269       323   100   123   100   
2959  S3815     学生3815      323   100   113   110   
2960  S4478     学生4478      323   100   111   112   
2961  S3035     学生3035      323   96    121   106   
2962  S4167     学生4167      323   96    113   114   
2963  S1699     学生1699      323   96    111   116   
2964  S0256     学生256       323   95    110   118   
2965  S0095     学生95        323   94    124   105   
2966  S1622     学生1622      323   93    108   122   
2967  S3758     学生3758      323   89    136   98    
2968  S3160     学生3160      323   88    119   116   
2969  S3116     学生3116      323   88    94    141   
2970  S0561     学生561       323   81    124   118   
2971  S1964     学生1964      323   81    106   136   
2972  S4886     学生4886      323   80    121   122   
2973  S3973     学生3973      323   79    137   107   
2974  S4704     学生4704      323   79    127   117   
2975  S2473     学生2473      323   69    141   113   
2976  S2999     学生2999      323   66    145   112   
2977  S4985     学生4985      323   64    123   136   
2978  S1170     学生1170      322   150   86    86    
2979  S0116     学生116       322   135   108   79    
2980  S0673     学生673       322   131   96    95    
2981  S1598     学生1598      322   126   107   89    
2982  S2810     学生2810      322   125   97    100   
2983  S3780     学生3780      322   125   73    124   
2984  S2206     学生2206      322   122   119   81    
2985  S1722     学生1722      322   120   103   99    
2986  S0923     学生923       322   120   96    106   
2987  S4620     学生4620      322   116   102   104   
2987  S3553     学生3553      322   116   102   104   
2989  S3567     学生3567      322   112   118   92    
2990  S2700     学生2700      322   112   106   104   
2991  S0492     学生492       322   111   124   87    
2992  S0901     学生901       322   110   140   72    
2993  S0240     学生240       322   106   130   86    
2994  S3255     学生3255      322   106   112   104   
2995  S3734     学生3734      322   106   92    124   
2996  S2535     学生2535      322   105   123   94    
2997  S1303     学生1303      322   105   109   108   
2998  S2513     学生2513      322   104   123   95    
2999  S3894     学生3894      322   104   112   106   
3000  S3312     学生3312      322   103   124   95    
3001  S0657     学生657       322   102   118   102   
3002  S0554     学生554       322   102   102   118   
3003  S3976     学生3976      322   101   108   113   
3004  S3955     学生3955      322   100   126   96    
3005  S1940     学生1940      322   100   122   100   
3006  S1240     学生1240      322   100   120   102   
3007  S4926     学生4926      322   99    105   118   
3008  S4485     学生4485      322   96    104   122   
3009  S2316     学生2316      322   94    122   106   
3010  S3055     学生3055      322   94    111   117   
3011  S2952     学生2952      322   94    106   122   
3012  S2259     学生2259      322   94    99    129   
3013  S4959     学生4959      322   93    118   111   
3014  S0585     学生585       322   92    96    134   
3015  S4494     学生4494      322   91    126   105   
3016  S1518     学生1518      322   91    117   114   
3017  S4601     学生4601      322   91    104   127   
3018  S0971     学生971       322   90    134   98    
3019  S1789     学生1789      322   90    103   129   
3020  S3352     学生3352      322   88    150   84    
3021  S4762     学生4762      322   87    108   127   
3022  S3045     学生3045      322   87    94    141   
3023  S4692     学生4692      322   85    106   131   
3024  S3389     学生3389      322   82    122   118   
3025  S3274     学生3274      322   78    131   113   
3026  S2648     学生2648      322   75    112   135   
3027  S2785     学生2785      321   150   75    96    
3028  S4458     学生4458      321   141   89    91    
3029  S2426     学生2426      321   140   99    82    
3030  S4357     学生4357      321   140   97    84    
3031  S4386     学生4386      321   139   109   73    
3032  S0968     学生968       321   127   133   61    
3033  S2033     学生2033      321   123   93    105   
3034  S4094     学生4094      321   122   89    110   
3035  S4543     学生4543      321   121   136   64    
3036  S2380     学生2380      321   121   125   75    
3037  S2416     学生2416      321   119   121   81    
3038  S4369     学生4369      321   119   116   86    
3039  S3709     学生3709      321   119   93    109   
3040  S4153     学生4153      321   119   82    120   
3041  S4339     学生4339      321   116   89    116   
3042  S0596     学生596       321   115   123   83    
3043  S0306     学生306       321   115   115   91    
3044  S3712     学生3712      321   114   78    129   
3045  S1759     学生1759      321   113   93    115   
3046  S4359     学生4359      321   112   111   98    
3047  S4667     学生4667      321   108   100   113   
3048  S3405     学生3405      321   107   107   107   
3049  S3517     学生3517      321   107   101   113   
3050  S0444     学生444       321   107   84    130   
3051  S3851     学生3851      321   106   114   101   
3052  S0119     学生119       321   106   110   105   
3053  S1313     学生1313      321   106   108   107   
3054  S2603     学生2603      321   106   105   110   
3055  S0290     学生290       321   106   104   111   
3056  S0919     学生919       321   105   90    126   
3057  S0667     学生667       321   104   127   90    
3058  S1024     学生1024      321   104   99    118   
3059  S3527     学生3527      321   104   75    142   
3060  S1998     学生1998      321   103   105   113   
3061  S1293     学生1293      321   100   124   97    
3062  S0942     学生942       321   100   119   102   
3063  S2907     学生2907      321   98    98    125   
3064  S2609     学生2609      321   96    132   93    
3065  S0813     学生813       321   96    114   111   
3066  S0520     学生520       321   96    109   116   
3067  S1345     学生1345      321   95    121   105   
3068  S1947     学生1947      321   95    103   123   
3069  S4779     学生4779      321   95    89    137   
3070  S1755     学生1755      321   93    104   124   
3071  S3248     学生3248      321   91    113   117   
3072  S3808     学生3808      321   89    141   91    
3073  S2772     学生2772      321   88    100   133   
3074  S3598     学生3598      321   87    99    135   
3075  S3954     学生3954      321   86    90    145   
3076  S0789     学生789       321   83    108   130   
3077  S4675     学生4675      321   83    102   136   
3078  S0302     学生302       321   79    107   135   
3079  S3256     学生3256      321   72    119   130   
3080  S3525     学生3525      321   68    125   128   
3081  S2283     学生2283      320   139   88    93    
3082  S4987     学生4987      320   137   89    94    
3083  S2560     学生2560      320   137   84    99    
3084  S2423     学生2423      320   137   69    114   
3085  S0629     学生629       320   131   84    105   
3086  S2909     学生2909      320   130   108   82    
3087  S4673     学生4673      320   127   79    114   
3088  S0591     学生591       320   126   114   80    
3089  S1580     学生1580      320   126   109   85    
3090  S3450     学生3450      320   125   92    103   
3091  S4617     学生4617      320   123   87    110   
3092  S1951     学生1951      320   120   121   79    
3093  S0809     学生809       320   120   81    119   
3094  S0282     学生282       320   118   96    106   
3095  S0718     学生718       320   117   95    108   
3096  S3172     学生3172      320   116   126   78    
3097  S2544     学生2544      320   115   113   92    
3098  S3754     学生3754      320   115   105   100   
3099  S1180     学生1180      320   115   84    121   
3100  S2898     学生2898      320   114   96    110   
3101  S1948     学生1948      320   113   115   92    
3102  S0452     学生452       320   113   108   99    
3103  S0211     学生211       320   111   104   105   
3104  S4611     学生4611      320   111   89    120   
3105  S4198     学生4198      320   110   101   109   
3105  S4997     学生4997      320   110   101   109   
3107  S2893     学生2893      320   109   122   89    
3108  S0473     学生473       320   109   100   111   
3109  S1700     学生1700      320   109   75    136   
3110  S4439     学生4439      320   108   88    124   
3111  S3438     学生3438      320   107   102   111   
3112  S2487     学生2487      320   106   97    117   
3113  S2680     学生2680      320   106   93    121   
3114  S4218     学生4218      320   105   98    117   
3115  S2962     学生2962      320   104   140   76    
3116  S0052     学生52        320   104   129   87    
3117  S0659     学生659       320   103   98    119   
3118  S3632     学生3632      320   102   125   93    
3119  S3393     学生3393      320   101   150   69    
3120  S0045     学生45        320   101   127   92    
3120  S0246     学生246       320   101   127   92    
3122  S0645     学生645       320   98    118   104   
3123  S2768     学生2768      320   95    122   103   
3124  S2297     学生2297      320   92    136   92    
3125  S4411     学生4411      320   92    114   114   
3126  S0319     学生319       320   91    147   82    
3127  S0398     学生398       320   91    145   84    
3128  S2881     学生2881      320   91    129   100   
3129  S4214     学生4214      320   91    108   121   
3130  S4812     学生4812      320   90    128   102   
3131  S0904     学生904       320   89    113   118   
3132  S4465     学生4465      320   87    124   109   
3133  S3674     学生3674      320   86    125   109   
3134  S1200     学生1200      320   86    101   133   
3135  S0112     学生112       320   82    127   111   
3136  S1291     学生1291      320   81    138   101   
3137  S4253     学生4253      320   68    134   118   
3138  S2878     学生2878      319   138   76    105   
3139  S3394     学生3394      319   134   96    89    
3140  S2154     学生2154      319   134   79    106   
3141  S2877     学生2877      319   134   74    111   
3142  S2864     学生2864      319   132   115   72    
3143  S4537     学生4537      319   129   107   83    
3144  S3298     学生3298      319   128   115   76    
3145  S2954     学生2954      319   128   100   91    
3146  S4020     学生4020      319   127   114   78    
3147  S1159     学生1159      319   123   97    99    
3148  S4970     学生4970      319   121   125   73    
3149  S4808     学生4808      319   121   118   80    
3150  S1158     学生1158      319   119   90    110   
3151  S4228     学生4228      319   118   90    111   
3152  S2904     学生2904      319   117   120   82    
3153  S4760     学生4760      319   117   99    103   
3154  S1064     学生1064      319   116   116   87    
3155  S2732     学生2732      319   115   119   85    
3156  S2896     学生2896      319   115   104   100   
3157  S4460     学生4460      319   114   81    124   
3158  S1993     学生1993      319   113   106   100   
3159  S5000     学生5000      319   112   115   92    
3160  S1710     学生1710      319   112   88    119   
3161  S4232     学生4232      319   112   78    129   
3162  S4768     学生4768      319   111   107   101   
3163  S1269     学生1269      319   110   125   84    
3164  S3697     学生3697      319   110   115   94    
3165  S0471     学生471       319   110   103   106   
3166  S1476     学生1476      319   107   118   94    
3167  S1905     学生1905      319   107   96    116   
3168  S4546     学生4546      319   104   134   81    
3169  S4977     学生4977      319   104   104   111   
3170  S1242     学生1242      319   103   102   114   
3171  S3827     学生3827      319   103   84    132   
3172  S4128     学生4128      319   101   83    135   
3173  S3331     学生3331      319   100   99    120   
3174  S2912     学生2912      319   100   84    135   
3175  S2716     学生2716      319   96    91    132   
3176  S4733     学生4733      319   94    150   75    
3177  S1067     学生1067      319   94    129   96    
3178  S2812     学生2812      319   94    112   113   
3179  S1274     学生1274      319   93    130   96    
3180  S4933     学生4933      319   91    137   91    
3181  S3648     学生3648      319   90    124   105   
3182  S4836     学生4836      319   90    111   118   
3182  S0895     学生895       319   90    111   118   
3184  S4415     学生4415      319   88    138   93    
3185  S3464     学生3464      319   88    102   129   
3186  S2270     学生2270      319   80    125   114   
3187  S4479     学生4479      319   79    127   113   
3188  S3498     学生3498      319   78    132   109   
3189  S3831     学生3831      319   69    104   146   
3190  S3130     学生3130      318   150   89    79    
3191  S0049     学生49        318   144   72    102   
3192  S4944     学生4944      318   131   96    91    
3193  S4324     学生4324      318   130   79    109   
3194  S2584     学生2584      318   128   103   87    
3195  S4487     学生4487      318   126   85    107   
3196  S3099     学生3099      318   125   95    98    
3197  S3360     学生3360      318   124   84    110   
3198  S3952     学生3952      318   120   109   89    
3199  S1864     学生1864      318   120   100   98    
3200  S1525     学生1525      318   120   88    110   
3201  S3823     学生3823      318   119   118   81    
3202  S0213     学生213       318   115   112   91    
3203  S0781     学生781       318   115   83    120   
3204  S3384     学生3384      318   114   62    142   
3205  S0652     学生652       318   113   90    115   
3206  S2310     学生2310      318   112   109   97    
3207  S0862     学生862       318   112   95    111   
3208  S2830     学生2830      318   110   112   96    
3209  S0564     学生564       318   109   106   103   
3210  S3301     学生3301      318   108   130   80    
3211  S3737     学生3737      318   108   110   100   
3212  S0552     学生552       318   108   92    118   
3213  S2453     学生2453      318   107   96    115   
3214  S0802     学生802       318   106   99    113   
3215  S0843     学生843       318   104   105   109   
3216  S3571     学生3571      318   103   89    126   
3217  S0762     学生762       318   103   78    137   
3218  S4947     学生4947      318   100   121   97    
3219  S1560     学生1560      318   100   109   109   
3220  S2832     学生2832      318   100   97    121   
3221  S3696     学生3696      318   99    150   69    
3222  S2054     学生2054      318   99    111   108   
3223  S4227     学生4227      318   99    108   111   
3224  S3721     学生3721      318   98    101   119   
3225  S4302     学生4302      318   97    105   116   
3226  S1346     学生1346      318   94    116   108   
3227  S3291     学生3291      318   93    123   102   
3228  S1922     学生1922      318   93    84    141   
3229  S0824     学生824       318   91    110   117   
3230  S2486     学生2486      318   89    133   96    
3231  S4909     学生4909      318   89    108   121   
3232  S4796     学生4796      318   75    115   128   
3233  S0432     学生432       318   66    142   110   
3234  S3595     学生3595      317   146   65    106   
3235  S3171     学生3171      317   141   99    77    
3236  S3102     学生3102      317   136   97    84    
3237  S1168     学生1168      317   132   113   72    
3238  S0870     学生870       317   131   112   74    
3239  S4327     学生4327      317   131   107   79    
3240  S0101     学生101       317   131   88    98    
3241  S4603     学生4603      317   128   97    92    
3241  S3273     学生3273      317   128   97    92    
3243  S1976     学生1976      317   127   88    102   
3244  S4978     学生4978      317   123   115   79    
3245  S0046     学生46        317   121   119   77    
3246  S2255     学生2255      317   121   96    100   
3247  S0029     学生29        317   120   63    134   
3248  S0169     学生169       317   119   112   86    
3249  S2441     学生2441      317   119   99    99    
3250  S2614     学生2614      317   119   96    102   
3251  S4545     学生4545      317   118   81    118   
3252  S1014     学生1014      317   117   99    101   
3253  S3599     学生3599      317   114   107   96    
3254  S2802     学生2802      317   112   122   83    
3255  S2120     学生2120      317   111   111   95    
3256  S3661     学生3661      317   110   81    126   
3257  S0569     学生569       317   109   136   72    
3258  S4394     学生4394      317   109   127   81    
3259  S1894     学生1894      317   109   113   95    
3259  S3897     学生3897      317   109   113   95    
3261  S3871     学生3871      317   108   125   84    
3262  S0179     学生179       317   108   100   109   
3263  S4447     学生4447      317   108   94    115   
3264  S3238     学生3238      317   108   92    117   
3265  S2765     学生2765      317   107   123   87    
3266  S0429     学生429       317   106   115   96    
3267  S2272     学生2272      317   105   115   97    
3268  S2293     学生2293      317   105   95    117   
3269  S0892     学生892       317   104   103   110   
3270  S3338     学生3338      317   104   96    117   
3271  S2348     学生2348      317   104   89    124   
3272  S4114     学生4114      317   103   112   102   
3273  S1039     学生1039      317   103   107   107   
3274  S2665     学生2665      317   102   128   87    
3275  S1625     学生1625      317   102   110   105   
3276  S1568     学生1568      317   102   88    127   
3277  S3849     学生3849      317   100   117   100   
3277  S3607     学生3607      317   100   117   100   
3279  S1960     学生1960      317   99    112   106   
3280  S1204     学生1204      317   99    110   108   
3281  S1078     学生1078      317   98    123   96    
3282  S3501     学生3501      317   93    135   89    
3283  S2875     学生2875      317   92    108   117   
3284  S0996     学生996       317   91    92    134   
3285  S0427     学生427       317   86    112   119   
3286  S3329     学生3329      317   86    81    150   
3287  S3953     学生3953      317   85    106   126   
3288  S0089     学生89        317   82    137   98    
3289  S4126     学生4126      317   75    115   127   
3290  S2668     学生2668      317   74    138   105   
3291  S0536     学生536       316   145   81    90    
3292  S1672     学生1672      316   135   114   67    
3293  S3929     学生3929      316   135   84    97    
3294  S4270     学生4270      316   131   76    109   
3295  S1537     学生1537      316   131   46    139   
3296  S0242     学生242       316   129   117   70    
3297  S2568     学生2568      316   129   81    106   
3298  S0165     学生165       316   127   76    113   
3299  S2446     学生2446      316   126   74    116   
3300  S2972     学生2972      316   125   90    101   
3301  S0498     学生498       316   122   120   74    
3302  S2039     学生2039      316   121   69    126   
3303  S4025     学生4025      316   119   101   96    
3304  S3422     学生3422      316   118   117   81    
3305  S0070     学生70        316   115   96    105   
3306  S1451     学生1451      316   114   127   75    
3307  S4100     学生4100      316   114   104   98    
3308  S2403     学生2403      316   113   103   100   
3309  S1545     学生1545      316   113   91    112   
3310  S3783     学生3783      316   112   105   99    
3311  S0084     学生84        316   112   92    112   
3312  S2173     学生2173      316   110   113   93    
3313  S3270     学生3270      316   110   105   101   
3314  S3705     学生3705      316   109   118   89    
3315  S2233     学生2233      316   109   108   99    
3316  S0773     学生773       316   109   100   107   
3317  S0684     学生684       316   108   117   91    
3318  S3111     学生3111      316   108   104   104   
3319  S3552     学生3552      316   108   99    109   
3320  S0144     学生144       316   108   97    111   
3321  S3000     学生3000      316   107   105   104   
3322  S2378     学生2378      316   107   83    126   
3323  S0122     学生122       316   107   81    128   
3324  S0566     学生566       316   106   111   99    
3325  S4363     学生4363      316   106   101   109   
3326  S0014     学生14        316   106   94    116   
3327  S2644     学生2644      316   104   135   77    
3328  S0325     学生325       316   103   86    127   
3329  S0510     学生510       316   102   107   107   
3330  S4352     学生4352      316   101   132   83    
3331  S2021     学生2021      316   99    90    127   
3332  S2829     学生2829      316   98    116   102   
3333  S4435     学生4435      316   97    137   82    
3334  S3582     学生3582      316   96    117   103   
3335  S0595     学生595       316   96    104   116   
3336  S3158     学生3158      316   93    114   109   
3337  S2230     学生2230      316   91    108   117   
3338  S2070     学生2070      316   90    123   103   
3339  S1695     学生1695      316   90    115   111   
3340  S4217     学生4217      316   90    93    133   
3341  S0952     学生952       316   88    119   109   
3342  S3262     学生3262      316   88    105   123   
3343  S4254     学生4254      316   88    103   125   
3344  S2578     学生2578      316   87    117   112   
3345  S1069     学生1069      316   87    103   126   
3346  S0662     学生662       316   83    133   100   
3347  S1931     学生1931      316   83    94    139   
3348  S1563     学生1563      316   79    117   120   
3349  S1412     学生1412      316   69    127   120   
3350  S0352     学生352       316   56    150   110   
3351  S0836     学生836       315   150   107   58    
3352  S0161     学生161       315   145   75    95    
3353  S4138     学生4138      315   133   85    97    
3354  S4252     学生4252      315   127   107   81    
3355  S2942     学生2942      315   127   73    115   
3356  S1414     学生1414      315   126   104   85    
3357  S3695     学生3695      315   124   75    116   
3358  S4750     学生4750      315   123   79    113   
3359  S2205     学生2205      315   121   95    99    
3360  S2659     学生2659      315   121   75    119   
3361  S4444     学生4444      315   120   85    110   
3362  S0900     学生900       315   119   102   94    
3363  S1614     学生1614      315   116   109   90    
3364  S3091     学生3091      315   114   74    127   
3365  S0557     学生557       315   113   118   84    
3366  S0689     学生689       315   113   114   88    
3367  S4703     学生4703      315   112   86    117   
3368  S4875     学生4875      315   111   105   99    
3369  S0469     学生469       315   111   82    122   
3370  S2008     学生2008      315   109   99    107   
3371  S1282     学生1282      315   109   79    127   
3372  S0247     学生247       315   108   116   91    
3373  S4393     学生4393      315   108   83    124   
3374  S1199     学生1199      315   107   113   95    
3375  S2503     学生2503      315   107   110   98    
3376  S1655     学生1655      315   104   109   102   
3377  S1416     学生1416      315   103   88    124   
3378  S1459     学生1459      315   102   95    118   
3379  S1218     学生1218      315   102   91    122   
3380  S1065     学生1065      315   101   108   106   
3381  S2874     学生2874      315   101   79    135   
3382  S3946     学生3946      315   99    127   89    
3383  S3453     学生3453      315   99    110   106   
3384  S1707     学生1707      315   99    102   114   
3385  S1970     学生1970      315   99    99    117   
3386  S3322     学生3322      315   97    112   106   
3387  S4935     学生4935      315   93    96    126   
3388  S0927     学生927       315   93    86    136   
3389  S0402     学生402       315   92    91    132   
3390  S2906     学生2906      315   91    117   107   
3391  S0912     学生912       315   91    79    145   
3392  S3899     学生3899      315   90    118   107   
3393  S1740     学生1740      315   89    93    133   
3394  S3584     学生3584      315   83    104   128   
3395  S0854     学生854       315   82    125   108   
3396  S1365     学生1365      315   81    91    143   
3397  S1038     学生1038      315   76    101   138   
3398  S1997     学生1997      315   75    109   131   
3399  S1358     学生1358      315   72    108   135   
3400  S3379     学生3379      315   69    105   141   
3401  S1938     学生1938      314   150   78    86    
3402  S0707     学生707       314   148   87    79    
3403  S2669     学生2669      314   136   86    92    
3404  S4310     学生4310      314   133   101   80    
3405  S1979     学生1979      314   132   106   76    
3406  S0947     学生947       314   129   92    93    
3407  S4672     学生4672      314   127   93    94    
3408  S2557     学生2557      314   125   85    104   
3409  S4605     学生4605      314   121   99    94    
3410  S0421     学生421       314   120   96    98    
3411  S4814     学生4814      314   120   90    104   
3412  S0837     学生837       314   118   113   83    
3413  S3990     学生3990      314   118   110   86    
3414  S0151     学生151       314   116   110   88    
3415  S1958     学生1958      314   116   96    102   
3416  S3967     学生3967      314   115   87    112   
3417  S3555     学生3555      314   113   112   89    
3418  S2729     学生2729      314   111   111   92    
3419  S3898     学生3898      314   111   78    125   
3420  S3139     学生3139      314   109   85    120   
3421  S2147     学生2147      314   108   123   83    
3422  S1761     学生1761      314   107   130   77    
3423  S0004     学生4         314   106   106   102   
3424  S3977     学生3977      314   105   94    115   
3425  S0378     学生378       314   104   125   85    
3426  S1855     学生1855      314   103   122   89    
3427  S0166     学生166       314   103   109   102   
3428  S2281     学生2281      314   102   89    123   
3429  S1858     学生1858      314   102   87    125   
3430  S3318     学生3318      314   101   112   101   
3431  S3025     学生3025      314   100   117   97    
3432  S4282     学生4282      314   100   108   106   
3433  S1408     学生1408      314   99    121   94    
3434  S3948     学生3948      314   99    120   95    
3435  S2645     学生2645      314   98    79    137   
3436  S1822     学生1822      314   95    118   101   
3437  S4737     学生4737      314   95    113   106   
3438  S0288     学生288       314   94    94    126   
3439  S3366     学生3366      314   91    94    129   
3440  S2554     学生2554      314   90    133   91    
3441  S0345     学生345       314   90    101   123   
3442  S1235     学生1235      314   88    106   120   
3443  S1020     学生1020      314   86    127   101   
3444  S2846     学生2846      314   80    93    141   
3445  S2860     学生2860      314   79    119   116   
3446  S2623     学生2623      314   53    111   150   
3447  S2405     学生2405      313   147   58    108   
3448  S1758     学生1758      313   140   73    100   
3449  S3822     学生3822      313   133   90    90    
3450  S3490     学生3490      313   132   98    83    
3451  S4774     学生4774      313   131   109   73    
3452  S3725     学生3725      313   127   105   81    
3453  S3863     学生3863      313   126   97    90    
3454  S4379     学生4379      313   124   94    95    
3455  S2628     学生2628      313   123   98    92    
3456  S1895     学生1895      313   120   94    99    
3457  S2162     学生2162      313   119   104   90    
3458  S2555     学生2555      313   118   121   74    
3459  S2979     学生2979      313   117   114   82    
3460  S4830     学生4830      313   117   110   86    
3461  S3178     学生3178      313   116   132   65    
3462  S4765     学生4765      313   113   102   98    
3463  S2647     学生2647      313   108   107   98    
3464  S4109     学生4109      313   108   94    111   
3465  S4628     学生4628      313   106   102   105   
3465  S4003     学生4003      313   106   102   105   
3467  S1278     学生1278      313   105   94    114   
3468  S2744     学生2744      313   104   115   94    
3469  S4859     学生4859      313   103   112   98    
3470  S3470     学生3470      313   102   121   90    
3471  S0974     学生974       313   102   100   111   
3472  S1836     学生1836      313   101   129   83    
3473  S4200     学生4200      313   100   118   95    
3474  S2922     学生2922      313   100   110   103   
3475  S2060     学生2060      313   99    84    130   
3476  S2036     学生2036      313   99    82    132   
3477  S0488     学生488       313   95    109   109   
3478  S2422     学生2422      313   95    101   117   
3479  S1441     学生1441      313   95    97    121   
3480  S0613     学生613       313   93    112   108   
3481  S1116     学生1116      313   91    131   91    
3482  S1143     学生1143      313   90    114   109   
3483  S0224     学生224       313   87    143   83    
3484  S0152     学生152       313   87    140   86    
3485  S1386     学生1386      313   86    135   92    
3486  S3798     学生3798      313   86    124   103   
3487  S2933     学生2933      313   85    102   126   
3488  S4706     学生4706      313   83    118   112   
3489  S0387     学生387       313   82    113   118   
3490  S3928     学生3928      313   81    101   131   
3491  S0979     学生979       313   81    92    140   
3492  S4197     学生4197      313   80    128   105   
3493  S2889     学生2889      313   79    124   110   
3494  S4834     学生4834      313   78    105   130   
3495  S1246     学生1246      313   73    90    150   
3496  S2186     学生2186      313   69    136   108   
3497  S0079     学生79        313   67    116   130   
3498  S3247     学生3247      312   150   88    74    
3499  S4405     学生4405      312   134   126   52    
3500  S2436     学生2436      312   134   81    97    
3501  S4381     学生4381      312   126   90    96    
3502  S0819     学生819       312   125   115   72    
3503  S0068     学生68        312   125   82    105   
3504  S3974     学生3974      312   123   87    102   
3505  S3600     学生3600      312   120   81    111   
3506  S3540     学生3540      312   120   73    119   
3507  S1796     学生1796      312   119   107   86    
3508  S2057     学生2057      312   118   126   68    
3509  S2260     学生2260      312   118   97    97    
3510  S1487     学生1487      312   117   114   81    
3511  S2373     学生2373      312   117   88    107   
3512  S1317     学生1317      312   117   86    109   
3513  S0280     学生280       312   115   103   94    
3514  S1945     学生1945      312   113   90    109   
3515  S0229     学生229       312   111   114   87    
3516  S3559     学生3559      312   111   87    114   
3517  S3575     学生3575      312   109   106   97    
3518  S1916     学生1916      312   107   101   104   
3519  S0417     学生417       312   107   97    108   
3520  S1992     学生1992      312   106   110   96    
3521  S4958     学生4958      312   106   104   102   
3522  S1669     学生1669      312   105   103   104   
3523  S0929     学生929       312   105   101   106   
3524  S4016     学生4016      312   105   98    109   
3525  S4422     学生4422      312   105   90    117   
3526  S0783     学生783       312   103   80    129   
3527  S3828     学生3828      312   102   115   95    
3528  S1264     学生1264      312   102   104   106   
3529  S3699     学生3699      312   98    94    120   
3530  S1213     学生1213      312   97    96    119   
3531  S1391     学生1391      312   95    113   104   
3532  S3335     学生3335      312   95    109   108   
3533  S0958     学生958       312   94    116   102   
3534  S0407     学生407       312   91    125   96    
3535  S2132     学生2132      312   91    117   104   
3536  S3088     学生3088      312   91    95    126   
3537  S3633     学生3633      312   90    123   99    
3538  S4910     学生4910      312   90    116   106   
3539  S1696     学生1696      312   89    128   95    
3540  S1677     学生1677      312   89    101   122   
3541  S2148     学生2148      312   88    103   121   
3542  S0073     学生73        312   87    108   117   
3543  S3667     学生3667      312   86    126   100   
3544  S4992     学生4992      312   84    99    129   
3544  S4896     学生4896      312   84    99    129   
3546  S4073     学生4073      312   83    97    132   
3547  S4729     学生4729      312   77    102   133   
3548  S2435     学生2435      312   69    120   123   
3549  S2894     学生2894      311   140   77    94    
3550  S2211     学生2211      311   122   100   89    
3551  S2427     学生2427      311   121   108   82    
3552  S2018     学生2018      311   121   66    124   
3553  S3781     学生3781      311   118   97    96    
3554  S3596     学生3596      311   117   115   79    
3555  S3983     学生3983      311   114   96    101   
3556  S0807     学生807       311   114   89    108   
3557  S3131     学生3131      311   113   95    103   
3558  S4267     学生4267      311   113   92    106   
3559  S2666     学生2666      311   113   88    110   
3560  S4423     学生4423      311   112   85    114   
3561  S3870     学生3870      311   110   86    115   
3562  S3499     学生3499      311   109   97    105   
3563  S4240     学生4240      311   108   95    108   
3564  S4615     学生4615      311   105   108   98    
3565  S1929     学生1929      311   104   118   89    
3566  S3615     学生3615      311   104   106   101   
3567  S1074     学生1074      311   103   103   105   
3567  S2155     学生2155      311   103   103   105   
3569  S0620     学生620       311   103   99    109   
3570  S2738     学生2738      311   102   92    117   
3571  S0635     学生635       311   101   108   102   
3572  S2237     学生2237      311   100   123   88    
3573  S3864     学生3864      311   100   100   111   
3574  S1034     学生1034      311   99    115   97    
3575  S1943     学生1943      311   99    107   105   
3576  S4574     学生4574      311   98    100   113   
3577  S1681     学生1681      311   95    135   81    
3578  S3687     学生3687      311   93    106   112   
3579  S2323     学生2323      311   92    86    133   
3580  S0604     学生604       311   91    112   108   
3581  S1601     学生1601      311   91    98    122   
3582  S1297     学生1297      311   88    116   107   
3583  S3505     学生3505      311   86    112   113   
3584  S4258     学生4258      311   84    144   83    
3585  S4575     学生4575      311   77    116   118   
3586  S3550     学生3550      311   76    132   103   
3587  S4850     学生4850      311   75    118   118   
3588  S2124     学生2124      311   73    106   132   
3589  S0969     学生969       311   71    113   127   
3590  S3745     学生3745      311   62    116   133   
3591  S2960     学生2960      310   144   77    89    
3592  S3077     学生3077      310   137   92    81    
3593  S2651     学生2651      310   133   94    83    
3594  S3402     学生3402      310   129   94    87    
3595  S3387     学生3387      310   127   103   80    
3596  S3960     学生3960      310   122   82    106   
3597  S3478     学生3478      310   121   109   80    
3598  S3795     学生3795      310   120   111   79    
3599  S1454     学生1454      310   120   108   82    
3600  S0430     学生430       310   120   90    100   
3601  S1636     学生1636      310   114   87    109   
3602  S2388     学生2388      310   113   103   94    
3603  S3689     学生3689      310   113   102   95    
3604  S4085     学生4085      310   110   97    103   
3605  S4451     学生4451      310   106   80    124   
3606  S1363     学生1363      310   105   125   80    
3607  S2138     学生2138      310   105   120   85    
3608  S3100     学生3100      310   105   116   89    
3609  S3418     学生3418      310   103   122   85    
3610  S3230     学生3230      310   103   95    112   
3611  S4490     学生4490      310   101   96    113   
3612  S4996     学生4996      310   101   95    114   
3613  S3978     学生3978      310   100   90    120   
3614  S4861     学生4861      310   99    104   107   
3615  S4319     学生4319      310   98    109   103   
3616  S4753     学生4753      310   98    106   106   
3617  S3945     学生3945      310   98    105   107   
3618  S0672     学生672       310   95    119   96    
3619  S4680     学生4680      310   95    101   114   
3620  S4071     学生4071      310   94    102   114   
3621  S4430     学生4430      310   93    129   88    
3622  S3368     学生3368      310   93    115   102   
3623  S2598     学生2598      310   93    110   107   
3624  S1816     学生1816      310   92    122   96    
3625  S4193     学生4193      310   92    95    123   
3626  S2002     学生2002      310   88    118   104   
3627  S0067     学生67        310   86    120   104   
3628  S1450     学生1450      310   83    123   104   
3629  S4754     学生4754      310   82    123   105   
3630  S4249     学生4249      310   82    122   106   
3631  S4571     学生4571      310   82    103   125   
3632  S3192     学生3192      310   81    96    133   
3633  S4054     学生4054      310   79    97    134   
3634  S1956     学生1956      310   76    150   84    
3635  S1298     学生1298      310   72    113   125   
3636  S2117     学生2117      310   62    127   121   
3637  S3477     学生3477      309   141   90    78    
3638  S2575     学生2575      309   139   53    117   
3639  S2818     学生2818      309   130   117   62    
3640  S0651     学生651       309   128   108   73    
3641  S3670     学生3670      309   125   112   72    
3642  S4939     学生4939      309   125   64    120   
3643  S3112     学生3112      309   123   74    112   
3644  S0069     学生69        309   122   110   77    
3645  S2406     学生2406      309   122   109   78    
3646  S2866     学生2866      309   121   120   68    
3647  S4149     学生4149      309   119   109   81    
3648  S1144     学生1144      309   118   115   76    
3649  S3770     学生3770      309   118   83    108   
3650  S1876     学生1876      309   117   103   89    
3651  S3911     学生3911      309   116   119   74    
3652  S4082     学生4082      309   115   112   82    
3653  S4388     学生4388      309   115   107   87    
3654  S0516     学生516       309   114   98    97    
3655  S4256     学生4256      309   113   97    99    
3656  S2399     学生2399      309   113   94    102   
3657  S1063     学生1063      309   113   72    124   
3658  S2219     学生2219      309   110   114   85    
3659  S0522     学生522       309   110   94    105   
3660  S3011     学生3011      309   107   102   100   
3661  S1219     学生1219      309   105   81    123   
3662  S3779     学生3779      309   105   80    124   
3663  S0033     学生33        309   103   86    120   
3664  S3819     学生3819      309   102   83    124   
3665  S3496     学生3496      309   101   84    124   
3666  S0003     学生3         309   100   132   77    
3667  S1619     学生1619      309   100   110   99    
3668  S4450     学生4450      309   100   99    110   
3669  S3024     学生3024      309   100   93    116   
3669  S3227     学生3227      309   100   93    116   
3671  S0653     学生653       309   100   82    127   
3672  S1880     学生1880      309   99    129   81    
3673  S4656     学生4656      309   99    113   97    
3674  S4483     学生4483      309   99    108   102   
3675  S3404     学生3404      309   97    128   84    
3676  S2125     学生2125      309   97    126   86    
3677  S4500     学生4500      309   96    120   93    
3678  S0293     学生293       309   93    119   97    
3679  S3740     学生3740      309   93    111   105   
3680  S1911     学生1911      309   89    111   109   
3681  S1703     学生1703      309   88    113   108   
3682  S3409     学生3409      309   88    105   116   
3683  S0815     学生815       309   87    106   116   
3684  S1203     学生1203      309   87    105   117   
3685  S0428     学生428       309   85    123   101   
3686  S3132     学生3132      309   85    112   112   
3687  S4051     学生4051      309   83    118   108   
3688  S3741     学生3741      309   80    127   102   
3689  S3518     学生3518      309   78    96    135   
3690  S3310     学生3310      309   76    130   103   
3691  S2782     学生2782      309   67    94    148   
3692  S0054     学生54        308   134   89    85    
3693  S0006     学生6         308   124   103   81    
3694  S3523     学生3523      308   124   90    94    
3695  S4530     学生4530      308   123   92    93    
3696  S2964     学生2964      308   121   113   74    
3697  S0339     学生339       308   120   108   80    
3698  S4248     学生4248      308   120   93    95    
3699  S2869     学生2869      308   120   82    106   
3700  S2063     学生2063      308   118   115   75    
3701  S0579     学生579       308   115   108   85    
3702  S1736     学生1736      308   114   118   76    
3703  S4507     学生4507      308   113   107   88    
3704  S0111     学生111       308   113   94    101   
3705  S4142     学生4142      308   113   93    102   
3706  S4972     学生4972      308   111   89    108   
3707  S1425     学生1425      308   110   126   72    
3708  S1541     学生1541      308   110   65    133   
3709  S4638     学生4638      308   109   120   79    
3710  S1083     学生1083      308   109   107   92    
3711  S3546     学生3546      308   108   113   87    
3712  S0649     学生649       308   108   102   98    
3713  S0042     学生42        308   107   90    111   
3714  S4242     学生4242      308   106   73    129   
3715  S4330     学生4330      308   105   106   97    
3716  S3811     学生3811      308   103   128   77    
3717  S1863     学生1863      308   101   101   106   
3718  S0244     学生244       308   101   80    127   
3719  S2097     学生2097      308   99    91    118   
3720  S3604     学生3604      308   98    110   100   
3721  S0114     学生114       308   98    109   101   
3722  S2102     学生2102      308   98    88    122   
3723  S0715     学生715       308   97    87    124   
3724  S4817     学生4817      308   95    95    118   
3725  S2298     学生2298      308   92    118   98    
3726  S4726     学生4726      308   90    127   91    
3727  S0043     学生43        308   90    122   96    
3728  S4039     学生4039      308   90    112   106   
3729  S0698     学生698       308   89    135   84    
3730  S0379     学生379       308   87    111   110   
3731  S2935     学生2935      308   87    90    131   
3732  S1239     学生1239      308   85    119   104   
3733  S1791     学生1791      308   85    85    138   
3734  S2602     学生2602      308   84    127   97    
3735  S2945     学生2945      308   82    136   90    
3736  S4552     学生4552      308   82    112   114   
3737  S2339     学生2339      308   80    114   114   
3738  S2027     学生2027      308   77    113   118   
3739  S3028     学生3028      308   75    150   83    
3740  S4677     学生4677      307   142   96    69    
3741  S3141     学生3141      307   129   112   66    
3742  S0949     学生949       307   128   86    93    
3743  S4293     学生4293      307   127   92    88    
3744  S1489     学生1489      307   125   116   66    
3745  S2245     学生2245      307   125   98    84    
3746  S4489     学生4489      307   125   87    95    
3747  S2163     学生2163      307   123   92    92    
3748  S4105     学生4105      307   122   84    101   
3749  S2276     学生2276      307   118   69    120   
3750  S3937     学生3937      307   116   99    92    
3751  S4968     学生4968      307   115   62    130   
3752  S1971     学生1971      307   112   74    121   
3753  S4516     学生4516      307   111   98    98    
3754  S1177     学生1177      307   111   90    106   
3755  S2809     学生2809      307   109   102   96    
3756  S0666     学生666       307   109   76    122   
3757  S0391     学生391       307   105   118   84    
3758  S3375     学生3375      307   105   102   100   
3758  S3835     学生3835      307   105   102   100   
3760  S0574     学生574       307   105   93    109   
3761  S1599     学生1599      307   103   101   103   
3762  S4551     学生4551      307   102   106   99    
3763  S0772     学生772       307   102   98    107   
3764  S2533     学生2533      307   102   64    141   
3765  S2706     学生2706      307   100   109   98    
3766  S2196     学生2196      307   99    117   91    
3767  S3472     学生3472      307   98    116   93    
3767  S1172     学生1172      307   98    116   93    
3769  S1977     学生1977      307   98    101   108   
3770  S1745     学生1745      307   96    100   111   
3771  S1910     学生1910      307   95    106   106   
3772  S1567     学生1567      307   92    117   98    
3773  S2769     学生2769      307   88    96    123   
3774  S2735     学生2735      307   86    117   104   
3775  S4716     学生4716      307   86    115   106   
3776  S3594     学生3594      307   86    99    122   
3777  S0210     学生210       307   83    113   111   
3778  S4593     学生4593      307   82    82    143   
3779  S3800     学生3800      307   77    129   101   
3780  S4756     学生4756      307   74    83    150   
3781  S3396     学生3396      307   62    98    147   
3782  S0214     学生214       306   132   89    85    
3783  S2539     学生2539      306   125   91    90    
3784  S3414     学生3414      306   124   91    91    
3785  S2966     学生2966      306   124   87    95    
3786  S2203     学生2203      306   124   86    96    
3787  S1344     学生1344      306   123   127   56    
3788  S3586     学生3586      306   122   95    89    
3789  S2292     学生2292      306   122   78    106   
3790  S1229     学生1229      306   121   93    92    
3791  S1805     学生1805      306   119   84    103   
3792  S0060     学生60        306   118   129   59    
3793  S4502     学生4502      306   118   110   78    
3794  S3788     学生3788      306   114   90    102   
3795  S0483     学生483       306   110   89    107   
3796  S1021     学生1021      306   110   77    119   
3797  S4563     学生4563      306   109   91    106   
3798  S3979     学生3979      306   109   87    110   
3799  S4597     学生4597      306   107   106   93    
3800  S1318     学生1318      306   106   124   76    
3801  S3355     学生3355      306   106   102   98    
3802  S4888     学生4888      306   105   106   95    
3803  S3765     学生3765      306   105   95    106   
3804  S3148     学生3148      306   104   87    115   
3805  S0549     学生549       306   101   114   91    
3806  S0885     学生885       306   99    117   90    
3807  S3666     学生3666      306   99    105   102   
3808  S0990     学生990       306   94    118   94    
3809  S4844     学生4844      306   92    107   107   
3810  S4937     学生4937      306   91    115   100   
3811  S2329     学生2329      306   87    124   95    
3812  S2248     学生2248      306   87    119   100   
3813  S0453     学生453       306   85    125   96    
3814  S4029     学生4029      306   85    116   105   
3815  S0044     学生44        306   84    113   109   
3816  S0071     学生71        306   81    141   84    
3817  S4853     学生4853      306   80    95    131   
3818  S4002     学生4002      306   79    115   112   
3819  S0285     学生285       305   132   74    99    
3820  S2443     学生2443      305   127   100   78    
3821  S0860     学生860       305   124   87    94    
3822  S4636     学生4636      305   123   82    100   
3823  S0665     学生665       305   121   96    88    
3824  S2728     学生2728      305   119   119   67    
3825  S1787     学生1787      305   119   100   86    
3826  S2178     学生2178      305   118   76    111   
3827  S0943     学生943       305   117   104   84    
3828  S2958     学生2958      305   116   73    116   
3829  S3601     学生3601      305   115   97    93    
3830  S1316     学生1316      305   114   106   85    
3831  S0403     学生403       305   114   91    100   
3832  S1072     学生1072      305   112   103   90    
3833  S0571     学生571       305   111   94    100   
3834  S2594     学生2594      305   111   82    112   
3835  S1037     学生1037      305   110   91    104   
3836  S2975     学生2975      305   109   102   94    
3837  S0576     学生576       305   108   114   83    
3838  S2715     学生2715      305   108   82    115   
3839  S2326     学生2326      305   107   92    106   
3840  S0740     学生740       305   105   109   91    
3841  S0980     学生980       305   102   118   85    
3842  S2215     学生2215      305   100   90    115   
3842  S0209     学生209       305   100   90    115   
3844  S1505     学生1505      305   99    122   84    
3845  S1279     学生1279      305   98    110   97    
3846  S0295     学生295       305   98    93    114   
3847  S4717     学生4717      305   96    119   90    
3848  S3919     学生3919      305   96    87    122   
3849  S3994     学生3994      305   94    110   101   
3850  S0480     学生480       305   94    99    112   
3851  S3458     学生3458      305   94    87    124   
3852  S0869     学生869       305   91    103   111   
3853  S2296     学生2296      305   90    103   112   
3854  S1589     学生1589      305   90    97    118   
3855  S3320     学生3320      305   89    113   103   
3856  S1130     学生1130      305   89    104   112   
3857  S2494     学生2494      305   87    118   100   
3858  S3210     学生3210      305   86    97    122   
3859  S2240     学生2240      305   83    120   102   
3860  S3129     学生3129      305   83    105   117   
3861  S3176     学生3176      305   73    87    145   
3862  S3459     学生3459      305   63    136   106   
3863  S2678     学生2678      304   150   67    87    
3864  S1737     学生1737      304   149   61    94    
3865  S2767     学生2767      304   141   68    95    
3866  S3159     学生3159      304   134   97    73    
3867  S1527     学生1527      304   133   107   64    
3868  S2988     学生2988      304   129   108   67    
3869  S1764     学生1764      304   129   101   74    
3870  S0287     学生287       304   123   68    113   
3871  S2375     学生2375      304   120   95    89    
3872  S1210     学生1210      304   118   114   72    
3873  S3381     学生3381      304   118   83    103   
3874  S0777     学生777       304   116   112   76    
3875  S4528     学生4528      304   115   102   87    
3876  S2309     学生2309      304   112   111   81    
3877  S0558     学生558       304   110   79    115   
3878  S1750     学生1750      304   106   101   97    
3879  S1048     学生1048      304   105   98    101   
3880  S4979     学生4979      304   104   123   77    
3881  S4412     学生4412      304   104   109   91    
3882  S1983     学生1983      304   103   81    120   
3883  S1055     学生1055      304   102   117   85    
3884  S0887     学生887       304   102   116   86    
3885  S4225     学生4225      304   102   93    109   
3886  S1286     学生1286      304   101   76    127   
3887  S3046     学生3046      304   101   69    134   
3888  S0763     学生763       304   100   103   101   
3889  S1989     学生1989      304   100   96    108   
3890  S1866     学生1866      304   99    99    106   
3891  S4176     学生4176      304   96    119   89    
3892  S4395     学生4395      304   96    104   104   
3893  S4541     学生4541      304   96    92    116   
3894  S3447     学生3447      304   95    125   84    
3895  S0876     学生876       304   95    94    115   
3896  S0231     学生231       304   94    107   103   
3897  S0202     学生202       304   91    96    117   
3898  S2218     学生2218      304   90    125   89    
3899  S2020     学生2020      304   90    114   100   
3900  S1182     学生1182      304   90    82    132   
3901  S0489     学生489       304   88    100   116   
3902  S2640     学生2640      304   87    129   88    
3903  S2848     学生2848      304   86    122   96    
3904  S1920     学生1920      304   85    94    125   
3905  S4122     学生4122      304   84    128   92    
3906  S1596     学生1596      304   82    103   119   
3907  S3041     学生3041      304   80    135   89    
3908  S1917     学生1917      304   78    103   123   
3909  S3078     学生3078      304   74    126   104   
3910  S1165     学生1165      304   72    144   88    
3911  S0742     学生742       304   52    135   117   
3912  S0838     学生838       303   131   97    75    
3913  S2227     学生2227      303   124   88    91    
3914  S0198     学生198       303   119   107   77    
3915  S1632     学生1632      303   118   90    95    
3916  S2673     学生2673      303   115   92    96    
3917  S2076     学生2076      303   113   94    96    
3918  S4298     学生4298      303   113   90    100   
3919  S0445     学生445       303   113   83    107   
3920  S4792     学生4792      303   112   98    93    
3921  S2931     学生2931      303   109   94    100   
3922  S1368     学生1368      303   109   79    115   
3923  S1227     学生1227      303   108   117   78    
3924  S2239     学生2239      303   108   94    101   
3925  S4688     学生4688      303   108   84    111   
3926  S3840     学生3840      303   107   93    103   
3927  S3747     学生3747      303   104   114   85    
3928  S4953     学生4953      303   103   120   80    
3929  S3782     学生3782      303   103   78    122   
3930  S0747     学生747       303   102   109   92    
3931  S4521     学生4521      303   101   111   91    
3932  S1713     学生1713      303   96    114   93    
3933  S0857     学生857       303   95    126   82    
3934  S2934     学生2934      303   95    117   91    
3935  S4168     学生4168      303   95    91    117   
3936  S2579     学生2579      303   94    98    111   
3937  S1452     学生1452      303   92    94    117   
3938  S2414     学生2414      303   91    114   98    
3939  S2585     学生2585      303   90    94    119   
3940  S3548     学生3548      303   89    122   92    
3941  S0268     学生268       303   87    118   98    
3942  S3181     学生3181      303   87    97    119   
3943  S4644     学生4644      303   83    117   103   
3944  S3048     学生3048      303   80    114   109   
3945  S1975     学生1975      303   79    115   109   
3946  S4338     学生4338      303   78    115   110   
3947  S4819     学生4819      303   75    120   108   
3948  S0881     学生881       303   73    128   102   
3949  S1831     学生1831      303   72    111   120   
3950  S1617     学生1617      303   72    110   121   
3951  S2843     学生2843      302   135   83    84    
3952  S0965     学生965       302   134   81    87    
3953  S1175     学生1175      302   130   93    79    
3954  S3640     学生3640      302   125   88    89    
3955  S1918     学生1918      302   124   76    102   
3956  S3036     学生3036      302   121   108   73    
3957  S0222     学生222       302   117   83    102   
3958  S0413     学生413       302   115   80    107   
3959  S2773     学生2773      302   114   100   88    
3960  S1270     学生1270      302   114   99    89    
3961  S4093     学生4093      302   111   100   91    
3962  S0228     学生228       302   109   89    104   
3963  S0083     学生83        302   105   94    103   
3964  S0555     学生555       302   105   90    107   
3964  S1410     学生1410      302   105   90    107   
3966  S2387     学生2387      302   104   84    114   
3967  S2301     学生2301      302   100   95    107   
3968  S1720     学生1720      302   100   91    111   
3969  S2153     学生2153      302   99    113   90    
3970  S0010     学生10        302   98    89    115   
3971  S2168     学生2168      302   97    111   94    
3972  S3534     学生3534      302   97    110   95    
3973  S2712     学生2712      302   97    105   100   
3974  S3664     学生3664      302   94    88    120   
3975  S4533     学生4533      302   90    114   98    
3976  S3455     学生3455      302   85    118   99    
3977  S0093     学生93        302   79    127   96    
3978  S2613     学生2613      302   79    121   102   
3979  S0767     学生767       302   78    99    125   
3980  S2743     学生2743      302   76    128   98    
3981  S4920     学生4920      302   76    100   126   
3982  S1877     学生1877      302   72    110   120   
3983  S4757     学生4757      302   72    94    136   
3984  S0841     学生841       302   68    116   118   
3985  S4964     学生4964      302   65    124   113   
3986  S0022     学生22        301   134   105   62    
3987  S0076     学生76        301   134   84    83    
3988  S1249     学生1249      301   124   94    83    
3989  S1576     学生1576      301   118   99    84    
3990  S4052     学生4052      301   115   117   69    
3991  S4245     学生4245      301   113   95    93    
3992  S4641     学生4641      301   111   89    101   
3993  S4015     学生4015      301   110   85    106   
3994  S4118     学生4118      301   110   83    108   
3995  S1944     学生1944      301   109   98    94    
3996  S1462     学生1462      301   109   88    104   
3997  S0422     学生422       301   107   100   94    
3998  S1536     学生1536      301   107   97    97    
3999  S0503     学生503       301   105   95    101   
4000  S2910     学生2910      301   102   127   72    
4000  S3315     学生3315      301   102   127   72    
4002  S3865     学生3865      301   100   89    112   
4003  S1721     学生1721      301   98    97    106   
4004  S1428     学生1428      301   94    112   95    
4005  S3164     学生3164      301   94    107   100   
4006  S4340     学生4340      301   94    87    120   
4007  S4550     学生4550      301   93    105   103   
4008  S3420     学生3420      301   92    115   94    
4009  S0304     学生304       301   92    114   95    
4010  S3220     学生3220      301   92    94    115   
4011  S0531     学生531       301   85    106   110   
4012  S0494     学生494       301   84    121   96    
4013  S3014     学生3014      301   83    99    119   
4014  S2091     学生2091      301   83    85    133   
4015  S4776     学生4776      301   81    125   95    
4016  S3244     学生3244      301   79    107   115   
4017  S0866     学生866       301   78    108   115   
4018  S3569     学生3569      301   75    114   112   
4019  S2383     学生2383      301   71    98    132   
4020  S2656     学生2656      301   68    123   110   
4021  S0008     学生8         301   67    134   100   
4022  S4049     学生4049      301   60    129   112   
4023  S4679     学生4679      301   35    145   121   
4024  S2123     学生2123      300   127   105   68    
4025  S0621     学生621       300   126   113   61    
4026  S3290     学生3290      300   121   100   79    
4027  S3778     学生3778      300   119   95    86    
4028  S4090     学生4090      300   112   100   88    
4029  S0894     学生894       300   110   114   76    
4030  S2781     学生2781      300   110   90    100   
4031  S2385     学生2385      300   109   110   81    
4032  S1807     学生1807      300   109   90    101   
4033  S1023     学生1023      300   107   116   77    
4034  S0609     学生609       300   107   93    100   
4035  S1079     学生1079      300   107   81    112   
4036  S1775     学生1775      300   104   104   92    
4037  S0041     学生41        300   104   85    111   
4038  S3845     学生3845      300   103   116   81    
4039  S0556     学生556       300   103   101   96    
4040  S0964     学生964       300   100   77    123   
4041  S0066     学生66        300   98    80    122   
4042  S4326     学生4326      300   97    102   101   
4043  S2149     学生2149      300   96    115   89    
4044  S3494     学生3494      300   96    101   103   
4045  S2214     学生2214      300   95    106   99    
4046  S0221     学生221       300   94    91    115   
4047  S4514     学生4514      300   94    84    122   
4048  S3641     学生3641      300   93    101   106   
4049  S3714     学生3714      300   93    96    111   
4050  S4633     学生4633      300   92    112   96    
4051  S1349     学生1349      300   92    104   104   
4052  S0855     学生855       300   91    109   100   
4053  S0381     学生381       300   90    131   79    
4054  S4627     学生4627      300   90    99    111   
4055  S0757     学生757       300   88    133   79    
4056  S1719     学生1719      300   88    112   100   
4057  S1002     学生1002      300   87    146   67    
4058  S3268     学生3268      300   87    84    129   
4059  S0121     学生121       300   83    115   102   
4060  S2116     学生2116      300   83    109   108   
4061  S0048     学生48        300   82    80    138   
4062  S2493     学生2493      300   79    100   121   
4063  S3576     学生3576      300   78    106   116   
4064  S3006     学生3006      300   75    128   97    
4065  S2317     学生2317      300   66    130   104   
4066  S1478     学生1478      299   133   87    79    
4067  S4261     学生4261      299   131   64    104   
4068  S4213     学生4213      299   115   91    93    
4069  S1255     学生1255      299   112   81    106   
4070  S1236     学生1236      299   111   85    103   
4071  S0120     学生120       299   109   89    101   
4072  S0931     学生931       299   104   112   83    
4073  S2701     学生2701      299   104   92    103   
4074  S3179     学生3179      299   103   141   55    
4075  S1990     学生1990      299   103   114   82    
4076  S1969     学生1969      299   103   107   89    
4077  S0829     学生829       299   102   105   92    
4078  S1648     学生1648      299   102   98    99    
4079  S4934     学生4934      299   101   79    119   
4080  S1283     学生1283      299   100   82    117   
4081  S3727     学生3727      299   98    104   97    
4082  S1890     学生1890      299   96    119   84    
4083  S3539     学生3539      299   96    104   99    
4084  S0553     学生553       299   95    97    107   
4085  S4504     学生4504      299   95    94    110   
4086  S2478     学生2478      299   93    111   95    
4087  S4647     学生4647      299   92    108   99    
4088  S3531     学生3531      299   92    99    108   
4089  S4855     学生4855      299   91    111   97    
4090  S2672     学生2672      299   89    104   106   
4091  S4296     学生4296      299   89    102   108   
4092  S0341     学生341       299   89    89    121   
4093  S2618     学生2618      299   89    80    130   
4094  S2372     学生2372      299   87    104   108   
4095  S0266     学生266       299   87    93    119   
4096  S2327     学生2327      299   87    91    121   
4097  S1785     学生1785      299   87    90    122   
4098  S2400     学生2400      299   83    120   96    
4099  S0891     学生891       299   83    93    123   
4100  S4913     学生4913      299   82    123   94    
4101  S1512     学生1512      299   80    106   113   
4102  S1751     学生1751      299   77    94    128   
4103  S1473     学生1473      299   74    113   112   
4104  S4204     学生4204      298   135   82    81    
4105  S4662     学生4662      298   126   84    88    
4106  S3022     学生3022      298   126   77    95    
4107  S2476     学生2476      298   123   96    79    
4108  S0511     学生511       298   123   80    95    
4109  S2911     学生2911      298   123   55    120   
4110  S0512     学生512       298   119   128   51    
4111  S0051     学生51        298   118   111   69    
4112  S3508     学生3508      298   116   86    96    
4113  S3362     学生3362      298   116   75    107   
4114  S1553     学生1553      298   112   114   72    
4115  S1579     学生1579      298   110   82    106   
4116  S0592     学生592       298   107   117   74    
4117  S3887     学生3887      298   107   85    106   
4118  S0526     学生526       298   107   70    121   
4119  S2088     学生2088      298   106   93    99    
4120  S4019     学生4019      298   105   96    97    
4121  S0805     学生805       298   105   94    99    
4122  S2199     学生2199      298   104   117   77    
4123  S1231     学生1231      298   103   82    113   
4124  S0415     学生415       298   102   92    104   
4125  S0654     学生654       298   101   98    99    
4126  S4312     学生4312      298   99    86    113   
4127  S3649     学生3649      298   98    90    110   
4128  S1011     学生1011      298   98    88    112   
4129  S4925     学生4925      298   97    112   89    
4130  S2508     学生2508      298   97    110   91    
4131  S2208     学生2208      298   95    109   94    
4132  S4208     学生4208      298   93    111   94    
4133  S1396     学生1396      298   93    103   102   
4134  S3532     学生3532      298   93    95    110   
4135  S4311     学生4311      298   93    86    119   
4136  S0590     学生590       298   91    105   102   
4137  S2253     学生2253      298   90    105   103   
4138  S3914     学生3914      298   90    100   108   
4139  S1164     学生1164      298   89    108   101   
4140  S2228     学生2228      298   84    108   106   
4141  S3289     学生3289      298   83    105   110   
4142  S1673     学生1673      298   82    113   103   
4143  S3002     学生3002      298   79    126   93    
4144  S2653     学生2653      298   77    122   99    
4145  S4064     学生4064      298   74    133   91    
4146  S0582     学生582       298   70    78    150   
4147  S4022     学生4022      297   135   66    96    
4148  S2842     学生2842      297   132   100   65    
4149  S1330     学生1330      297   126   71    100   
4150  S1215     学生1215      297   124   76    97    
4151  S0187     学生187       297   122   85    90    
4152  S1113     学生1113      297   119   88    90    
4153  S2788     学生2788      297   119   60    118   
4154  S2675     学生2675      297   118   101   78    
4155  S3246     学生3246      297   118   82    97    
4156  S3506     学生3506      297   118   75    104   
4157  S3191     学生3191      297   115   101   81    
4158  S1823     学生1823      297   114   104   79    
4159  S1226     学生1226      297   114   65    118   
4160  S1747     学生1747      297   112   83    102   
4161  S2482     学生2482      297   110   86    101   
4162  S3173     学生3173      297   109   121   67    
4163  S4067     学生4067      297   109   77    111   
4164  S0170     学生170       297   108   75    114   
4165  S4648     学生4648      297   107   97    93    
4166  S4900     学生4900      297   106   108   83    
4167  S0205     学生205       297   106   104   87    
4168  S3777     学生3777      297   104   102   91    
4168  S0618     学生618       297   104   102   91    
4170  S2837     学生2837      297   102   87    108   
4171  S0219     学生219       297   101   101   95    
4172  S3736     学生3736      297   100   114   83    
4173  S1357     学生1357      297   100   89    108   
4174  S4120     学生4120      297   99    91    107   
4174  S0825     学生825       297   99    91    107   
4176  S4291     学生4291      297   92    113   92    
4177  S0018     学生18        297   92    107   98    
4178  S4179     学生4179      297   92    96    109   
4179  S3862     学生3862      297   91    127   79    
4180  S4998     学生4998      297   90    102   105   
4181  S0053     学生53        297   85    70    142   
4182  S0713     学生713       297   81    106   110   
4183  S0235     学生235       297   78    112   107   
4184  S0967     学生967       297   77    100   120   
4185  S4631     学生4631      297   73    93    131   
4186  S1870     学生1870      296   129   108   59    
4187  S4568     学生4568      296   129   87    80    
4188  S4188     学生4188      296   126   87    83    
4189  S1341     学生1341      296   121   85    90    
4190  S0875     学生875       296   120   94    82    
4191  S2998     学生2998      296   116   97    83    
4192  S3073     学生3073      296   113   95    88    
4193  S3017     学生3017      296   111   89    96    
4194  S0438     学生438       296   110   102   84    
4195  S0461     学生461       296   109   108   79    
4196  S1578     学生1578      296   109   68    119   
4197  S0573     学生573       296   107   93    96    
4198  S4711     学生4711      296   107   88    101   
4199  S2440     学生2440      296   106   77    113   
4200  S3958     学生3958      296   104   121   71    
4201  S4602     学生4602      296   100   108   88    
4202  S0791     学生791       296   99    125   72    
4203  S1685     学生1685      296   98    61    137   
4204  S2217     学生2217      296   97    107   92    
4205  S4353     学生4353      296   96    117   83    
4206  S4515     学生4515      296   96    83    117   
4207  S3412     学生3412      296   93    87    116   
4208  S0146     学生146       296   92    110   94    
4209  S1841     学生1841      296   90    88    118   
4210  S1455     学生1455      296   89    126   81    
4211  S1522     学生1522      296   89    105   102   
4212  S0216     学生216       296   88    112   96    
4213  S4777     学生4777      296   88    97    111   
4214  S1460     学生1460      296   87    117   92    
4215  S1092     学生1092      296   87    92    117   
4216  S0733     学生733       296   86    106   104   
4217  S1100     学生1100      296   86    97    113   
4218  S3902     学生3902      296   85    104   107   
4219  S2376     学生2376      296   84    127   85    
4220  S2762     学生2762      296   84    123   89    
4221  S3465     学生3465      296   82    84    130   
4222  S3918     学生3918      296   78    121   97    
4223  S0682     学生682       296   78    111   107   
4224  S3718     学生3718      296   78    103   115   
4225  S0800     学生800       296   78    82    136   
4226  S0808     学生808       296   76    128   92    
4227  S2879     学生2879      296   74    96    126   
4228  S1530     学生1530      296   72    111   113   
4229  S0669     学生669       296   72    75    149   
4230  S4158     学生4158      296   66    91    139   
4231  S0752     学生752       296   65    123   108   
4232  S1991     学生1991      296   64    99    133   
4233  S1752     学生1752      296   58    141   97    
4234  S3650     学生3650      295   128   70    97    
4235  S4189     学生4189      295   124   106   65    
4236  S4177     学生4177      295   123   108   64    
4237  S1352     学生1352      295   119   79    97    
4238  S3277     学生3277      295   117   80    98    
4239  S2490     学生2490      295   116   105   74    
4240  S3050     学生3050      295   113   110   72    
4241  S0945     学生945       295   113   89    93    
4242  S0729     学生729       295   111   95    89    
4243  S1767     学生1767      295   111   87    97    
4244  S4498     学生4498      295   108   71    116   
4245  S2955     学生2955      295   106   79    110   
4246  S3503     学生3503      295   104   109   82    
4247  S0316     学生316       295   103   76    116   
4248  S4956     学生4956      295   100   96    99    
4249  S3580     学生3580      295   99    108   88    
4250  S4610     学生4610      295   99    107   89    
4251  S4320     学生4320      295   99    80    116   
4252  S4063     学生4063      295   98    96    101   
4253  S4191     学生4191      295   96    110   89    
4254  S3406     学生3406      295   96    101   98    
4255  S0447     学生447       295   96    85    114   
4256  S2393     学生2393      295   95    95    105   
4257  S4418     学生4418      295   95    70    130   
4258  S2803     学生2803      295   93    91    111   
4259  S3489     学生3489      295   92    128   75    
4260  S0342     学生342       295   91    123   81    
4261  S1882     学生1882      295   90    109   96    
4262  S1826     学生1826      295   90    108   97    
4263  S4367     学生4367      295   89    73    133   
4264  S1604     学生1604      295   88    139   68    
4265  S4882     学生4882      295   88    93    114   
4266  S1575     学生1575      295   81    99    115   
4267  S1735     学生1735      295   66    102   127   
4268  S2939     学生2939      294   146   77    71    
4269  S2161     学生2161      294   136   101   57    
4270  S2084     学生2084      294   131   87    76    
4271  S2913     学生2913      294   131   71    92    
4272  S3214     学生3214      294   125   76    93    
4273  S2334     学生2334      294   123   67    104   
4274  S2357     学生2357      294   118   91    85    
4275  S4017     学生4017      294   116   73    105   
4276  S0730     学生730       294   115   94    85    
4277  S3122     学生3122      294   115   90    89    
4278  S0624     学生624       294   115   82    97    
4279  S2367     学生2367      294   114   95    85    
4280  S0830     学生830       294   111   93    90    
4281  S1937     学生1937      294   110   96    88    
4282  S4117     学生4117      294   108   87    99    
4283  S2664     学生2664      294   107   71    116   
4284  S1422     学生1422      294   105   119   70    
4285  S2335     学生2335      294   105   78    111   
4286  S1328     学生1328      294   103   120   71    
4287  S0154     学生154       294   103   108   83    
4288  S1773     学生1773      294   103   105   86    
4289  S4172     学生4172      294   96    98    100   
4290  S1746     学生1746      294   95    99    100   
4291  S2351     学生2351      294   95    98    101   
4292  S2289     学生2289      294   95    92    107   
4293  S1084     学生1084      294   95    81    118   
4294  S2827     学生2827      294   93    92    109   
4295  S1790     学生1790      294   92    115   87    
4296  S1577     学生1577      294   91    95    108   
4297  S1110     学生1110      294   89    100   105   
4298  S3913     学生3913      294   85    112   97    
4299  S0299     学生299       294   83    99    112   
4300  S3812     学生3812      294   82    105   107   
4301  S2430     学生2430      294   75    131   88    
4302  S1684     学生1684      293   117   88    88    
4303  S4088     学生4088      293   116   97    80    
4304  S2652     学生2652      293   113   102   78    
4305  S4826     学生4826      293   112   114   67    
4306  S1139     学生1139      293   112   113   68    
4307  S4715     学生4715      293   112   105   76    
4308  S0961     学生961       293   109   94    90    
4309  S1050     学生1050      293   107   98    88    
4310  S0315     学生315       293   106   84    103   
4311  S4199     学生4199      293   102   92    99    
4312  S1404     学生1404      293   99    104   90    
4313  S2062     学生2062      293   96    86    111   
4314  S4398     学生4398      293   95    93    105   
4315  S0011     学生11        293   93    110   90    
4316  S4264     学生4264      293   92    108   93    
4317  S4799     学生4799      293   90    91    112   
4318  S1725     学生1725      293   89    79    125   
4319  S1115     学生1115      293   84    86    123   
4320  S2650     学生2650      293   83    98    112   
4321  S1709     学生1709      293   82    81    130   
4322  S3065     学生3065      293   81    100   112   
4323  S4378     学生4378      293   76    123   94    
4324  S3868     学生3868      293   74    106   113   
4325  S4713     学生4713      293   73    112   108   
4326  S1782     学生1782      292   134   85    73    
4327  S1585     学生1585      292   124   89    79    
4328  S4654     学生4654      292   117   96    79    
4329  S2965     学生2965      292   114   80    98    
4330  S4807     学生4807      292   110   95    87    
4331  S4021     学生4021      292   106   106   80    
4332  S4842     学生4842      292   105   90    97    
4333  S2273     学生2273      292   104   113   75    
4334  S0462     学生462       292   102   103   87    
4335  S0289     学生289       292   101   133   58    
4336  S2689     学生2689      292   101   95    96    
4337  S1141     学生1141      292   100   98    94    
4338  S2241     学生2241      292   99    113   80    
4339  S2026     学生2026      292   96    98    98    
4340  S0828     学生828       292   95    81    116   
4341  S2379     学生2379      292   93    100   99    
4342  S3473     学生3473      292   92    97    103   
4343  S2820     学生2820      292   91    97    104   
4344  S1086     学生1086      292   89    112   91    
4345  S0442     学生442       292   87    75    130   
4346  S4091     学生4091      292   86    131   75    
4347  S4481     学生4481      292   85    136   71    
4348  S3008     学生3008      292   83    77    132   
4349  S1413     学生1413      292   81    150   61    
4350  S1193     学生1193      292   79    99    114   
4351  S2839     学生2839      292   74    117   101   
4352  S4238     学生4238      292   73    115   104   
4353  S1534     学生1534      292   66    116   110   
4354  S4143     学生4143      291   122   93    76    
4355  S3263     学生3263      291   119   69    103   
4356  S1070     学生1070      291   118   75    98    
4357  S2080     学生2080      291   117   69    105   
4358  S0820     学生820       291   107   75    109   
4359  S4501     学生4501      291   106   107   78    
4360  S2754     学生2754      291   105   94    92    
4361  S2612     学生2612      291   102   67    122   
4362  S2457     学生2457      291   99    93    99    
4363  S0470     学生470       291   97    94    100   
4364  S2485     学生2485      291   97    88    106   
4365  S2621     学生2621      291   97    79    115   
4366  S3820     学生3820      291   93    117   81    
4367  S0693     学生693       291   93    104   94    
4368  S0628     学生628       291   92    107   92    
4369  S2174     学生2174      291   91    97    103   
4370  S3086     学生3086      291   88    90    113   
4371  S1697     学生1697      291   86    115   90    
4372  S1296     学生1296      291   85    93    113   
4373  S2695     学生2695      291   84    98    109   
4374  S2977     学生2977      291   83    107   101   
4375  S2089     学生2089      291   76    145   70    
4376  S1154     学生1154      291   76    109   106   
4377  S3620     学生3620      291   71    95    125   
4378  S1151     学生1151      290   135   85    70    
4379  S0951     学生951       290   132   60    98    
4380  S2158     学生2158      290   125   105   60    
4381  S1042     学生1042      290   123   75    92    
4382  S1068     学生1068      290   121   84    85    
4383  S1608     学生1608      290   120   97    73    
4384  S1178     学生1178      290   119   116   55    
4385  S2093     学生2093      290   118   96    76    
4386  S2000     学生2000      290   116   96    78    
4387  S4678     学生4678      290   112   86    92    
4388  S4072     学生4072      290   112   77    101   
4389  S2733     学生2733      290   110   92    88    
4390  S1184     学生1184      290   108   97    85    
4391  S2806     学生2806      290   105   95    90    
4392  S1294     学生1294      290   104   74    112   
4393  S1198     学生1198      290   104   73    113   
4394  S4053     学生4053      290   103   95    92    
4395  S3240     学生3240      290   100   104   86    
4396  S4878     学生4878      290   100   72    118   
4397  S2444     学生2444      290   97    97    96    
4398  S0275     学生275       290   97    76    117   
4399  S2667     学生2667      290   97    71    122   
4400  S0105     学生105       290   95    90    105   
4401  S2389     学生2389      290   95    89    106   
4402  S4234     学生4234      290   91    91    108   
4403  S0357     学生357       290   88    130   72    
4404  S2697     学生2697      290   84    119   87    
4405  S2118     学生2118      290   83    104   103   
4406  S0959     学生959       290   82    124   84    
4407  S0015     学生15        290   69    131   90    
4408  S0183     学生183       290   65    106   119   
4409  S4905     学生4905      290   60    116   114   
4410  S4475     学生4475      290   53    108   129   
4411  S2527     学生2527      289   123   93    73    
4412  S2882     学生2882      289   123   68    98    
4413  S2075     学生2075      289   123   60    106   
4414  S4358     学生4358      289   120   106   63    
4415  S2087     学生2087      289   120   81    88    
4416  S4437     学生4437      289   118   84    87    
4417  S4595     学生4595      289   114   99    76    
4418  S4045     学生4045      289   112   71    106   
4419  S4471     学生4471      289   100   67    122   
4420  S2760     学生2760      289   99    83    107   
4421  S0040     学生40        289   98    93    98    
4422  S3257     学生3257      289   97    93    99    
4423  S2592     学生2592      289   96    98    95    
4424  S1082     学生1082      289   96    69    124   
4425  S1336     学生1336      289   95    95    99    
4426  S3701     学生3701      289   94    95    100   
4427  S4723     学生4723      289   93    100   96    
4428  S0787     学生787       289   92    86    111   
4429  S4555     学生4555      289   92    67    130   
4430  S4848     学生4848      289   91    112   86    
4431  S0880     学生880       289   91    94    104   
4432  S2625     学生2625      289   88    113   88    
4433  S2550     学生2550      289   88    79    122   
4434  S3252     学生3252      289   85    71    133   
4435  S1157     学生1157      289   78    111   100   
4436  S3452     学生3452      289   76    84    129   
4437  S3097     学生3097      289   74    131   84    
4438  S2032     学生2032      289   71    95    123   
4439  S2611     学生2611      288   121   100   67    
4440  S2983     学生2983      288   118   65    105   
4441  S0570     学生570       288   114   83    91    
4442  S2224     学生2224      288   113   76    99    
4443  S4061     学生4061      288   108   85    95    
4444  S3761     学生3761      288   108   80    100   
4445  S2747     学生2747      288   108   75    105   
4446  S0196     学生196       288   103   98    87    
4447  S1583     学生1583      288   103   94    91    
4448  S4222     学生4222      288   103   81    104   
4449  S3187     学生3187      288   101   110   77    
4450  S0612     学生612       288   99    94    95    
4451  S2590     学生2590      288   97    111   80    
4452  S3215     学生3215      288   96    110   82    
4453  S1532     学生1532      288   89    127   72    
4454  S0840     学生840       288   89    105   94    
4455  S1705     学生1705      288   88    113   87    
4456  S3434     学生3434      288   86    105   97    
4457  S0661     学生661       288   83    103   102   
4458  S0250     学生250       288   80    118   90    
4459  S1123     学生1123      288   78    127   83    
4460  S4107     学生4107      288   75    115   98    
4461  S0724     学生724       288   68    89    131   
4462  S3541     学生3541      288   67    111   110   
4463  S4237     学生4237      287   129   74    84    
4464  S2365     学生2365      287   128   86    73    
4465  S1961     学生1961      287   123   82    82    
4466  S3216     学生3216      287   116   110   61    
4467  S0818     学生818       287   110   92    85    
4468  S1506     学生1506      287   109   84    94    
4469  S1874     学生1874      287   102   101   84    
4470  S3581     学生3581      287   100   113   74    
4471  S4658     学生4658      287   94    83    110   
4472  S4897     学生4897      287   91    112   84    
4473  S0107     学生107       287   90    103   94    
4474  S0917     学生917       287   88    104   95    
4475  S1276     学生1276      287   88    90    109   
4476  S3483     学生3483      287   84    98    105   
4477  S1637     学生1637      287   82    81    124   
4478  S3416     学生3416      287   79    89    119   
4479  S4569     学生4569      287   77    92    118   
4480  S0981     学生981       286   124   101   61    
4481  S2870     学生2870      286   123   109   54    
4482  S3259     学生3259      286   123   65    98    
4483  S0708     学生708       286   110   83    93    
4484  S0192     学生192       286   106   107   73    
4485  S1538     学生1538      286   105   90    91    
4486  S4806     学生4806      286   105   76    105   
4487  S4635     学生4635      286   104   106   76    
4488  S1003     学生1003      286   103   105   78    
4489  S2360     学生2360      286   102   77    107   
4490  S2784     学生2784      286   101   101   84    
4491  S2690     学生2690      286   101   98    87    
4492  S3742     学生3742      286   99    130   57    
4493  S1946     学生1946      286   98    100   88    
4494  S0416     学生416       286   98    96    92    
4495  S3886     学生3886      286   95    95    96    
4496  S0507     学生507       286   95    82    109   
4497  S1757     学生1757      286   94    86    106   
4498  S0614     学生614       286   91    107   88    
4499  S0560     学生560       286   91    97    98    
4500  S0544     学生544       286   90    109   87    
4501  S1244     学生1244      286   90    95    101   
4502  S2899     学生2899      286   88    106   92    
4503  S1066     学生1066      286   87    105   94    
4504  S1639     学生1639      286   84    95    107   
4505  S3324     学生3324      286   80    120   86    
4506  S1635     学生1635      286   80    92    114   
4507  S4918     学生4918      286   77    106   103   
4508  S0364     学生364       286   74    128   84    
4509  S3917     学生3917      286   72    120   94    
4510  S4376     学生4376      286   61    92    133   
4511  S1602     学生1602      286   57    119   110   
4512  S1273     学生1273      285   123   59    103   
4513  S0761     学生761       285   119   79    87    
4514  S2926     学生2926      285   116   104   65    
4515  S1842     学生1842      285   109   108   68    
4516  S1186     学生1186      285   105   108   72    
4517  S3098     学生3098      285   102   87    96    
4518  S1228     学生1228      285   102   82    101   
4519  S0694     学生694       285   100   104   81    
4520  S2891     学生2891      285   99    80    106   
4521  S0284     学生284       285   98    116   71    
4522  S1912     学生1912      285   97    81    107   
4523  S3941     学生3941      285   94    91    100   
4524  S1533     学生1533      285   93    115   77    
4525  S2862     学生2862      285   92    124   69    
4526  S3491     学生3491      285   92    96    97    
4527  S2455     学生2455      285   91    80    114   
4528  S3774     学生3774      285   90    94    101   
4529  S0583     学生583       285   90    82    113   
4530  S0026     学生26        285   84    89    112   
4531  S2127     学生2127      285   73    104   108   
4532  S2995     学生2995      285   71    113   101   
4533  S1556     学生1556      285   67    84    134   
4534  S1267     学生1267      285   65    118   102   
4535  S3432     学生3432      284   120   77    87    
4536  S0061     学生61        284   115   74    95    
4537  S1142     学生1142      284   112   76    96    
4538  S2566     学生2566      284   110   100   74    
4538  S2083     学生2083      284   110   100   74    
4540  S3266     学生3266      284   109   88    87    
4541  S1085     学生1085      284   109   87    88    
4542  S0722     学生722       284   106   77    101   
4543  S3190     学生3190      284   105   94    85    
4544  S0524     学生524       284   105   81    98    
4545  S1519     学生1519      284   103   101   80    
4546  S0955     学生955       284   102   93    89    
4547  S3905     学生3905      284   102   73    109   
4548  S1595     学生1595      284   101   89    94    
4549  S1806     学生1806      284   100   92    92    
4550  S1853     学生1853      284   100   69    115   
4551  S0826     学生826       284   97    83    104   
4552  S1716     学生1716      284   93    88    103   
4553  S4110     学生4110      284   89    103   92    
4554  S0434     学生434       284   88    101   95    
4555  S3351     学生3351      284   88    88    108   
4556  S0874     学生874       284   84    99    101   
4557  S0189     学生189       284   82    116   86    
4558  S2061     学生2061      284   81    97    106   
4559  S4127     学生4127      284   80    73    131   
4560  S4854     学生4854      284   78    104   102   
4561  S3984     学生3984      284   76    115   93    
4562  S4984     学生4984      284   76    84    124   
4563  S1411     学生1411      284   72    138   74    
4564  S4236     学生4236      284   70    113   101   
4565  S2849     学生2849      284   64    118   102   
4566  S4577     学生4577      284   57    116   111   
4567  S0619     学生619       283   125   80    78    
4568  S0482     学生482       283   123   78    82    
4569  S4963     学生4963      283   119   78    86    
4570  S3922     学生3922      283   117   84    82    
4571  S0013     学生13        283   113   89    81    
4572  S0726     学生726       283   110   96    77    
4573  S4424     学生4424      283   108   92    83    
4574  S1163     学生1163      283   106   97    80    
4575  S3286     学生3286      283   106   87    90    
4576  S1808     学生1808      283   106   79    98    
4577  S1458     学生1458      283   106   71    106   
4578  S1559     学生1559      283   98    112   73    
4579  S2541     学生2541      283   97    102   84    
4580  S4247     学生4247      283   95    119   69    
4581  S1492     学生1492      283   93    84    106   
4582  S3719     学生3719      283   92    108   83    
4583  S1466     学生1466      283   91    117   75    
4584  S1121     学生1121      283   91    91    101   
4585  S1192     学生1192      283   87    75    121   
4586  S0985     学生985       283   80    113   90    
4587  S1770     学生1770      283   77    104   102   
4588  S4700     学生4700      283   77    101   105   
4589  S1247     学生1247      283   72    104   107   
4590  S1644     学生1644      283   59    123   101   
4591  S1378     学生1378      282   120   76    86    
4592  S0371     学生371       282   115   91    76    
4593  S4829     学生4829      282   113   75    94    
4594  S4028     学生4028      282   108   96    78    
4595  S0593     学生593       282   107   62    113   
4596  S1254     学生1254      282   106   81    95    
4597  S3101     学生3101      282   104   69    109   
4598  S4898     学生4898      282   99    97    86    
4599  S3340     学生3340      282   97    77    108   
4600  S4835     学生4835      282   94    96    92    
4601  S0323     学生323       282   94    95    93    
4602  S2521     学生2521      282   93    117   72    
4603  S4694     学生4694      282   92    79    111   
4604  S2294     学生2294      282   91    91    100   
4605  S1108     学生1108      282   82    107   93    
4606  S0193     学生193       282   82    104   96    
4607  S0950     学生950       282   82    55    145   
4608  S2845     学生2845      282   80    120   82    
4609  S0537     学生537       281   126   95    60    
4610  S0012     学生12        281   125   77    79    
4611  S3285     学生3285      281   120   77    84    
4612  S3563     学生3563      281   115   74    92    
4613  S4556     学生4556      281   108   88    85    
4614  S0141     学生141       281   106   109   66    
4615  S2333     学生2333      281   103   106   72    
4616  S3735     学生3735      281   102   100   79    
4617  S0368     学生368       281   100   71    110   
4618  S3510     学生3510      281   97    94    90    
4619  S3900     学生3900      281   89    115   77    
4620  S0963     学生963       281   89    95    97    
4621  S1400     学生1400      281   88    128   65    
4622  S3327     学生3327      281   88    118   75    
4623  S2890     学生2890      281   81    72    128   
4624  S0546     学生546       281   80    86    115   
4625  S0641     学生641       281   78    106   97    
4626  S3963     学生3963      281   77    113   91    
4627  S0795     学生795       281   74    113   94    
4628  S1350     学生1350      280   125   75    80    
4629  S0850     学生850       280   117   80    83    
4630  S2418     学生2418      280   115   74    91    
4631  S1962     学生1962      280   111   80    89    
4632  S3961     学生3961      280   109   94    77    
4633  S2548     学生2548      280   108   91    81    
4634  S2474     学生2474      280   107   96    77    
4635  S2007     学生2007      280   101   87    92    
4636  S4251     学生4251      280   99    106   75    
4637  S4911     学生4911      280   99    89    92    
4638  S4650     学生4650      280   97    72    111   
4639  S4499     学生4499      280   94    101   85    
4640  S2620     学生2620      280   92    101   87    
4641  S1445     学生1445      280   90    94    96    
4642  S2777     学生2777      280   89    104   87    
4643  S0388     学生388       280   88    98    94    
4644  S4584     学生4584      280   87    98    95    
4645  S2072     学生2072      280   87    63    130   
4646  S2133     学生2133      280   77    101   102   
4647  S4991     学生4991      280   76    74    130   
4648  S0848     学生848       280   72    105   103   
4649  S4782     学生4782      280   63    130   87    
4650  S1010     学生1010      280   61    117   102   
4651  S4927     学生4927      279   141   79    59    
4652  S4761     学生4761      279   128   60    91    
4653  S1835     学生1835      279   114   90    75    
4654  S0127     学生127       279   110   88    81    
4655  S4211     学生4211      279   105   77    97    
4656  S4345     学生4345      279   99    88    92    
4657  S4318     学生4318      279   97    71    111   
4658  S2593     学生2593      279   90    96    93    
4659  S0020     学生20        279   89    94    96    
4660  S4674     学生4674      279   86    85    108   
4661  S3611     学生3611      279   83    119   77    
4662  S2445     学生2445      279   79    106   94    
4663  S1472     学生1472      279   78    109   92    
4664  S3787     学生3787      279   76    83    120   
4665  S1776     学生1776      279   75    100   104   
4666  S1429     学生1429      278   111   80    87    
4667  S4007     学生4007      278   108   116   54    
4668  S3657     学生3657      278   106   81    91    
4669  S2633     学生2633      278   105   95    78    
4670  S4292     学生4292      278   101   77    100   
4671  S4086     学生4086      278   99    75    104   
4672  S4588     学生4588      278   98    80    100   
4673  S4377     学生4377      278   97    72    109   
4674  S3617     学生3617      278   96    83    99    
4675  S1640     学生1640      278   91    89    98    
4676  S2252     学生2252      278   89    102   87    
4677  S1712     学生1712      278   89    79    110   
4678  S1104     学生1104      278   88    117   73    
4679  S0660     学生660       278   84    118   76    
4680  S1457     学生1457      278   84    99    95    
4681  S1243     学生1243      278   83    121   74    
4682  S1932     学生1932      278   83    100   95    
4683  S0137     学生137       278   79    113   86    
4684  S4709     学生4709      278   78    93    107   
4685  S1687     学生1687      278   74    98    106   
4686  S1935     学生1935      278   72    98    108   
4687  S2160     学生2160      278   67    129   82    
4688  S1898     学生1898      277   125   94    58    
4689  S0705     学生705       277   109   75    93    
4690  S1309     学生1309      277   103   69    105   
4691  S0751     学生751       277   101   93    83    
4692  S4385     学生4385      277   98    79    100   
4693  S1117     学生1117      277   88    105   84    
4694  S2915     学生2915      277   86    97    94    
4695  S4333     学生4333      277   80    93    104   
4696  S3643     学生3643      277   72    96    109   
4697  S0329     学生329       277   70    111   96    
4698  S2937     学生2937      277   58    110   109   
4699  S4642     学生4642      276   122   69    85    
4700  S3350     学生3350      276   115   73    88    
4701  S4561     学生4561      276   114   66    96    
4702  S0978     学生978       276   111   83    82    
4703  S3221     学生3221      276   103   86    87    
4704  S1744     学生1744      276   97    99    80    
4705  S4083     学生4083      276   97    77    102   
4706  S4553     学生4553      276   93    119   64    
4707  S1220     学生1220      276   91    79    106   
4708  S0025     学生25        276   90    68    118   
4709  S3241     学生3241      276   88    99    89    
4710  S4336     学生4336      276   87    83    106   
4711  S0271     学生271       276   84    103   89    
4712  S0397     学生397       276   78    98    100   
4713  S3663     学生3663      276   76    100   100   
4714  S1587     学生1587      276   74    109   93    
4715  S1919     学生1919      276   65    93    118   
4716  S3749     学生3749      275   132   52    91    
4717  S3993     学生3993      275   101   73    101   
4718  S0580     学生580       275   99    98    78    
4719  S1073     学生1073      275   98    93    84    
4720  S3515     学生3515      275   95    91    89    
4721  S4434     学生4434      275   95    88    92    
4722  S3467     学生3467      275   92    100   83    
4723  S4596     学生4596      275   87    99    89    
4724  S4681     学生4681      275   82    105   88    
4725  S0499     学生499       275   76    103   96    
4726  S2031     学生2031      275   76    97    102   
4727  S3010     学生3010      275   66    128   81    
4728  S4823     学生4823      275   63    99    113   
4729  S1051     学生1051      274   143   67    64    
4730  S0970     学生970       274   120   89    65    
4731  S3348     学生3348      274   119   87    68    
4732  S4192     学生4192      274   118   85    71    
4733  S2699     学生2699      274   114   117   43    
4734  S1593     学生1593      274   114   97    63    
4735  S4652     学生4652      274   108   66    100   
4736  S0908     学生908       274   105   83    86    
4737  S0406     学生406       274   100   97    77    
4738  S4000     学生4000      274   93    125   56    
4739  S0335     学生335       274   90    100   84    
4740  S3602     学生3602      274   85    87    102   
4741  S3137     学生3137      274   84    77    113   
4742  S0021     学生21        274   83    112   79    
4743  S3243     学生3243      274   77    67    130   
4744  S1907     学生1907      274   67    107   100   
4745  S0459     学生459       274   55    113   106   
4746  S4962     学生4962      274   48    103   123   
4747  S2813     学生2813      273   128   99    46    
4748  S0845     学生845       273   109   62    102   
4749  S1327     学生1327      273   105   71    97    
4750  S1952     学生1952      273   104   63    106   
4751  S3880     学生3880      273   96    89    88    
4752  S2092     学生2092      273   95    98    80    
4753  S4050     学生4050      273   94    86    93    
4754  S2212     学生2212      273   93    112   68    
4755  S0460     学生460       273   90    106   77    
4756  S2247     学生2247      273   89    91    93    
4757  S3330     学生3330      273   83    101   89    
4758  S2552     学生2552      273   80    83    110   
4759  S0994     学生994       273   73    99    101   
4760  S3201     学生3201      273   64    84    125   
4761  S2674     学生2674      272   111   91    70    
4762  S2635     学生2635      272   89    114   69    
4763  S3189     学生3189      272   81    107   84    
4764  S3186     学生3186      272   81    103   88    
4765  S4924     学生4924      272   81    93    98    
4766  S4461     学生4461      272   79    83    110   
4767  S3529     学生3529      272   70    123   79    
4768  S0989     学生989       272   69    89    114   
4769  S4988     学生4988      272   63    70    139   
4770  S2481     学生2481      272   52    142   78    
4771  S3140     学生3140      271   117   92    62    
4772  S2919     学生2919      271   109   84    78    
4773  S1531     学生1531      271   106   71    94    
4774  S0603     学生603       271   100   80    91    
4775  S2750     学生2750      271   97    66    108   
4776  S1642     学生1642      271   88    133   50    
4777  S1221     学生1221      271   85    100   86    
4778  S3370     学生3370      271   85    78    108   
4779  S0294     学生294       271   78    104   89    
4780  S2484     学生2484      271   78    76    117   
4781  S4824     学生4824      271   67    76    128   
4782  S1364     学生1364      271   61    111   99    
4783  S4752     学生4752      270   118   91    61    
4784  S0599     学生599       270   112   80    78    
4785  S0162     学生162       270   110   76    84    
4786  S4922     学生4922      270   109   97    64    
4787  S0027     学生27        270   103   81    86    
4788  S4101     学生4101      270   96    74    100   
4789  S4787     学生4787      270   94    99    77    
4790  S0353     学生353       270   81    113   76    
4791  S3771     学生3771      270   79    111   80    
4792  S2775     学生2775      270   78    80    112   
4793  S1852     学生1852      270   74    90    106   
4794  S1044     学生1044      270   63    117   90    
4795  S2776     学生2776      269   124   65    80    
4796  S0810     学生810       269   117   58    94    
4797  S0478     学生478       269   110   68    91    
4798  S2586     学生2586      269   107   87    75    
4799  S4001     学生4001      269   105   104   60    
4800  S4966     学生4966      269   102   81    86    
4801  S2449     学生2449      269   99    86    84    
4802  S4902     学生4902      269   96    81    92    
4803  S3882     学生3882      269   95    86    88    
4804  S1263     学生1263      269   92    82    95    
4805  S1060     学生1060      269   91    93    85    
4806  S4923     学生4923      269   88    101   80    
4807  S1096     学生1096      269   81    85    103   
4808  S1169     学生1169      269   76    96    97    
4809  S0655     学生655       268   124   73    71    
4810  S2790     学生2790      268   124   72    72    
4811  S1088     学生1088      268   119   68    81    
4812  S2570     学生2570      268   107   80    81    
4813  S4171     学生4171      268   103   71    94    
4814  S3597     学生3597      268   99    103   66    
4815  S1440     学生1440      268   90    119   59    
4816  S3654     学生3654      268   90    77    101   
4817  S2137     学生2137      268   89    91    88    
4818  S4917     学生4917      268   84    86    98    
4819  S1508     学生1508      268   74    74    120   
4820  S1830     学生1830      268   73    111   84    
4821  S3307     学生3307      268   72    73    123   
4822  S4649     学生4649      268   71    106   91    
4823  S3757     学生3757      268   63    106   99    
4824  S4663     学生4663      268   62    109   97    
4825  S0703     学生703       267   105   74    88    
4826  S0081     学生81        267   96    99    72    
4827  S3624     学生3624      267   83    76    108   
4828  S4229     学生4229      267   72    100   95    
4829  S2723     学生2723      267   70    112   85    
4830  S1613     学生1613      267   51    126   90    
4831  S0446     学生446       266   94    90    82    
4832  S2198     学生2198      266   91    79    96    
4833  S2596     学生2596      266   86    92    88    
4834  S1741     学生1741      266   82    81    103   
4835  S4081     学生4081      266   81    119   66    
4836  S0954     学生954       265   124   81    60    
4837  S0367     学生367       265   113   102   50    
4838  S4740     学生4740      265   106   94    65    
4839  S2804     学生2804      265   86    79    100   
4840  S2946     学生2946      265   82    83    100   
4841  S2142     学生2142      265   78    93    94    
4842  S2895     学生2895      265   75    97    93    
4843  S4486     学生4486      265   67    104   94    
4844  S4592     学生4592      265   60    88    117   
4845  S1112     学生1112      264   110   72    82    
4846  S2703     学生2703      264   102   98    64    
4847  S3488     学生3488      264   101   82    81    
4848  S3057     学生3057      264   97    92    75    
4849  S4209     学生4209      264   94    83    87    
4850  S3904     学生3904      264   80    75    109   
4851  S0626     学生626       264   80    74    110   
4852  S3903     学生3903      264   70    106   88    
4853  S4758     学生4758      264   66    95    103   
4854  S0393     学生393       263   125   84    54    
4855  S4030     学生4030      263   95    92    76    
4856  S4786     学生4786      263   89    85    89    
4857  S4446     学生4446      263   82    70    111   
4858  S1315     学生1315      263   72    107   84    
4859  S1584     学生1584      262   121   77    64    
4860  S2546     学生2546      262   119   84    59    
4861  S4013     学生4013      262   99    68    95    
4862  S1843     学生1843      262   94    65    103   
4863  S4157     学生4157      262   93    95    74    
4864  S1384     学生1384      262   92    78    92    
4865  S1812     学生1812      262   90    113   59    
4866  S0028     学生28        262   85    74    103   
4867  S2172     学生2172      262   83    83    96    
4868  S4455     学生4455      262   80    112   70    
4869  S1047     学生1047      262   79    84    99    
4870  S4469     学生4469      262   70    87    105   
4871  S2407     学生2407      262   65    104   93    
4872  S1663     学生1663      261   90    111   60    
4873  S0858     学生858       261   89    86    86    
4874  S1529     学生1529      261   88    116   57    
4875  S2968     学生2968      261   84    74    103   
4876  S4059     学生4059      261   81    88    92    
4877  S3345     学生3345      261   68    73    120   
4878  S1045     学生1045      261   59    90    112   
4879  S1520     学生1520      261   52    88    121   
4880  S2991     学生2991      260   97    90    73    
4881  S1974     学生1974      260   91    88    81    
4882  S0188     学生188       260   88    101   71    
4883  S3232     学生3232      259   103   72    84    
4884  S1205     学生1205      259   90    85    84    
4885  S4687     学生4687      259   80    94    85    
4886  S1778     学生1778      259   76    94    89    
4887  S0940     学生940       259   67    83    109   
4888  S4916     学生4916      258   95    73    90    
4889  S4130     学生4130      258   91    82    85    
4890  S1430     学生1430      258   84    60    114   
4891  S3817     学生3817      258   77    105   76    
4892  S3927     学生3927      258   52    101   105   
4893  S4416     学生4416      257   111   79    67    
4894  S4632     学生4632      257   109   46    102   
4895  S2814     学生2814      257   99    67    91    
4896  S2591     学生2591      257   98    66    93    
4897  S2226     学生2226      257   95    90    72    
4898  S4661     学生4661      257   93    91    73    
4899  S0932     学生932       257   86    63    108   
4900  S1125     学生1125      257   80    97    80    
4901  S4103     学生4103      257   80    73    104   
4902  S0038     学生38        256   101   110   45    
4903  S4397     学生4397      256   100   61    95    
4904  S0436     学生436       256   91    85    80    
4905  S4262     学生4262      256   91    66    99    
4906  S4163     学生4163      256   88    72    96    
4907  S4872     学生4872      255   114   60    81    
4908  S2398     学生2398      255   113   86    56    
4909  S0918     学生918       255   95    60    100   
4910  S3063     学生3063      255   88    97    70    
4911  S1682     学生1682      255   88    92    75    
4912  S2694     学生2694      255   87    85    83    
4913  S0681     学生681       255   86    112   57    
4914  S0425     学生425       255   85    94    76    
4915  S1005     学生1005      255   82    70    103   
4916  S3713     学生3713      255   62    106   87    
4917  S1329     学生1329      255   57    89    109   
4918  S0400     学生400       254   90    82    82    
4919  S0249     学生249       254   89    92    73    
4920  S3341     学生3341      254   77    104   73    
4921  S3376     学生3376      254   48    100   106   
4922  S0195     学生195       253   90    62    101   
4923  S4651     学生4651      253   85    90    78    
4924  S2885     学生2885      253   81    78    94    
4925  S2698     学生2698      253   75    94    84    
4926  S3358     学生3358      253   65    98    90    
4927  S4904     学生4904      253   54    107   92    
4928  S2345     学生2345      252   87    82    83    
4929  S1390     学生1390      252   87    71    94    
4930  S2562     学生2562      252   86    113   53    
4931  S4141     学生4141      252   86    77    89    
4932  S3679     学生3679      252   84    89    79    
4933  S3199     学生3199      252   75    82    95    
4934  S4438     学生4438      252   64    68    120   
4935  S2571     学生2571      251   103   79    69    
4936  S3537     学生3537      251   100   87    64    
4937  S1984     学生1984      251   84    93    74    
4938  S1985     学生1985      251   81    85    85    
4939  S1549     学生1549      251   79    93    79    
4940  S4287     学生4287      251   65    97    89    
4941  S2537     学生2537      250   102   76    72    
4942  S1448     学生1448      250   78    82    90    
4943  S4684     学生4684      250   55    95    100   
4944  S2312     学生2312      250   43    115   92    
4945  S0834     学生834       250   35    113   102   
4946  S0139     学生139       249   83    72    94    
4947  S4488     学生4488      249   83    64    102   
4948  S4271     学生4271      249   73    93    83    
4949  S4056     学生4056      249   68    105   76    
4950  S3964     学生3964      249   67    99    83    
4951  S4863     学生4863      249   62    67    120   
4952  S0914     学生914       249   35    106   108   
4953  S1897     学生1897      248   97    70    81    
4954  S2048     学生2048      248   89    80    79    
4955  S0992     学生992       248   79    82    87    
4956  S1032     学生1032      248   70    82    96    
4957  S1799     学生1799      248   69    86    93    
4958  S2543     学生2543      247   90    100   57    
4959  S3145     学生3145      247   89    86    72    
4960  S1335     学生1335      247   82    78    87    
4961  S2144     学生2144      247   64    93    90    
4962  S4305     学生4305      246   105   71    70    
4963  S1879     学生1879      246   99    92    55    
4964  S4283     学生4283      246   94    74    78    
4965  S1566     学生1566      246   81    91    74    
4966  S3574     学生3574      246   75    69    102   
4967  S0562     学生562       245   104   59    82    
4968  S4734     学生4734      245   96    86    63    
4969  S0149     学生149       245   85    67    93    
4970  S2105     学生2105      244   82    70    92    
4971  S0601     学生601       244   81    91    72    
4972  S2321     学生2321      244   81    59    104   
4973  S4721     学生4721      244   48    79    117   
4974  S1409     学生1409      243   97    55    91    
4975  S4009     学生4009      243   88    100   55    
4976  S3114     学生3114      243   58    111   74    
4977  S2660     学生2660      242   69    77    96    
4978  S2322     学生2322      241   107   82    52    
4979  S4670     学生4670      241   95    106   40    
4980  S4802     学生4802      241   76    80    85    
4981  S3579     学生3579      240   97    71    72    
4982  S0168     学生168       240   87    64    89    
4983  S1615     学生1615      240   80    96    64    
4984  S3219     学生3219      239   96    67    76    
4985  S2649     学生2649      239   70    98    71    
4986  S0147     学生147       238   91    59    88    
4987  S2774     学生2774      238   87    56    95    
4988  S1499     学生1499      238   85    66    87    
4989  S3027     学生3027      238   66    91    81    
4990  S2538     学生2538      235   82    83    70    
4991  S3299     学生3299      231   71    84    76    
4992  S1495     学生1495      230   108   63    59    
4993  S3542     学生3542      227   85    55    87    
4994  S1868     学生1868      226   56    82    88    
4995  S2974     学生2974      225   50    99    76    
4996  S0330     学生330       224   73    72    79    
4997  S3839     学生3839      222   57    95    70    
4998  S2035     学生2035      221   86    78    57    
4999  S0676     学生676       219   72    98    49    
5000  S2391     学生2391      199   60    62    77    
