排名  考号      姓名          总分  语文  数学  英语
----------------------------------------------------------
1     S3299     学生3299      445   150   150   145   
2     S1758     学生1758      438   148   150   140   
3     S7643     学生7643      437   150   150   137   
4     S9451     学生9451      435   144   150   141   
5     S4042     学生4042      434   134   150   150   
6     S6601     学生6601      433   150   147   136   
7     S3220     学生3220      432   149   133   150   
8     S9616     学生9616      430   150   150   130   
9     S6155     学生6155      429   133   146   150   
10    S6896     学生6896      428   146   139   143   
11    S9710     学生9710      428   139   150   139   
12    S1148     学生1148      427   132   150   145   
13    S0678     学生678       426   150   145   131   
14    S8864     学生8864      426   131   150   145   
15    S3117     学生3117      425   143   143   139   
16    S3496     学生3496      425   131   148   146   
17    S8766     学生8766      425   129   149   147   
18    S4322     学生4322      424   144   150   130   
19    S4534     学生4534      423   150   144   129   
20    S9300     学生9300      423   135   138   150   
21    S7324     学生7324      422   150   141   131   
22    S7198     学生7198      422   142   148   132   
23    S1619     学生1619      422   135   137   150   
24    S1110     学生1110      420   150   149   121   
25    S6164     学生6164      420   145   139   136   
26    S6079     学生6079      420   139   150   131   
27    S4112     学生4112      419   150   132   137   
28    S4591     学生4591      419   150   131   138   
29    S4342     学生4342      418   145   132   141   
30    S7473     学生7473      418   128   142   148   
31    S0132     学生132       417   150   128   139   
32    S3440     学生3440      417   143   136   138   
33    S5252     学生5252      417   122   150   145   
34    S2250     学生2250      417   120   150   147   
35    S2192     学生2192      416   150   130   136   
36    S0266     学生266       415   150   140   125   
37    S6914     学生6914      415   150   138   127   
38    S4755     学生4755      415   150   116   149   
39    S9307     学生9307      415   145   141   129   
40    S2990     学生2990      415   145   125   145   
41    S3994     学生3994      415   144   150   121   
42    S2820     学生2820      415   144   121   150   
43    S1031     学生1031      414   146   124   144   
44    S6877     学生6877      414   144   135   135   
45    S8329     学生8329      414   131   133   150   
46    S0913     学生913       414   122   142   150   
47    S6019     学生6019      414   114   150   150   
48    S3866     学生3866      413   150   150   113   
48    S9536     学生9536      413   150   150   113   
50    S1936     学生1936      413   144   144   125   
51    S5720     学生5720      413   135   148   130   
52    S6705     学生6705      413   133   150   130   
53    S9899     学生9899      413   127   144   142   
54    S5932     学生5932      412   150   134   128   
55    S0986     学生986       412   137   125   150   
56    S8874     学生8874      412   128   134   150   
57    S7522     学生7522      412   126   144   142   
58    S5672     学生5672      412   119   143   150   
59    S3120     学生3120      411   150   150   111   
59    S7878     学生7878      411   150   150   111   
61    S6252     学生6252      411   145   141   125   
62    S7706     学生7706      411   137   135   139   
63    S7618     学生7618      411   132   145   134   
64    S7353     学生7353      410   148   122   140   
65    S5850     学生5850      410   147   141   122   
66    S5716     学生5716      410   145   129   136   
67    S4074     学生4074      410   145   128   137   
68    S0219     学生219       410   143   126   141   
69    S5308     学生5308      409   150   150   109   
70    S8367     学生8367      409   149   139   121   
71    S7277     学生7277      409   144   130   135   
72    S3878     学生3878      409   143   138   128   
73    S3768     学生3768      409   140   132   137   
74    S5593     学生5593      409   134   150   125   
75    S3156     学生3156      409   131   148   130   
76    S3177     学生3177      409   130   140   139   
77    S4830     学生4830      409   130   135   144   
78    S3099     学生3099      409   124   135   150   
79    S0390     学生390       409   118   141   150   
80    S0125     学生125       409   117   149   143   
81    S6454     学生6454      408   149   146   113   
82    S6311     学生6311      408   138   141   129   
83    S7604     学生7604      408   138   133   137   
84    S1892     学生1892      408   138   123   147   
85    S2038     学生2038      408   136   137   135   
86    S1747     学生1747      408   131   150   127   
87    S6837     学生6837      408   130   141   137   
88    S6293     学生6293      408   122   150   136   
89    S1326     学生1326      407   150   111   146   
90    S0449     学生449       407   149   150   108   
91    S1354     学生1354      407   148   125   134   
92    S4199     学生4199      407   143   126   138   
93    S8529     学生8529      407   136   145   126   
94    S9946     学生9946      407   131   140   136   
95    S7109     学生7109      407   122   140   145   
96    S8797     学生8797      407   114   150   143   
97    S7323     学生7323      406   150   131   125   
98    S3372     学生3372      406   137   135   134   
99    S5894     学生5894      406   135   141   130   
100   S3936     学生3936      406   133   150   123   
100   S9037     学生9037      406   133   150   123   
102   S0246     学生246       406   129   127   150   
103   S1068     学生1068      406   117   139   150   
104   S0143     学生143       406   112   144   150   
105   S0032     学生32        405   147   108   150   
106   S6942     学生6942      405   142   120   143   
107   S9530     学生9530      405   138   119   148   
108   S8180     学生8180      405   134   138   133   
109   S8515     学生8515      405   126   150   129   
109   S5027     学生5027      405   126   150   129   
111   S4625     学生4625      405   125   131   149   
112   S7428     学生7428      405   116   139   150   
113   S3651     学生3651      404   150   120   134   
114   S5922     学生5922      404   148   106   150   
115   S7855     学生7855      404   147   121   136   
116   S1964     学生1964      404   137   139   128   
117   S6408     学生6408      404   130   124   150   
118   S8505     学生8505      404   129   125   150   
119   S5640     学生5640      404   124   150   130   
120   S9102     学生9102      404   123   149   132   
121   S8878     学生8878      404   122   144   138   
122   S9929     学生9929      404   111   143   150   
123   S6010     学生6010      403   150   131   122   
123   S0957     学生957       403   150   131   122   
125   S8466     学生8466      403   149   125   129   
126   S3753     学生3753      403   139   124   140   
127   S6298     学生6298      403   137   128   138   
128   S4817     学生4817      403   128   125   150   
129   S8191     学生8191      403   126   150   127   
130   S0949     学生949       403   122   150   131   
131   S4970     学生4970      403   117   136   150   
132   S8965     学生8965      402   150   123   129   
133   S0420     学生420       402   150   119   133   
134   S5736     学生5736      402   150   104   148   
135   S5902     学生5902      402   148   135   119   
136   S4720     学生4720      402   143   150   109   
137   S1690     学生1690      402   141   135   126   
138   S4103     学生4103      402   138   123   141   
139   S5060     学生5060      402   134   138   130   
140   S8261     学生8261      402   130   122   150   
141   S2090     学生2090      402   124   146   132   
142   S2606     学生2606      402   116   144   142   
143   S5522     学生5522      401   150   130   121   
144   S2401     学生2401      401   149   142   110   
145   S4362     学生4362      401   149   117   135   
146   S8909     学生8909      401   148   150   103   
147   S5950     学生5950      401   148   118   135   
148   S9927     学生9927      401   144   109   148   
149   S6281     学生6281      401   143   112   146   
150   S0493     学生493       401   136   136   129   
151   S7451     学生7451      401   129   124   148   
152   S1636     学生1636      401   125   126   150   
153   S7373     学生7373      401   121   130   150   
154   S7752     学生7752      400   150   133   117   
154   S5437     学生5437      400   150   133   117   
156   S3698     学生3698      400   150   118   132   
157   S5472     学生5472      400   146   126   128   
158   S4957     学生4957      400   145   112   143   
159   S3255     学生3255      400   143   121   136   
160   S3057     学生3057      400   143   114   143   
161   S1410     学生1410      400   142   150   108   
162   S1763     学生1763      400   142   120   138   
163   S2455     学生2455      400   139   138   123   
164   S9817     学生9817      400   134   116   150   
165   S4778     学生4778      400   133   119   148   
166   S1503     学生1503      400   132   142   126   
167   S2388     学生2388      400   130   133   137   
168   S9868     学生9868      400   126   127   147   
169   S8859     学生8859      400   121   136   143   
170   S9053     学生9053      400   121   129   150   
171   S7475     学生7475      400   117   148   135   
172   S7137     学生7137      399   149   111   139   
173   S7701     学生7701      399   147   125   127   
174   S4549     学生4549      399   147   119   133   
175   S1060     学生1060      399   142   142   115   
176   S1615     学生1615      399   142   129   128   
177   S5500     学生5500      399   139   144   116   
178   S8031     学生8031      399   138   112   149   
179   S7012     学生7012      399   133   116   150   
180   S1125     学生1125      399   130   149   120   
181   S1499     学生1499      398   150   139   109   
182   S9220     学生9220      398   150   132   116   
183   S7254     学生7254      398   150   120   128   
184   S8503     学生8503      398   146   108   144   
185   S7315     学生7315      398   143   119   136   
186   S8420     学生8420      398   142   143   113   
187   S8068     学生8068      398   142   108   148   
188   S1002     学生1002      398   141   111   146   
189   S7008     学生7008      398   139   117   142   
190   S9345     学生9345      398   137   120   141   
191   S9143     学生9143      398   136   119   143   
192   S9756     学生9756      398   135   129   134   
193   S9108     学生9108      398   129   143   126   
194   S7983     学生7983      398   127   129   142   
195   S7287     学生7287      398   126   144   128   
196   S8995     学生8995      398   126   134   138   
197   S1193     学生1193      398   124   142   132   
198   S6699     学生6699      398   124   132   142   
199   S7929     学生7929      398   120   150   128   
200   S5026     学生5026      398   117   150   131   
201   S6567     学生6567      398   115   136   147   
202   S5271     学生5271      398   104   144   150   
203   S7083     学生7083      397   150   116   131   
204   S3901     学生3901      397   137   116   144   
205   S9388     学生9388      397   131   127   139   
206   S5134     学生5134      397   130   138   129   
207   S3111     学生3111      397   127   128   142   
208   S5037     学生5037      397   126   148   123   
209   S7445     学生7445      397   124   150   123   
210   S7410     学生7410      397   124   138   135   
211   S6440     学生6440      397   123   132   142   
212   S1120     学生1120      397   118   150   129   
213   S7838     学生7838      397   118   138   141   
214   S9915     学生9915      397   117   146   134   
215   S4121     学生4121      397   117   145   135   
216   S2194     学生2194      396   150   136   110   
217   S2946     学生2946      396   147   140   109   
218   S0559     学生559       396   142   127   127   
219   S9930     学生9930      396   140   150   106   
220   S2067     学生2067      396   135   111   150   
221   S3200     学生3200      396   130   134   132   
222   S7606     学生7606      396   129   150   117   
223   S2788     学生2788      396   126   134   136   
224   S7552     学生7552      396   124   150   122   
225   S6767     学生6767      396   120   148   128   
226   S7549     学生7549      396   115   135   146   
227   S5277     学生5277      395   150   118   127   
228   S5339     学生5339      395   149   109   137   
229   S2161     学生2161      395   148   112   135   
230   S5031     学生5031      395   147   104   144   
231   S7019     学生7019      395   144   115   136   
232   S1564     学生1564      395   142   144   109   
233   S2533     学生2533      395   142   132   121   
234   S2923     学生2923      395   141   131   123   
235   S5191     学生5191      395   141   118   136   
236   S7377     学生7377      395   140   130   125   
237   S6706     学生6706      395   139   121   135   
238   S2476     学生2476      395   134   111   150   
239   S5047     学生5047      395   131   150   114   
240   S9863     学生9863      395   127   150   118   
241   S9518     学生9518      395   127   144   124   
242   S0454     学生454       395   125   139   131   
243   S8539     学生8539      395   124   121   150   
244   S9312     学生9312      395   123   127   145   
245   S8577     学生8577      395   123   122   150   
246   S5110     学生5110      395   122   145   128   
247   S1845     学生1845      395   118   150   127   
248   S8148     学生8148      395   114   140   141   
249   S1012     学生1012      395   97    148   150   
250   S1023     学生1023      394   150   150   94    
251   S8096     学生8096      394   150   145   99    
252   S5427     学生5427      394   149   121   124   
253   S2226     学生2226      394   141   130   123   
254   S2768     学生2768      394   133   142   119   
255   S7142     学生7142      394   133   129   132   
256   S4584     学生4584      394   131   150   113   
257   S8325     学生8325      394   130   140   124   
258   S4646     学生4646      394   130   132   132   
259   S2868     学生2868      394   127   150   117   
260   S5116     学生5116      394   127   144   123   
261   S0014     学生14        394   126   147   121   
262   S7108     学生7108      394   126   139   129   
263   S8109     学生8109      394   126   131   137   
264   S9182     学生9182      394   126   118   150   
265   S7224     学生7224      394   124   150   120   
266   S3037     学生3037      394   121   124   149   
267   S8741     学生8741      394   118   126   150   
268   S4197     学生4197      394   112   150   132   
269   S1748     学生1748      393   150   127   116   
270   S9190     学生9190      393   150   125   118   
271   S8334     学生8334      393   150   120   123   
272   S7194     学生7194      393   150   119   124   
273   S0897     学生897       393   150   118   125   
274   S7881     学生7881      393   150   114   129   
275   S6396     学生6396      393   145   121   127   
276   S9523     学生9523      393   140   125   128   
277   S3336     学生3336      393   136   143   114   
278   S0899     学生899       393   136   138   119   
279   S4675     学生4675      393   136   107   150   
280   S6590     学生6590      393   132   127   134   
281   S6853     学生6853      393   128   145   120   
282   S0057     学生57        393   122   146   125   
283   S5323     学生5323      393   122   124   147   
284   S7386     学生7386      393   121   147   125   
285   S3815     学生3815      393   121   144   128   
286   S0733     学生733       393   120   132   141   
287   S7167     学生7167      393   119   142   132   
288   S1695     学生1695      393   118   144   131   
289   S7076     学生7076      393   116   127   150   
290   S8796     学生8796      393   114   140   139   
291   S2920     学生2920      393   113   148   132   
292   S6917     学生6917      393   109   150   134   
293   S4284     学生4284      393   109   139   145   
294   S3573     学生3573      393   106   148   139   
295   S0106     学生106       393   98    150   145   
296   S5787     学生5787      392   150   127   115   
297   S6266     学生6266      392   150   126   116   
298   S4768     学生4768      392   150   120   122   
299   S8607     学生8607      392   150   116   126   
300   S6669     学生6669      392   150   112   130   
301   S6052     学生6052      392   145   129   118   
302   S9010     学生9010      392   145   97    150   
303   S7455     学生7455      392   139   123   130   
304   S3041     学生3041      392   137   123   132   
305   S5828     学生5828      392   133   140   119   
306   S4430     学生4430      392   131   133   128   
307   S9229     学生9229      392   128   134   130   
308   S0743     学生743       392   127   131   134   
309   S5939     学生5939      392   125   150   117   
310   S3431     学生3431      392   124   128   140   
311   S2551     学生2551      392   123   130   139   
312   S7558     学生7558      392   119   135   138   
313   S5667     学生5667      392   117   125   150   
314   S5127     学生5127      392   116   129   147   
315   S6290     学生6290      392   115   127   150   
316   S2468     学生2468      391   150   142   99    
317   S5965     学生5965      391   150   129   112   
318   S7601     学生7601      391   150   104   137   
319   S7408     学生7408      391   150   100   141   
320   S8375     学生8375      391   147   123   121   
321   S6822     学生6822      391   147   107   137   
322   S1583     学生1583      391   144   127   120   
323   S4696     学生4696      391   143   126   122   
324   S0184     学生184       391   141   122   128   
325   S4493     学生4493      391   141   120   130   
326   S2172     学生2172      391   136   108   147   
327   S7104     学生7104      391   133   128   130   
328   S1962     学生1962      391   132   144   115   
329   S4194     学生4194      391   131   150   110   
330   S5118     学生5118      391   127   114   150   
331   S4142     学生4142      391   126   118   147   
332   S4344     学生4344      391   125   132   134   
333   S4849     学生4849      391   121   127   143   
334   S3055     学生3055      391   120   141   130   
335   S6922     学生6922      391   120   122   149   
336   S4339     学生4339      391   118   134   139   
337   S9180     学生9180      391   113   131   147   
338   S1423     学生1423      391   111   142   138   
339   S7205     学生7205      391   108   137   146   
340   S1407     学生1407      390   150   132   108   
341   S8900     学生8900      390   150   122   118   
342   S9141     学生9141      390   150   119   121   
343   S3446     学生3446      390   150   113   127   
344   S5912     学生5912      390   150   98    142   
345   S6801     学生6801      390   149   112   129   
346   S7133     学生7133      390   144   140   106   
347   S3784     学生3784      390   141   150   99    
348   S2152     学生2152      390   141   145   104   
349   S7302     学生7302      390   141   126   123   
350   S1281     学生1281      390   140   125   125   
351   S1842     学生1842      390   140   118   132   
352   S2407     学生2407      390   140   112   138   
353   S5791     学生5791      390   139   119   132   
354   S9853     学生9853      390   139   114   137   
355   S8710     学生8710      390   136   110   144   
356   S0116     学生116       390   134   141   115   
357   S3345     学生3345      390   132   127   131   
358   S9876     学生9876      390   131   140   119   
359   S1714     学生1714      390   130   133   127   
359   S1475     学生1475      390   130   133   127   
361   S6126     学生6126      390   130   126   134   
362   S9298     学生9298      390   130   110   150   
363   S8626     学生8626      390   129   136   125   
364   S7550     学生7550      390   128   138   124   
365   S5668     学生5668      390   128   127   135   
366   S9272     学生9272      390   126   117   147   
367   S2828     学生2828      390   124   142   124   
368   S5789     学生5789      390   123   150   117   
369   S0749     学生749       390   116   135   139   
370   S4933     学生4933      390   110   130   150   
371   S3028     学生3028      390   108   150   132   
372   S0623     学生623       389   150   142   97    
373   S5356     学生5356      389   150   133   106   
374   S3646     学生3646      389   150   119   120   
375   S7080     学生7080      389   150   101   138   
376   S4721     学生4721      389   149   132   108   
377   S2910     学生2910      389   148   98    143   
378   S6109     学生6109      389   146   135   108   
379   S0822     学生822       389   143   121   125   
380   S6371     学生6371      389   141   139   109   
381   S8502     学生8502      389   141   129   119   
382   S5373     学生5373      389   138   112   139   
383   S9463     学生9463      389   137   114   138   
384   S5503     学生5503      389   136   142   111   
385   S1510     学生1510      389   135   122   132   
386   S1647     学生1647      389   135   119   135   
387   S4949     学生4949      389   135   104   150   
388   S2548     学生2548      389   134   150   105   
389   S3002     学生3002      389   134   143   112   
390   S3228     学生3228      389   134   116   139   
391   S9546     学生9546      389   134   106   149   
392   S3937     学生3937      389   132   132   125   
393   S8636     学生8636      389   131   150   108   
394   S4920     学生4920      389   131   130   128   
395   S6114     学生6114      389   130   126   133   
396   S8380     学生8380      389   130   116   143   
397   S6923     学生6923      389   129   143   117   
398   S5412     学生5412      389   125   127   137   
399   S9878     学生9878      389   124   148   117   
400   S4989     学生4989      389   124   130   135   
401   S9669     学生9669      389   124   127   138   
402   S9683     学生9683      389   123   134   132   
403   S7666     学生7666      389   121   150   118   
403   S3477     学生3477      389   121   150   118   
405   S6350     学生6350      389   121   137   131   
406   S5362     学生5362      389   117   129   143   
407   S5398     学生5398      389   116   144   129   
408   S5505     学生5505      389   112   142   135   
409   S7152     学生7152      389   112   127   150   
410   S1577     学生1577      389   110   150   129   
411   S2361     学生2361      389   107   147   135   
412   S9906     学生9906      389   105   150   134   
413   S2880     学生2880      388   150   117   121   
414   S8982     学生8982      388   150   114   124   
415   S2210     学生2210      388   150   107   131   
416   S2184     学生2184      388   150   103   135   
417   S0135     学生135       388   150   102   136   
418   S4831     学生4831      388   144   132   112   
419   S0568     学生568       388   143   123   122   
420   S5084     学生5084      388   138   150   100   
421   S9358     学生9358      388   136   140   112   
422   S5561     学生5561      388   136   133   119   
423   S0439     学生439       388   127   145   116   
424   S5411     学生5411      388   127   115   146   
425   S6586     学生6586      388   125   129   134   
426   S9466     学生9466      388   121   142   125   
427   S9856     学生9856      388   116   150   122   
428   S1650     学生1650      388   115   138   135   
429   S0379     学生379       388   111   141   136   
430   S4122     学生4122      388   109   150   129   
431   S3749     学生3749      388   106   150   132   
432   S7979     学生7979      388   104   150   134   
433   S4593     学生4593      388   103   135   150   
434   S5523     学生5523      388   94    149   145   
435   S7774     学生7774      387   150   134   103   
436   S8071     学生8071      387   148   122   117   
437   S0955     学生955       387   145   113   129   
438   S2720     学生2720      387   145   112   130   
439   S8500     学生8500      387   145   105   137   
440   S1710     学生1710      387   143   129   115   
441   S0556     学生556       387   142   133   112   
442   S6451     学生6451      387   139   139   109   
443   S8714     学生8714      387   138   142   107   
444   S3916     学生3916      387   131   144   112   
445   S2480     学生2480      387   131   140   116   
446   S6151     学生6151      387   129   143   115   
447   S6332     学生6332      387   127   135   125   
448   S4039     学生4039      387   127   120   140   
449   S1681     学生1681      387   123   128   136   
450   S9935     学生9935      387   122   132   133   
451   S0127     学生127       387   121   127   139   
452   S5612     学生5612      387   121   123   143   
453   S5065     学生5065      387   120   129   138   
454   S0633     学生633       387   117   139   131   
455   S3644     学生3644      387   116   150   121   
456   S0571     学生571       387   113   150   124   
457   S9278     学生9278      387   113   139   135   
458   S5399     学生5399      387   110   127   150   
459   S0596     学生596       387   108   129   150   
459   S0726     学生726       387   108   129   150   
461   S3310     学生3310      386   150   138   98    
462   S7427     学生7427      386   150   115   121   
463   S3517     学生3517      386   150   108   128   
464   S9851     学生9851      386   150   86    150   
465   S8484     学生8484      386   147   111   128   
466   S5756     学生5756      386   143   140   103   
467   S0648     学生648       386   140   130   116   
468   S0478     学生478       386   140   127   119   
469   S8749     学生8749      386   135   138   113   
470   S1772     学生1772      386   135   129   122   
471   S1291     学生1291      386   134   111   141   
472   S6587     学生6587      386   129   119   138   
473   S1520     学生1520      386   128   125   133   
474   S2469     学生2469      386   127   115   144   
475   S2077     学生2077      386   126   117   143   
476   S5008     学生5008      386   124   136   126   
477   S5608     学生5608      386   123   126   137   
478   S6031     学生6031      386   121   137   128   
479   S7415     学生7415      386   121   115   150   
480   S5521     学生5521      386   120   116   150   
481   S8018     学生8018      386   118   149   119   
482   S9708     学生9708      386   118   118   150   
483   S7907     学生7907      386   111   150   125   
484   S9014     学生9014      386   111   125   150   
485   S8672     学生8672      386   102   142   142   
486   S6964     学生6964      385   150   126   109   
487   S9384     学生9384      385   150   123   112   
488   S8676     学生8676      385   149   103   133   
489   S3080     学生3080      385   149   99    137   
490   S3191     学生3191      385   147   108   130   
491   S3267     学生3267      385   146   134   105   
492   S1657     学生1657      385   146   95    144   
493   S8041     学生8041      385   145   114   126   
494   S0210     学生210       385   144   117   124   
495   S7322     学生7322      385   143   149   93    
496   S1789     学生1789      385   142   143   100   
497   S7959     学生7959      385   141   94    150   
498   S0985     学生985       385   140   130   115   
499   S0843     学生843       385   137   119   129   
500   S4124     学生4124      385   135   138   112   
501   S9488     学生9488      385   135   115   135   
502   S2846     学生2846      385   132   103   150   
503   S7230     学生7230      385   129   150   106   
504   S0421     学生421       385   129   121   135   
505   S0968     学生968       385   129   106   150   
506   S2490     学生2490      385   128   139   118   
507   S6422     学生6422      385   127   150   108   
508   S1403     学生1403      385   127   108   150   
509   S8373     学生8373      385   125   126   134   
510   S1361     学生1361      385   125   120   140   
511   S7150     学生7150      385   125   117   143   
512   S0745     学生745       385   123   144   118   
513   S2825     学生2825      385   120   139   126   
514   S4260     学生4260      385   118   122   145   
515   S9787     学生9787      385   117   142   126   
516   S1524     学生1524      385   117   140   128   
517   S0121     学生121       385   116   127   142   
518   S3563     学生3563      385   112   149   124   
519   S2576     学生2576      385   109   130   146   
520   S3549     学生3549      385   108   150   127   
521   S5444     学生5444      385   101   142   142   
522   S8349     学生8349      384   150   116   118   
523   S5594     学生5594      384   150   106   128   
524   S6084     学生6084      384   150   101   133   
525   S0775     学生775       384   148   119   117   
526   S5221     学生5221      384   144   142   98    
527   S5718     学生5718      384   142   142   100   
528   S3260     学生3260      384   139   95    150   
529   S6647     学生6647      384   138   150   96    
530   S1382     学生1382      384   137   117   130   
531   S1624     学生1624      384   135   129   120   
532   S8182     学生8182      384   134   138   112   
533   S6165     学生6165      384   134   126   124   
534   S1248     学生1248      384   134   121   129   
535   S4119     学生4119      384   132   130   122   
536   S3779     学生3779      384   130   135   119   
537   S2050     学生2050      384   130   119   135   
538   S4954     学生4954      384   130   104   150   
539   S3582     学生3582      384   125   140   119   
540   S0530     学生530       384   125   119   140   
541   S2812     学生2812      384   124   116   144   
542   S4562     学生4562      384   124   112   148   
543   S3610     学生3610      384   122   128   134   
544   S6763     学生6763      384   122   116   146   
545   S7795     学生7795      384   121   130   133   
546   S2509     学生2509      384   121   127   136   
547   S9654     学生9654      384   120   132   132   
548   S2600     学生2600      384   119   150   115   
549   S1465     学生1465      384   118   116   150   
550   S4191     学生4191      384   116   150   118   
551   S1900     学生1900      384   114   128   142   
552   S3432     学生3432      384   113   139   132   
553   S0620     学生620       384   112   142   130   
554   S0786     学生786       384   111   123   150   
555   S3735     学生3735      384   110   133   141   
556   S1711     学生1711      384   108   126   150   
557   S8057     学生8057      384   106   133   145   
558   S8913     学生8913      384   102   134   148   
559   S9452     学生9452      383   150   128   105   
560   S3918     学生3918      383   150   93    140   
561   S3527     学生3527      383   149   122   112   
562   S3152     学生3152      383   147   109   127   
563   S7570     学生7570      383   146   123   114   
564   S0789     学生789       383   141   129   113   
565   S1929     学生1929      383   139   127   117   
566   S2035     学生2035      383   139   112   132   
567   S1944     学生1944      383   139   111   133   
568   S7402     学生7402      383   138   109   136   
569   S9622     学生9622      383   137   108   138   
570   S5959     学生5959      383   136   118   129   
571   S3452     学生3452      383   134   137   112   
572   S8591     学生8591      383   133   102   148   
573   S8082     学生8082      383   132   124   127   
574   S9600     学生9600      383   131   120   132   
575   S5821     学生5821      383   130   131   122   
575   S1798     学生1798      383   130   131   122   
577   S4705     学生4705      383   127   139   117   
578   S8298     学生8298      383   126   127   130   
579   S6201     学生6201      383   125   108   150   
580   S5694     学生5694      383   124   130   129   
581   S4378     学生4378      383   124   114   145   
582   S2446     学生2446      383   122   143   118   
583   S4412     学生4412      383   121   138   124   
584   S9293     学生9293      383   121   112   150   
585   S9916     学生9916      383   120   126   137   
586   S2212     学生2212      383   120   123   140   
587   S9123     学生9123      383   119   118   146   
588   S2667     学生2667      383   119   114   150   
589   S1700     学生1700      383   117   116   150   
590   S2546     学生2546      383   116   140   127   
591   S5560     学生5560      383   115   134   134   
592   S9342     学生9342      383   115   121   147   
593   S0021     学生21        383   114   131   138   
594   S4374     学生4374      383   110   147   126   
595   S7670     学生7670      383   101   141   141   
596   S6025     学生6025      382   150   127   105   
597   S9883     学生9883      382   150   118   114   
598   S6349     学生6349      382   146   120   116   
599   S6267     学生6267      382   145   128   109   
600   S5684     学生5684      382   144   118   120   
601   S4116     学生4116      382   144   105   133   
602   S4052     学生4052      382   140   130   112   
603   S2324     学生2324      382   137   127   118   
604   S2421     学生2421      382   134   148   100   
605   S8898     学生8898      382   132   128   122   
606   S1411     学生1411      382   130   121   131   
607   S3968     学生3968      382   129   136   117   
608   S3847     学生3847      382   128   111   143   
609   S9370     学生9370      382   127   150   105   
610   S1442     学生1442      382   125   147   110   
611   S1720     学生1720      382   125   137   120   
612   S8451     学生8451      382   124   114   144   
613   S4836     学生4836      382   122   125   135   
614   S9931     学生9931      382   120   139   123   
615   S1227     学生1227      382   119   150   113   
616   S5114     学生5114      382   119   113   150   
617   S5858     学生5858      382   117   115   150   
618   S0631     学生631       382   116   144   122   
619   S0509     学生509       382   115   128   139   
620   S5161     学生5161      382   114   140   128   
621   S7299     学生7299      382   112   150   120   
622   S2452     学生2452      382   112   143   127   
623   S3667     学生3667      382   111   124   147   
624   S4441     学生4441      382   109   150   123   
625   S1064     学生1064      382   109   144   129   
626   S9565     学生9565      382   108   150   124   
627   S5440     学生5440      382   108   137   137   
628   S6870     学生6870      382   99    148   135   
629   S4528     学生4528      382   94    148   140   
630   S2047     学生2047      381   150   103   128   
631   S5715     学生5715      381   143   125   113   
632   S0688     学生688       381   140   102   139   
633   S7155     学生7155      381   137   150   94    
634   S4634     学生4634      381   137   130   114   
635   S6562     学生6562      381   137   100   144   
636   S0426     学生426       381   136   106   139   
637   S0805     学生805       381   135   109   137   
638   S4443     学生4443      381   133   124   124   
639   S8248     学生8248      381   132   99    150   
640   S6946     学生6946      381   131   150   100   
641   S3264     学生3264      381   131   127   123   
642   S4943     学生4943      381   130   125   126   
643   S4792     学生4792      381   129   145   107   
644   S1368     学生1368      381   129   115   137   
645   S8179     学生8179      381   129   106   146   
646   S4745     学生4745      381   128   144   109   
647   S5917     学生5917      381   126   144   111   
648   S0827     学生827       381   122   134   125   
649   S7069     学生7069      381   121   130   130   
650   S8014     学生8014      381   119   119   143   
651   S8833     学生8833      381   118   133   130   
652   S4687     学生4687      381   116   115   150   
653   S9313     学生9313      381   115   150   116   
654   S5304     学生5304      381   115   144   122   
655   S6373     学生6373      381   115   119   147   
656   S5697     学生5697      381   112   128   141   
657   S4667     学生4667      381   110   146   125   
658   S4355     学生4355      381   108   135   138   
659   S2189     学生2189      381   108   123   150   
660   S2609     学生2609      381   105   126   150   
661   S6294     学生6294      381   102   129   150   
662   S6497     学生6497      381   95    150   136   
663   S0002     学生2         381   94    137   150   
664   S9439     学生9439      380   150   109   121   
665   S3416     学生3416      380   146   100   134   
666   S3259     学生3259      380   145   93    142   
667   S3025     学生3025      380   143   125   112   
668   S6873     学生6873      380   141   150   89    
669   S3097     学生3097      380   141   127   112   
670   S0477     学生477       380   139   116   125   
671   S5492     学生5492      380   138   132   110   
672   S6531     学生6531      380   138   100   142   
673   S1370     学生1370      380   138   96    146   
674   S0753     学生753       380   137   123   120   
675   S8294     学生8294      380   137   118   125   
676   S0777     学生777       380   137   116   127   
677   S8090     学生8090      380   135   110   135   
678   S2709     学生2709      380   134   118   128   
679   S0960     学生960       380   133   131   116   
680   S4736     学生4736      380   133   123   124   
681   S4532     学生4532      380   132   123   125   
682   S9773     学生9773      380   132   121   127   
683   S1359     学生1359      380   130   120   130   
684   S3783     学生3783      380   130   112   138   
685   S9119     学生9119      380   130   108   142   
686   S5041     学生5041      380   129   127   124   
687   S8830     学生8830      380   129   123   128   
688   S1545     学生1545      380   129   113   138   
689   S9932     学生9932      380   129   108   143   
690   S8099     学生8099      380   129   101   150   
691   S5235     学生5235      380   127   131   122   
692   S6828     学生6828      380   126   138   116   
693   S0668     学生668       380   124   118   138   
694   S9721     学生9721      380   124   114   142   
695   S5431     学生5431      380   123   140   117   
696   S7039     学生7039      380   123   107   150   
697   S4968     学生4968      380   122   124   134   
698   S7158     学生7158      380   122   111   147   
699   S7089     学生7089      380   121   119   140   
700   S3123     学生3123      380   120   121   139   
701   S5270     学生5270      380   120   112   148   
702   S7577     学生7577      380   119   140   121   
703   S2378     学生2378      380   115   150   115   
704   S5605     学生5605      380   110   130   140   
705   S3240     学生3240      380   109   121   150   
706   S5991     学生5991      380   108   134   138   
707   S3572     学生3572      380   107   150   123   
708   S9284     学生9284      380   107   129   144   
709   S1000     学生1000      380   103   148   129   
710   S8962     学生8962      380   102   136   142   
711   S7106     学生7106      380   100   135   145   
712   S7183     学生7183      380   98    150   132   
713   S9951     学生9951      380   95    135   150   
714   S0225     学生225       379   150   110   119   
715   S6433     学生6433      379   150   104   125   
716   S7440     学生7440      379   150   82    147   
717   S4833     学生4833      379   149   134   96    
718   S4750     学生4750      379   147   121   111   
719   S3533     学生3533      379   147   109   123   
720   S2707     学生2707      379   146   99    134   
721   S1597     学生1597      379   145   136   98    
722   S9977     学生9977      379   144   91    144   
723   S2674     学生2674      379   143   110   126   
724   S6809     学生6809      379   142   145   92    
725   S2437     学生2437      379   142   137   100   
726   S6876     学生6876      379   138   110   131   
727   S9076     学生9076      379   135   136   108   
728   S8134     学生8134      379   135   117   127   
729   S4451     学生4451      379   134   141   104   
730   S3225     学生3225      379   134   126   119   
731   S9918     学生9918      379   134   103   142   
732   S2482     学生2482      379   133   126   120   
733   S1815     学生1815      379   132   148   99    
734   S3033     学生3033      379   131   131   117   
735   S7000     学生7000      379   130   127   122   
736   S0536     学生536       379   129   147   103   
737   S7290     学生7290      379   129   111   139   
738   S1101     学生1101      379   129   108   142   
739   S8648     学生8648      379   128   138   113   
740   S2436     学生2436      379   127   149   103   
741   S9161     学生9161      379   127   102   150   
742   S2929     学生2929      379   126   105   148   
743   S5129     学生5129      379   121   133   125   
744   S8615     学生8615      379   120   146   113   
745   S2713     学生2713      379   120   143   116   
746   S8027     学生8027      379   119   126   134   
747   S1296     学生1296      379   118   114   147   
748   S2006     学生2006      379   117   141   121   
749   S4808     学生4808      379   115   138   126   
750   S0306     学生306       379   112   150   117   
750   S1933     学生1933      379   112   150   117   
752   S7461     学生7461      379   111   141   127   
753   S0893     学生893       379   109   128   142   
754   S5279     学生5279      379   108   150   121   
755   S9450     学生9450      379   108   144   127   
756   S8265     学生8265      379   108   121   150   
757   S2208     学生2208      379   105   135   139   
758   S6089     学生6089      379   103   145   131   
759   S9092     学生9092      379   103   127   149   
760   S8395     学生8395      378   150   121   107   
761   S6446     学生6446      378   150   120   108   
762   S3039     学生3039      378   150   117   111   
763   S1135     学生1135      378   150   103   125   
764   S7738     学生7738      378   150   94    134   
765   S7931     学生7931      378   149   122   107   
766   S5306     学生5306      378   149   112   117   
767   S7517     学生7517      378   146   98    134   
768   S0218     学生218       378   144   114   120   
769   S0707     学生707       378   144   113   121   
770   S0520     学生520       378   144   108   126   
771   S7321     学生7321      378   143   127   108   
772   S2685     学生2685      378   143   109   126   
773   S2271     学生2271      378   141   125   112   
774   S5036     学生5036      378   140   118   120   
775   S1339     学生1339      378   137   119   122   
776   S5266     学生5266      378   136   112   130   
777   S0442     学生442       378   135   115   128   
778   S1672     学生1672      378   133   129   116   
779   S9587     学生9587      378   132   150   96    
780   S2075     学生2075      378   132   112   134   
781   S8679     学生8679      378   131   132   115   
782   S2258     学生2258      378   129   150   99    
783   S4859     学生4859      378   129   126   123   
784   S8593     学生8593      378   128   136   114   
785   S2381     学生2381      378   128   135   115   
786   S0938     学生938       378   126   144   108   
787   S9090     学生9090      378   126   123   129   
788   S5291     学生5291      378   125   150   103   
789   S2511     学生2511      378   124   109   145   
790   S9227     学生9227      378   123   118   137   
791   S1496     学生1496      378   123   105   150   
792   S3775     学生3775      378   120   124   134   
793   S7563     学生7563      378   119   126   133   
794   S0918     学生918       378   118   115   145   
795   S1658     学生1658      378   117   142   119   
796   S0508     学生508       378   117   130   131   
797   S5609     学生5609      378   117   121   140   
798   S7991     学生7991      378   116   134   128   
799   S1982     学生1982      378   115   150   113   
800   S7941     学生7941      378   113   142   123   
801   S4347     学生4347      378   112   124   142   
802   S1297     学生1297      378   110   118   150   
803   S8825     学生8825      378   109   144   125   
804   S2718     学生2718      378   106   136   136   
805   S4208     学生4208      378   103   132   143   
806   S5572     学生5572      378   102   138   138   
807   S2831     学生2831      378   102   132   144   
808   S1903     学生1903      378   99    143   136   
809   S7231     学生7231      377   148   107   122   
810   S8520     学生8520      377   147   118   112   
811   S6393     学生6393      377   147   116   114   
812   S0845     学生845       377   146   137   94    
813   S5938     学生5938      377   144   122   111   
814   S3342     学生3342      377   144   93    140   
815   S0877     学生877       377   139   115   123   
816   S2775     学生2775      377   139   105   133   
817   S8846     学生8846      377   136   124   117   
818   S4246     学生4246      377   134   124   119   
819   S3531     学生3531      377   134   115   128   
820   S4681     学生4681      377   133   124   120   
821   S3985     学生3985      377   132   111   134   
822   S7910     学生7910      377   132   95    150   
823   S7392     学生7392      377   131   138   108   
824   S6094     学生6094      377   131   127   119   
825   S0310     学生310       377   130   112   135   
826   S8465     学生8465      377   129   126   122   
827   S8458     学生8458      377   129   123   125   
828   S3974     学生3974      377   126   121   130   
829   S9036     学生9036      377   124   126   127   
830   S5357     学生5357      377   124   117   136   
831   S8283     学生8283      377   124   113   140   
832   S0053     学生53        377   123   123   131   
832   S3704     学生3704      377   123   123   131   
834   S0333     学生333       377   121   142   114   
835   S8744     学生8744      377   121   141   115   
836   S2204     学生2204      377   118   136   123   
837   S8238     学生8238      377   116   150   111   
838   S6928     学生6928      377   116   136   125   
839   S6172     学生6172      377   115   141   121   
840   S8985     学生8985      377   115   120   142   
841   S5923     学生5923      377   113   114   150   
842   S7098     学生7098      377   112   118   147   
843   S2049     学生2049      377   110   118   149   
844   S2495     学生2495      377   109   144   124   
845   S9893     学生9893      377   109   139   129   
846   S1591     学生1591      377   106   121   150   
847   S8512     学生8512      377   105   146   126   
848   S8370     学生8370      377   104   134   139   
849   S3590     学生3590      377   103   137   137   
850   S6979     学生6979      377   101   131   145   
851   S9184     学生9184      376   150   135   91    
852   S8887     学生8887      376   150   108   118   
853   S0481     学生481       376   150   93    133   
854   S5019     学生5019      376   148   138   90    
855   S6538     学生6538      376   147   120   109   
856   S6137     学生6137      376   145   115   116   
857   S9611     学生9611      376   143   128   105   
858   S3020     学生3020      376   143   124   109   
859   S9652     学生9652      376   141   136   99    
860   S4586     学生4586      376   141   116   119   
861   S1805     学生1805      376   140   119   117   
862   S9477     学生9477      376   139   123   114   
863   S0010     学生10        376   136   126   114   
864   S8563     学生8563      376   136   109   131   
865   S5124     学生5124      376   135   122   119   
866   S1620     学生1620      376   134   120   122   
867   S5785     学生5785      376   134   92    150   
868   S9675     学生9675      376   133   137   106   
869   S6261     学生6261      376   133   126   117   
870   S1833     学生1833      376   133   123   120   
871   S6301     学生6301      376   132   132   112   
872   S5762     学生5762      376   132   128   116   
873   S9433     学生9433      376   131   127   118   
874   S6895     学生6895      376   129   133   114   
875   S4265     学生4265      376   129   122   125   
876   S7725     学生7725      376   129   112   135   
877   S8183     学生8183      376   127   114   135   
878   S8729     学生8729      376   126   128   122   
879   S6616     学生6616      376   125   136   115   
880   S6500     学生6500      376   125   101   150   
881   S5580     学生5580      376   124   137   115   
882   S5188     学生5188      376   124   135   117   
883   S3493     学生3493      376   123   135   118   
884   S0797     学生797       376   121   115   140   
885   S0295     学生295       376   121   110   145   
886   S3248     学生3248      376   121   105   150   
887   S7281     学生7281      376   120   144   112   
888   S8232     学生8232      376   118   136   122   
889   S5320     学生5320      376   116   138   122   
890   S2666     学生2666      376   115   133   128   
891   S9157     学生9157      376   114   131   131   
892   S1452     学生1452      376   111   150   115   
893   S5582     学生5582      376   110   137   129   
894   S1458     学生1458      376   109   150   117   
894   S1511     学生1511      376   109   150   117   
896   S5847     学生5847      376   109   131   136   
897   S6875     学生6875      376   109   127   140   
898   S0564     学生564       376   107   119   150   
899   S1441     学生1441      376   105   144   127   
900   S0346     学生346       376   96    134   146   
901   S9075     学生9075      376   94    132   150   
902   S0915     学生915       376   88    143   145   
903   S1580     学生1580      376   84    142   150   
904   S3642     学生3642      375   150   108   117   
905   S7696     学生7696      375   150   105   120   
906   S4069     学生4069      375   150   103   122   
907   S4290     学生4290      375   150   89    136   
908   S0575     学生575       375   149   107   119   
909   S6965     学生6965      375   144   132   99    
910   S8437     学生8437      375   144   95    136   
910   S9164     学生9164      375   144   95    136   
912   S1670     学生1670      375   142   125   108   
913   S1215     学生1215      375   139   132   104   
914   S0622     学生622       375   139   115   121   
915   S2355     学生2355      375   138   127   110   
916   S1565     学生1565      375   137   114   124   
917   S5140     学生5140      375   135   118   122   
918   S8170     学生8170      375   132   106   137   
919   S7096     学生7096      375   129   137   109   
920   S0272     学生272       375   129   107   139   
921   S5087     学生5087      375   129   106   140   
922   S9885     学生9885      375   128   113   134   
923   S2398     学生2398      375   125   125   125   
924   S7554     学生7554      375   124   139   112   
925   S2303     学生2303      375   124   101   150   
926   S6337     学生6337      375   123   129   123   
927   S0141     学生141       375   123   114   138   
928   S4699     学生4699      375   123   110   142   
929   S0587     学生587       375   122   118   135   
930   S7693     学生7693      375   122   103   150   
931   S7335     学生7335      375   121   142   112   
932   S9919     学生9919      375   121   134   120   
933   S9745     学生9745      375   120   150   105   
934   S7732     学生7732      375   119   132   124   
935   S4964     学生4964      375   119   118   138   
936   S5661     学生5661      375   118   123   134   
937   S4385     学生4385      375   118   111   146   
938   S6270     学生6270      375   117   149   109   
939   S8390     学生8390      375   117   134   124   
940   S1760     学生1760      375   117   124   134   
941   S1764     学生1764      375   117   119   139   
942   S5067     学生5067      375   116   146   113   
943   S6682     学生6682      375   116   110   149   
944   S1899     学生1899      375   115   150   110   
945   S1984     学生1984      375   115   138   122   
946   S2488     学生2488      375   115   134   126   
947   S5109     学生5109      375   115   125   135   
948   S8950     学生8950      375   114   132   129   
949   S6402     学生6402      375   114   122   139   
950   S9735     学生9735      375   113   134   128   
951   S1838     学生1838      375   112   126   137   
952   S3726     学生3726      375   111   131   133   
953   S8633     学生8633      375   110   147   118   
954   S3294     学生3294      375   110   139   126   
955   S4170     学生4170      375   109   121   145   
956   S6234     学生6234      375   108   133   134   
957   S8922     学生8922      375   107   150   118   
958   S8561     学生8561      375   106   132   137   
959   S9861     学生9861      375   106   122   147   
960   S3492     学生3492      375   89    136   150   
961   S9623     学生9623      375   82    150   143   
962   S5891     学生5891      374   150   144   80    
963   S0351     学生351       374   150   142   82    
964   S4614     学生4614      374   150   74    150   
965   S1209     学生1209      374   147   112   115   
966   S6176     学生6176      374   141   136   97    
967   S6719     学生6719      374   140   122   112   
968   S4463     学生4463      374   138   134   102   
969   S4774     学生4774      374   138   119   117   
970   S5002     学生5002      374   136   143   95    
971   S5814     学生5814      374   136   107   131   
972   S3892     学生3892      374   136   106   132   
973   S7590     学生7590      374   135   118   121   
974   S1083     学生1083      374   134   135   105   
975   S5581     学生5581      374   134   111   129   
976   S3628     学生3628      374   132   115   127   
977   S8642     学生8642      374   131   122   121   
978   S5337     学生5337      374   131   93    150   
979   S3159     学生3159      374   128   96    150   
980   S6686     学生6686      374   127   115   132   
981   S1154     学生1154      374   126   124   124   
982   S6100     学生6100      374   126   118   130   
983   S2695     学生2695      374   125   116   133   
984   S5379     学生5379      374   124   115   135   
985   S4734     学生4734      374   123   128   123   
986   S0655     学生655       374   123   123   128   
987   S6670     学生6670      374   123   112   139   
988   S1185     学生1185      374   122   123   129   
989   S2967     学生2967      374   121   135   118   
990   S6175     学生6175      374   120   129   125   
991   S1784     学生1784      374   120   113   141   
992   S3290     学生3290      374   119   150   105   
993   S9713     学生9713      374   115   136   123   
994   S2593     学生2593      374   113   140   121   
995   S4317     学生4317      374   112   124   138   
996   S7146     学生7146      374   111   141   122   
997   S5531     学生5531      374   110   150   114   
998   S9472     学生9472      374   109   147   118   
999   S2843     学生2843      374   109   132   133   
1000  S9555     学生9555      374   97    127   150   
1001  S4181     学生4181      374   94    150   130   
1002  S4176     学生4176      374   93    150   131   
1003  S2032     学生2032      373   150   129   94    
1004  S5751     学生5751      373   150   123   100   
1005  S3925     学生3925      373   150   105   118   
1006  S0423     学生423       373   150   84    139   
1007  S0154     学生154       373   148   113   112   
1008  S7588     学生7588      373   147   127   99    
1009  S8649     学生8649      373   146   145   82    
1010  S3258     学生3258      373   146   91    136   
1011  S2103     学生2103      373   145   133   95    
1012  S9538     学生9538      373   144   110   119   
1013  S6398     学生6398      373   142   114   117   
1014  S0616     学生616       373   139   105   129   
1015  S6927     学生6927      373   137   143   93    
1016  S4340     学生4340      373   137   95    141   
1017  S4546     学生4546      373   136   104   133   
1018  S7390     学生7390      373   136   98    139   
1019  S3596     学生3596      373   135   114   124   
1020  S6145     学生6145      373   134   128   111   
1021  S9959     学生9959      373   134   109   130   
1022  S3462     学生3462      373   133   129   111   
1023  S0867     学生867       373   133   123   117   
1024  S2030     学生2030      373   133   100   140   
1025  S2824     学生2824      373   132   140   101   
1026  S4810     学生4810      373   132   133   108   
1027  S4049     学生4049      373   132   131   110   
1028  S9783     学生9783      373   132   128   113   
1029  S9989     学生9989      373   131   142   100   
1030  S7478     学生7478      373   131   133   109   
1031  S2362     学生2362      373   129   122   122   
1032  S3406     学生3406      373   129   107   137   
1033  S8119     学生8119      373   126   131   116   
1034  S4595     学生4595      373   126   120   127   
1035  S7587     学生7587      373   125   125   123   
1036  S6553     学生6553      373   125   117   131   
1037  S2228     学生2228      373   122   106   145   
1038  S4918     学生4918      373   119   143   111   
1039  S8812     学生8812      373   119   112   142   
1040  S6797     学生6797      373   116   149   108   
1041  S3212     学生3212      373   116   140   117   
1042  S2214     学生2214      373   115   136   122   
1043  S6901     学生6901      373   113   126   134   
1044  S4710     学生4710      373   110   150   113   
1045  S5619     学生5619      373   110   133   130   
1046  S8927     学生8927      373   108   150   115   
1047  S7074     学生7074      373   107   129   137   
1048  S6570     学生6570      373   107   122   144   
1049  S5497     学生5497      373   106   133   134   
1050  S9677     学生9677      373   99    149   125   
1051  S9628     学生9628      373   96    129   148   
1052  S4575     学生4575      373   93    150   130   
1053  S2692     学生2692      373   90    150   133   
1054  S9903     学生9903      373   89    145   139   
1055  S1834     学生1834      373   86    150   137   
1056  S2966     学生2966      373   86    137   150   
1057  S7071     学生7071      372   150   107   115   
1058  S6186     学生6186      372   150   104   118   
1059  S9259     学生9259      372   149   118   105   
1060  S5419     学生5419      372   148   88    136   
1061  S4331     学生4331      372   147   103   122   
1062  S0013     学生13        372   147   102   123   
1063  S5600     学生5600      372   146   150   76    
1064  S8083     学生8083      372   146   131   95    
1065  S5675     学生5675      372   146   106   120   
1066  S9794     学生9794      372   145   135   92    
1067  S7804     学生7804      372   144   83    145   
1068  S0302     学生302       372   140   126   106   
1069  S2680     学生2680      372   140   101   131   
1070  S7971     学生7971      372   140   95    137   
1071  S1282     学生1282      372   139   125   108   
1072  S4274     学生4274      372   139   103   130   
1073  S5688     学生5688      372   138   123   111   
1074  S0453     学生453       372   138   114   120   
1075  S7628     学生7628      372   137   123   112   
1076  S4343     学生4343      372   136   120   116   
1077  S4585     学生4585      372   134   133   105   
1078  S4560     学生4560      372   134   125   113   
1079  S1278     学生1278      372   134   100   138   
1080  S7342     学生7342      372   129   115   128   
1081  S7808     学生7808      372   129   99    144   
1082  S2774     学生2774      372   128   116   128   
1083  S1114     学生1114      372   128   111   133   
1084  S3835     学生3835      372   126   128   118   
1085  S0277     学生277       372   125   140   107   
1086  S7781     学生7781      372   125   115   132   
1087  S6881     学生6881      372   125   109   138   
1088  S0820     学生820       372   124   135   113   
1089  S5699     学生5699      372   124   120   128   
1090  S5498     学生5498      372   123   118   131   
1091  S3970     学生3970      372   122   142   108   
1092  S6884     学生6884      372   122   101   149   
1093  S7875     学生7875      372   121   142   109   
1094  S3112     学生3112      372   121   133   118   
1095  S0055     学生55        372   121   129   122   
1096  S8989     学生8989      372   120   138   114   
1097  S0713     学生713       372   120   122   130   
1098  S3579     学生3579      372   119   129   124   
1099  S3269     学生3269      372   119   103   150   
1100  S0262     学生262       372   118   131   123   
1101  S0150     学生150       372   118   120   134   
1102  S8892     学生8892      372   117   150   105   
1103  S7757     学生7757      372   117   122   133   
1104  S2330     学生2330      372   116   150   106   
1105  S7925     学生7925      372   116   147   109   
1106  S3547     学生3547      372   116   109   147   
1107  S2550     学生2550      372   115   133   124   
1108  S7294     学生7294      372   114   133   125   
1109  S4662     学生4662      372   114   127   131   
1110  S1694     学生1694      372   113   136   123   
1111  S5457     学生5457      372   112   124   136   
1112  S4483     学生4483      372   112   122   138   
1113  S6515     学生6515      372   111   123   138   
1114  S2641     学生2641      372   110   139   123   
1115  S4129     学生4129      372   109   140   123   
1116  S2891     学生2891      372   106   147   119   
1117  S2246     学生2246      372   104   143   125   
1118  S0903     学生903       372   104   118   150   
1119  S9101     学生9101      372   102   143   127   
1120  S5049     学生5049      372   100   132   140   
1121  S1043     学生1043      372   93    150   129   
1122  S7344     学生7344      372   88    134   150   
1123  S2165     学生2165      371   150   105   116   
1124  S4425     学生4425      371   150   104   117   
1125  S4458     学生4458      371   149   108   114   
1126  S2031     学生2031      371   148   120   103   
1127  S2157     学生2157      371   148   101   122   
1128  S7836     学生7836      371   146   116   109   
1129  S9607     学生9607      371   145   116   110   
1130  S6491     学生6491      371   145   114   112   
1131  S0518     学生518       371   144   142   85    
1132  S7047     学生7047      371   144   122   105   
1133  S8952     学生8952      371   144   106   121   
1134  S9467     学生9467      371   143   131   97    
1135  S5630     学生5630      371   143   118   110   
1136  S8034     学生8034      371   140   132   99    
1137  S7246     学生7246      371   140   113   118   
1138  S9107     学生9107      371   136   87    148   
1139  S9407     学生9407      371   135   120   116   
1139  S8470     学生8470      371   135   120   116   
1141  S7885     学生7885      371   135   109   127   
1142  S3071     学生3071      371   133   110   128   
1143  S0886     学生886       371   130   120   121   
1144  S9604     学生9604      371   130   104   137   
1145  S2864     学生2864      371   129   132   110   
1146  S5452     学生5452      371   129   130   112   
1147  S7439     学生7439      371   128   142   101   
1148  S3135     学生3135      371   126   144   101   
1149  S0411     学生411       371   125   150   96    
1150  S9983     学生9983      371   125   134   112   
1151  S2430     学生2430      371   125   126   120   
1152  S2227     学生2227      371   122   150   99    
1153  S3915     学生3915      371   122   134   115   
1154  S9127     学生9127      371   121   118   132   
1155  S3352     学生3352      371   121   102   148   
1156  S0171     学生171       371   119   102   150   
1157  S6417     学生6417      371   117   132   122   
1158  S0146     学生146       371   115   115   141   
1159  S5944     学生5944      371   114   143   114   
1160  S3160     学生3160      371   114   132   125   
1161  S6341     学生6341      371   113   150   108   
1162  S4926     学生4926      371   113   149   109   
1163  S0214     学生214       371   113   139   119   
1164  S7538     学生7538      371   113   122   136   
1165  S5475     学生5475      371   112   148   111   
1166  S3657     学生3657      371   110   139   122   
1167  S6545     学生6545      371   108   114   149   
1168  S5102     学生5102      371   106   115   150   
1169  S6057     学生6057      371   105   122   144   
1170  S0658     学生658       371   104   150   117   
1171  S3956     学生3956      371   94    127   150   
1172  S3720     学生3720      371   92    129   150   
1173  S3750     学生3750      370   150   119   101   
1174  S1934     学生1934      370   150   84    136   
1175  S4206     学生4206      370   145   140   85    
1176  S1084     学生1084      370   143   118   109   
1177  S2721     学生2721      370   141   109   120   
1178  S6911     学生6911      370   141   102   127   
1179  S9007     学生9007      370   140   94    136   
1180  S8064     学生8064      370   139   138   93    
1181  S5428     学生5428      370   138   119   113   
1182  S0200     学生200       370   138   118   114   
1183  S3148     学生3148      370   138   104   128   
1184  S6082     学生6082      370   137   121   112   
1185  S9350     学生9350      370   135   123   112   
1186  S1006     学生1006      370   134   127   109   
1187  S2443     学生2443      370   134   95    141   
1188  S3541     学生3541      370   132   120   118   
1189  S1569     学生1569      370   131   130   109   
1190  S7676     学生7676      370   130   132   108   
1191  S4806     学生4806      370   130   126   114   
1192  S9965     学生9965      370   129   129   112   
1193  S4733     学生4733      370   128   127   115   
1194  S1635     学生1635      370   128   125   117   
1195  S1207     学生1207      370   126   138   106   
1196  S1522     学生1522      370   126   132   112   
1197  S4188     学生4188      370   126   118   126   
1198  S0441     学生441       370   125   119   126   
1199  S9244     学生9244      370   123   123   124   
1200  S2166     学生2166      370   122   150   98    
1201  S8123     学生8123      370   122   139   109   
1202  S3789     学生3789      370   122   129   119   
1203  S4758     学生4758      370   122   123   125   
1204  S6675     学生6675      370   122   122   126   
1205  S4844     学生4844      370   121   118   131   
1206  S1810     学生1810      370   120   105   145   
1207  S4606     学生4606      370   119   126   125   
1208  S0382     学生382       370   118   144   108   
1209  S7252     学生7252      370   118   134   118   
1210  S2617     学生2617      370   118   126   126   
1211  S6129     学生6129      370   117   119   134   
1212  S8934     学生8934      370   117   117   136   
1213  S5199     学生5199      370   116   121   133   
1214  S0516     学生516       370   115   150   105   
1215  S2728     学生2728      370   115   125   130   
1216  S3101     学生3101      370   114   146   110   
1217  S5996     学生5996      370   114   140   116   
1218  S2306     学生2306      370   114   115   141   
1219  S9026     学生9026      370   113   147   110   
1220  S5650     学生5650      370   113   129   128   
1221  S1365     学生1365      370   113   123   134   
1222  S1939     学生1939      370   112   149   109   
1223  S4389     学生4389      370   109   127   134   
1224  S1274     学生1274      370   107   113   150   
1225  S9858     学生9858      370   101   119   150   
1226  S1254     学生1254      370   96    133   141   
1227  S7426     学生7426      370   93    150   127   
1228  S0254     学生254       370   86    134   150   
1229  S1134     学生1134      369   150   125   94    
1230  S2017     学生2017      369   150   108   111   
1231  S6550     学生6550      369   150   107   112   
1232  S3681     学生3681      369   150   102   117   
1232  S8019     学生8019      369   150   102   117   
1234  S9016     学生9016      369   150   76    143   
1235  S3015     学生3015      369   149   91    129   
1236  S3553     学生3553      369   146   96    127   
1237  S1044     学生1044      369   142   119   108   
1238  S4780     学生4780      369   142   99    128   
1239  S8434     学生8434      369   141   99    129   
1240  S7429     学生7429      369   138   116   115   
1241  S4296     学生4296      369   137   95    137   
1242  S8673     学生8673      369   136   122   111   
1243  S5282     学生5282      369   136   107   126   
1244  S7733     学生7733      369   135   130   104   
1245  S5824     学生5824      369   135   124   110   
1246  S0856     学生856       369   135   115   119   
1247  S5839     学生5839      369   134   113   122   
1248  S9081     学生9081      369   134   85    150   
1249  S8494     学生8494      369   133   108   128   
1250  S7780     学生7780      369   132   126   111   
1251  S7118     学生7118      369   132   87    150   
1252  S8449     学生8449      369   130   128   111   
1253  S4999     学生4999      369   130   124   115   
1254  S8012     学生8012      369   130   107   132   
1255  S0403     学生403       369   129   128   112   
1255  S5476     学生5476      369   129   128   112   
1257  S2015     学生2015      369   129   125   115   
1257  S5772     学生5772      369   129   125   115   
1259  S3790     学生3790      369   127   105   137   
1260  S9192     学生9192      369   125   150   94    
1261  S3378     学生3378      369   125   122   122   
1262  S3324     学生3324      369   124   120   125   
1263  S8802     学生8802      369   123   150   96    
1264  S4998     学生4998      369   123   119   127   
1265  S6757     学生6757      369   122   150   97    
1266  S1075     学生1075      369   122   132   115   
1267  S2552     学生2552      369   122   118   129   
1268  S4773     学生4773      369   122   115   132   
1269  S4072     学生4072      369   121   119   129   
1270  S9786     学生9786      369   121   109   139   
1271  S8190     学生8190      369   120   119   130   
1272  S9326     学生9326      369   119   121   129   
1273  S5873     学生5873      369   119   118   132   
1274  S3323     学生3323      369   117   147   105   
1275  S1316     学生1316      369   116   143   110   
1276  S2004     学生2004      369   116   122   131   
1277  S5336     学生5336      369   115   139   115   
1278  S2747     学生2747      369   111   138   120   
1279  S9971     学生9971      369   110   129   130   
1280  S1253     学生1253      369   109   132   128   
1281  S6737     学生6737      369   108   136   125   
1282  S1486     学生1486      369   108   127   134   
1283  S4297     学生4297      369   105   136   128   
1284  S2124     学生2124      369   103   116   150   
1285  S9465     学生9465      369   101   129   139   
1286  S3417     学生3417      369   100   133   136   
1287  S4873     学生4873      369   99    137   133   
1288  S2790     学生2790      369   98    121   150   
1289  S6638     学生6638      369   97    130   142   
1290  S4363     学生4363      369   95    134   140   
1291  S9647     学生9647      369   95    124   150   
1292  S7343     学生7343      369   94    150   125   
1293  S4495     学生4495      369   94    147   128   
1294  S9392     学生9392      369   93    144   132   
1295  S1225     学生1225      369   90    130   149   
1296  S2816     学生2816      369   81    150   138   
1296  S4992     学生4992      369   81    150   138   
1298  S5621     学生5621      368   150   126   92    
1299  S4555     学生4555      368   150   121   97    
1300  S1525     学生1525      368   150   115   103   
1301  S4111     学生4111      368   150   111   107   
1302  S5947     学生5947      368   150   105   113   
1303  S3972     学生3972      368   150   98    120   
1304  S1033     学生1033      368   148   112   108   
1305  S5906     学生5906      368   146   118   104   
1306  S5512     学生5512      368   145   102   121   
1307  S4983     学生4983      368   144   116   108   
1308  S8304     学生8304      368   140   119   109   
1309  S8322     学生8322      368   140   102   126   
1310  S6633     学生6633      368   139   150   79    
1311  S3433     学生3433      368   139   102   127   
1312  S2837     学生2837      368   136   133   99    
1313  S0401     学生401       368   135   130   103   
1314  S2744     学生2744      368   135   99    134   
1315  S5166     学生5166      368   135   83    150   
1316  S0280     学生280       368   133   108   127   
1317  S6138     学生6138      368   132   117   119   
1318  S4508     学生4508      368   130   116   122   
1319  S4404     学生4404      368   130   110   128   
1320  S3819     学生3819      368   130   98    140   
1321  S3053     学生3053      368   128   128   112   
1322  S0872     学生872       368   128   109   131   
1323  S7145     学生7145      368   127   121   120   
1324  S9373     学生9373      368   124   100   144   
1325  S5430     学生5430      368   123   115   130   
1326  S8080     学生8080      368   123   105   140   
1327  S7671     学生7671      368   122   125   121   
1328  S3575     学生3575      368   122   96    150   
1329  S6018     学生6018      368   121   116   131   
1330  S8483     学生8483      368   121   106   141   
1331  S9575     学生9575      368   116   150   102   
1332  S5692     学生5692      368   116   148   104   
1333  S7813     学生7813      368   116   142   110   
1334  S8549     学生8549      368   114   113   141   
1335  S8158     学生8158      368   113   133   122   
1336  S9912     学生9912      368   111   138   119   
1337  S5488     学生5488      368   111   118   139   
1338  S2686     学生2686      368   110   126   132   
1339  S8650     学生8650      368   110   108   150   
1340  S5899     学生5899      368   106   119   143   
1341  S0208     学生208       368   105   147   116   
1342  S9846     学生9846      368   105   117   146   
1343  S3943     学生3943      368   104   131   133   
1344  S6305     学生6305      368   103   115   150   
1345  S1708     学生1708      368   100   118   150   
1346  S8904     学生8904      368   97    129   142   
1347  S2626     学生2626      368   91    134   143   
1348  S6867     学生6867      368   89    140   139   
1349  S5933     学生5933      368   83    150   135   
1350  S9420     学生9420      368   72    146   150   
1351  S3409     学生3409      367   150   135   82    
1352  S9086     学生9086      367   150   125   92    
1353  S0315     学生315       367   150   108   109   
1354  S3687     学生3687      367   150   104   113   
1355  S4047     学生4047      367   150   101   116   
1355  S8581     学生8581      367   150   101   116   
1357  S7709     学生7709      367   150   100   117   
1358  S3535     学生3535      367   150   97    120   
1359  S4826     学生4826      367   148   111   108   
1360  S6180     学生6180      367   147   98    122   
1361  S5949     学生5949      367   145   99    123   
1362  S2493     学生2493      367   144   130   93    
1363  S6177     学生6177      367   143   132   92    
1364  S6534     学生6534      367   143   106   118   
1365  S3702     学生3702      367   143   105   119   
1366  S5072     学生5072      367   143   98    126   
1367  S2745     学生2745      367   140   117   110   
1368  S7173     学生7173      367   138   99    130   
1369  S2852     学生2852      367   137   114   116   
1370  S6513     学生6513      367   136   135   96    
1371  S1172     学生1172      367   135   139   93    
1372  S8376     学生8376      367   135   101   131   
1373  S4684     学生4684      367   135   100   132   
1374  S3047     学生3047      367   134   150   83    
1375  S5669     学生5669      367   134   125   108   
1376  S6585     学生6585      367   133   125   109   
1377  S1902     学生1902      367   132   115   120   
1378  S9976     学生9976      367   130   135   102   
1379  S4921     学生4921      367   130   128   109   
1380  S5131     学生5131      367   130   125   112   
1381  S6565     学生6565      367   130   122   115   
1382  S0349     学生349       367   129   117   121   
1383  S4907     学生4907      367   129   90    148   
1384  S8513     学生8513      367   126   150   91    
1385  S4190     学生4190      367   124   140   103   
1386  S9028     学生9028      367   124   108   135   
1387  S6216     学生6216      367   124   93    150   
1388  S7884     学生7884      367   122   143   102   
1389  S5499     学生5499      367   122   134   111   
1390  S8131     学生8131      367   122   118   127   
1391  S8686     学生8686      367   122   112   133   
1392  S1187     学生1187      367   121   130   116   
1393  S4707     学生4707      367   121   124   122   
1394  S3046     学生3046      367   120   150   97    
1395  S9897     学生9897      367   119   103   145   
1396  S6260     学生6260      367   118   137   112   
1397  S6931     学生6931      367   116   129   122   
1398  S9156     学生9156      367   115   135   117   
1399  S3173     学生3173      367   115   131   121   
1400  S0529     学生529       367   114   135   118   
1401  S4251     学生4251      367   110   132   125   
1402  S1310     学生1310      367   110   117   140   
1403  S6365     学生6365      367   107   142   118   
1404  S8348     学生8348      367   107   134   126   
1405  S7974     学生7974      367   105   146   116   
1406  S0541     学生541       367   105   125   137   
1407  S9480     学生9480      367   104   141   122   
1408  S6421     学生6421      367   104   116   147   
1409  S8861     学生8861      367   103   150   114   
1410  S4209     学生4209      367   102   140   125   
1411  S7702     学生7702      367   91    126   150   
1412  S2610     学生2610      367   81    150   136   
1413  S7085     学生7085      366   150   116   100   
1414  S1242     学生1242      366   150   98    118   
1415  S3791     学生3791      366   150   90    126   
1416  S4786     学生4786      366   149   94    123   
1417  S9203     学生9203      366   147   134   85    
1418  S6636     学生6636      366   146   124   96    
1419  S7617     学生7617      366   146   98    122   
1420  S6045     学生6045      366   144   124   98    
1421  S0370     学生370       366   143   109   114   
1422  S1165     学生1165      366   143   79    144   
1423  S0404     学生404       366   141   125   100   
1424  S0056     学生56        366   141   123   102   
1425  S0095     学生95        366   139   126   101   
1426  S2249     学生2249      366   139   116   111   
1427  S8146     学生8146      366   138   120   108   
1428  S4726     学生4726      366   137   137   92    
1429  S4886     学生4886      366   136   109   121   
1430  S1685     学生1685      366   134   115   117   
1431  S9362     学生9362      366   130   99    137   
1432  S7121     学生7121      366   129   130   107   
1433  S9833     学生9833      366   129   115   122   
1434  S7898     学生7898      366   128   117   121   
1435  S5234     学生5234      366   128   101   137   
1436  S0519     学生519       366   127   150   89    
1437  S7663     学生7663      366   127   128   111   
1438  S6194     学生6194      366   127   101   138   
1439  S2651     学生2651      366   126   112   128   
1440  S7610     学生7610      366   125   126   115   
1441  S8953     学生8953      366   125   116   125   
1442  S1779     学生1779      366   125   102   139   
1443  S3771     学生3771      366   125   91    150   
1444  S5284     学生5284      366   124   143   99    
1445  S8530     学生8530      366   123   134   109   
1446  S7184     学生7184      366   123   117   126   
1447  S9129     学生9129      366   122   138   106   
1448  S2640     学生2640      366   121   135   110   
1449  S2023     学生2023      366   121   131   114   
1450  S5186     学生5186      366   121   125   120   
1451  S0870     学生870       366   121   119   126   
1452  S0191     学生191       366   121   111   134   
1453  S9734     学生9734      366   121   110   135   
1454  S5240     学生5240      366   121   95    150   
1455  S4390     学生4390      366   120   113   133   
1456  S5800     学生5800      366   118   130   118   
1457  S2529     学生2529      366   117   131   118   
1458  S2365     学生2365      366   117   127   122   
1459  S2340     学生2340      366   116   150   100   
1460  S2876     学生2876      366   116   135   115   
1461  S6432     学生6432      366   116   118   132   
1462  S0533     学生533       366   115   118   133   
1463  S6628     学生6628      366   114   126   126   
1464  S8582     学生8582      366   112   146   108   
1465  S3023     学生3023      366   112   127   127   
1466  S4905     学生4905      366   112   126   128   
1467  S2848     学生2848      366   111   150   105   
1468  S5951     学生5951      366   111   114   141   
1469  S2491     学生2491      366   111   105   150   
1470  S2810     学生2810      366   110   134   122   
1471  S1020     学生1020      366   110   125   131   
1472  S0840     学生840       366   110   106   150   
1473  S8360     学生8360      366   107   129   130   
1474  S4372     学生4372      366   107   117   142   
1475  S3131     学生3131      366   106   150   110   
1476  S9880     学生9880      366   106   142   118   
1477  S6475     学生6475      366   106   131   129   
1478  S4884     学生4884      366   105   126   135   
1479  S3629     学生3629      366   103   116   147   
1480  S3302     学生3302      366   102   115   149   
1481  S3281     学生3281      366   101   120   145   
1482  S1464     学生1464      366   99    146   121   
1483  S7202     学生7202      366   99    140   127   
1484  S7497     学生7497      366   95    132   139   
1485  S0178     学生178       366   89    127   150   
1486  S2689     学生2689      366   86    130   150   
1487  S1587     学生1587      366   76    145   145   
1488  S4210     学生4210      365   150   105   110   
1489  S1053     学生1053      365   148   114   103   
1490  S1429     学生1429      365   145   131   89    
1491  S4354     学生4354      365   144   122   99    
1492  S2323     学生2323      365   144   86    135   
1493  S8627     学生8627      365   142   106   117   
1494  S8606     学生8606      365   141   123   101   
1495  S6218     学生6218      365   139   137   89    
1496  S0197     学生197       365   139   119   107   
1497  S5484     学生5484      365   138   120   107   
1498  S2144     学生2144      365   134   116   115   
1499  S8124     学生8124      365   134   95    136   
1500  S1228     学生1228      365   133   117   115   
1501  S3402     学生3402      365   133   100   132   
1502  S5997     学生5997      365   133   99    133   
1503  S1662     学生1662      365   133   93    139   
1504  S8793     学生8793      365   132   105   128   
1505  S1469     学生1469      365   132   96    137   
1506  S7681     学生7681      365   131   129   105   
1507  S8195     学生8195      365   130   121   114   
1508  S5366     学生5366      365   129   133   103   
1509  S8268     学生8268      365   128   137   100   
1510  S8001     学生8001      365   128   130   107   
1511  S4335     学生4335      365   126   121   118   
1512  S5628     学生5628      365   126   118   121   
1513  S9778     学生9778      365   126   89    150   
1514  S1420     学生1420      365   125   121   119   
1515  S4912     学生4912      365   125   117   123   
1516  S2806     学生2806      365   124   93    148   
1517  S3546     学生3546      365   123   126   116   
1518  S8101     学生8101      365   123   105   137   
1519  S4663     学生4663      365   118   122   125   
1520  S6426     学生6426      365   118   114   133   
1521  S5980     学生5980      365   117   125   123   
1522  S7345     学生7345      365   116   128   121   
1523  S1754     学生1754      365   115   128   122   
1524  S4153     学生4153      365   115   110   140   
1525  S7488     学生7488      365   113   150   102   
1526  S8115     学生8115      365   113   140   112   
1527  S1107     学生1107      365   113   139   113   
1528  S4626     学生4626      365   113   138   114   
1529  S1687     学生1687      365   113   124   128   
1530  S3845     学生3845      365   113   115   137   
1531  S5459     学生5459      365   112   142   111   
1531  S9978     学生9978      365   112   142   111   
1533  S3511     学生3511      365   112   125   128   
1534  S4650     学生4650      365   111   150   104   
1535  S7270     学生7270      365   109   134   122   
1536  S8371     学生8371      365   109   133   123   
1537  S6487     学生6487      365   109   128   128   
1538  S2151     学生2151      365   109   123   133   
1539  S0808     学生808       365   108   130   127   
1540  S1367     学生1367      365   108   125   132   
1541  S3466     学生3466      365   106   134   125   
1542  S2762     学生2762      365   104   111   150   
1543  S5004     学生5004      365   103   134   128   
1544  S5068     学生5068      365   101   134   130   
1545  S3500     学生3500      365   98    120   147   
1546  S2305     学生2305      365   96    127   142   
1547  S7728     学生7728      365   95    128   142   
1548  S1457     学生1457      365   95    127   143   
1549  S2526     学生2526      365   88    139   138   
1550  S0550     学生550       365   86    129   150   
1551  S2121     学生2121      365   85    130   150   
1552  S5303     学生5303      365   84    146   135   
1553  S7674     学生7674      364   150   121   93    
1554  S3530     学生3530      364   150   109   105   
1555  S4475     学生4475      364   150   94    120   
1556  S7072     学生7072      364   149   97    118   
1557  S5558     学生5558      364   148   83    133   
1558  S7011     学生7011      364   145   109   110   
1559  S5644     学生5644      364   141   108   115   
1560  S3627     学生3627      364   139   143   82    
1561  S6192     学生6192      364   139   129   96    
1562  S6612     学生6612      364   139   116   109   
1563  S6424     学生6424      364   138   115   111   
1564  S0901     学生901       364   136   117   111   
1565  S7860     学生7860      364   135   150   79    
1566  S1773     学生1773      364   135   130   99    
1567  S5986     学生5986      364   135   126   103   
1568  S3209     学生3209      364   132   126   106   
1569  S1493     学生1493      364   132   123   109   
1570  S4579     学生4579      364   132   105   127   
1571  S4040     学生4040      364   130   122   112   
1572  S9025     学生9025      364   129   125   110   
1573  S4742     学生4742      364   129   118   117   
1574  S8246     学生8246      364   128   94    142   
1575  S1742     学生1742      364   127   128   109   
1576  S1770     学生1770      364   127   125   112   
1577  S7634     学生7634      364   126   130   108   
1578  S5280     学生5280      364   125   142   97    
1579  S0672     学生672       364   124   112   128   
1580  S7367     学生7367      364   124   108   132   
1581  S8824     学生8824      364   123   118   123   
1582  S8439     学生8439      364   123   111   130   
1583  S8302     学生8302      364   123   94    147   
1584  S0790     学生790       364   121   150   93    
1585  S2661     学生2661      364   120   124   120   
1586  S6080     学生6080      364   120   120   124   
1587  S6848     学生6848      364   120   106   138   
1588  S8447     学生8447      364   119   134   111   
1589  S1548     学生1548      364   119   129   116   
1589  S4932     学生4932      364   119   129   116   
1591  S6951     学生6951      364   118   116   130   
1591  S9091     学生9091      364   118   116   130   
1593  S9363     学生9363      364   118   111   135   
1594  S3040     学生3040      364   118   101   145   
1595  S4600     学生4600      364   117   125   122   
1596  S7247     学生7247      364   116   115   133   
1597  S3593     学生3593      364   113   140   111   
1598  S6328     学生6328      364   112   146   106   
1599  S7411     学生7411      364   112   129   123   
1600  S4213     学生4213      364   110   128   126   
1601  S4974     学生4974      364   110   104   150   
1602  S5722     学生5722      364   109   136   119   
1603  S1352     学生1352      364   108   139   117   
1604  S2921     学生2921      364   105   128   131   
1605  S3338     学生3338      364   104   130   130   
1606  S0153     学生153       364   102   150   112   
1607  S0296     学生296       364   102   132   130   
1608  S3807     学生3807      364   102   130   132   
1609  S6386     学生6386      364   99    143   122   
1610  S6573     学生6573      364   98    150   116   
1611  S4638     学生4638      364   97    140   127   
1612  S0374     学生374       364   97    135   132   
1613  S0717     学生717       364   97    121   146   
1614  S3284     学生3284      364   96    124   144   
1615  S7020     学生7020      364   88    144   132   
1616  S8599     学生8599      364   64    150   150   
1617  S9764     学生9764      363   150   105   108   
1618  S5937     学生5937      363   150   103   110   
1619  S0904     学生904       363   146   107   110   
1620  S7945     学生7945      363   146   97    120   
1621  S4442     学生4442      363   145   150   68    
1622  S3314     学生3314      363   142   118   103   
1623  S6610     学生6610      363   142   117   104   
1624  S8840     学生8840      363   139   92    132   
1625  S3673     学生3673      363   138   110   115   
1626  S4723     学生4723      363   135   104   124   
1627  S3900     学生3900      363   133   145   85    
1628  S5759     学生5759      363   133   121   109   
1629  S9478     学生9478      363   133   113   117   
1630  S6915     学生6915      363   132   94    137   
1631  S1977     学生1977      363   131   122   110   
1632  S0993     学生993       363   130   126   107   
1633  S1183     学生1183      363   130   95    138   
1634  S7824     学生7824      363   129   131   103   
1635  S1425     学生1425      363   127   130   106   
1636  S7827     学生7827      363   127   114   122   
1637  S8800     学生8800      363   126   144   93    
1638  S2604     学生2604      363   125   127   111   
1639  S1305     学生1305      363   125   125   113   
1640  S1542     学生1542      363   125   119   119   
1641  S5040     学生5040      363   125   88    150   
1642  S5803     学生5803      363   124   119   120   
1643  S8929     学生8929      363   122   113   128   
1644  S8532     学生8532      363   122   107   134   
1645  S5855     学生5855      363   121   141   101   
1646  S1008     学生1008      363   121   139   103   
1647  S7759     学生7759      363   121   123   119   
1648  S6577     学生6577      363   121   116   126   
1649  S2269     学生2269      363   120   127   116   
1650  S4205     学生4205      363   120   126   117   
1651  S1958     学生1958      363   119   133   111   
1652  S8966     学生8966      363   117   123   123   
1653  S9089     学生9089      363   117   115   131   
1654  S3102     学生3102      363   117   96    150   
1655  S0665     学生665       363   116   115   132   
1656  S1867     学生1867      363   116   105   142   
1657  S3512     学生3512      363   115   111   137   
1658  S3410     学生3410      363   114   118   131   
1659  S4513     学生4513      363   114   105   144   
1660  S3140     学生3140      363   113   115   135   
1661  S8565     学生8565      363   112   120   131   
1662  S6462     学生6462      363   111   123   129   
1662  S4015     学生4015      363   111   123   129   
1664  S9125     学生9125      363   110   122   131   
1665  S0651     学生651       363   106   134   123   
1666  S4472     学生4472      363   106   132   125   
1667  S0250     学生250       363   106   130   127   
1668  S2018     学生2018      363   106   125   132   
1669  S7275     学生7275      363   103   150   110   
1670  S3751     学生3751      363   102   143   118   
1671  S6603     学生6603      363   98    115   150   
1672  S4611     学生4611      363   96    135   132   
1673  S2034     学生2034      363   95    134   134   
1674  S0081     学生81        363   94    150   119   
1675  S0831     学生831       363   92    121   150   
1676  S9671     学生9671      363   88    135   140   
1677  S0932     学生932       363   86    141   136   
1678  S9831     学生9831      363   80    145   138   
1679  S8286     学生8286      362   150   127   85    
1680  S4952     学生4952      362   147   96    119   
1681  S6543     学生6543      362   144   118   100   
1682  S6020     学生6020      362   142   122   98    
1683  S1534     学生1534      362   141   118   103   
1684  S8600     学生8600      362   140   115   107   
1685  S3064     学生3064      362   140   114   108   
1686  S0538     学生538       362   140   111   111   
1687  S0198     学生198       362   138   106   118   
1688  S8145     学生8145      362   137   104   121   
1688  S1696     学生1696      362   137   104   121   
1690  S9889     学生9889      362   136   89    137   
1691  S0043     学生43        362   134   108   120   
1692  S7894     学生7894      362   132   127   103   
1693  S5249     学生5249      362   132   96    134   
1694  S7651     学生7651      362   132   88    142   
1695  S9121     学生9121      362   131   130   101   
1696  S9733     学生9733      362   131   91    140   
1697  S7384     学生7384      362   129   122   111   
1698  S7201     学生7201      362   127   123   112   
1699  S0598     学生598       362   127   107   128   
1700  S9191     学生9191      362   127   99    136   
1701  S2752     学生2752      362   125   113   124   
1702  S5175     学生5175      362   125   110   127   
1703  S9601     学生9601      362   125   106   131   
1704  S2143     学生2143      362   124   145   93    
1705  S2957     学生2957      362   124   102   136   
1706  S4765     学生4765      362   124   96    142   
1707  S6307     学生6307      362   124   89    149   
1708  S0304     学生304       362   123   123   116   
1709  S7631     学生7631      362   123   109   130   
1710  S6330     学生6330      362   120   110   132   
1711  S1676     学生1676      362   119   93    150   
1712  S2423     学生2423      362   118   111   133   
1713  S3830     学生3830      362   116   132   114   
1714  S9558     学生9558      362   115   149   98    
1715  S3806     学生3806      362   115   116   131   
1716  S0025     学生25        362   115   112   135   
1717  S1709     学生1709      362   114   141   107   
1717  S8271     学生8271      362   114   141   107   
1719  S5236     学生5236      362   112   133   117   
1720  S0484     学生484       362   111   141   110   
1721  S2705     学生2705      362   111   132   119   
1722  S2851     学生2851      362   111   124   127   
1723  S4232     学生4232      362   111   113   138   
1723  S3636     学生3636      362   111   113   138   
1725  S1268     学生1268      362   110   126   126   
1726  S8538     学生8538      362   110   124   128   
1727  S7191     学生7191      362   109   148   105   
1728  S6897     学生6897      362   109   119   134   
1729  S0907     学生907       362   106   123   133   
1730  S8518     学生8518      362   105   124   133   
1731  S0186     学生186       362   105   116   141   
1732  S4007     学生4007      362   104   113   145   
1733  S7775     学生7775      362   103   129   130   
1734  S6760     学生6760      362   102   114   146   
1735  S6066     学生6066      362   102   110   150   
1736  S3116     学生3116      362   101   150   111   
1737  S8147     学生8147      362   101   117   144   
1738  S7070     学生7070      362   98    119   145   
1739  S2931     学生2931      362   97    150   115   
1740  S7354     学生7354      362   96    136   130   
1741  S1533     学生1533      362   95    148   119   
1742  S0849     学生849       362   93    119   150   
1743  S2244     学生2244      362   89    150   123   
1744  S1886     学生1886      362   88    124   150   
1745  S7972     学生7972      362   86    137   139   
1746  S7862     学生7862      361   150   102   109   
1747  S1791     学生1791      361   150   87    124   
1748  S1631     学生1631      361   150   84    127   
1749  S5332     学生5332      361   150   80    131   
1750  S7357     学生7357      361   149   100   112   
1751  S4686     学生4686      361   144   105   112   
1752  S6111     学生6111      361   144   90    127   
1753  S5256     学生5256      361   143   109   109   
1754  S6428     学生6428      361   141   95    125   
1755  S2012     学生2012      361   140   103   118   
1756  S8517     学生8517      361   137   138   86    
1757  S8355     学生8355      361   137   84    140   
1758  S3128     学生3128      361   135   132   94    
1759  S7993     学生7993      361   135   111   115   
1760  S4597     学生4597      361   134   137   90    
1761  S5123     学生5123      361   134   110   117   
1762  S7801     学生7801      361   132   114   115   
1763  S7154     学生7154      361   132   102   127   
1764  S2601     学生2601      361   131   118   112   
1765  S4358     学生4358      361   130   133   98    
1766  S8774     学生8774      361   130   123   108   
1767  S8055     学生8055      361   130   102   129   
1768  S2102     学生2102      361   129   116   116   
1769  S1975     学生1975      361   128   130   103   
1770  S2467     学生2467      361   128   123   110   
1771  S2611     学生2611      361   128   101   132   
1772  S6948     学生6948      361   127   131   103   
1773  S6863     学生6863      361   127   125   109   
1774  S1571     学生1571      361   127   124   110   
1775  S8609     学生8609      361   126   115   120   
1776  S6093     学生6093      361   126   108   127   
1777  S4286     学生4286      361   125   138   98    
1778  S4519     学生4519      361   125   129   107   
1779  S3853     学生3853      361   125   122   114   
1780  S8130     学生8130      361   125   108   128   
1781  S5418     学生5418      361   122   132   107   
1782  S8125     学生8125      361   122   120   119   
1783  S5401     学生5401      361   122   115   124   
1784  S8888     学生8888      361   122   112   127   
1785  S1967     学生1967      361   122   110   129   
1786  S3494     学生3494      361   122   93    146   
1787  S6710     学生6710      361   121   112   128   
1788  S1927     学生1927      361   121   108   132   
1789  S7975     学生7975      361   119   144   98    
1790  S7004     学生7004      361   119   130   112   
1791  S0261     学生261       361   119   118   124   
1792  S2633     学生2633      361   119   109   133   
1793  S9690     学生9690      361   118   122   121   
1794  S7771     学生7771      361   118   118   125   
1795  S4847     学生4847      361   117   132   112   
1796  S5808     学生5808      361   117   128   116   
1797  S3769     学生3769      361   117   116   128   
1798  S0863     学生863       361   114   127   120   
1799  S4270     学生4270      361   114   123   124   
1800  S3163     学生3163      361   114   109   138   
1801  S0539     学生539       361   113   140   108   
1802  S6662     学生6662      361   112   140   109   
1803  S5210     学生5210      361   111   138   112   
1804  S8144     学生8144      361   111   129   121   
1805  S2129     学生2129      361   110   113   138   
1806  S3772     学生3772      361   109   133   119   
1807  S0224     学生224       361   109   121   131   
1808  S1751     学生1751      361   108   150   103   
1809  S6609     学生6609      361   108   134   119   
1809  S7163     学生7163      361   108   134   119   
1811  S9513     学生9513      361   107   128   126   
1812  S8274     学生8274      361   106   128   127   
1813  S4530     学生4530      361   106   123   132   
1814  S8331     学生8331      361   103   118   140   
1815  S7953     学生7953      361   102   130   129   
1816  S1191     学生1191      361   102   109   150   
1817  S2435     学生2435      361   101   110   150   
1818  S3976     学生3976      361   100   133   128   
1819  S3051     学生3051      361   99    150   112   
1820  S7292     学生7292      361   96    138   127   
1821  S0287     学生287       361   93    128   140   
1822  S1963     学生1963      361   93    122   146   
1823  S8118     学生8118      361   90    144   127   
1824  S2426     学生2426      361   88    123   150   
1825  S7821     学生7821      361   87    124   150   
1826  S6878     学生6878      361   83    132   146   
1827  S5160     学生5160      361   82    134   145   
1828  S4101     学生4101      361   80    136   145   
1829  S9004     学生9004      360   150   120   90    
1830  S6285     学生6285      360   150   116   94    
1831  S5185     学生5185      360   150   108   102   
1832  S3865     学生3865      360   150   103   107   
1833  S3043     学生3043      360   150   102   108   
1834  S1870     学生1870      360   150   96    114   
1834  S2953     学生2953      360   150   96    114   
1836  S8661     学生8661      360   145   91    124   
1837  S0316     学生316       360   144   109   107   
1838  S5784     学生5784      360   144   99    117   
1839  S0838     学生838       360   142   118   100   
1840  S0052     学生52        360   141   100   119   
1841  S0006     学生6         360   141   99    120   
1842  S1258     学生1258      360   138   133   89    
1843  S6558     学生6558      360   137   113   110   
1844  S1332     学生1332      360   137   105   118   
1845  S7791     学生7791      360   136   143   81    
1846  S2463     学生2463      360   136   95    129   
1847  S4803     学生4803      360   135   110   115   
1847  S0192     学生192       360   135   110   115   
1849  S5999     学生5999      360   135   108   117   
1850  S0173     学生173       360   134   129   97    
1851  S3190     学生3190      360   134   126   100   
1852  S1392     学生1392      360   133   136   91    
1853  S8638     学生8638      360   133   122   105   
1854  S5218     学生5218      360   133   113   114   
1855  S9590     学生9590      360   133   112   115   
1856  S1159     学生1159      360   132   104   124   
1857  S1426     学生1426      360   131   150   79    
1858  S8769     学生8769      360   131   122   107   
1859  S7866     学生7866      360   131   111   118   
1860  S6748     学生6748      360   131   110   119   
1861  S1781     学生1781      360   131   93    136   
1862  S7879     学生7879      360   131   90    139   
1863  S3459     学生3459      360   130   111   119   
1864  S3461     学生3461      360   130   108   122   
1865  S6819     学生6819      360   128   141   91    
1866  S6505     学生6505      360   128   124   108   
1867  S4829     学生4829      360   128   121   111   
1868  S3374     学生3374      360   127   114   119   
1869  S3746     学生3746      360   125   127   108   
1870  S4464     学生4464      360   125   109   126   
1871  S5564     学生5564      360   124   106   130   
1872  S1893     学生1893      360   123   120   117   
1873  S7355     学生7355      360   123   109   128   
1874  S3630     学生3630      360   123   103   134   
1875  S4380     学生4380      360   122   138   100   
1876  S2795     学生2795      360   121   117   122   
1877  S6381     学生6381      360   121   107   132   
1878  S4029     学生4029      360   120   123   117   
1879  S9444     学生9444      360   120   114   126   
1880  S2093     学生2093      360   120   101   139   
1881  S1383     学生1383      360   120   94    146   
1882  S1959     学生1959      360   119   112   129   
1883  S9155     学生9155      360   118   130   112   
1884  S5753     学生5753      360   118   119   123   
1885  S9986     学生9986      360   117   141   102   
1886  S3626     学生3626      360   116   129   115   
1887  S2086     学生2086      360   116   122   122   
1888  S1855     学生1855      360   116   116   128   
1889  S0402     学生402       360   115   124   121   
1890  S5311     学生5311      360   113   136   111   
1891  S9549     学生9549      360   113   119   128   
1892  S6334     学生6334      360   113   116   131   
1893  S9603     学生9603      360   112   130   118   
1894  S6732     学生6732      360   112   116   132   
1895  S9798     学生9798      360   112   114   134   
1896  S9501     学生9501      360   110   130   120   
1897  S5152     学生5152      360   110   120   130   
1898  S7484     学生7484      360   110   118   132   
1899  S7597     学生7597      360   110   110   140   
1900  S3682     学生3682      360   109   134   117   
1901  S5851     学生5851      360   109   112   139   
1902  S2889     学生2889      360   108   121   131   
1903  S3283     学生3283      360   107   150   103   
1904  S7474     学生7474      360   106   104   150   
1905  S6851     学生6851      360   105   140   115   
1906  S4643     学生4643      360   105   121   134   
1907  S4359     学生4359      360   102   117   141   
1908  S6546     学生6546      360   101   150   109   
1909  S5344     学生5344      360   101   109   150   
1910  S9672     学生9672      360   100   132   128   
1911  S9680     学生9680      360   100   115   145   
1912  S0249     学生249       360   99    119   142   
1913  S8400     学生8400      360   97    117   146   
1914  S6762     学生6762      360   96    141   123   
1915  S2296     学生2296      360   96    129   135   
1916  S0093     学生93        360   96    122   142   
1917  S6847     学生6847      360   94    136   130   
1918  S4043     学生4043      360   93    131   136   
1919  S3858     学生3858      360   91    146   123   
1920  S3347     学生3347      360   89    133   138   
1921  S9084     学生9084      360   88    122   150   
1922  S7312     学生7312      359   150   113   96    
1923  S1731     学生1731      359   150   105   104   
1924  S5988     学生5988      359   145   103   111   
1925  S5642     学生5642      359   145   86    128   
1926  S5007     学生5007      359   142   114   103   
1927  S2092     学生2092      359   141   94    124   
1928  S7272     学生7272      359   140   150   69    
1929  S2698     学生2698      359   139   102   118   
1930  S0652     学生652       359   138   117   104   
1931  S4032     学生4032      359   137   121   101   
1932  S0720     学生720       359   137   108   114   
1933  S0236     学生236       359   136   123   100   
1934  S8701     学生8701      359   136   73    150   
1935  S2503     学生2503      359   135   150   74    
1936  S8783     学生8783      359   135   136   88    
1937  S7756     学生7756      359   134   135   90    
1938  S5671     学生5671      359   134   116   109   
1939  S1456     学生1456      359   133   119   107   
1940  S3301     学生3301      359   133   115   111   
1941  S8087     学生8087      359   133   109   117   
1942  S0274     学生274       359   133   104   122   
1943  S2270     学生2270      359   132   128   99    
1944  S2903     学生2903      359   132   118   109   
1945  S0034     学生34        359   131   144   84    
1946  S3672     学生3672      359   131   131   97    
1947  S8320     学生8320      359   130   115   114   
1948  S5945     学生5945      359   130   94    135   
1949  S4217     学生4217      359   129   115   115   
1950  S3509     学生3509      359   129   112   118   
1951  S4747     学生4747      359   127   103   129   
1952  S0483     学生483       359   127   83    149   
1953  S6064     学生6064      359   126   124   109   
1954  S7598     学生7598      359   126   120   113   
1954  S2010     学生2010      359   126   120   113   
1956  S8872     学生8872      359   125   84    150   
1957  S0232     学生232       359   124   103   132   
1958  S7034     学生7034      359   123   145   91    
1959  S0586     学生586       359   123   129   107   
1960  S2187     学生2187      359   123   115   121   
1961  S3960     学生3960      359   123   102   134   
1962  S8870     学生8870      359   122   125   112   
1963  S4399     学生4399      359   122   122   115   
1964  S4229     学生4229      359   122   119   118   
1965  S2675     学生2675      359   120   135   104   
1966  S0079     学生79        359   120   104   135   
1967  S5790     学生5790      359   120   103   136   
1968  S9315     学生9315      359   119   126   114   
1969  S6936     学生6936      359   119   112   128   
1970  S9824     学生9824      359   118   122   119   
1971  S5972     学生5972      359   118   118   123   
1972  S5717     学生5717      359   118   116   125   
1973  S1432     学生1432      359   116   130   113   
1974  S6910     学生6910      359   116   125   118   
1975  S9765     学生9765      359   116   121   122   
1975  S7888     学生7888      359   116   121   122   
1977  S1586     学生1586      359   115   115   129   
1978  S2115     学生2115      359   115   107   137   
1979  S6011     学生6011      359   115   102   142   
1980  S6588     学生6588      359   114   129   116   
1981  S3693     学生3693      359   114   128   117   
1982  S5930     学生5930      359   114   112   133   
1983  S5463     学生5463      359   113   147   99    
1984  S9054     学生9054      359   111   145   103   
1985  S3949     学生3949      359   111   119   129   
1986  S7818     学生7818      359   111   114   134   
1987  S8403     学生8403      359   109   133   117   
1988  S7148     学生7148      359   109   129   121   
1989  S3487     学生3487      359   109   128   122   
1990  S2911     学生2911      359   109   116   134   
1991  S3595     学生3595      359   108   150   101   
1992  S8739     学生8739      359   108   132   119   
1993  S9253     学生9253      359   108   129   122   
1993  S0443     学生443       359   108   129   122   
1995  S6795     学生6795      359   108   111   140   
1996  S0205     学生205       359   108   110   141   
1997  S4476     学生4476      359   107   138   114   
1998  S0925     学生925       359   106   139   114   
1999  S7789     学生7789      359   106   128   125   
2000  S7238     学生7238      359   105   137   117   
2001  S6637     学生6637      359   105   131   123   
2002  S7046     学生7046      359   104   146   109   
2003  S7460     学生7460      359   102   121   136   
2004  S6630     学生6630      359   102   107   150   
2005  S7259     学生7259      359   100   109   150   
2006  S5589     学生5589      359   99    124   136   
2007  S2135     学生2135      359   98    125   136   
2008  S0801     学生801       359   97    142   120   
2009  S3583     学生3583      359   96    119   144   
2010  S3279     学生3279      359   95    132   132   
2011  S8040     学生8040      359   92    136   131   
2012  S2061     学生2061      359   88    145   126   
2013  S0833     学生833       358   150   109   99    
2014  S3311     学生3311      358   150   97    111   
2015  S9694     学生9694      358   150   93    115   
2016  S7139     学生7139      358   150   82    126   
2017  S5443     学生5443      358   147   82    129   
2018  S5330     学生5330      358   144   105   109   
2019  S9822     学生9822      358   143   92    123   
2020  S5013     学生5013      358   141   127   90    
2021  S7896     学生7896      358   141   105   112   
2022  S6729     学生6729      358   141   67    150   
2023  S4978     学生4978      358   140   125   93    
2024  S9176     学生9176      358   140   110   108   
2025  S0359     学生359       358   140   100   118   
2026  S3204     学生3204      358   139   114   105   
2027  S9892     学生9892      358   139   106   113   
2028  S2541     学生2541      358   138   101   119   
2029  S4911     学生4911      358   138   96    124   
2030  S4505     学生4505      358   137   92    129   
2031  S7134     学生7134      358   135   94    129   
2032  S7472     学生7472      358   135   84    139   
2033  S8617     学生8617      358   133   113   112   
2034  S5149     学生5149      358   131   135   92    
2035  S5961     学生5961      358   131   121   106   
2036  S0975     学生975       358   130   130   98    
2037  S1102     学生1102      358   129   122   107   
2037  S7616     学生7616      358   129   122   107   
2039  S9248     学生9248      358   129   111   118   
2040  S9941     学生9941      358   129   99    130   
2041  S5998     学生5998      358   128   135   95    
2042  S6087     学生6087      358   128   110   120   
2043  S9476     学生9476      358   128   99    131   
2044  S3357     学生3357      358   127   129   102   
2045  S0929     学生929       358   127   104   127   
2046  S5351     学生5351      358   127   100   131   
2047  S9097     学生9097      358   126   118   114   
2048  S1028     学生1028      358   126   102   130   
2049  S8967     学生8967      358   126   86    146   
2050  S3609     学生3609      358   125   150   83    
2051  S6448     学生6448      358   125   120   113   
2052  S9608     学生9608      358   125   119   114   
2053  S0140     学生140       358   125   110   123   
2054  S9018     学生9018      358   124   136   98    
2055  S5728     学生5728      358   124   100   134   
2056  S8926     学生8926      358   123   115   120   
2056  S7664     学生7664      358   123   115   120   
2058  S6836     学生6836      358   122   110   126   
2059  S8847     学生8847      358   121   92    145   
2060  S1289     学生1289      358   119   109   130   
2061  S6916     学生6916      358   119   94    145   
2062  S4894     学生4894      358   119   90    149   
2063  S1245     学生1245      358   118   130   110   
2064  S2862     学生2862      358   118   126   114   
2065  S7050     学生7050      358   118   120   120   
2066  S0710     学生710       358   118   101   139   
2067  S0746     学生746       358   117   136   105   
2068  S5896     学生5896      358   117   124   117   
2069  S2033     学生2033      358   117   121   120   
2070  S9336     学生9336      358   116   116   126   
2071  S4888     学生4888      358   115   150   93    
2072  S4327     学生4327      358   115   144   99    
2073  S0322     学生322       358   115   112   131   
2074  S7688     学生7688      358   113   122   123   
2075  S0502     学生502       358   112   137   109   
2076  S9702     学生9702      358   112   114   132   
2077  S6959     学生6959      358   111   123   124   
2078  S4384     学生4384      358   111   117   130   
2079  S0549     学生549       358   111   112   135   
2080  S5436     学生5436      358   111   97    150   
2081  S3407     学生3407      358   110   136   112   
2082  S6536     学生6536      358   110   127   121   
2083  S9570     学生9570      358   109   141   108   
2084  S0038     学生38        358   109   139   110   
2085  S1016     学生1016      358   109   135   114   
2086  S7007     学生7007      358   109   124   125   
2087  S0368     学生368       358   109   120   129   
2088  S4698     学生4698      358   108   118   132   
2089  S5230     学生5230      358   108   107   143   
2090  S2802     学生2802      358   107   138   113   
2091  S4512     学生4512      358   107   129   122   
2092  S0807     学生807       358   106   149   103   
2093  S3060     学生3060      358   106   123   129   
2094  S9360     学生9360      358   105   150   103   
2095  S9335     学生9335      358   104   141   113   
2096  S1459     学生1459      358   104   124   130   
2097  S0874     学生874       358   103   105   150   
2098  S9138     学生9138      358   102   120   136   
2099  S0997     学生997       358   102   115   141   
2100  S9046     学生9046      358   101   128   129   
2101  S9871     学生9871      358   101   113   144   
2102  S7037     学生7037      358   97    124   137   
2103  S7754     学生7754      358   96    147   115   
2104  S0515     学生515       358   94    128   136   
2105  S1745     学生1745      357   150   123   84    
2106  S1679     学生1679      357   150   101   106   
2107  S6779     学生6779      357   150   85    122   
2108  S6388     学生6388      357   149   134   74    
2109  S5158     学生5158      357   147   70    140   
2110  S8753     学生8753      357   144   115   98    
2111  S4976     学生4976      357   144   97    116   
2112  S9755     学生9755      357   142   121   94    
2113  S6751     学生6751      357   141   98    118   
2114  S9491     学生9491      357   141   80    136   
2115  S5890     学生5890      357   140   115   102   
2116  S6560     学生6560      357   140   99    118   
2116  S4990     学生4990      357   140   99    118   
2118  S0650     学生650       357   139   100   118   
2119  S2702     学生2702      357   138   126   93    
2120  S0953     学生953       357   137   91    129   
2121  S9834     学生9834      357   136   128   93    
2122  S5080     学生5080      357   136   106   115   
2123  S7600     学生7600      357   135   119   103   
2124  S8275     学生8275      357   134   120   103   
2125  S8614     学生8614      357   133   119   105   
2126  S8694     学生8694      357   132   146   79    
2127  S0009     学生9         357   132   125   100   
2128  S2412     学生2412      357   132   121   104   
2129  S8660     学生8660      357   132   116   109   
2130  S3121     学生3121      357   131   124   102   
2131  S5229     学生5229      357   131   99    127   
2132  S1262     学生1262      357   129   129   99    
2133  S9805     学生9805      357   129   117   111   
2134  S0024     学生24        357   129   106   122   
2135  S3588     学生3588      357   128   114   115   
2136  S3337     学生3337      357   128   113   116   
2137  S1059     学生1059      357   128   107   122   
2138  S4500     学生4500      357   127   111   119   
2139  S3518     学生3518      357   127   97    133   
2140  S9403     学生9403      357   126   134   97    
2141  S8241     学生8241      357   126   127   104   
2142  S0739     学生739       357   125   90    142   
2143  S7625     学生7625      357   124   108   125   
2144  S8734     学生8734      357   124   107   126   
2145  S0355     学生355       357   123   122   112   
2146  S8362     学生8362      357   123   121   113   
2147  S6658     学生6658      357   123   93    141   
2148  S5021     学生5021      357   122   104   131   
2149  S3529     学生3529      357   122   97    138   
2150  S9150     学生9150      357   121   117   119   
2151  S1796     学生1796      357   120   136   101   
2152  S5324     学生5324      357   120   131   106   
2153  S4564     学生4564      357   120   127   110   
2154  S1568     学生1568      357   120   91    146   
2155  S7014     学生7014      357   119   116   122   
2156  S5583     学生5583      357   118   106   133   
2157  S9348     学生9348      357   117   96    144   
2158  S2732     学生2732      357   116   138   103   
2159  S0558     学生558       357   116   129   112   
2160  S7179     学生7179      357   116   101   140   
2161  S2440     学生2440      357   115   115   127   
2162  S3062     学生3062      357   115   108   134   
2163  S7665     学生7665      357   114   108   135   
2164  S5673     学生5673      357   113   143   101   
2165  S3383     学生3383      357   112   137   108   
2166  S3413     学生3413      357   111   144   102   
2167  S7762     学生7762      357   111   134   112   
2168  S0085     学生85        357   111   122   124   
2169  S2170     学生2170      357   111   116   130   
2170  S4045     学生4045      357   110   137   110   
2171  S8557     学生8557      357   110   117   130   
2172  S9304     学生9304      357   110   99    148   
2173  S7935     学生7935      357   109   106   142   
2174  S0950     学生950       357   108   133   116   
2175  S5678     学生5678      357   107   150   100   
2176  S2918     学生2918      357   107   127   123   
2177  S0151     学生151       357   107   121   129   
2178  S8005     学生8005      357   107   119   131   
2179  S5929     学生5929      357   105   102   150   
2180  S6693     学生6693      357   101   127   129   
2181  S8849     学生8849      357   100   150   107   
2182  S1809     学生1809      357   98    130   129   
2183  S9261     学生9261      357   94    150   113   
2184  S9287     学生9287      357   92    150   115   
2185  S8198     学生8198      357   91    125   141   
2186  S8817     学生8817      357   89    125   143   
2187  S3316     学生3316      356   150   89    117   
2188  S5849     学生5849      356   150   88    118   
2189  S1736     学生1736      356   149   82    125   
2190  S5860     学生5860      356   147   102   107   
2191  S5979     学生5979      356   146   116   94    
2192  S9711     学生9711      356   146   84    126   
2193  S0433     学生433       356   144   114   98    
2194  S7113     学生7113      356   144   98    114   
2195  S1239     学生1239      356   143   125   88    
2196  S5242     学生5242      356   141   128   87    
2197  S7642     学生7642      356   140   106   110   
2197  S1950     学生1950      356   140   106   110   
2199  S3105     学生3105      356   138   102   116   
2200  S7042     学生7042      356   137   98    121   
2201  S9759     学生9759      356   136   104   116   
2202  S7772     学生7772      356   136   93    127   
2203  S4417     学生4417      356   134   129   93    
2204  S9602     学生9602      356   134   101   121   
2205  S0165     学生165       356   132   83    141   
2206  S6918     学生6918      356   131   124   101   
2207  S8186     学生8186      356   131   108   117   
2208  S8504     学生8504      356   130   142   84    
2209  S3350     学生3350      356   130   129   97    
2210  S2660     学生2660      356   130   111   115   
2211  S1129     学生1129      356   130   104   122   
2212  S6702     学生6702      356   129   143   84    
2213  S3103     学生3103      356   129   102   125   
2214  S7782     学生7782      356   125   101   130   
2215  S1295     学生1295      356   124   139   93    
2216  S5465     学生5465      356   124   124   108   
2217  S8213     学生8213      356   123   148   85    
2218  S5981     学生5981      356   123   134   99    
2219  S9103     学生9103      356   122   146   88    
2220  S9230     学生9230      356   122   127   107   
2221  S1379     学生1379      356   122   120   114   
2222  S1099     学生1099      356   121   125   110   
2223  S6887     学生6887      356   121   105   130   
2224  S2460     学生2460      356   120   128   108   
2225  S4577     学生4577      356   120   118   118   
2226  S4466     学生4466      356   120   117   119   
2227  S8827     学生8827      356   120   111   125   
2228  S0343     学生343       356   119   138   99    
2229  S2045     学生2045      356   119   125   112   
2230  S6932     学生6932      356   119   111   126   
2231  S3952     学生3952      356   118   144   94    
2232  S0445     学生445       356   118   140   98    
2233  S4000     学生4000      356   118   134   104   
2234  S8289     学生8289      356   118   132   106   
2235  S2391     学生2391      356   118   123   115   
2236  S1802     学生1802      356   118   119   119   
2237  S4781     学生4781      356   118   106   132   
2238  S2697     学生2697      356   118   100   138   
2239  S1222     学生1222      356   117   108   131   
2240  S1980     学生1980      356   116   128   112   
2241  S4306     学生4306      356   116   124   116   
2242  S5685     学生5685      356   116   91    149   
2243  S6257     学生6257      356   115   109   132   
2244  S3650     学生3650      356   115   108   133   
2245  S5237     学生5237      356   114   143   99    
2246  S7250     学生7250      356   114   137   105   
2247  S9017     学生9017      356   114   99    143   
2248  S3321     学生3321      356   113   131   112   
2249  S6860     学生6860      356   113   93    150   
2250  S7082     学生7082      356   112   146   98    
2250  S6241     学生6241      356   112   146   98    
2252  S0860     学生860       356   112   137   107   
2253  S6009     学生6009      356   112   133   111   
2254  S8282     学生8282      356   112   109   135   
2255  S3963     学生3963      356   111   131   114   
2256  S2521     学生2521      356   111   125   120   
2257  S8548     学生8548      356   111   122   123   
2258  S4956     学生4956      356   110   124   122   
2259  S7713     学生7713      356   108   140   108   
2260  S1780     学生1780      356   108   130   118   
2261  S1048     学生1048      356   107   150   99    
2262  S8339     学生8339      356   107   140   109   
2263  S9658     学生9658      356   107   122   127   
2264  S5165     学生5165      356   106   124   126   
2265  S3781     学生3781      356   105   131   120   
2266  S2360     学生2360      356   105   130   121   
2267  S1843     学生1843      356   105   111   140   
2268  S1063     学生1063      356   102   147   107   
2269  S6238     学生6238      356   102   135   119   
2270  S3728     学生3728      356   101   128   127   
2271  S2267     学生2267      356   101   115   140   
2272  S2925     学生2925      356   101   105   150   
2273  S1195     学生1195      356   100   134   122   
2274  S9664     学生9664      356   100   126   130   
2275  S2384     学生2384      356   95    111   150   
2276  S4289     学生4289      356   94    132   130   
2277  S0919     学生919       356   93    137   126   
2278  S2542     学生2542      356   92    137   127   
2279  S9153     学生9153      356   92    114   150   
2280  S0415     学生415       356   91    138   127   
2281  S3679     学生3679      356   86    144   126   
2282  S1369     学生1369      355   150   113   92    
2283  S4533     学生4533      355   150   100   105   
2284  S9624     学生9624      355   150   91    114   
2285  S3854     学生3854      355   149   110   96    
2286  S7921     学生7921      355   147   123   85    
2287  S0643     学生643       355   144   121   90    
2288  S2500     学生2500      355   144   96    115   
2289  S4843     学生4843      355   141   95    119   
2290  S2389     学生2389      355   140   122   93    
2291  S2673     学生2673      355   140   112   103   
2292  S5816     学生5816      355   140   85    130   
2293  S0293     学生293       355   137   122   96    
2294  S4738     学生4738      355   136   108   111   
2295  S4658     学生4658      355   136   103   116   
2296  S3584     学生3584      355   136   80    139   
2297  S6667     学生6667      355   134   138   83    
2298  S5156     学生5156      355   134   94    127   
2299  S1402     学生1402      355   134   71    150   
2300  S6743     学生6743      355   133   107   115   
2301  S4574     学生4574      355   132   101   122   
2302  S9065     学生9065      355   131   108   116   
2303  S4967     学生4967      355   129   133   93    
2304  S8610     学生8610      355   129   125   101   
2305  S9237     学生9237      355   128   109   118   
2306  S2615     学生2615      355   128   89    138   
2307  S4459     学生4459      355   128   77    150   
2308  S1325     学生1325      355   127   100   128   
2309  S0283     学生283       355   126   127   102   
2310  S6764     学生6764      355   126   104   125   
2311  S3814     学生3814      355   125   99    131   
2312  S6839     学生6839      355   125   97    133   
2313  S6363     学生6363      355   124   112   119   
2314  S9456     学生9456      355   123   131   101   
2315  S4915     学生4915      355   123   106   126   
2316  S2399     学生2399      355   122   127   106   
2317  S2575     学生2575      355   121   101   133   
2318  S7682     学生7682      355   120   123   112   
2319  S9453     学生9453      355   119   114   122   
2320  S3436     学生3436      355   118   131   106   
2321  S4570     学生4570      355   118   117   120   
2322  S1596     学生1596      355   117   150   88    
2323  S3564     学生3564      355   117   128   110   
2324  S3174     学生3174      355   117   116   122   
2325  S7188     学生7188      355   115   120   120   
2326  S0685     学生685       355   114   117   124   
2327  S3361     学生3361      355   114   114   127   
2328  S5169     学生5169      355   113   150   92    
2329  S1611     学生1611      355   113   124   118   
2330  S0003     学生3         355   113   112   130   
2331  S2605     学生2605      355   111   150   94    
2332  S5856     学生5856      355   111   126   118   
2333  S6030     学生6030      355   111   108   136   
2334  S7221     学生7221      355   110   147   98    
2335  S2242     学生2242      355   110   132   113   
2336  S3215     学生3215      355   110   127   118   
2337  S2840     学生2840      355   110   120   125   
2338  S8750     学生8750      355   110   119   126   
2339  S6794     学生6794      355   109   148   98    
2340  S1494     学生1494      355   108   121   126   
2341  S9070     学生9070      355   107   137   111   
2342  S7093     学生7093      355   106   132   117   
2343  S0795     学生795       355   104   128   123   
2344  S3127     学生3127      355   102   146   107   
2345  S7792     学生7792      355   101   129   125   
2346  S3550     学生3550      355   101   110   144   
2347  S8573     学生8573      355   97    143   115   
2348  S2865     学生2865      355   97    126   132   
2349  S1555     学生1555      355   96    127   132   
2350  S0158     学生158       355   94    150   111   
2351  S3360     学生3360      355   91    119   145   
2352  S2919     学生2919      355   90    131   134   
2353  S0570     学生570       355   87    118   150   
2354  S7887     学生7887      355   85    133   137   
2355  S7755     学生7755      354   150   131   73    
2356  S5502     学生5502      354   148   114   92    
2357  S5071     学生5071      354   146   98    110   
2358  S3645     学生3645      354   145   111   98    
2359  S4056     学生4056      354   144   100   110   
2360  S8209     学生8209      354   143   103   108   
2361  S1955     学生1955      354   141   124   89    
2362  S2589     学生2589      354   141   87    126   
2363  S7412     学生7412      354   140   93    121   
2364  S7211     学生7211      354   137   115   102   
2365  S0063     学生63        354   137   104   113   
2366  S5962     学生5962      354   136   110   108   
2367  S0958     学生958       354   136   105   113   
2368  S1712     学生1712      354   135   109   110   
2369  S8295     学生8295      354   135   84    135   
2370  S3800     学生3800      354   134   109   111   
2371  S4048     学生4048      354   134   100   120   
2372  S2540     学生2540      354   134   93    127   
2373  S4559     学生4559      354   133   102   119   
2374  S6029     学生6029      354   133   97    124   
2375  S5239     学生5239      354   132   128   94    
2376  S5587     学生5587      354   131   120   103   
2377  S8050     学生8050      354   131   106   117   
2378  S2754     学生2754      354   131   79    144   
2379  S1156     学生1156      354   130   130   94    
2380  S9736     学生9736      354   130   111   113   
2381  S0486     学生486       354   130   98    126   
2382  S3899     学生3899      354   129   111   114   
2383  S4367     学生4367      354   128   123   103   
2383  S8175     学生8175      354   128   123   103   
2385  S2065     学生2065      354   127   146   81    
2386  S2520     学生2520      354   126   113   115   
2387  S2849     学生2849      354   126   104   124   
2388  S8310     学生8310      354   125   111   118   
2389  S7434     学生7434      354   125   105   124   
2390  S5171     学生5171      354   124   128   102   
2391  S1898     学生1898      354   123   146   85    
2392  S4364     学生4364      354   123   130   101   
2393  S0046     学生46        354   123   123   108   
2394  S4936     学生4936      354   123   116   115   
2395  S5445     学生5445      354   122   124   108   
2396  S2873     学生2873      354   122   116   116   
2397  S9325     学生9325      354   121   133   100   
2398  S8263     学生8263      354   121   129   104   
2399  S6814     学生6814      354   121   93    140   
2400  S3408     学生3408      354   120   121   113   
2401  S4293     学生4293      354   119   118   117   
2402  S1970     学生1970      354   119   109   126   
2403  S5272     学生5272      354   118   118   118   
2404  S4617     学生4617      354   117   139   98    
2405  S7559     学生7559      354   117   134   103   
2406  S9556     学生9556      354   117   124   113   
2407  S3154     学生3154      354   117   115   122   
2408  S1560     学生1560      354   117   104   133   
2409  S9165     学生9165      354   116   126   112   
2410  S2555     学生2555      354   116   124   114   
2411  S5176     学生5176      354   116   113   125   
2412  S1663     学生1663      354   115   150   89    
2413  S4553     学生4553      354   115   131   108   
2414  S7648     学生7648      354   115   109   130   
2415  S7673     学生7673      354   114   150   90    
2416  S8654     学生8654      354   113   143   98    
2417  S1353     学生1353      354   113   123   118   
2418  S9796     学生9796      354   113   113   128   
2419  S2155     学生2155      354   113   102   139   
2420  S3278     学生3278      354   112   127   115   
2421  S6507     学生6507      354   112   125   117   
2422  S0742     学生742       354   111   113   130   
2423  S6120     学生6120      354   111   107   136   
2424  S6441     学生6441      354   110   143   101   
2425  S3164     学生3164      354   109   131   114   
2426  S3377     学生3377      354   109   115   130   
2427  S3639     学生3639      354   108   125   121   
2428  S3331     学生3331      354   108   123   123   
2429  S0119     学生119       354   108   119   127   
2430  S4022     学生4022      354   108   112   134   
2431  S4233     学生4233      354   108   108   138   
2432  S0049     学生49        354   107   118   129   
2433  S0785     学生785       354   107   116   131   
2434  S4449     学生4449      354   105   134   115   
2435  S3375     学生3375      354   105   124   125   
2436  S9379     学生9379      354   103   137   114   
2437  S2487     学生2487      354   103   125   126   
2438  S0467     学生467       354   102   143   109   
2439  S7645     学生7645      354   102   125   127   
2440  S5611     学生5611      354   102   107   145   
2441  S3217     学生3217      354   98    129   127   
2442  S7253     学生7253      354   97    120   137   
2443  S1931     学生1931      354   94    150   110   
2444  S1841     学生1841      354   94    122   138   
2445  S4506     学生4506      354   94    110   150   
2446  S6179     学生6179      354   93    124   137   
2447  S8534     学生8534      354   92    135   127   
2448  S0684     学生684       354   90    123   141   
2449  S1553     学生1553      354   87    143   124   
2450  S9852     学生9852      354   86    146   122   
2451  S2264     学生2264      354   83    147   124   
2452  S0326     学生326       354   83    121   150   
2453  S0691     学生691       353   150   131   72    
2454  S3008     学生3008      353   150   102   101   
2455  S6841     学生6841      353   149   114   90    
2456  S7271     学生7271      353   149   90    114   
2457  S2485     学生2485      353   147   114   92    
2458  S4488     学生4488      353   145   107   101   
2459  S2397     学生2397      353   145   102   106   
2460  S6993     学生6993      353   143   118   92    
2461  S7038     学生7038      353   142   124   87    
2462  S3524     学生3524      353   140   129   84    
2463  S0305     学生305       353   139   110   104   
2464  S7021     学生7021      353   134   122   97    
2465  S3340     学生3340      353   134   89    130   
2466  S3744     学生3744      353   133   125   95    
2467  S8490     学生8490      353   133   112   108   
2467  S6997     学生6997      353   133   112   108   
2469  S4799     学生4799      353   132   112   109   
2470  S0365     学生365       353   131   122   100   
2471  S4812     学生4812      353   131   116   106   
2472  S2567     学生2567      353   131   109   113   
2473  S2800     学生2800      353   130   131   92    
2473  S0323     学生323       353   130   131   92    
2475  S4834     学生4834      353   130   96    127   
2476  S6509     学生6509      353   129   125   99    
2477  S4371     学生4371      353   128   110   115   
2478  S7735     学生7735      353   128   104   121   
2479  S3118     学生3118      353   127   123   103   
2480  S7084     学生7084      353   125   120   108   
2481  S1519     学生1519      353   124   130   99    
2482  S8141     学生8141      353   123   132   98    
2483  S6688     学生6688      353   123   121   109   
2484  S7372     学生7372      353   122   147   84    
2485  S8488     学生8488      353   122   118   113   
2486  S8524     学生8524      353   121   127   105   
2487  S3589     学生3589      353   121   124   108   
2488  S8273     学生8273      353   121   106   126   
2489  S2231     学生2231      353   120   106   127   
2490  S2564     学生2564      353   119   122   112   
2491  S3303     学生3303      353   118   125   110   
2492  S6200     学生6200      353   117   109   127   
2493  S4275     学生4275      353   116   125   112   
2494  S2441     学生2441      353   116   94    143   
2495  S4678     学生4678      353   115   125   113   
2496  S6898     学生6898      353   115   96    142   
2497  S2907     学生2907      353   113   150   90    
2498  S9163     学生9163      353   113   127   113   
2499  S6053     学生6053      353   113   91    149   
2500  S6273     学生6273      353   112   132   109   
2501  S0725     学生725       353   112   131   110   
2502  S3669     学生3669      353   112   114   127   
2503  S5826     学生5826      353   112   111   130   
2504  S9975     学生9975      353   112   110   131   
2505  S1775     学生1775      353   111   144   98    
2506  S7858     学生7858      353   111   102   140   
2507  S3404     学生3404      353   110   123   120   
2508  S7652     学生7652      353   110   104   139   
2509  S8775     学生8775      353   109   134   110   
2510  S8906     学生8906      353   108   137   108   
2511  S4248     学生4248      353   108   117   128   
2512  S7417     学生7417      353   108   116   129   
2513  S5936     学生5936      353   107   129   117   
2514  S4504     学生4504      353   106   135   112   
2515  S3315     学生3315      353   106   123   124   
2516  S6338     学生6338      353   106   112   135   
2517  S9412     学生9412      353   105   150   98    
2518  S1686     学生1686      353   104   150   99    
2519  S0026     学生26        353   104   108   141   
2520  S4264     学生4264      353   103   114   136   
2521  S1244     学生1244      353   102   131   120   
2522  S4496     学生4496      353   100   150   103   
2523  S5643     学生5643      353   99    131   123   
2524  S2574     学生2574      353   99    104   150   
2525  S8413     学生8413      353   96    148   109   
2526  S1803     学生1803      353   96    107   150   
2527  S9069     学生9069      353   95    116   142   
2528  S9387     学生9387      353   94    131   128   
2529  S8519     学生8519      353   88    142   123   
2530  S7029     学生7029      353   87    137   129   
2531  S8656     学生8656      353   86    117   150   
2532  S6900     学生6900      352   150   111   91    
2533  S0366     学生366       352   150   106   96    
2534  S2380     学生2380      352   150   104   98    
2535  S6556     学生6556      352   150   82    120   
2536  S6780     学生6780      352   149   88    115   
2537  S7232     学生7232      352   147   96    109   
2538  S7800     学生7800      352   145   103   104   
2539  S7341     学生7341      352   144   91    117   
2540  S3488     学生3488      352   143   112   97    
2541  S0206     学生206       352   143   88    121   
2542  S7346     学生7346      352   142   112   98    
2543  S7414     学生7414      352   141   97    114   
2544  S4875     学生4875      352   140   107   105   
2545  S0107     学生107       352   140   103   109   
2546  S3938     学生3938      352   139   112   101   
2547  S7268     学生7268      352   139   103   110   
2548  S7817     学生7817      352   139   99    114   
2549  S1218     学生1218      352   138   108   106   
2550  S9661     学生9661      352   137   106   109   
2551  S9011     学生9011      352   135   128   89    
2552  S4647     学生4647      352   135   96    121   
2553  S4155     学生4155      352   133   130   89    
2554  S5729     学生5729      352   133   127   92    
2555  S1996     学生1996      352   133   110   109   
2556  S4497     学生4497      352   133   91    128   
2557  S6358     学生6358      352   132   129   91    
2558  S1983     学生1983      352   132   89    131   
2559  S8560     学生8560      352   131   123   98    
2560  S5494     学生5494      352   131   104   117   
2561  S9914     学生9914      352   131   85    136   
2562  S3434     学生3434      352   130   124   98    
2563  S6157     学生6157      352   130   103   119   
2564  S6437     学生6437      352   130   92    130   
2565  S5416     学生5416      352   129   111   112   
2566  S8579     学生8579      352   127   109   116   
2567  S3739     学生3739      352   126   107   119   
2568  S6656     学生6656      352   125   100   127   
2569  S6899     学生6899      352   124   113   115   
2570  S8637     学生8637      352   124   104   124   
2571  S3442     学生3442      352   123   129   100   
2572  S2265     学生2265      352   123   126   103   
2573  S5813     学生5813      352   123   118   111   
2574  S1401     学生1401      352   123   105   124   
2575  S5296     学生5296      352   122   122   108   
2576  S8211     学生8211      352   122   91    139   
2577  S1080     学生1080      352   121   137   94    
2578  S0384     学生384       352   121   119   112   
2579  S6992     学生6992      352   121   104   127   
2580  S8102     学生8102      352   120   125   107   
2581  S3725     学生3725      352   120   117   115   
2582  S2383     学生2383      352   119   89    144   
2583  S4645     学生4645      352   118   134   100   
2584  S8685     学生8685      352   118   120   114   
2585  S4659     学生4659      352   118   103   131   
2586  S6249     学生6249      352   117   125   110   
2586  S8862     学生8862      352   117   125   110   
2588  S2326     学生2326      352   116   103   133   
2589  S8521     学生8521      352   115   127   110   
2590  S3010     学生3010      352   114   120   118   
2591  S2785     学生2785      352   114   117   121   
2592  S4204     学生4204      352   114   114   124   
2593  S4298     学生4298      352   114   109   129   
2594  S5178     学生5178      352   114   103   135   
2595  S5634     学生5634      352   113   130   109   
2596  S7834     学生7834      352   113   116   123   
2597  S9650     学生9650      352   112   122   118   
2598  S9024     学生9024      352   112   103   137   
2599  S4133     学生4133      352   111   118   123   
2600  S0128     学生128       352   111   116   125   
2601  S8491     学生8491      352   110   143   99    
2602  S6212     学生6212      352   110   115   127   
2603  S9257     学生9257      352   109   150   93    
2604  S1938     学生1938      352   109   123   120   
2605  S7950     学生7950      352   108   130   114   
2606  S5797     学生5797      352   108   119   125   
2607  S6975     学生6975      352   108   113   131   
2608  S4845     学生4845      352   108   111   133   
2608  S2756     学生2756      352   108   111   133   
2610  S4946     学生4946      352   108   99    145   
2611  S0555     学生555       352   107   143   102   
2612  S9398     学生9398      352   107   123   122   
2613  S2644     学生2644      352   107   122   123   
2614  S8184     学生8184      352   107   113   132   
2615  S1978     学生1978      352   107   110   135   
2616  S4754     学生4754      352   105   140   107   
2617  S9206     学生9206      352   105   127   120   
2618  S0868     学生868       352   105   117   130   
2619  S8116     学生8116      352   104   141   107   
2620  S6495     学生6495      352   104   105   143   
2621  S6170     学生6170      352   103   143   106   
2622  S6790     学生6790      352   103   106   143   
2623  S6284     学生6284      352   103   99    150   
2624  S7161     学生7161      352   102   124   126   
2625  S7269     学生7269      352   102   113   137   
2626  S9958     学生9958      352   101   142   109   
2627  S6854     学生6854      352   101   140   111   
2628  S5375     学生5375      352   100   150   102   
2629  S7075     学生7075      352   99    123   130   
2630  S2095     学生2095      352   97    136   119   
2631  S9256     学生9256      352   95    132   125   
2632  S2556     学生2556      352   94    108   150   
2633  S9848     学生9848      352   93    129   130   
2634  S8897     学生8897      352   92    140   120   
2635  S4880     学生4880      352   91    141   120   
2636  S8177     学生8177      352   91    127   134   
2637  S2281     学生2281      352   90    144   118   
2638  S3888     学生3888      352   90    122   140   
2639  S0569     学生569       352   88    135   129   
2640  S7505     学生7505      352   83    150   119   
2641  S5745     学生5745      352   82    141   129   
2642  S9990     学生9990      352   78    133   141   
2643  S4408     学生4408      352   78    125   149   
2644  S9194     学生9194      352   77    150   125   
2645  S6821     学生6821      352   73    139   140   
2646  S2005     学生2005      351   150   110   91    
2647  S8896     学生8896      351   150   99    102   
2648  S8961     学生8961      351   150   91    110   
2649  S8067     学生8067      351   150   85    116   
2650  S1298     学生1298      351   150   74    127   
2651  S0826     学生826       351   148   89    114   
2652  S7511     学生7511      351   142   114   95    
2653  S4118     学生4118      351   142   109   100   
2654  S2458     学生2458      351   141   113   97    
2655  S8762     学生8762      351   141   104   106   
2656  S5053     学生5053      351   141   85    125   
2657  S0624     学生624       351   137   92    122   
2658  S5863     学生5863      351   137   81    133   
2659  S3641     学生3641      351   134   103   114   
2660  S4785     学生4785      351   134   97    120   
2661  S7547     学生7547      351   133   114   104   
2662  S1904     学生1904      351   133   112   106   
2663  S9347     学生9347      351   131   99    121   
2664  S9964     学生9964      351   130   100   121   
2665  S3738     学生3738      351   129   117   105   
2666  S2131     学生2131      351   129   109   113   
2667  S6276     学生6276      351   127   137   87    
2668  S6158     学生6158      351   127   131   93    
2669  S5804     学生5804      351   127   96    128   
2670  S5083     学生5083      351   125   115   111   
2671  S6756     学生6756      351   125   108   118   
2672  S6958     学生6958      351   124   129   98    
2673  S0105     学生105       351   124   117   110   
2673  S3574     学生3574      351   124   117   110   
2673  S6382     学生6382      351   124   117   110   
2676  S3287     学生3287      351   124   112   115   
2677  S1255     学生1255      351   123   91    137   
2678  S7009     学生7009      351   122   124   105   
2679  S9474     学生9474      351   122   113   116   
2680  S7691     学生7691      351   122   109   120   
2680  S1863     学生1863      351   122   109   120   
2682  S1265     学生1265      351   122   101   128   
2683  S8176     学生8176      351   121   125   105   
2684  S3552     学生3552      351   120   127   104   
2685  S0213     学生213       351   120   117   114   
2686  S7115     学生7115      351   120   114   117   
2687  S8230     学生8230      351   120   108   123   
2688  S9660     学生9660      351   120   100   131   
2689  S4882     学生4882      351   120   94    137   
2690  S0735     学生735       351   119   96    136   
2691  S1094     学生1094      351   119   91    141   
2692  S7542     学生7542      351   118   107   126   
2693  S8708     学生8708      351   117   115   119   
2694  S2735     学生2735      351   117   109   125   
2695  S6709     学生6709      351   117   108   126   
2696  S4141     学生4141      351   117   92    142   
2697  S8919     学生8919      351   116   126   109   
2698  S1732     学生1732      351   116   119   116   
2699  S1427     学生1427      351   116   116   119   
2700  S5622     学生5622      351   116   115   120   
2701  S7251     学生7251      351   115   150   86    
2702  S8386     学生8386      351   115   112   124   
2703  S7632     学生7632      351   115   103   133   
2704  S3476     学生3476      351   114   122   115   
2705  S9595     学生9595      351   114   120   117   
2706  S1960     学生1960      351   114   116   121   
2706  S9354     学生9354      351   114   116   121   
2708  S7743     学生7743      351   113   113   125   
2709  S9726     学生9726      351   113   110   128   
2709  S8915     学生8915      351   113   110   128   
2711  S5264     学生5264      351   113   99    139   
2712  S7961     学生7961      351   112   122   117   
2713  S4791     学生4791      351   111   132   108   
2714  S7204     学生7204      351   110   134   107   
2715  S0312     学生312       351   110   130   111   
2716  S6871     学生6871      351   110   122   119   
2717  S6623     学生6623      351   109   139   103   
2718  S1643     学生1643      351   109   125   117   
2719  S4186     学生4186      351   107   130   114   
2720  S10000    学生10000     351   107   112   132   
2721  S6521     学生6521      351   107   98    146   
2722  S6436     学生6436      351   106   136   109   
2723  S3252     学生3252      351   106   135   110   
2724  S8136     学生8136      351   106   131   114   
2725  S6641     学生6641      351   106   130   115   
2726  S0677     学生677       351   105   127   119   
2727  S0114     学生114       351   105   108   138   
2728  S5055     学生5055      351   104   139   108   
2729  S5764     学生5764      351   104   105   142   
2729  S0061     学生61        351   104   105   142   
2731  S5125     学生5125      351   103   122   126   
2732  S2635     学生2635      351   101   123   127   
2733  S0391     学生391       351   99    150   102   
2734  S5547     学生5547      351   99    130   122   
2735  S1056     学生1056      351   99    120   132   
2736  S5527     学生5527      351   98    141   112   
2737  S0853     学生853       351   96    116   139   
2738  S7811     学生7811      351   95    139   117   
2739  S0344     学生344       351   94    112   145   
2740  S3110     学生3110      351   91    138   122   
2741  S8297     学生8297      351   89    121   141   
2742  S6012     学生6012      351   87    125   139   
2743  S8680     学生8680      351   85    128   138   
2744  S3465     学生3465      351   81    148   122   
2745  S9768     学生9768      350   150   112   88    
2746  S6124     学生6124      350   150   111   89    
2747  S9810     学生9810      350   150   110   90    
2748  S4035     学生4035      350   145   77    128   
2749  S0076     学生76        350   144   90    116   
2750  S3770     学生3770      350   143   106   101   
2751  S7793     学生7793      350   143   102   105   
2752  S6370     学生6370      350   140   110   100   
2753  S4017     学生4017      350   139   99    112   
2754  S4639     学生4639      350   136   125   89    
2755  S7966     学生7966      350   134   118   98    
2756  S5386     学生5386      350   134   117   99    
2757  S2498     学生2498      350   133   120   97    
2758  S8759     学生8759      350   133   117   100   
2759  S1293     学生1293      350   132   125   93    
2760  S0217     学生217       350   132   101   117   
2761  S0378     学生378       350   132   75    143   
2762  S6185     学生6185      350   131   113   106   
2763  S4485     学生4485      350   131   106   113   
2764  S4924     学生4924      350   131   98    121   
2765  S1294     学生1294      350   131   97    122   
2766  S0663     学生663       350   130   122   98    
2767  S0438     学生438       350   130   108   112   
2768  S9821     学生9821      350   130   100   120   
2769  S3995     学生3995      350   129   129   92    
2770  S1777     学生1777      350   129   114   107   
2771  S1976     学生1976      350   129   111   110   
2772  S7742     学生7742      350   128   111   111   
2773  S6659     学生6659      350   128   110   112   
2774  S7225     学生7225      350   127   92    131   
2775  S3249     学生3249      350   126   125   99    
2776  S9485     学生9485      350   126   109   115   
2777  S2122     学生2122      350   124   127   99    
2778  S0954     学生954       350   124   122   104   
2779  S5506     学生5506      350   124   119   107   
2780  S3421     学生3421      350   123   110   117   
2781  S3145     学生3145      350   123   77    150   
2782  S4760     学生4760      350   122   136   92    
2783  S5805     学生5805      350   122   116   112   
2784  S8397     学生8397      350   121   128   101   
2785  S4091     学生4091      350   119   129   102   
2786  S5396     学生5396      350   119   114   117   
2787  S5460     学生5460      350   119   102   129   
2788  S5526     学生5526      350   119   101   130   
2789  S4702     学生4702      350   118   113   119   
2790  S7956     学生7956      350   118   107   125   
2791  S6818     学生6818      350   118   99    133   
2792  S5529     学生5529      350   117   133   100   
2793  S4433     学生4433      350   117   119   114   
2794  S1652     学生1652      350   117   107   126   
2795  S8804     学生8804      350   116   119   115   
2796  S1448     学生1448      350   116   113   121   
2797  S8845     学生8845      350   115   103   132   
2798  S4929     学生4929      350   114   135   101   
2799  S8262     学生8262      350   114   119   117   
2799  S6714     学生6714      350   114   119   117   
2801  S9578     学生9578      350   114   118   118   
2802  S5485     学生5485      350   113   126   111   
2803  S4525     学生4525      350   113   99    138   
2804  S5018     学生5018      350   112   150   88    
2805  S5167     学生5167      350   112   132   106   
2806  S6492     学生6492      350   112   113   125   
2807  S2177     学生2177      350   112   103   135   
2808  S0609     学生609       350   111   117   122   
2809  S8841     学生8841      350   110   124   116   
2810  S9843     学生9843      350   109   135   106   
2811  S7619     学生7619      350   109   118   123   
2812  S5032     学生5032      350   109   106   135   
2813  S6684     学生6684      350   108   144   98    
2814  S2108     学生2108      350   108   136   106   
2815  S2715     学生2715      350   108   135   107   
2816  S1115     学生1115      350   108   126   116   
2817  S1554     学生1554      350   106   150   94    
2818  S4090     学生4090      350   106   134   110   
2819  S1071     学生1071      350   106   132   112   
2820  S4214     学生4214      350   106   130   114   
2821  S7361     学生7361      350   106   101   143   
2822  S0336     学生336       350   105   125   120   
2823  S3223     学生3223      350   104   119   127   
2824  S4345     学生4345      350   103   136   111   
2825  S1203     学生1203      350   102   150   98    
2825  S2989     学生2989      350   102   150   98    
2827  S0638     学生638       350   102   112   136   
2828  S9365     学生9365      350   102   110   138   
2829  S5349     学生5349      350   102   107   141   
2830  S1405     学生1405      350   101   132   117   
2831  S6207     学生6207      350   98    129   123   
2832  S2997     学生2997      350   97    131   122   
2833  S0133     学生133       350   95    139   116   
2834  S1683     学生1683      350   94    123   133   
2835  S5473     学生5473      350   93    136   121   
2836  S8572     学生8572      350   93    120   137   
2837  S3214     学生3214      350   91    129   130   
2838  S1085     学生1085      350   82    136   132   
2839  S1322     学生1322      350   71    133   146   
2840  S2316     学生2316      349   150   122   77    
2841  S9381     学生9381      349   150   111   88    
2842  S3525     学生3525      349   150   100   99    
2843  S7233     学生7233      349   150   97    102   
2844  S5163     学生5163      349   150   95    104   
2845  S3709     学生3709      349   150   86    113   
2846  S1422     学生1422      349   145   106   98    
2847  S1372     学生1372      349   144   116   89    
2848  S6040     学生6040      349   142   86    121   
2849  S9531     学生9531      349   141   107   101   
2850  S6663     学生6663      349   140   99    110   
2851  S0819     学生819       349   138   129   82    
2852  S6287     学生6287      349   138   97    114   
2853  S7171     学生7171      349   135   104   110   
2854  S4192     学生4192      349   134   133   82    
2855  S6575     学生6575      349   133   122   94    
2856  S4002     学生4002      349   132   101   116   
2857  S6236     学生6236      349   132   98    119   
2858  S4919     学生4919      349   131   128   90    
2859  S1489     学生1489      349   131   118   100   
2860  S8227     学生8227      349   130   120   99    
2861  S8281     学生8281      349   130   109   110   
2862  S5670     学生5670      349   128   78    143   
2863  S2368     学生2368      349   127   120   102   
2864  S7745     学生7745      349   127   110   112   
2865  S4130     学生4130      349   126   135   88    
2866  S2892     学生2892      349   126   108   115   
2867  S3221     学生3221      349   125   125   99    
2868  S7918     学生7918      349   125   124   100   
2869  S0607     学生607       349   125   120   104   
2870  S3368     学生3368      349   125   119   105   
2871  S8959     学生8959      349   125   117   107   
2872  S6600     学生6600      349   125   109   115   
2873  S2078     学生2078      349   125   98    126   
2874  S7864     学生7864      349   125   93    131   
2875  S5070     学生5070      349   124   130   95    
2876  S2838     学生2838      349   124   110   115   
2877  S6968     学生6968      349   123   108   118   
2877  S9021     学生9021      349   123   108   118   
2879  S4166     学生4166      349   123   107   119   
2880  S0964     学生964       349   123   105   121   
2881  S0765     学生765       349   123   78    148   
2882  S5421     学生5421      349   120   120   109   
2883  S4020     学生4020      349   119   119   111   
2884  S4790     学生4790      349   118   90    141   
2885  S5695     学生5695      349   117   139   93    
2886  S2584     学生2584      349   116   123   110   
2887  S2839     学生2839      349   116   83    150   
2888  S8100     学生8100      349   115   127   107   
2889  S9324     学生9324      349   115   122   112   
2890  S3844     学生3844      349   115   118   116   
2891  S1057     学生1057      349   114   119   116   
2892  S2758     学生2758      349   113   143   93    
2893  S9515     学生9515      349   113   116   120   
2894  S8707     学生8707      349   112   114   123   
2895  S7948     学生7948      349   112   111   126   
2896  S5045     学生5045      349   111   138   100   
2897  S8344     学生8344      349   111   123   115   
2898  S8813     学生8813      349   109   128   112   
2899  S8667     学生8667      349   109   126   114   
2900  S8971     学生8971      349   108   138   103   
2901  S3534     学生3534      349   108   121   120   
2902  S6654     学生6654      349   107   126   116   
2903  S7144     学生7144      349   107   116   126   
2904  S3774     学生3774      349   106   148   95    
2905  S3289     学生3289      349   106   123   120   
2906  S7647     学生7647      349   106   112   131   
2907  S7132     学生7132      349   105   124   120   
2908  S5331     学生5331      349   105   121   123   
2909  S5378     学生5378      349   105   116   128   
2910  S8047     学生8047      349   104   95    150   
2911  S3024     学生3024      349   103   149   97    
2912  S6022     学生6022      349   102   101   146   
2913  S8253     学生8253      349   101   118   130   
2914  S1100     学生1100      349   101   98    150   
2915  S5904     学生5904      349   100   148   101   
2916  S7397     学生7397      349   100   123   126   
2917  S5782     学生5782      349   100   118   131   
2918  S0172     学生172       349   100   117   132   
2919  S1523     学生1523      349   100   99    150   
2920  S5575     学生5575      349   99    120   130   
2921  S0943     学生943       349   99    118   132   
2922  S3889     学生3889      349   98    148   103   
2923  S9305     学生9305      349   98    138   113   
2924  S1547     学生1547      349   98    131   120   
2925  S3171     学生3171      349   98    116   135   
2926  S9490     学生9490      349   97    141   111   
2927  S3229     学生3229      349   95    122   132   
2928  S0769     学生769       349   92    150   107   
2929  S5400     学生5400      349   92    144   113   
2930  S6003     学生6003      349   90    150   109   
2931  S7018     学生7018      349   90    125   134   
2932  S2116     学生2116      349   87    138   124   
2933  S8807     学生8807      349   85    149   115   
2934  S5247     学生5247      349   70    129   150   
2935  S3074     学生3074      348   150   123   75    
2936  S7216     学生7216      348   150   95    103   
2937  S8990     学生8990      348   150   81    117   
2938  S7306     学生7306      348   150   76    122   
2939  S6984     学生6984      348   149   74    125   
2940  S6430     学生6430      348   148   107   93    
2941  S6160     学生6160      348   147   89    112   
2942  S4365     学生4365      348   144   84    120   
2943  S2801     学生2801      348   142   120   86    
2944  S8189     学生8189      348   142   100   106   
2945  S6889     学生6889      348   140   103   105   
2946  S5532     学生5532      348   138   106   104   
2947  S4903     学生4903      348   138   105   105   
2948  S5294     学生5294      348   138   103   107   
2949  S2534     学生2534      348   137   133   78    
2950  S5302     学生5302      348   137   117   94    
2951  S4879     学生4879      348   137   115   96    
2952  S5674     学生5674      348   136   101   111   
2953  S8278     学生8278      348   136   93    119   
2954  S3068     学生3068      348   135   120   93    
2955  S8341     学生8341      348   135   100   113   
2956  S3984     学生3984      348   134   136   78    
2957  S9684     学生9684      348   132   110   106   
2958  S5365     学生5365      348   131   136   81    
2959  S2341     学生2341      348   130   120   98    
2960  S4077     学生4077      348   130   112   106   
2961  S0747     学生747       348   128   110   110   
2962  S3194     学生3194      348   127   110   111   
2963  S0273     学生273       348   126   111   111   
2964  S4088     学生4088      348   126   101   121   
2965  S4099     学生4099      348   126   72    150   
2966  S1285     学生1285      348   125   123   100   
2967  S7807     学生7807      348   124   136   88    
2968  S8085     学生8085      348   124   129   95    
2969  S2174     学生2174      348   124   112   112   
2970  S2927     学生2927      348   123   118   107   
2971  S2484     学生2484      348   123   112   113   
2972  S9428     学生9428      348   122   107   119   
2972  S9179     学生9179      348   122   107   119   
2974  S7438     学生7438      348   122   104   122   
2975  S4651     学生4651      348   121   122   105   
2976  S1421     学生1421      348   120   122   106   
2977  S3947     学生3947      348   120   117   111   
2978  S5809     学生5809      348   119   111   118   
2979  S6033     学生6033      348   119   94    135   
2980  S2742     学生2742      348   118   137   93    
2981  S4636     学生4636      348   117   120   111   
2982  S0282     学生282       348   117   116   115   
2983  S7180     学生7180      348   117   112   119   
2984  S7890     学生7890      348   117   87    144   
2985  S5327     学生5327      348   116   119   113   
2986  S3397     学生3397      348   116   114   118   
2987  S9243     学生9243      348   115   117   116   
2988  S1170     学生1170      348   115   110   123   
2989  S1373     学生1373      348   114   111   123   
2990  S8948     学生8948      348   113   124   111   
2991  S1552     学生1552      348   113   115   120   
2992  S2020     学生2020      348   113   111   124   
2993  S3143     学生3143      348   112   139   97    
2994  S9621     学生9621      348   112   125   111   
2995  S1035     学生1035      348   112   118   118   
2996  S0524     学生524       348   112   116   120   
2997  S5597     学生5597      348   112   104   132   
2998  S8435     学生8435      348   112   91    145   
2999  S8546     学生8546      348   111   131   106   
3000  S2292     学生2292      348   111   120   117   
3001  S4748     学生4748      348   111   119   118   
3002  S2894     学生2894      348   111   111   126   
3003  S8313     学生8313      348   110   124   114   
3004  S1445     学生1445      348   110   119   119   
3005  S0645     学生645       348   110   105   133   
3006  S0062     学生62        348   110   88    150   
3007  S7105     学生7105      348   109   128   111   
3008  S7844     学生7844      348   109   118   121   
3009  S6098     学生6098      348   108   119   121   
3010  S0035     学生35        348   108   117   123   
3011  S0429     学生429       348   107   133   108   
3012  S6990     学生6990      348   107   117   124   
3013  S0490     学生490       348   106   142   100   
3014  S4162     学生4162      348   106   137   105   
3015  S1204     学生1204      348   106   123   119   
3016  S4908     学生4908      348   106   109   133   
3017  S6325     学生6325      348   105   110   133   
3018  S9283     学生9283      348   104   143   101   
3019  S0630     学生630       348   102   143   103   
3020  S3233     学生3233      348   102   118   128   
3021  S3592     学生3592      348   101   140   107   
3022  S8162     学生8162      348   101   129   118   
3023  S5253     学生5253      348   101   119   128   
3024  S8237     学生8237      348   101   109   138   
3025  S1504     学生1504      348   97    128   123   
3026  S6036     学生6036      348   97    101   150   
3027  S5159     学生5159      348   96    125   127   
3028  S1181     学生1181      348   95    130   123   
3029  S0175     学生175       348   95    122   131   
3030  S4623     学生4623      348   94    135   119   
3031  S7286     学生7286      348   94    122   132   
3032  S3386     学生3386      348   93    138   117   
3033  S8809     学生8809      348   93    126   129   
3034  S2586     学生2586      348   93    105   150   
3035  S7962     学生7962      348   92    132   124   
3036  S1336     学生1336      348   92    130   126   
3037  S1150     学生1150      348   84    128   136   
3038  S9668     学生9668      348   82    134   132   
3039  S2462     学生2462      347   150   109   88    
3040  S3219     学生3219      347   150   97    100   
3041  S7045     学生7045      347   144   71    132   
3042  S2886     学生2886      347   143   130   74    
3043  S2315     学生2315      347   141   115   91    
3044  S1512     学生1512      347   141   108   98    
3045  S3953     学生3953      347   139   92    116   
3046  S4866     学生4866      347   139   85    123   
3047  S3232     学生3232      347   137   98    112   
3048  S2714     学生2714      347   135   124   88    
3049  S1345     学生1345      347   135   93    119   
3050  S3939     学生3939      347   134   116   97    
3051  S0546     学生546       347   134   82    131   
3052  S4680     学生4680      347   133   133   81    
3053  S1715     学生1715      347   133   131   83    
3054  S0204     学生204       347   133   98    116   
3055  S3330     学生3330      347   132   105   110   
3056  S8969     学生8969      347   131   107   109   
3057  S0394     学生394       347   131   91    125   
3058  S5955     学生5955      347   130   100   117   
3059  S4477     学生4477      347   130   80    137   
3060  S2277     学生2277      347   127   122   98    
3061  S3129     学生3129      347   125   112   110   
3062  S2219     学生2219      347   125   101   121   
3063  S5048     学生5048      347   125   96    126   
3064  S6506     学生6506      347   124   106   117   
3065  S7490     学生7490      347   124   89    134   
3066  S6661     学生6661      347   123   128   96    
3067  S0258     学生258       347   123   118   106   
3068  S8043     学生8043      347   123   101   123   
3069  S8255     学生8255      347   121   117   109   
3070  S1409     学生1409      347   121   113   113   
3071  S9383     学生9383      347   121   104   122   
3072  S7765     学生7765      347   120   117   110   
3073  S4137     学生4137      347   120   108   119   
3073  S4656     学生4656      347   120   108   119   
3075  S4420     学生4420      347   119   117   111   
3076  S7984     学生7984      347   119   106   122   
3077  S0353     学生353       347   119   98    130   
3078  S2580     学生2580      347   118   130   99    
3079  S5157     学生5157      347   118   113   116   
3080  S1470     学生1470      347   117   128   102   
3081  S1840     学生1840      347   117   125   105   
3082  S3510     学生3510      347   117   123   107   
3083  S5489     学生5489      347   117   112   118   
3084  S0602     学生602       347   116   114   117   
3085  S2797     学生2797      347   115   129   103   
3086  S8618     学生8618      347   115   128   104   
3087  S9620     学生9620      347   115   118   114   
3088  S6746     学生6746      347   113   108   126   
3089  S7031     学生7031      347   113   98    136   
3090  S5120     学生5120      347   110   143   94    
3091  S5233     学生5233      347   110   127   110   
3092  S4351     学生4351      347   109   136   102   
3093  S6512     学生6512      347   109   128   110   
3094  S9460     学生9460      347   109   124   114   
3095  S4805     学生4805      347   109   114   124   
3096  S2297     学生2297      347   109   100   138   
3097  S7607     学生7607      347   108   119   120   
3098  S2311     学生2311      347   108   114   125   
3099  S7889     学生7889      347   105   146   96    
3100  S8062     学生8062      347   105   131   111   
3101  S1479     学生1479      347   105   127   115   
3102  S1508     学生1508      347   105   122   120   
3103  S0731     学生731       347   105   119   123   
3104  S5883     学生5883      347   105   105   137   
3105  S1397     学生1397      347   105   98    144   
3106  S1675     学生1675      347   103   118   126   
3107  S6537     学生6537      347   103   113   131   
3108  S6191     学生6191      347   103   109   135   
3109  S9573     学生9573      347   102   98    147   
3110  S8223     学生8223      347   101   137   109   
3111  S4545     学生4545      347   101   125   121   
3112  S8501     学生8501      347   101   119   127   
3113  S3946     学生3946      347   100   135   112   
3114  S2531     学生2531      347   100   121   126   
3115  S2076     学生2076      347   99    114   134   
3116  S8359     学生8359      347   98    109   140   
3117  S4117     学生4117      347   94    112   141   
3118  S8730     学生8730      347   93    132   122   
3119  S8949     学生8949      347   88    128   131   
3120  S5818     学生5818      347   87    124   136   
3121  S4759     学生4759      347   84    135   128   
3122  S2581     学生2581      347   82    150   115   
3123  S3849     学生3849      347   75    148   124   
3124  S9249     学生9249      346   148   87    111   
3125  S4563     学生4563      346   145   135   66    
3126  S5011     学生5011      346   140   125   81    
3127  S5347     学生5347      346   139   127   80    
3128  S9042     学生9042      346   139   101   106   
3129  S6048     学生6048      346   139   91    116   
3130  S8822     学生8822      346   136   131   79    
3131  S8369     学生8369      346   136   88    122   
3132  S4445     学生4445      346   135   122   89    
3133  S3903     学生3903      346   135   101   110   
3134  S1894     学生1894      346   135   100   111   
3135  S1920     学生1920      346   134   125   87    
3136  S3855     学生3855      346   132   126   88    
3137  S9544     学生9544      346   132   114   100   
3138  S7175     学生7175      346   132   103   111   
3139  S3439     学生3439      346   132   78    136   
3140  S8053     学生8053      346   131   115   100   
3141  S8916     学生8916      346   130   112   104   
3142  S1264     学生1264      346   129   111   106   
3143  S5602     学生5602      346   129   102   115   
3144  S3686     学生3686      346   127   130   89    
3145  S1869     学生1869      346   127   111   108   
3146  S0708     学生708       346   127   108   111   
3147  S5122     学生5122      346   127   98    121   
3148  S1706     学生1706      346   126   113   107   
3149  S9862     学生9862      346   126   111   109   
3150  S1267     学生1267      346   125   118   103   
3151  S7467     学生7467      346   125   71    150   
3152  S9632     学生9632      346   124   130   92    
3153  S1946     学生1946      346   124   118   104   
3154  S4904     学生4904      346   123   107   116   
3155  S3162     学生3162      346   123   93    130   
3156  S1627     学生1627      346   122   124   100   
3157  S8089     学生8089      346   122   122   102   
3158  S6947     学生6947      346   122   104   120   
3159  S7441     学生7441      346   121   119   106   
3160  S2205     学生2205      346   120   118   108   
3161  S3113     学生3113      346   120   104   122   
3162  S7431     学生7431      346   120   98    128   
3163  S8821     学生8821      346   119   109   118   
3164  S3091     学生3091      346   119   107   120   
3165  S3763     学生3763      346   119   103   124   
3166  S9402     学生9402      346   119   102   125   
3167  S2767     学生2767      346   118   125   103   
3168  S9806     学生9806      346   118   113   115   
3169  S8597     学生8597      346   118   109   119   
3170  S1127     学生1127      346   117   144   85    
3171  S5892     学生5892      346   117   140   89    
3172  S6551     学生6551      346   116   147   83    
3173  S8469     学生8469      346   116   141   89    
3174  S5538     学生5538      346   116   131   99    
3175  S2701     学生2701      346   116   118   112   
3176  S2881     学生2881      346   116   89    141   
3177  S0661     学生661       346   114   138   94    
3178  S4050     学生4050      346   114   128   104   
3179  S1573     学生1573      346   114   122   110   
3180  S0108     学生108       346   114   114   118   
3181  S4896     学生4896      346   114   107   125   
3182  S1921     学生1921      346   114   105   127   
3183  S5355     学生5355      346   113   118   115   
3184  S6456     学生6456      346   112   136   98    
3185  S3677     学生3677      346   112   125   109   
3186  S7028     学生7028      346   112   122   112   
3187  S0159     学生159       346   112   107   127   
3188  S6846     学生6846      346   112   84    150   
3189  S6342     学生6342      346   111   143   92    
3190  S0697     学生697       346   111   117   118   
3191  S0627     学生627       346   111   116   119   
3192  S8946     学生8946      346   111   103   132   
3193  S7715     学生7715      346   110   134   102   
3194  S0653     学生653       346   110   130   106   
3195  S5867     学生5867      346   110   119   117   
3196  S3089     学生3089      346   109   110   127   
3197  S8958     学生8958      346   107   130   109   
3198  S3070     学生3070      346   106   102   138   
3199  S7077     学生7077      346   105   136   105   
3200  S1918     学生1918      346   105   131   110   
3201  S2944     学生2944      346   105   125   116   
3202  S1989     学生1989      346   104   137   105   
3203  S3647     学生3647      346   104   115   127   
3204  S9566     学生9566      346   104   112   130   
3204  S8038     学生8038      346   104   112   130   
3206  S8810     学生8810      346   104   92    150   
3207  S7278     学生7278      346   103   127   116   
3208  S8507     学生8507      346   102   133   111   
3209  S9594     学生9594      346   102   131   113   
3210  S9082     学生9082      346   102   121   123   
3211  S1396     学生1396      346   101   134   111   
3212  S6731     学生6731      346   101   102   143   
3213  S2069     学生2069      346   101   95    150   
3214  S3184     学生3184      346   100   142   104   
3215  S4971     学生4971      346   100   138   108   
3216  S2559     学生2559      346   100   103   143   
3217  S4727     学生4727      346   98    143   105   
3218  S3699     学生3699      346   97    141   108   
3219  S3871     学生3871      346   97    129   120   
3220  S5042     学生5042      346   97    109   140   
3221  S6648     学生6648      346   96    108   142   
3222  S4175     学生4175      346   95    141   110   
3223  S6471     学生6471      346   95    109   142   
3224  S5793     学生5793      346   95    108   143   
3225  S8578     学生8578      346   93    150   103   
3226  S7990     学生7990      346   92    150   104   
3227  S4857     学生4857      346   92    135   119   
3228  S0992     学生992       346   92    121   133   
3229  S3491     学生3491      346   92    109   145   
3230  S4479     学生4479      346   91    135   120   
3231  S8259     学生8259      346   89    131   126   
3232  S9113     学生9113      346   88    150   108   
3233  S9035     学生9035      346   86    133   127   
3234  S2995     学生2995      346   84    120   142   
3235  S4312     学生4312      346   82    150   114   
3236  S5238     学生5238      346   82    114   150   
3237  S9057     学生9057      346   80    116   150   
3238  S5701     学生5701      346   77    133   136   
3239  S5334     学生5334      345   150   127   68    
3240  S2456     学生2456      345   150   99    96    
3241  S8702     学生8702      345   150   97    98    
3241  S3358     学生3358      345   150   97    98    
3243  S2773     学生2773      345   150   82    113   
3244  S2054     学生2054      345   148   75    122   
3245  S3585     学生3585      345   147   135   63    
3246  S4644     学生4644      345   147   104   94    
3247  S3207     学生3207      345   147   99    99    
3248  S9571     学生9571      345   145   84    116   
3249  S6977     学生6977      345   141   97    107   
3250  S0848     学生848       345   140   84    121   
3251  S6214     学生6214      345   138   110   97    
3252  S5142     学生5142      345   138   106   101   
3253  S4777     学生4777      345   137   143   65    
3254  S1280     学生1280      345   137   85    123   
3255  S3085     学生3085      345   136   105   104   
3256  S4273     学生4273      345   135   125   85    
3257  S4544     学生4544      345   135   107   103   
3258  S8448     学生8448      345   134   99    112   
3259  S4837     学生4837      345   132   95    118   
3260  S4963     学生4963      345   132   82    131   
3261  S5064     学生5064      345   130   121   94    
3262  S8699     学生8699      345   130   108   107   
3263  S5177     学生5177      345   130   102   113   
3264  S7548     学生7548      345   130   85    130   
3265  S5577     学生5577      345   128   113   104   
3266  S3521     学生3521      345   128   86    131   
3267  S2396     学生2396      345   127   86    132   
3268  S8883     学生8883      345   126   104   115   
3269  S3213     学生3213      345   125   101   119   
3270  S9351     学生9351      345   125   99    121   
3271  S7339     学生7339      345   125   94    126   
3272  S9771     学生9771      345   125   78    142   
3273  S7828     学生7828      345   124   124   97    
3274  S5285     学生5285      345   124   114   107   
3275  S2914     学生2914      345   123   128   94    
3276  S9292     学生9292      345   123   124   98    
3277  S5103     学生5103      345   123   109   113   
3278  S5652     学生5652      345   123   99    123   
3279  S4587     学生4587      345   123   83    139   
3280  S8404     学生8404      345   122   128   95    
3281  S0770     学生770       345   122   110   113   
3282  S7609     学生7609      345   122   105   118   
3283  S7612     学生7612      345   122   88    135   
3284  S7304     学生7304      345   121   131   93    
3285  S6945     学生6945      345   121   95    129   
3286  S4889     学生4889      345   120   114   111   
3287  S6769     学生6769      345   120   109   116   
3288  S6524     学生6524      345   119   121   105   
3289  S6583     学生6583      345   119   118   108   
3290  S3307     学生3307      345   119   103   123   
3291  S2874     学生2874      345   119   79    147   
3292  S4085     学生4085      345   118   120   107   
3293  S3076     学生3076      345   118   110   117   
3294  S4906     学生4906      345   117   115   113   
3295  S5433     学生5433      345   116   132   97    
3296  S5613     学生5613      345   116   90    139   
3297  S5911     学生5911      345   115   131   99    
3298  S2578     学生2578      345   115   98    132   
3299  S9376     学生9376      345   114   127   104   
3300  S0058     学生58        345   114   113   118   
3301  S3786     学生3786      345   114   111   120   
3302  S1559     学生1559      345   114   81    150   
3303  S5195     学生5195      345   113   134   98    
3304  S0973     学生973       345   113   121   111   
3305  S9308     学生9308      345   113   105   127   
3306  S8480     学生8480      345   112   105   128   
3307  S0612     学生612       345   111   130   104   
3308  S7356     学生7356      345   111   114   120   
3309  S3536     学生3536      345   110   108   127   
3310  S4447     学生4447      345   110   105   130   
3311  S5601     学生5601      345   109   119   117   
3312  S7832     学生7832      345   109   110   126   
3313  S6086     学生6086      345   108   117   120   
3314  S1625     学生1625      345   107   134   104   
3315  S7181     学生7181      345   107   133   105   
3316  S0220     学生220       345   107   132   106   
3317  S5289     学生5289      345   107   127   111   
3318  S3005     学生3005      345   105   120   120   
3319  S5248     学生5248      345   105   114   126   
3320  S4602     学生4602      345   105   107   133   
3321  S5520     学生5520      345   105   106   134   
3322  S7307     学生7307      345   104   131   110   
3323  S0383     学生383       345   104   110   131   
3324  S6423     学生6423      345   103   122   120   
3325  S7805     学生7805      345   103   121   121   
3326  S1450     学生1450      345   103   92    150   
3327  S6464     学生6464      345   101   134   110   
3328  S7164     学生7164      345   101   130   114   
3329  S5020     学生5020      345   101   105   139   
3330  S2109     学生2109      345   99    128   118   
3331  S5023     学生5023      345   98    138   109   
3332  S6788     学生6788      345   96    113   136   
3333  S6343     学生6343      345   96    109   140   
3334  S1065     学生1065      345   95    113   137   
3335  S8829     学生8829      345   94    123   128   
3336  S1177     学生1177      345   93    105   147   
3337  S4913     学生4913      345   93    102   150   
3338  S4201     学生4201      345   91    134   120   
3339  S5281     学生5281      345   90    117   138   
3340  S7551     学生7551      345   87    139   119   
3341  S7435     学生7435      345   87    135   123   
3342  S8379     学生8379      345   86    150   109   
3343  S7236     学生7236      345   85    127   133   
3344  S5076     学生5076      345   80    127   138   
3345  S1144     学生1144      345   77    136   132   
3346  S4073     学生4073      344   147   72    125   
3347  S4854     学生4854      344   147   64    133   
3348  S8791     学生8791      344   146   112   86    
3349  S2288     学生2288      344   144   101   99    
3350  S2988     学生2988      344   143   128   73    
3351  S4008     学生4008      344   141   123   80    
3352  S8583     学生8583      344   140   117   87    
3353  S8907     学生8907      344   138   83    123   
3354  S4607     学生4607      344   137   118   89    
3355  S0673     学生673       344   136   112   96    
3356  S3014     学生3014      344   135   114   95    
3357  S4653     学生4653      344   134   114   96    
3358  S3944     学生3944      344   134   113   97    
3359  S7698     学生7698      344   133   115   96    
3360  S1949     学生1949      344   131   127   86    
3361  S1888     学生1888      344   131   94    119   
3362  S6427     学生6427      344   130   120   94    
3363  S2213     学生2213      344   128   131   85    
3364  S2934     学生2934      344   127   102   115   
3365  S2711     学生2711      344   125   115   104   
3366  S0926     学生926       344   125   109   110   
3367  S2570     学生2570      344   125   106   113   
3368  S3538     学生3538      344   125   74    145   
3369  S6406     学生6406      344   124   106   114   
3370  S3764     学生3764      344   124   101   119   
3371  S6561     学生6561      344   122   116   106   
3372  S4437     学生4437      344   122   105   117   
3373  S4599     学生4599      344   122   103   119   
3374  S1948     学生1948      344   121   123   100   
3375  S1947     学生1947      344   121   107   116   
3376  S3675     学生3675      344   121   106   117   
3377  S4013     学生4013      344   121   101   122   
3378  S7141     学生7141      344   120   127   97    
3379  S3467     学生3467      344   120   120   104   
3380  S7613     学生7613      344   120   115   109   
3381  S0644     学生644       344   120   114   110   
3382  S9761     学生9761      344   120   104   120   
3383  S9823     学生9823      344   119   128   97    
3384  S7869     学生7869      344   119   120   105   
3385  S9064     学生9064      344   118   133   93    
3386  S9329     学生9329      344   118   103   123   
3387  S5138     学生5138      344   118   100   126   
3388  S8252     学生8252      344   117   132   95    
3389  S4471     学生4471      344   116   123   105   
3390  S6785     学生6785      344   116   114   114   
3391  S5567     学生5567      344   116   112   116   
3392  S6102     学生6102      344   116   110   118   
3393  S1765     学生1765      344   115   98    131   
3394  S9508     学生9508      344   115   96    133   
3395  S9498     学生9498      344   115   95    134   
3396  S5003     学生5003      344   114   109   121   
3397  S9116     学生9116      344   114   100   130   
3398  S7842     学生7842      344   113   150   81    
3399  S2835     学生2835      344   113   111   120   
3400  S9867     学生9867      344   112   121   111   
3401  S8851     学生8851      344   112   111   121   
3402  S3805     学生3805      344   112   109   123   
3403  S8819     学生8819      344   112   98    134   
3404  S7316     学生7316      344   111   124   109   
3405  S5250     学生5250      344   111   120   113   
3406  S2051     学生2051      344   110   120   114   
3407  S8365     学生8365      344   110   105   129   
3408  S9397     学生9397      344   110   102   132   
3409  S0072     学生72        344   109   120   115   
3410  S8736     学生8736      344   108   127   109   
3411  S0828     学生828       344   108   120   116   
3412  S1471     学生1471      344   107   137   100   
3413  S1026     学生1026      344   107   126   111   
3414  S9857     学生9857      344   107   120   117   
3415  S6522     学生6522      344   106   132   106   
3416  S0553     学生553       344   106   121   117   
3417  S0532     学生532       344   106   98    140   
3418  S7751     学生7751      344   104   125   115   
3419  S3412     学生3412      344   103   136   105   
3420  S5009     学生5009      344   103   118   123   
3421  S4311     学生4311      344   102   128   114   
3422  S7958     学生7958      344   102   127   115   
3423  S9414     学生9414      344   102   125   117   
3424  S3158     学生3158      344   102   114   128   
3425  S1563     学生1563      344   101   125   118   
3426  S0489     学生489       344   101   124   119   
3427  S1029     学生1029      344   101   117   126   
3428  S3906     学生3906      344   101   114   129   
3429  S0752     学生752       344   99    139   106   
3430  S6980     学生6980      344   99    130   115   
3431  S0253     学生253       344   98    128   118   
3432  S5363     学生5363      344   98    125   121   
3433  S3559     学生3559      344   98    122   124   
3434  S2262     学生2262      344   96    150   98    
3435  S7170     学生7170      344   96    117   131   
3436  S0126     学生126       344   95    102   147   
3437  S2282     学生2282      344   94    133   117   
3438  S4670     学生4670      344   94    128   122   
3439  S7514     学生7514      344   94    107   143   
3440  S4993     学生4993      344   93    137   114   
3441  S7491     学生7491      344   93    132   119   
3442  S3565     学生3565      344   90    147   107   
3443  S3253     学生3253      344   90    132   122   
3444  S0600     学生600       344   89    127   128   
3445  S9111     学生9111      344   87    120   137   
3446  S1766     学生1766      344   84    148   112   
3447  S9984     学生9984      344   82    150   112   
3448  S0016     学生16        344   81    113   150   
3449  S8307     学生8307      344   76    142   126   
3450  S7480     学生7480      344   60    147   137   
3451  S6815     学生6815      343   150   102   91    
3452  S3098     学生3098      343   150   94    99    
3453  S2588     学生2588      343   150   92    101   
3454  S5957     学生5957      343   150   79    114   
3455  S9175     学生9175      343   149   137   57    
3456  S7825     学生7825      343   142   106   95    
3457  S6937     学生6937      343   138   77    128   
3458  S4455     学生4455      343   137   144   62    
3459  S0871     学生871       343   137   89    117   
3460  S0552     学生552       343   136   101   106   
3461  S3826     学生3826      343   135   111   97    
3462  S6482     学生6482      343   135   101   107   
3463  S5773     学生5773      343   135   100   108   
3464  S1093     学生1093      343   133   91    119   
3465  S9591     学生9591      343   132   116   95    
3466  S9599     学生9599      343   132   108   103   
3467  S7035     学生7035      343   132   95    116   
3468  S3363     学生3363      343   132   94    117   
3469  S1074     学生1074      343   131   110   102   
3470  S8137     学生8137      343   131   100   112   
3471  S8541     学生8541      343   129   128   86    
3472  S8073     学生8073      343   129   113   101   
3473  S5422     学生5422      343   129   110   104   
3474  S5586     学生5586      343   129   102   112   
3475  S2938     学生2938      343   129   89    125   
3476  S7934     学生7934      343   128   103   112   
3477  S6909     学生6909      343   128   72    143   
3478  S9239     学生9239      343   127   136   80    
3479  S9093     学生9093      343   127   133   83    
3480  S9877     学生9877      343   127   104   112   
3481  S4353     学生4353      343   126   105   112   
3482  S8657     学生8657      343   125   117   101   
3483  S5708     学生5708      343   124   136   83    
3484  S8931     学生8931      343   123   127   93    
3485  S0447     学生447       343   122   117   104   
3486  S7423     学生7423      343   121   98    124   
3487  S1343     学生1343      343   120   116   107   
3488  S1197     学生1197      343   120   104   119   
3489  S6407     学生6407      343   119   123   101   
3490  S2138     学生2138      343   119   119   105   
3491  S9819     学生9819      343   119   105   119   
3492  S1152     学生1152      343   119   94    130   
3493  S2088     学生2088      343   119   90    134   
3494  S7005     学生7005      343   118   143   82    
3495  S8540     学生8540      343   118   125   100   
3496  S4276     学生4276      343   118   104   121   
3497  S7487     学生7487      343   118   86    139   
3498  S9618     学生9618      343   117   131   95    
3499  S7176     学生7176      343   117   112   114   
3500  S7603     学生7603      343   117   95    131   
3501  S4076     学生4076      343   116   125   102   
3502  S6224     学生6224      343   115   150   78    
3503  S7635     学生7635      343   115   121   107   
3504  S1634     学生1634      343   115   118   110   
3505  S7297     学生7297      343   115   105   123   
3506  S9896     学生9896      343   115   100   128   
3507  S9440     学生9440      343   114   117   112   
3508  S5677     学生5677      343   114   114   115   
3509  S6282     学生6282      343   114   105   124   
3510  S9581     学生9581      343   114   97    132   
3511  S6605     学生6605      343   113   108   122   
3512  S2041     学生2041      343   113   87    143   
3513  S9145     学生9145      343   110   119   114   
3514  S9895     学生9895      343   110   95    138   
3515  S8318     学生8318      343   107   131   105   
3516  S1328     学生1328      343   107   126   110   
3517  S3176     学生3176      343   107   121   115   
3518  S3334     学生3334      343   107   92    144   
3519  S0837     学生837       343   106   133   104   
3520  S6346     学生6346      343   105   139   99    
3521  S3124     学生3124      343   105   124   114   
3522  S8032     学生8032      343   105   122   116   
3523  S9212     学生9212      343   104   102   137   
3524  S8270     学生8270      343   103   127   113   
3525  S5223     学生5223      343   102   117   124   
3526  S0066     学生66        343   101   112   130   
3527  S3305     学生3305      343   101   99    143   
3528  S8132     学生8132      343   100   129   114   
3529  S8604     学生8604      343   99    140   104   
3530  S0762     学生762       343   99    122   122   
3531  S9031     学生9031      343   98    131   114   
3532  S2513     学生2513      343   98    118   127   
3533  S2770     学生2770      343   97    125   121   
3534  S6480     学生6480      343   97    121   125   
3535  S7843     学生7843      343   96    123   124   
3536  S3285     学生3285      343   95    136   112   
3537  S7382     学生7382      343   95    116   132   
3538  S7420     学生7420      343   95    114   134   
3539  S1417     学生1417      343   95    107   141   
3540  S6210     学生6210      343   94    140   109   
3541  S0844     学生844       343   94    107   142   
3542  S7810     学生7810      343   91    133   119   
3543  S7964     学生7964      343   90    132   121   
3543  S6787     学生6787      343   90    132   121   
3545  S5973     学生5973      343   90    129   124   
3546  S2140     学生2140      343   89    126   128   
3547  S8835     学生8835      343   87    106   150   
3548  S2183     学生2183      343   85    124   134   
3549  S2409     学生2409      343   82    123   138   
3550  S2304     学生2304      343   76    140   127   
3551  S6733     学生6733      343   74    144   125   
3552  S2817     学生2817      343   73    120   150   
3553  S2621     学生2621      342   150   106   86    
3554  S1972     学生1972      342   149   98    95    
3555  S4139     学生4139      342   148   78    116   
3556  S6784     学生6784      342   145   101   96    
3557  S2241     学生2241      342   143   114   85    
3558  S7714     学生7714      342   143   74    125   
3559  S1007     学生1007      342   141   76    125   
3560  S0255     学生255       342   137   106   99    
3561  S8794     学生8794      342   136   91    115   
3562  S8398     学生8398      342   136   89    117   
3563  S9341     学生9341      342   135   81    126   
3564  S9314     学生9314      342   135   65    142   
3565  S1862     学生1862      342   134   109   99    
3566  S4764     学生4764      342   132   94    116   
3567  S8516     学生8516      342   131   101   110   
3568  S4252     学生4252      342   131   93    118   
3569  S4876     学生4876      342   130   106   106   
3570  S1786     学生1786      342   130   79    133   
3571  S8554     学生8554      342   129   116   97    
3571  S0451     学生451       342   129   116   97    
3573  S1334     学生1334      342   129   112   101   
3574  S7749     学生7749      342   129   90    123   
3575  S1480     学生1480      342   128   102   112   
3576  S3890     学生3890      342   126   104   112   
3577  S6849     学生6849      342   125   119   98    
3578  S6825     学生6825      342   125   118   99    
3579  S7289     学生7289      342   124   105   113   
3580  S8954     学生8954      342   123   127   92    
3581  S3359     学生3359      342   123   114   105   
3582  S8391     学生8391      342   122   121   99    
3583  S9188     学生9188      342   122   110   110   
3584  S2056     学生2056      342   122   93    127   
3585  S8663     学生8663      342   121   122   99    
3586  S9890     学生9890      342   121   116   105   
3587  S2528     学生2528      342   121   105   116   
3588  S8117     学生8117      342   120   111   111   
3589  S5738     学生5738      342   120   92    130   
3590  S3300     学生3300      342   120   83    139   
3591  S6886     学生6886      342   119   108   115   
3592  S8721     学生8721      342   119   104   119   
3593  S0377     学生377       342   119   83    140   
3594  S0866     学生866       342   118   141   83    
3595  S6001     学生6001      342   118   117   107   
3596  S8852     学生8852      342   117   149   76    
3597  S4608     学生4608      342   117   135   90    
3598  S8677     学生8677      342   116   107   119   
3599  S3905     学生3905      342   116   104   122   
3600  S6676     学生6676      342   114   127   101   
3601  S2346     学生2346      342   114   126   102   
3602  S3621     学生3621      342   113   131   98    
3603  S7190     学生7190      342   113   111   118   
3604  S7997     学生7997      342   113   107   122   
3605  S3674     学生3674      342   113   101   128   
3606  S9282     学生9282      342   113   99    130   
3607  S7280     学生7280      342   113   91    138   
3608  S1813     学生1813      342   113   84    145   
3609  S0424     学生424       342   113   82    147   
3610  S0894     学生894       342   112   122   108   
3611  S7854     学生7854      342   112   121   109   
3612  S4824     学生4824      342   112   119   111   
3613  S5321     学生5321      342   112   114   116   
3614  S3707     学生3707      342   112   111   119   
3615  S4813     学生4813      342   112   104   126   
3616  S5956     学生5956      342   111   94    137   
3617  S5514     学生5514      342   111   90    141   
3618  S1807     学生1807      342   110   105   127   
3619  S9781     学生9781      342   109   118   115   
3620  S1498     学生1498      342   109   110   123   
3621  S4011     学生4011      342   108   138   96    
3622  S1453     学生1453      342   108   108   126   
3623  S0491     学生491       342   108   107   127   
3624  S8487     学生8487      342   107   115   120   
3625  S8327     学生8327      342   107   112   123   
3626  S8467     学生8467      342   106   138   98    
3627  S5254     学生5254      342   106   126   110   
3628  S7267     学生7267      342   106   116   120   
3629  S1769     学生1769      342   106   103   133   
3630  S3948     学生3948      342   106   97    139   
3631  S0987     学生987       342   105   122   115   
3632  S9605     学生9605      342   105   94    143   
3633  S9940     学生9940      342   104   124   114   
3634  S2105     学生2105      342   103   126   113   
3635  S2650     学生2650      342   103   115   124   
3636  S9519     学生9519      342   103   108   131   
3637  S8863     学生8863      342   103   100   139   
3638  S4950     学生4950      342   102   122   118   
3639  S3238     学生3238      342   102   116   124   
3640  S7347     学生7347      342   101   147   94    
3641  S4313     学生4313      342   101   127   114   
3642  S2084     学生2084      342   101   117   124   
3643  S4511     学生4511      342   101   116   125   
3644  S6905     学生6905      342   100   111   131   
3644  S4616     学生4616      342   100   111   131   
3646  S3934     学生3934      342   100   107   135   
3647  S4231     学生4231      342   99    119   124   
3648  S9589     学生9589      342   98    94    150   
3649  S0573     学生573       342   97    130   115   
3650  S2325     学生2325      342   96    129   117   
3651  S4690     学生4690      342   96    119   127   
3652  S5827     学生5827      342   96    96    150   
3653  S6240     学生6240      342   95    146   101   
3654  S1917     学生1917      342   95    137   110   
3655  S4314     学生4314      342   95    108   139   
3656  S3910     学生3910      342   95    97    150   
3657  S9224     学生9224      342   94    146   102   
3658  S0425     学生425       342   94    138   110   
3659  S3612     学生3612      342   94    125   123   
3660  S7129     学生7129      342   93    122   127   
3661  S4401     学生4401      342   92    122   128   
3662  S4202     学生4202      342   89    139   114   
3663  S7667     学生7667      342   88    124   130   
3664  S0540     学生540       342   86    123   133   
3665  S1408     学生1408      342   82    112   148   
3666  S7722     学生7722      342   80    122   140   
3667  S3809     学生3809      342   78    121   143   
3668  S5614     学生5614      342   77    137   128   
3669  S6141     学生6141      342   75    142   125   
3670  S1607     学生1607      342   68    140   134   
3671  S8240     学生8240      341   150   101   90    
3672  S7430     学生7430      341   150   96    95    
3673  S2134     学生2134      341   150   90    101   
3674  S9205     学生9205      341   143   128   70    
3675  S2087     学生2087      341   143   105   93    
3676  S0666     学生666       341   141   89    111   
3677  S8598     学生8598      341   140   112   89    
3678  S0676     学生676       341   140   110   91    
3679  S8229     学生8229      341   135   97    109   
3680  S1038     学生1038      341   135   92    114   
3681  S6483     学生6483      341   133   95    113   
3682  S5112     学生5112      341   130   118   93    
3683  S8795     学生8795      341   130   106   105   
3684  S4898     学生4898      341   130   99    112   
3685  S8756     学生8756      341   130   90    121   
3686  S7930     学生7930      341   128   150   63    
3687  S9494     学生9494      341   127   114   100   
3688  S4517     学生4517      341   127   111   103   
3689  S1247     学生1247      341   127   104   110   
3690  S6484     学生6484      341   126   125   90    
3691  S3950     学生3950      341   126   109   106   
3692  S7708     学生7708      341   125   118   98    
3693  S5170     学生5170      341   125   101   115   
3694  S1819     学生1819      341   123   113   105   
3695  S8960     学生8960      341   123   104   114   
3696  S2337     学生2337      341   121   140   80    
3697  S5775     学生5775      341   121   126   94    
3698  S0783     学生783       341   121   121   99    
3699  S1131     学生1131      341   121   117   103   
3700  S8740     学生8740      341   121   116   104   
3701  S1266     学生1266      341   121   106   114   
3702  S0129     学生129       341   121   89    131   
3703  S1399     学生1399      341   121   88    132   
3704  S7846     学生7846      341   120   98    123   
3705  S9461     学生9461      341   119   123   99    
3706  S5865     学生5865      341   118   116   107   
3707  S3168     学生3168      341   118   103   120   
3708  S4615     学生4615      341   117   116   108   
3709  S3224     学生3224      341   117   112   112   
3710  S9586     学生9586      341   117   111   113   
3711  S5322     学生5322      341   117   106   118   
3712  S4016     学生4016      341   117   89    135   
3713  S8993     学生8993      341   116   118   107   
3714  S9187     学生9187      341   115   132   94    
3715  S7094     学生7094      341   115   125   101   
3716  S4743     学生4743      341   115   106   120   
3717  S6782     学生6782      341   115   92    134   
3718  S8219     学生8219      341   114   132   95    
3719  S4935     学生4935      341   114   107   120   
3720  S2599     学生2599      341   114   95    132   
3721  S7459     学生7459      341   113   128   100   
3722  S4432     学生4432      341   112   126   103   
3723  S1906     学生1906      341   112   124   105   
3724  S6808     学生6808      341   112   118   111   
3725  S1910     学生1910      341   112   106   123   
3725  S8402     学生8402      341   112   106   123   
3727  S8589     学生8589      341   112   99    130   
3728  S1151     学生1151      341   112   96    133   
3729  S6842     学生6842      341   111   140   90    
3730  S3210     学生3210      341   111   125   105   
3731  S1175     学生1175      341   110   132   99    
3732  S8866     学生8866      341   110   104   127   
3733  S9009     学生9009      341   110   96    135   
3734  S8798     学生8798      341   109   143   89    
3735  S1737     学生1737      341   109   141   91    
3736  S6190     学生6190      341   109   130   102   
3737  S9222     学生9222      341   109   128   104   
3738  S7569     学生7569      341   109   119   113   
3739  S3505     学生3505      341   109   109   123   
3740  S5682     学生5682      341   109   101   131   
3741  S0392     学生392       341   108   132   101   
3742  S3027     学生3027      341   107   148   86    
3743  S4305     学生4305      341   107   140   94    
3744  S5432     学生5432      341   107   137   97    
3745  S0092     学生92        341   107   132   102   
3746  S0446     学生446       341   107   114   120   
3747  S4538     学生4538      341   107   88    146   
3748  S8495     学生8495      341   105   125   111   
3749  S6824     学生6824      341   105   119   117   
3750  S6206     学生6206      341   105   87    149   
3751  S9551     学生9551      341   104   120   117   
3752  S2866     学生2866      341   104   118   119   
3753  S3842     学生3842      341   103   114   124   
3754  S7016     学生7016      341   103   112   126   
3755  S6231     学生6231      341   103   110   128   
3756  S3759     学生3759      341   103   106   132   
3757  S1799     学生1799      341   102   129   110   
3758  S9662     学生9662      341   102   120   119   
3759  S3776     学生3776      341   102   108   131   
3760  S6387     学生6387      341   101   150   90    
3761  S3756     学生3756      341   101   128   112   
3762  S6128     学生6128      341   101   117   123   
3763  S3403     学生3403      341   100   121   120   
3764  S6925     学生6925      341   100   116   125   
3765  S7218     学生7218      341   100   104   137   
3766  S1103     学生1103      341   99    130   112   
3767  S0506     学生506       341   98    120   123   
3768  S3072     学生3072      341   98    116   127   
3769  S3861     学生3861      341   97    135   109   
3770  S5926     学生5926      341   97    107   137   
3771  S4848     学生4848      341   95    140   106   
3772  S4323     学生4323      341   94    141   106   
3773  S4811     学生4811      341   94    115   132   
3774  S2072     学生2072      341   92    131   118   
3775  S5893     学生5893      341   92    127   122   
3776  S6286     学生6286      341   92    126   123   
3777  S5925     学生5925      341   91    131   119   
3778  S9066     学生9066      341   89    129   123   
3779  S3988     学生3988      341   89    102   150   
3780  S9177     学生9177      341   87    129   125   
3781  S0813     学生813       341   84    143   114   
3782  S7048     学生7048      341   81    139   121   
3783  S9056     学生9056      341   79    117   145   
3784  S8228     学生8228      341   76    127   138   
3785  S1413     学生1413      341   74    126   141   
3786  S0414     学生414       341   67    133   141   
3787  S0007     学生7         340   150   89    101   
3788  S7758     学生7758      340   150   88    102   
3789  S1717     学生1717      340   150   76    114   
3790  S0626     学生626       340   144   113   83    
3791  S0978     学生978       340   144   102   94    
3792  S5783     学生5783      340   143   101   96    
3793  S1333     学生1333      340   143   99    98    
3794  S1761     学生1761      340   142   78    120   
3795  S0242     学生242       340   141   102   97    
3796  S1243     学生1243      340   141   89    110   
3797  S2596     学生2596      340   141   77    122   
3798  S9134     学生9134      340   140   82    118   
3799  S2217     学生2217      340   139   108   93    
3800  S1912     学生1912      340   138   105   97    
3801  S3149     学生3149      340   136   130   74    
3802  S2561     学生2561      340   136   101   103   
3803  S7284     学生7284      340   136   69    135   
3804  S5316     学生5316      340   132   100   108   
3805  S1746     学生1746      340   130   124   86    
3806  S4573     学生4573      340   130   82    128   
3807  S1178     学生1178      340   129   117   94    
3808  S5454     学生5454      340   129   84    127   
3809  S0469     学生469       340   128   99    113   
3810  S0824     学生824       340   128   93    119   
3811  S6530     学生6530      340   127   108   105   
3812  S9956     学生9956      340   127   102   111   
3813  S1642     学生1642      340   126   87    127   
3814  S9747     学生9747      340   125   118   97    
3815  S0337     学生337       340   125   108   107   
3816  S4842     学生4842      340   125   101   114   
3817  S6830     学生6830      340   125   93    122   
3818  S4241     学生4241      340   124   82    134   
3819  S0247     学生247       340   123   112   105   
3820  S4872     学生4872      340   123   104   113   
3821  S8244     学生8244      340   122   114   104   
3822  S6213     学生6213      340   122   101   117   
3823  S5390     学生5390      340   122   100   118   
3824  S3092     学生3092      340   122   96    122   
3825  S9406     学生9406      340   121   117   102   
3826  S1190     学生1190      340   121   99    120   
3827  S7288     学生7288      340   120   137   83    
3828  S8639     学生8639      340   120   119   101   
3829  S6222     学生6222      340   120   115   105   
3830  S0354     学生354       340   119   111   110   
3831  S7453     学生7453      340   118   106   116   
3832  S4330     学生4330      340   118   100   122   
3833  S2027     学生2027      340   117   126   97    
3834  S9429     学生9429      340   117   112   111   
3835  S6594     学生6594      340   117   96    127   
3836  S8317     学生8317      340   116   128   96    
3837  S3325     学生3325      340   115   133   92    
3838  S0744     学生744       340   115   106   119   
3839  S6753     学生6753      340   114   122   104   
3840  S8585     学生8585      340   114   119   107   
3841  S9886     学生9886      340   114   92    134   
3842  S9609     学生9609      340   113   124   103   
3843  S7819     学生7819      340   113   123   104   
3844  S9262     学生9262      340   113   97    130   
3845  S4066     学生4066      340   112   121   107   
3846  S9869     学生9869      340   112   120   108   
3847  S0228     学生228       340   112   119   109   
3848  S5204     学生5204      340   112   89    139   
3849  S7285     学生7285      340   111   125   104   
3850  S6833     学生6833      340   111   120   109   
3851  S0591     学生591       340   111   113   116   
3852  S9510     学生9510      340   110   111   119   
3853  S5198     学生5198      340   109   122   109   
3854  S8688     学生8688      340   109   116   115   
3855  S4057     学生4057      340   109   113   118   
3856  S5992     学生5992      340   109   102   129   
3857  S3604     学生3604      340   109   95    136   
3858  S7328     学生7328      340   109   91    140   
3859  S4320     学生4320      340   108   110   122   
3860  S8612     学生8612      340   108   99    133   
3861  S1022     学生1022      340   108   98    134   
3862  S7364     学生7364      340   108   96    136   
3863  S2494     学生2494      340   107   141   92    
3864  S1485     学生1485      340   107   127   106   
3865  S3262     学生3262      340   107   113   120   
3866  S2454     学生2454      340   107   104   129   
3867  S4779     学生4779      340   106   128   106   
3868  S6359     学生6359      340   106   120   114   
3869  S7310     学生7310      340   106   90    144   
3870  S6027     学生6027      340   105   126   109   
3870  S4868     学生4868      340   105   126   109   
3872  S8566     学生8566      340   105   85    150   
3873  S2236     学生2236      340   104   138   98    
3874  S8002     学生8002      340   104   129   107   
3875  S1682     学生1682      340   104   120   116   
3876  S6926     学生6926      340   103   123   114   
3877  S7125     学生7125      340   103   108   129   
3878  S0728     学生728       340   102   132   106   
3879  S3354     学生3354      340   100   132   108   
3880  S6988     学生6988      340   100   129   111   
3881  S6972     学生6972      340   99    110   131   
3882  S1141     学生1141      340   99    107   134   
3883  S4174     学生4174      340   98    146   96    
3884  S2370     学生2370      340   98    102   140   
3885  S3084     学生3084      340   98    92    150   
3886  S9731     学生9731      340   97    113   130   
3887  S2647     学生2647      340   96    114   130   
3888  S9511     学生9511      340   94    147   99    
3889  S4706     学生4706      340   94    140   106   
3890  S9642     学生9642      340   94    137   109   
3891  S9550     学生9550      340   94    133   113   
3892  S5075     学生5075      340   89    109   142   
3893  S6199     学生6199      340   88    132   120   
3894  S1105     学生1105      340   88    110   142   
3895  S1567     学生1567      340   87    128   125   
3896  S6943     学生6943      340   87    111   142   
3897  S1500     学生1500      340   84    150   106   
3898  S8499     学生8499      340   83    150   107   
3899  S2237     学生2237      340   83    108   149   
3900  S1730     学生1730      340   77    149   114   
3901  S7773     学生7773      340   77    147   116   
3902  S7776     学生7776      340   72    122   146   
3903  S4382     学生4382      339   150   101   88    
3904  S4184     学生4184      339   150   99    90    
3905  S8871     学生8871      339   150   90    99    
3906  S0851     学生851       339   148   94    97    
3907  S2481     学生2481      339   143   98    98    
3908  S2658     学生2658      339   142   118   79    
3909  S0603     学生603       339   141   115   83    
3910  S4541     学生4541      339   140   95    104   
3911  S6568     学生6568      339   139   96    104   
3912  S9059     学生9059      339   137   95    107   
3913  S8894     学生8894      339   137   92    110   
3914  S7707     学生7707      339   136   115   88    
3915  S3633     学生3633      339   135   106   98    
3916  S8242     学生8242      339   134   77    128   
3917  S7760     学生7760      339   132   107   100   
3918  S4674     学生4674      339   131   107   101   
3919  S5098     学生5098      339   131   103   105   
3920  S0501     学生501       339   130   125   84    
3921  S2497     学生2497      339   130   123   86    
3922  S6182     学生6182      339   130   99    110   
3923  S9250     学生9250      339   130   95    114   
3924  S6622     学生6622      339   129   105   105   
3925  S4444     学生4444      339   127   91    121   
3926  S0898     学生898       339   126   113   100   
3927  S6413     学生6413      339   126   102   111   
3928  S6963     学生6963      339   125   115   99    
3929  S0640     学生640       339   125   102   112   
3930  S9720     学生9720      339   125   96    118   
3931  S4666     学生4666      339   122   107   110   
3932  S0157     学生157       339   122   97    120   
3933  S1919     学生1919      339   120   104   115   
3934  S1543     学生1543      339   119   118   102   
3935  S8394     学生8394      339   119   106   114   
3936  S6978     学生6978      339   119   70    150   
3937  S2591     学生2591      339   118   107   114   
3938  S3736     学生3736      339   118   92    129   
3939  S0413     学生413       339   117   112   110   
3940  S9527     学生9527      339   117   105   117   
3941  S2002     学生2002      339   117   101   121   
3942  S8432     学生8432      339   116   120   103   
3943  S5549     学生5549      339   116   80    143   
3944  S9859     学生9859      339   115   127   97    
3945  S2671     学生2671      339   115   116   108   
3946  S5735     学生5735      339   114   135   90    
3947  S4914     学生4914      339   114   113   112   
3948  S7861     学生7861      339   114   104   121   
3949  S6378     学生6378      339   113   128   98    
3950  S9332     学生9332      339   113   122   104   
3951  S8632     学生8632      339   113   117   109   
3952  S5777     学生5777      339   112   107   120   
3953  S7157     学生7157      339   112   102   125   
3954  S9836     学生9836      339   112   96    131   
3955  S4300     学生4300      339   111   109   119   
3956  S8181     学生8181      339   111   105   123   
3957  S4249     学生4249      339   110   113   116   
3958  S4596     学生4596      339   110   112   117   
3959  S1941     学生1941      339   110   99    130   
3960  S2280     学生2280      339   110   96    133   
3961  S5449     学生5449      339   109   141   89    
3962  S2120     学生2120      339   109   97    133   
3963  S2053     学生2053      339   108   133   98    
3964  S3761     学生3761      339   108   115   116   
3965  S4878     学生4878      339   108   113   118   
3966  S7622     学生7622      339   108   108   123   
3967  S4928     学生4928      339   108   105   126   
3968  S2260     学生2260      339   108   97    134   
3969  S8601     学生8601      339   107   126   106   
3970  S3326     学生3326      339   107   121   111   
3971  S7370     学生7370      339   107   109   123   
3972  S5069     学生5069      339   107   104   128   
3973  S4986     学生4986      339   107   98    134   
3974  S0068     学生68        339   107   92    140   
3975  S6384     学生6384      339   106   123   110   
3976  S6805     学生6805      339   104   141   94    
3977  S3537     学生3537      339   103   137   99    
3978  S6139     学生6139      339   103   122   114   
3979  S9638     学生9638      339   103   116   120   
3980  S6606     学生6606      339   102   117   120   
3981  S9186     学生9186      339   102   111   126   
3982  S9311     学生9311      339   101   127   111   
3983  S6593     学生6593      339   101   118   120   
3984  S3044     学生3044      339   100   147   92    
3985  S4394     学生4394      339   100   144   95    
3986  S6532     学生6532      339   100   129   110   
3987  S8128     学生8128      339   100   115   124   
3988  S2118     学生2118      339   100   105   134   
3989  S0190     学生190       339   99    133   107   
3990  S3414     学生3414      339   99    120   120   
3991  S2347     学生2347      339   99    113   127   
3992  S4652     学生4652      339   99    109   131   
3993  S3882     学生3882      339   99    102   138   
3994  S0636     学生636       339   98    135   106   
3995  S1875     学生1875      339   98    110   131   
3996  S2393     学生2393      339   98    101   140   
3997  S5374     学生5374      339   97    142   100   
3998  S6857     学生6857      339   97    134   108   
3999  S5104     学生5104      339   97    112   130   
4000  S0265     学生265       339   96    118   125   
4001  S8972     学生8972      339   96    93    150   
4002  S5540     学生5540      339   94    112   133   
4003  S2636     学生2636      339   93    148   98    
4004  S2893     学生2893      339   93    144   102   
4005  S4110     学生4110      339   93    125   121   
4006  S9334     学生9334      339   93    107   139   
4007  S0131     学生131       339   93    96    150   
4008  S6680     学生6680      339   92    128   119   
4009  S1507     学生1507      339   90    106   143   
4010  S4862     学生4862      339   89    135   115   
4011  S5326     学生5326      339   88    131   120   
4012  S5101     学生5101      339   87    139   113   
4013  S7798     学生7798      339   86    134   119   
4014  S5758     学生5758      339   83    143   113   
4015  S8801     学生8801      339   76    137   126   
4016  S2780     学生2780      339   70    123   146   
4017  S6468     学生6468      338   150   93    95    
4018  S2648     学生2648      338   150   73    115   
4019  S3392     学生3392      338   148   89    101   
4020  S0699     学生699       338   144   101   93    
4021  S2424     学生2424      338   139   122   77    
4022  S2794     学生2794      338   138   105   95    
4023  S7327     学生7327      338   138   98    102   
4024  S0112     学生112       338   137   122   79    
4025  S2479     学生2479      338   137   109   92    
4026  S5477     学生5477      338   135   115   88    
4027  S8476     学生8476      338   135   110   93    
4028  S2549     学生2549      338   133   92    113   
4029  S6874     学生6874      338   130   106   102   
4030  S0071     学生71        338   128   118   92    
4031  S4635     学生4635      338   128   102   108   
4032  S2819     学生2819      338   127   107   104   
4033  S6976     学生6976      338   127   100   111   
4034  S6037     学生6037      338   127   94    117   
4035  S8453     学生8453      338   126   127   85    
4036  S3634     学生3634      338   126   122   90    
4037  S0850     学生850       338   125   96    117   
4038  S6479     学生6479      338   124   111   103   
4039  S0181     学生181       338   124   88    126   
4040  S0248     学生248       338   123   111   104   
4041  S0419     学生419       338   123   99    116   
4042  S2382     学生2382      338   122   123   93    
4043  S7363     学生7363      338   121   122   95    
4044  S7659     学生7659      338   121   115   102   
4045  S1566     学生1566      338   121   98    119   
4046  S8364     学生8364      338   121   97    120   
4047  S2922     学生2922      338   120   122   96    
4048  S0319     学生319       338   120   95    123   
4049  S6344     学生6344      338   119   107   112   
4050  S6955     学生6955      338   119   93    126   
4051  S2079     学生2079      338   118   131   89    
4052  S2016     学生2016      338   118   120   100   
4053  S0161     学生161       338   117   129   92    
4054  S3186     学生3186      338   116   121   101   
4055  S4277     学生4277      338   115   132   91    
4056  S7088     学生7088      338   115   112   111   
4057  S2149     学生2149      338   115   105   118   
4058  S9547     学生9547      338   114   122   102   
4059  S2139     学生2139      338   114   99    125   
4060  S5887     学生5887      338   114   98    126   
4061  S6264     学生6264      338   113   114   111   
4062  S7646     学生7646      338   113   105   120   
4063  S6982     学生6982      338   111   128   99    
4064  S1835     学生1835      338   111   98    129   
4065  S0077     学生77        338   110   150   78    
4066  S4429     学生4429      338   110   126   102   
4067  S8455     学生8455      338   110   120   108   
4068  S9114     学生9114      338   110   116   112   
4069  S4945     学生4945      338   110   105   123   
4070  S2200     学生2200      338   109   94    135   
4071  S4169     学生4169      338   109   79    150   
4072  S2969     学生2969      338   108   139   91    
4073  S3390     学生3390      338   108   129   101   
4074  S1887     学生1887      338   108   111   119   
4075  S9481     学生9481      338   107   128   103   
4076  S1590     学生1590      338   107   119   112   
4077  S1041     学生1041      338   107   109   122   
4078  S8622     学生8622      338   107   90    141   
4079  S8621     学生8621      338   105   126   107   
4080  S0972     学生972       338   105   116   117   
4081  S6147     学生6147      338   105   110   123   
4082  S2940     学生2940      338   104   125   109   
4083  S3244     学生3244      338   104   116   118   
4084  S5885     学生5885      338   104   114   120   
4085  S8580     学生8580      338   104   108   126   
4086  S8024     学生8024      338   103   150   85    
4087  S9252     学生9252      338   103   121   114   
4088  S5265     学生5265      338   103   120   115   
4089  S8498     学生8498      338   103   114   121   
4090  S5260     学生5260      338   103   112   123   
4091  S3243     学生3243      338   102   114   122   
4092  S4565     学生4565      338   102   106   130   
4093  S2263     学生2263      338   101   150   87    
4094  S7064     学生7064      338   101   134   103   
4095  S3425     学生3425      338   101   119   118   
4096  S1257     学生1257      338   101   118   119   
4097  S1299     学生1299      338   101   116   121   
4098  S8142     学生8142      338   100   117   121   
4099  S2798     学生2798      338   99    142   97    
4100  S6625     学生6625      338   99    131   108   
4101  S6399     学生6399      338   99    129   110   
4102  S2961     学生2961      338   99    124   115   
4103  S8908     学生8908      338   99    123   116   
4104  S1104     学生1104      338   98    135   105   
4105  S9802     学生9802      338   98    131   109   
4106  S7982     学生7982      338   97    150   91    
4107  S0554     学生554       338   97    118   123   
4108  S0757     学生757       338   96    150   92    
4109  S7214     学生7214      338   95    118   125   
4110  S2301     学生2301      338   94    123   121   
4111  S0692     学生692       338   93    112   133   
4111  S4985     学生4985      338   93    112   133   
4113  S9260     学生9260      338   92    125   121   
4114  S6248     学生6248      338   91    115   132   
4115  S8153     学生8153      338   88    139   111   
4116  S2181     学生2181      338   88    122   128   
4117  S6704     学生6704      338   87    101   150   
4118  S7365     学生7365      338   85    103   150   
4119  S2654     学生2654      338   84    126   128   
4120  S2299     学生2299      338   83    134   121   
4121  S1502     学生1502      338   77    117   144   
4122  S5559     学生5559      337   142   99    96    
4123  S9199     学生9199      337   141   78    118   
4124  S5687     学生5687      337   139   110   88    
4125  S5208     学生5208      337   138   100   99    
4126  S4058     学生4058      337   137   100   100   
4127  S0363     学生363       337   135   126   76    
4128  S0505     学生505       337   135   115   87    
4129  S6745     学生6745      337   134   105   98    
4130  S1495     学生1495      337   134   100   103   
4131  S9785     学生9785      337   133   116   88    
4132  S9087     学生9087      337   133   106   98    
4133  S4193     学生4193      337   133   99    105   
4134  S3705     学生3705      337   132   123   82    
4135  S0930     学生930       337   132   105   100   
4136  S0962     学生962       337   132   92    113   
4137  S0811     学生811       337   131   116   90    
4138  S8452     学生8452      337   130   83    124   
4139  S5309     学生5309      337   130   82    125   
4140  S7839     学生7839      337   129   119   89    
4141  S8410     学生8410      337   129   110   98    
4142  S0238     学生238       337   128   105   104   
4143  S1561     学生1561      337   128   104   105   
4144  S6493     学生6493      337   127   106   104   
4144  S1066     学生1066      337   127   106   104   
4146  S6099     学生6099      337   127   88    122   
4147  S8723     学生8723      337   126   101   110   
4148  S5501     学生5501      337   125   114   98    
4148  S1574     学生1574      337   125   114   98    
4150  S9741     学生9741      337   125   105   107   
4151  S6474     学生6474      337   125   89    123   
4152  S7871     学生7871      337   124   102   111   
4153  S9776     学生9776      337   124   89    124   
4154  S9917     学生9917      337   123   113   101   
4155  S4059     学生4059      337   123   106   108   
4156  S7033     学生7033      337   123   103   111   
4157  S7729     学生7729      337   123   95    119   
4158  S8168     学生8168      337   122   99    116   
4159  S7242     学生7242      337   122   83    132   
4160  S2566     学生2566      337   121   121   95    
4161  S2803     学生2803      337   121   109   107   
4162  S9441     学生9441      337   120   102   115   
4163  S4691     学生4691      337   120   90    127   
4164  S4460     学生4460      337   119   113   105   
4165  S0750     学生750       337   118   110   109   
4166  S0782     学生782       337   118   102   117   
4167  S6579     学生6579      337   117   124   96    
4168  S9148     学生9148      337   116   112   109   
4169  S3787     学生3787      337   116   105   116   
4170  S8192     学生8192      337   115   113   109   
4171  S7068     学生7068      337   114   125   98    
4172  S9944     学生9944      337   114   113   110   
4173  S8350     学生8350      337   113   123   101   
4174  S6132     学生6132      337   113   103   121   
4175  S3341     学生3341      337   112   133   92    
4176  S7059     学生7059      337   112   131   94    
4177  S7545     学生7545      337   112   124   101   
4178  S6734     学生6734      337   112   116   109   
4179  S7399     学生7399      337   112   109   116   
4180  S5146     学生5146      337   112   98    127   
4181  S7061     学生7061      337   112   78    147   
4182  S9338     学生9338      337   111   140   86    
4183  S9560     学生9560      337   111   96    130   
4184  S5707     学生5707      337   110   120   107   
4185  S4329     学生4329      337   110   103   124   
4186  S1599     学生1599      337   110   96    131   
4187  S6844     学生6844      337   110   90    137   
4188  S6994     学生6994      337   109   142   86    
4189  S5931     学生5931      337   109   121   107   
4190  S6217     学生6217      337   109   114   114   
4191  S2357     学生2357      337   109   113   115   
4192  S9797     学生9797      337   109   109   119   
4193  S1932     学生1932      337   108   148   81    
4194  S6403     学生6403      337   108   146   83    
4195  S4450     学生4450      337   107   131   99    
4195  S2344     学生2344      337   107   131   99    
4197  S6991     学生6991      337   107   129   101   
4198  S0895     学生895       337   107   103   127   
4199  S4554     学生4554      337   106   135   96    
4200  S6327     学生6327      337   106   132   99    
4201  S3794     学生3794      337   106   81    150   
4202  S9072     学生9072      337   105   129   103   
4203  S8771     学生8771      337   105   126   106   
4204  S6204     学生6204      337   105   123   109   
4205  S6340     学生6340      337   104   150   83    
4206  S7797     学生7797      337   104   141   92    
4207  S7352     学生7352      337   104   121   112   
4208  S8889     学生8889      337   104   113   120   
4209  S8630     学生8630      337   103   119   115   
4210  S7700     学生7700      337   102   121   114   
4211  S1160     学生1160      337   102   113   122   
4212  S9596     学生9596      337   101   118   118   
4213  S4315     学生4315      337   101   117   119   
4214  S6295     学生6295      337   100   140   97    
4215  S8492     学生8492      337   100   130   107   
4216  S7153     学生7153      337   100   127   110   
4217  S3591     学生3591      337   96    118   123   
4218  S9060     学生9060      337   95    125   117   
4219  S9717     学生9717      337   94    118   125   
4220  S0470     学生470       337   94    113   130   
4221  S1188     学生1188      337   93    127   117   
4222  S1812     学生1812      337   91    126   120   
4223  S6438     学生6438      337   91    96    150   
4224  S6351     学生6351      337   88    117   132   
4225  S9382     学生9382      337   87    104   146   
4226  S8160     学生8160      337   86    126   125   
4227  S8225     学生8225      337   86    120   131   
4228  S7111     学生7111      337   82    139   116   
4229  S2712     学生2712      337   81    115   141   
4230  S6292     学生6292      337   80    133   124   
4231  S9943     学生9943      337   77    142   118   
4232  S1015     学生1015      337   75    132   130   
4233  S5541     学生5541      336   150   86    100   
4234  S9809     学生9809      336   150   78    108   
4235  S3601     学生3601      336   149   74    113   
4236  S2414     学生2414      336   142   96    98    
4237  S7308     学生7308      336   141   105   90    
4238  S9330     学生9330      336   141   86    109   
4239  S1605     学生1605      336   140   102   94    
4240  S9013     学生9013      336   140   96    100   
4241  S2545     学生2545      336   140   94    102   
4242  S4802     学生4802      336   139   115   82    
4243  S8992     学生8992      336   138   89    109   
4244  S5006     学生5006      336   137   110   89    
4245  S5095     学生5095      336   137   83    116   
4246  S3599     学生3599      336   136   111   89    
4247  S1189     学生1189      336   136   81    119   
4248  S1514     学生1514      336   135   90    111   
4249  S1952     学生1952      336   134   97    105   
4250  S9109     学生9109      336   134   94    108   
4251  S5778     学生5778      336   133   102   101   
4252  S6804     学生6804      336   133   93    110   
4253  S9826     学生9826      336   133   92    111   
4254  S5864     学生5864      336   132   101   103   
4254  S6967     学生6967      336   132   101   103   
4256  S1505     学生1505      336   132   89    115   
4257  S3362     学生3362      336   131   103   102   
4258  S8444     学生8444      336   131   95    110   
4259  S9925     学生9925      336   130   121   85    
4260  S3827     学生3827      336   129   95    112   
4261  S9968     学生9968      336   128   128   80    
4262  S3052     学生3052      336   128   108   100   
4263  S1722     学生1722      336   128   85    123   
4264  S0544     学生544       336   127   115   94    
4265  S4934     学生4934      336   127   77    132   
4266  S2888     学生2888      336   126   98    112   
4267  S3480     学生3480      336   126   77    133   
4268  S6088     学生6088      336   125   96    115   
4269  S0522     学生522       336   124   101   111   
4269  S5511     学生5511      336   124   101   111   
4271  S9969     学生9969      336   124   93    119   
4272  S5843     学生5843      336   123   126   87    
4273  S4269     学生4269      336   122   117   97    
4274  S4692     学生4692      336   122   108   106   
4275  S8743     学生8743      336   120   113   103   
4276  S8337     学生8337      336   119   121   96    
4277  S1017     学生1017      336   119   96    121   
4278  S8550     学生8550      336   118   120   98    
4279  S3141     学生3141      336   118   115   103   
4280  S8111     学生8111      336   118   93    125   
4281  S7536     学生7536      336   117   129   90    
4282  S3881     学生3881      336   117   127   92    
4283  S5381     学生5381      336   116   122   98    
4284  S8257     学生8257      336   114   130   92    
4285  S1871     学生1871      336   113   134   89    
4286  S5895     学生5895      336   113   109   114   
4287  S0387     学生387       336   113   107   116   
4288  S8732     学生8732      336   113   92    131   
4289  S9686     学生9686      336   112   115   109   
4290  S4947     学生4947      336   112   105   119   
4291  S7398     学生7398      336   112   95    129   
4292  S6070     学生6070      336   111   131   94    
4293  S9269     学生9269      336   111   130   95    
4294  S2504     学生2504      336   111   106   119   
4295  S6838     学生6838      336   111   98    127   
4296  S3389     学生3389      336   110   98    128   
4297  S2979     学生2979      336   109   121   106   
4298  S2740     学生2740      336   108   130   98    
4299  S6998     学生6998      336   108   116   112   
4300  S4814     学生4814      336   107   135   94    
4301  S9782     学生9782      336   107   125   104   
4302  S1969     学生1969      336   107   122   107   
4303  S1212     学生1212      336   107   117   112   
4304  S6519     学生6519      336   107   115   114   
4305  S4609     学生4609      336   107   102   127   
4306  S3202     学生3202      336   106   117   113   
4307  S8834     学生8834      336   106   106   124   
4308  S4418     学生4418      336   105   124   107   
4309  S1584     学生1584      336   105   106   125   
4310  S8760     学生8760      336   104   144   88    
4311  S3852     学生3852      336   104   126   106   
4312  S8094     学生8094      336   104   117   115   
4313  S5623     学生5623      336   104   116   116   
4314  S3893     学生3893      336   104   101   131   
4315  S5510     学生5510      336   103   110   123   
4316  S2717     学生2717      336   102   128   106   
4317  S5552     学生5552      336   102   125   109   
4318  S2516     学生2516      336   102   116   118   
4319  S9933     学生9933      336   102   114   120   
4320  S5916     学生5916      336   101   134   101   
4321  S0719     学生719       336   101   123   112   
4322  S5217     学生5217      336   101   120   115   
4323  S2026     学生2026      336   101   118   117   
4324  S0507     学生507       336   101   103   132   
4325  S7260     学生7260      336   101   87    148   
4326  S8178     学生8178      336   100   126   110   
4327  S0147     学生147       336   100   121   115   
4328  S0464     学生464       336   100   119   117   
4329  S9631     学生9631      336   99    125   112   
4330  S8659     学生8659      336   98    114   124   
4331  S3863     学生3863      336   97    150   89    
4332  S9543     学生9543      336   96    99    141   
4333  S8239     学生8239      336   95    142   99    
4334  S1995     学生1995      336   95    103   138   
4335  S5879     学生5879      336   95    99    142   
4336  S1231     学生1231      336   94    122   120   
4337  S2525     学生2525      336   94    121   121   
4338  S4618     学生4618      336   93    134   109   
4339  S4683     学生4683      336   92    125   119   
4340  S9473     学生9473      336   91    125   120   
4341  S5584     学生5584      336   90    146   100   
4342  S1001     学生1001      336   90    136   110   
4343  S4332     学生4332      336   90    96    150   
4344  S3054     学生3054      336   89    122   125   
4345  S4522     学生4522      336   88    140   108   
4346  S6938     学生6938      336   88    118   130   
4347  S4863     学生4863      336   87    126   123   
4348  S4823     学生4823      336   86    114   136   
4349  S1347     学生1347      336   84    123   129   
4350  S7565     学生7565      336   84    111   141   
4351  S0565     学生565       336   83    103   150   
4352  S4019     学生4019      336   78    136   122   
4353  S9234     学生9234      336   78    133   125   
4354  S8635     学生8635      336   77    110   149   
4355  S5637     学生5637      335   150   112   73    
4356  S6283     学生6283      335   150   102   83    
4357  S6319     学生6319      335   150   100   85    
4358  S2390     学生2390      335   150   98    87    
4359  S0873     学生873       335   150   94    91    
4360  S9998     学生9998      335   150   86    99    
4361  S0671     学生671       335   149   100   86    
4362  S3877     学生3877      335   141   89    105   
4363  S2113     学生2113      335   140   103   92    
4364  S9471     学生9471      335   139   114   82    
4365  S3758     学生3758      335   139   101   95    
4366  S9653     学生9653      335   138   81    116   
4367  S4325     学生4325      335   135   84    116   
4368  S8559     学生8559      335   134   88    113   
4369  S8755     学生8755      335   134   76    125   
4370  S0687     学生687       335   133   98    104   
4371  S0252     学生252       335   131   111   93    
4372  S6357     学生6357      335   131   90    114   
4373  S6571     学生6571      335   130   112   93    
4374  S6184     学生6184      335   130   106   99    
4374  S6879     学生6879      335   130   106   99    
4376  S8197     学生8197      335   130   100   105   
4377  S8301     学生8301      335   130   97    108   
4378  S1808     学生1808      335   130   92    113   
4379  S9277     学生9277      335   129   118   88    
4380  S9136     学生9136      335   128   85    122   
4381  S3206     学生3206      335   128   78    129   
4382  S0535     学生535       335   127   122   86    
4383  S0269     学生269       335   127   116   92    
4384  S9521     学生9521      335   127   101   107   
4385  S9752     学生9752      335   127   99    109   
4386  S8987     学生8987      335   126   116   93    
4387  S4851     学生4851      335   126   113   96    
4388  S5001     学生5001      335   126   101   108   
4389  S4938     学生4938      335   125   121   89    
4390  S3065     学生3065      335   125   120   90    
4391  S9047     学生9047      335   125   94    116   
4392  S3353     学生3353      335   123   112   100   
4393  S7968     学生7968      335   123   108   104   
4394  S2789     学生2789      335   123   95    117   
4395  S4227     学生4227      335   123   92    120   
4396  S8912     学生8912      335   121   100   114   
4397  S4474     学生4474      335   121   99    115   
4398  S1702     学生1702      335   120   105   110   
4399  S3568     学生3568      335   120   102   113   
4399  S0794     学生794       335   120   102   113   
4401  S6457     学生6457      335   118   108   109   
4402  S8045     学生8045      335   118   105   112   
4403  S4991     学生4991      335   117   107   111   
4404  S7946     学生7946      335   115   119   101   
4405  S6235     学生6235      335   115   118   102   
4406  S7203     学生7203      335   115   114   106   
4407  S3137     学生3137      335   115   94    126   
4408  S2741     学生2741      335   112   114   109   
4409  S1797     学生1797      335   111   112   112   
4410  S2694     学生2694      335   111   110   114   
4411  S5853     学生5853      335   111   105   119   
4412  S4550     学生4550      335   110   123   102   
4413  S9443     学生9443      335   110   119   106   
4414  S0590     学生590       335   109   150   76    
4414  S6119     学生6119      335   109   150   76    
4416  S9703     学生9703      335   109   117   109   
4417  S7882     学生7882      335   109   99    127   
4418  S8221     学生8221      335   108   109   118   
4419  S7196     学生7196      335   107   125   103   
4420  S5730     学生5730      335   107   122   106   
4421  S0059     学生59        335   107   114   114   
4421  S9002     学生9002      335   107   114   114   
4423  S9506     学生9506      335   107   112   116   
4423  S5478     学生5478      335   107   112   116   
4425  S0102     学生102       335   106   116   113   
4426  S3000     学生3000      335   106   107   122   
4427  S8378     学生8378      335   106   104   125   
4428  S1551     学生1551      335   105   107   123   
4429  S8815     学生8815      335   105   88    142   
4430  S2345     学生2345      335   104   123   108   
4431  S7621     学生7621      335   104   115   116   
4432  S1307     学生1307      335   104   105   126   
4433  S4498     学生4498      335   103   130   102   
4434  S7486     学生7486      335   103   113   119   
4435  S2024     学生2024      335   101   111   123   
4436  S6243     学生6243      335   99    104   132   
4437  S2066     学生2066      335   97    124   114   
4438  S1437     学生1437      335   97    108   130   
4439  S5698     学生5698      335   97    98    140   
4440  S4514     学生4514      335   96    134   105   
4441  S0104     学生104       335   96    89    150   
4442  S1169     学生1169      335   95    131   109   
4443  S0804     学生804       335   94    109   132   
4444  S4468     学生4468      335   93    118   124   
4445  S0386     学生386       335   92    120   123   
4446  S8868     学生8868      335   92    118   125   
4447  S8698     学生8698      335   92    93    150   
4448  S0902     学生902       335   91    118   126   
4449  S6322     学生6322      335   91    111   133   
4450  S0022     学生22        335   90    125   120   
4451  S5372     学生5372      335   89    117   129   
4452  S5557     学生5557      335   88    112   135   
4453  S5408     学生5408      335   88    111   136   
4454  S4070     学生4070      335   88    97    150   
4455  S8547     学生8547      335   87    117   131   
4456  S1677     学生1677      335   87    109   139   
4457  S4917     学生4917      335   85    112   138   
4458  S6291     学生6291      335   83    129   123   
4459  S9645     学生9645      335   83    102   150   
4460  S6768     学生6768      335   82    123   130   
4461  S6510     学生6510      335   78    133   124   
4462  S6153     学生6153      335   71    119   145   
4463  S9808     学生9808      335   64    121   150   
4464  S4064     学生4064      334   150   116   68    
4465  S3990     学生3990      334   142   95    97    
4466  S2019     学生2019      334   135   100   99    
4467  S2374     学生2374      334   134   140   60    
4468  S5941     学生5941      334   133   95    106   
4469  S9854     学生9854      334   132   118   84    
4470  S2968     学生2968      334   132   84    118   
4471  S2202     学生2202      334   130   89    115   
4472  S3257     学生3257      334   128   109   97    
4473  S3241     学生3241      334   128   106   100   
4474  S3460     学生3460      334   127   123   84    
4475  S9437     学生9437      334   127   84    123   
4476  S5244     学生5244      334   126   89    119   
4477  S5681     学生5681      334   126   80    128   
4478  S4376     学生4376      334   125   112   97    
4479  S0138     学生138       334   125   106   103   
4480  S3965     学生3965      334   125   101   108   
4481  S1046     学生1046      334   125   100   109   
4482  S2687     学生2687      334   125   93    116   
4483  S2478     学生2478      334   125   92    117   
4484  S9094     学生9094      334   124   118   92    
4485  S6478     学生6478      334   124   106   104   
4486  S8456     学生8456      334   123   115   96    
4487  S8658     学生8658      334   123   113   98    
4488  S9019     学生9019      334   122   150   62    
4489  S2563     学生2563      334   122   86    126   
4490  S4113     学生4113      334   121   125   88    
4491  S0664     学生664       334   121   114   99    
4492  S4855     学生4855      334   121   112   101   
4493  S7654     学生7654      334   121   89    124   
4494  S6971     学生6971      334   120   117   97    
4495  S2427     学生2427      334   120   110   104   
4496  S3106     学生3106      334   120   108   106   
4497  S7868     学生7868      334   119   113   102   
4498  S1346     学生1346      334   119   111   104   
4499  S4481     学生4481      334   119   100   115   
4500  S8427     学生8427      334   118   101   115   
4501  S0303     学生303       334   118   94    122   
4502  S8843     学生8843      334   117   130   87    
4503  S4671     学生4671      334   117   114   103   
4504  S6619     学生6619      334   117   99    118   
4505  S4216     学生4216      334   117   95    122   
4506  S1163     学生1163      334   116   129   89    
4507  S8844     学生8844      334   116   113   105   
4508  S1743     学生1743      334   116   105   113   
4509  S3086     学生3086      334   116   101   117   
4510  S5496     学生5496      334   115   113   106   
4511  S6394     学生6394      334   115   112   107   
4512  S7264     学生7264      334   114   133   87    
4513  S1314     学生1314      334   114   104   116   
4514  S8703     学生8703      334   113   143   78    
4515  S5054     学生5054      334   113   116   105   
4516  S2025     学生2025      334   113   109   112   
4517  S5812     学生5812      334   113   106   115   
4518  S1528     学生1528      334   112   138   84    
4519  S9982     学生9982      334   112   109   113   
4520  S9685     学生9685      334   112   103   119   
4521  S6221     学生6221      334   112   100   122   
4522  S3464     学生3464      334   112   90    132   
4523  S9499     学生9499      334   111   110   113   
4524  S9317     学生9317      334   111   99    124   
4525  S9522     学生9522      334   110   120   104   
4526  S8553     学生8553      334   110   78    146   
4527  S5343     学生5343      334   109   127   98    
4528  S7443     学生7443      334   109   123   102   
4529  S7433     学生7433      334   108   114   112   
4530  S8682     学生8682      334   108   87    139   
4531  S5632     学生5632      334   107   125   102   
4532  S0514     学生514       334   107   121   106   
4533  S0911     学生911       334   107   118   109   
4534  S8481     学生8481      334   107   117   110   
4535  S8249     学生8249      334   107   109   118   
4536  S1304     学生1304      334   106   144   84    
4537  S9800     学生9800      334   106   129   99    
4538  S2771     学生2771      334   105   142   87    
4539  S5128     学生5128      334   105   113   116   
4540  S5659     学生5659      334   105   100   129   
4541  S8768     学生8768      334   105   93    136   
4542  S6660     学生6660      334   104   125   105   
4543  S7566     学生7566      334   104   124   106   
4544  S8247     学生8247      334   102   111   121   
4545  S9135     学生9135      334   101   137   96    
4546  S2459     学生2459      334   100   128   106   
4547  S7492     学生7492      334   100   95    139   
4548  S5914     学生5914      334   99    122   113   
4549  S4337     学生4337      334   99    121   114   
4550  S3438     学生3438      334   99    114   121   
4551  S7051     学生7051      334   98    150   86    
4552  S5518     学生5518      334   98    125   111   
4553  S1806     学生1806      334   98    109   127   
4554  S7675     学生7675      334   98    103   133   
4555  S9891     学生9891      334   97    130   107   
4556  S7914     学生7914      334   97    129   108   
4557  S1782     学生1782      334   97    113   124   
4558  S2218     学生2218      334   96    125   113   
4559  S1350     学生1350      334   96    113   125   
4560  S1095     学生1095      334   95    122   117   
4561  S6313     学生6313      334   94    122   118   
4562  S0284     学生284       334   94    104   136   
4563  S7450     学生7450      334   93    132   109   
4564  S1287     学生1287      334   92    150   92    
4565  S9865     学生9865      334   92    96    146   
4566  S0784     学生784       334   90    94    150   
4567  S1913     学生1913      334   89    130   115   
4568  S5934     学生5934      334   89    105   140   
4569  S9576     学生9576      334   88    96    150   
4570  S8719     学生8719      334   87    147   100   
4571  S1778     学生1778      334   87    120   127   
4572  S9411     学生9411      334   86    106   142   
4573  S4852     学生4852      334   85    139   110   
4574  S6811     学生6811      334   85    116   133   
4575  S3006     学生3006      334   84    109   141   
4576  S8720     学生8720      334   83    119   132   
4577  S0959     学生959       334   81    133   120   
4578  S4346     学生4346      334   80    121   133   
4579  S9210     学生9210      334   79    130   125   
4580  S0485     学生485       334   78    123   133   
4581  S4751     学生4751      334   71    115   148   
4582  S0910     学生910       334   66    149   119   
4583  S5974     学生5974      333   150   109   74    
4584  S0285     学生285       333   150   90    93    
4585  S5012     学生5012      333   150   86    97    
4586  S3917     学生3917      333   150   63    120   
4587  S8426     学生8426      333   148   49    136   
4588  S9258     学生9258      333   145   115   73    
4589  S2514     学生2514      333   142   104   87    
4590  S9722     学生9722      333   138   106   89    
4591  S4697     学生4697      333   134   98    101   
4592  S6312     学生6312      333   134   92    107   
4593  S7512     学生7512      333   132   102   99    
4594  S4243     学生4243      333   132   90    111   
4595  S3242     学生3242      333   131   100   102   
4596  S5706     学生5706      333   130   91    112   
4597  S0974     学生974       333   129   90    114   
4598  S7303     学生7303      333   128   113   92    
4599  S9068     学生9068      333   128   95    110   
4600  S5704     学生5704      333   126   111   96    
4601  S2572     学生2572      333   126   100   107   
4602  S2515     学生2515      333   126   94    113   
4603  S0243     学生243       333   126   83    124   
4604  S8429     学生8429      333   125   116   92    
4605  S3430     学生3430      333   125   102   106   
4606  S3862     学生3862      333   125   99    109   
4607  S7055     学生7055      333   124   115   94    
4608  S3343     学生3343      333   123   120   90    
4609  S5480     学生5480      333   123   104   106   
4610  S3424     学生3424      333   121   128   84    
4611  S7314     学生7314      333   121   92    120   
4612  S8564     学生8564      333   119   88    126   
4613  S4388     学生4388      333   119   85    129   
4614  S6823     学生6823      333   118   116   99    
4615  S9884     学生9884      333   117   121   95    
4616  S3026     学生3026      333   116   115   102   
4617  S8717     学生8717      333   116   113   104   
4618  S6085     学生6085      333   116   107   110   
4618  S3447     学生3447      333   116   107   110   
4620  S0329     学生329       333   115   118   100   
4621  S9219     学生9219      333   115   87    131   
4622  S0834     学生834       333   114   115   104   
4623  S3130     学生3130      333   114   110   109   
4624  S0335     学生335       333   114   90    129   
4625  S6503     学生6503      333   113   104   116   
4626  S2818     学生2818      333   112   121   100   
4627  S4391     学生4391      333   112   115   106   
4628  S2234     学生2234      333   112   112   109   
4629  S0511     学生511       333   112   109   112   
4630  S5261     学生5261      333   111   107   115   
4630  S5292     学生5292      333   111   107   115   
4632  S4557     学生4557      333   111   104   118   
4633  S5078     学生5078      333   110   107   116   
4634  S7537     学生7537      333   110   89    134   
4635  S0176     学生176       333   109   125   99    
4636  S1852     学生1852      333   109   121   103   
4637  S4146     学生4146      333   109   115   109   
4638  S8377     学生8377      333   109   103   121   
4639  S1826     学生1826      333   109   102   122   
4640  S1466     学生1466      333   108   111   114   
4641  S6533     学生6533      333   108   95    130   
4642  S9695     学生9695      333   107   120   106   
4643  S8235     学生8235      333   107   118   108   
4644  S6477     学生6477      333   106   138   89    
4645  S9099     学生9099      333   106   110   117   
4646  S8433     学生8433      333   106   103   124   
4647  S2148     学生2148      333   105   132   96    
4648  S4537     学生4537      333   105   96    132   
4649  S3648     学生3648      333   104   107   122   
4650  S8414     学生8414      333   104   93    136   
4651  S7396     学生7396      333   103   126   104   
4652  S6627     学生6627      333   103   125   105   
4653  S8473     学生8473      333   103   116   114   
4654  S5391     学生5391      333   103   112   118   
4655  S7641     学生7641      333   103   110   120   
4656  S2974     学生2974      333   103   80    150   
4657  S0074     学生74        333   102   123   108   
4658  S0435     学生435       333   101   111   121   
4659  S8389     学生8389      333   101   102   130   
4660  S9232     学生9232      333   100   115   118   
4661  S3344     学生3344      333   99    106   128   
4662  S7989     学生7989      333   98    121   114   
4663  S6333     学生6333      333   98    108   127   
4664  S1973     学生1973      333   97    106   130   
4665  S9962     学生9962      333   96    133   104   
4666  S1132     学生1132      333   96    127   110   
4667  S5859     学生5859      333   96    125   112   
4668  S8324     学生8324      333   96    108   129   
4669  S3418     学生3418      333   95    120   118   
4670  S8556     学生8556      333   95    107   131   
4671  S6772     学生6772      333   94    135   104   
4672  S5315     学生5315      333   94    113   126   
4673  S2100     学生2100      333   94    100   139   
4674  S8988     学生8988      333   88    116   129   
4675  S2369     学生2369      333   87    138   108   
4676  S4673     学生4673      333   87    135   111   
4677  S1146     学生1146      333   87    130   116   
4678  S3883     学生3883      333   87    102   144   
4679  S2537     学生2537      333   85    104   144   
4680  S4078     学生4078      333   84    134   115   
4681  S9774     学生9774      333   84    123   126   
4682  S3694     学生3694      333   83    134   116   
4683  S0278     学生278       333   82    125   126   
4684  S8522     学生8522      333   82    108   143   
4685  S3923     学生3923      333   80    119   134   
4686  S1140     学生1140      333   66    117   150   
4687  S7301     学生7301      333   65    125   143   
4688  S5565     学生5565      332   150   112   70    
4689  S9921     学生9921      332   150   67    115   
4690  S0696     学生696       332   146   91    95    
4691  S4590     学生4590      332   142   82    108   
4692  S0567     学生567       332   140   103   89    
4693  S9945     学生9945      332   138   125   69    
4694  S1879     学生1879      332   138   114   80    
4695  S0234     学生234       332   137   109   86    
4696  S7840     学生7840      332   136   100   96    
4697  S4629     学生4629      332   136   90    106   
4698  S7374     学生7374      332   135   99    98    
4699  S1890     学生1890      332   135   94    103   
4700  S5387     学生5387      332   134   93    105   
4701  S2731     学生2731      332   133   101   98    
4702  S2682     学生2682      332   132   99    101   
4703  S2501     学生2501      332   132   94    106   
4704  S6331     学生6331      332   131   96    105   
4705  S7432     学生7432      332   130   121   81    
4706  S1235     学生1235      332   130   114   88    
4707  S7166     学生7166      332   130   84    118   
4708  S3605     学生3605      332   129   103   100   
4709  S7814     学生7814      332   129   90    113   
4710  S0369     学生369       332   128   107   97    
4711  S8217     学生8217      332   128   103   101   
4712  S4369     学生4369      332   127   94    111   
4713  S1756     学生1756      332   127   72    133   
4714  S7385     学生7385      332   126   104   102   
4715  S9039     学生9039      332   126   100   106   
4716  S6750     学生6750      332   124   117   91    
4717  S3093     学生3093      332   123   114   95    
4718  S3967     学生3967      332   123   110   99    
4719  S5312     学生5312      332   123   94    115   
4720  S1659     学生1659      332   123   71    138   
4721  S3561     学生3561      332   122   92    118   
4722  S0045     学生45        332   121   111   100   
4722  S4089     学生4089      332   121   111   100   
4724  S3656     学生3656      332   121   101   110   
4725  S7452     学生7452      332   121   95    116   
4726  S0647     学生647       332   120   103   109   
4727  S1192     学生1192      332   119   133   80    
4728  S8187     学生8187      332   119   110   103   
4729  S6592     学生6592      332   118   118   96    
4730  S9218     学生9218      332   118   104   110   
4731  S0318     学生318       332   118   83    131   
4732  S1846     学生1846      332   117   111   104   
4733  S7969     学生7969      332   117   110   105   
4734  S9399     学生9399      332   117   107   108   
4735  S5647     学生5647      332   117   92    123   
4736  S2327     学生2327      332   116   134   82    
4737  S3445     学生3445      332   116   105   111   
4738  S1804     学生1804      332   115   108   109   
4739  S6566     学生6566      332   115   107   110   
4740  S9469     学生9469      332   115   104   113   
4741  S3867     学生3867      332   115   102   115   
4742  S6540     学生6540      332   115   90    127   
4743  S8311     学生8311      332   114   111   107   
4744  S1654     学生1654      332   114   92    126   
4745  S0069     学生69        332   113   130   89    
4746  S7526     学生7526      332   113   115   104   
4747  S4951     学生4951      332   113   100   119   
4748  S8284     学生8284      332   112   142   78    
4749  S3364     学生3364      332   112   107   113   
4750  S6434     学生6434      332   112   104   116   
4751  S0891     学生891       332   112   96    124   
4752  S9233     学生9233      332   111   144   77    
4753  S0115     学生115       332   111   96    125   
4754  S0660     学生660       332   110   100   122   
4755  S1688     学生1688      332   109   99    124   
4756  S0317     学生317       332   108   128   96    
4757  S1527     学生1527      332   108   122   102   
4758  S2310     学生2310      332   107   114   111   
4758  S8474     学生8474      332   107   114   111   
4758  S4009     学生4009      332   107   114   111   
4761  S4321     学生4321      332   107   102   123   
4762  S5872     学生5872      332   106   140   86    
4763  S6604     学生6604      332   106   123   103   
4764  S8423     学生8423      332   106   110   116   
4765  S4302     学生4302      332   106   103   123   
4766  S3696     学生3696      332   105   125   102   
4767  S9174     学生9174      332   105   118   109   
4768  S0155     学生155       332   104   97    131   
4769  S7874     学生7874      332   103   99    130   
4770  S2178     学生2178      332   102   140   90    
4771  S9146     学生9146      332   102   120   110   
4772  S2117     学生2117      332   102   119   111   
4773  S5513     学生5513      332   101   121   110   
4774  S5825     学生5825      332   101   119   112   
4775  S4860     学生4860      332   101   118   113   
4776  S2070     学生2070      332   101   117   114   
4777  S6739     学生6739      332   100   116   116   
4778  S4328     学生4328      332   100   107   125   
4779  S4832     学生4832      332   100   88    144   
4780  S1752     学生1752      332   100   87    145   
4781  S6208     学生6208      332   99    144   89    
4782  S1032     学生1032      332   99    122   111   
4783  S1337     学生1337      332   99    113   120   
4784  S1985     学生1985      332   99    109   124   
4785  S4709     学生4709      332   99    100   133   
4786  S9812     学生9812      332   98    128   106   
4787  S9355     学生9355      332   98    102   132   
4788  S9627     学生9627      332   97    121   114   
4789  S2784     学生2784      332   97    117   118   
4790  S9537     学生9537      332   97    115   120   
4791  S6973     学生6973      332   96    123   113   
4792  S3767     学生3767      332   95    127   110   
4793  S8450     学生8450      332   95    105   132   
4794  S7066     学生7066      332   94    109   129   
4795  S8781     学生8781      332   93    134   105   
4796  S1497     学生1497      332   93    117   122   
4797  S0360     学生360       332   93    105   134   
4798  S0521     学生521       332   93    99    140   
4799  S8724     学生8724      332   92    121   119   
4800  S4741     学生4741      332   91    140   101   
4801  S4716     学生4716      332   91    138   103   
4802  S5662     学生5662      332   91    121   120   
4803  S5447     学生5447      332   91    114   127   
4804  S0829     学生829       332   90    101   141   
4805  S0436     学生436       332   89    133   110   
4806  S4700     学生4700      332   89    132   111   
4807  S6046     学生6046      332   89    114   129   
4808  S2739     学生2739      332   89    95    148   
4809  S7124     学生7124      332   88    107   137   
4810  S1726     学生1726      332   87    116   129   
4811  S8780     学生8780      332   86    144   102   
4812  S6223     学生6223      332   85    133   114   
4813  S6499     学生6499      332   84    134   114   
4814  S1896     学生1896      332   83    132   117   
4815  S3999     学生3999      332   83    125   124   
4816  S9845     学生9845      332   82    133   117   
4817  S3319     学生3319      332   79    122   131   
4818  S0465     学生465       332   78    118   136   
4819  S3012     学生3012      332   74    114   144   
4820  S4106     学生4106      332   73    124   135   
4821  S7867     学生7867      332   57    147   128   
4822  S7329     学生7329      331   150   98    83    
4823  S7686     学生7686      331   150   97    84    
4824  S6611     学生6611      331   136   108   87    
4825  S5596     学生5596      331   136   80    115   
4826  S4480     学生4480      331   135   97    99    
4827  S3058     学生3058      331   134   97    100   
4828  S0362     学生362       331   133   111   87    
4829  S8613     学生8613      331   132   133   66    
4830  S2954     学生2954      331   132   76    123   
4831  S3125     学生3125      331   131   110   90    
4832  S7325     学生7325      331   131   92    108   
4833  S4701     学生4701      331   131   84    116   
4834  S5732     学生5732      331   131   71    129   
4835  S6162     学生6162      331   130   126   75    
4836  S7210     学生7210      331   130   114   87    
4837  S1669     学生1669      331   129   102   100   
4838  S5542     学生5542      331   128   98    105   
4839  S5792     学生5792      331   127   105   99    
4840  S7371     学生7371      331   127   100   104   
4841  S1128     学生1128      331   126   95    110   
4842  S3676     学生3676      331   126   78    127   
4843  S6644     学生6644      331   125   118   88    
4844  S1476     学生1476      331   124   95    112   
4845  S1684     学生1684      331   123   107   101   
4846  S3415     学生3415      331   123   105   103   
4847  S8890     学生8890      331   123   102   106   
4848  S9005     学生9005      331   123   100   108   
4849  S3312     学生3312      331   123   94    114   
4850  S5625     学生5625      331   122   107   102   
4851  S3567     学生3567      331   121   116   94    
4852  S7661     学生7661      331   121   113   97    
4853  S0499     学生499       331   121   106   104   
4853  S7348     学生7348      331   121   106   104   
4855  S6000     学生6000      331   121   95    115   
4856  S5664     学生5664      331   120   97    114   
4856  S5392     学生5392      331   120   97    114   
4858  S0473     学生473       331   118   148   65    
4859  S3539     学生3539      331   118   121   92    
4860  S1820     学生1820      331   118   111   102   
4861  S2908     学生2908      331   118   109   104   
4862  S4123     学生4123      331   118   105   108   
4863  S7110     学生7110      331   118   103   110   
4864  S3951     学生3951      331   118   85    128   
4865  S6364     学生6364      331   118   83    130   
4866  S7965     学生7965      331   117   122   92    
4867  S8368     学生8368      331   117   120   94    
4868  S8986     学生8986      331   117   109   105   
4869  S4060     学生4060      331   117   105   109   
4870  S4240     学生4240      331   117   104   110   
4871  S4173     学生4173      331   117   102   112   
4872  S9393     学生9393      331   117   98    116   
4873  S9907     学生9907      331   117   95    119   
4874  S8705     学生8705      331   116   124   91    
4875  S5776     学生5776      331   116   123   92    
4876  S7334     学生7334      331   115   138   78    
4877  S8837     学生8837      331   115   86    130   
4878  S5145     学生5145      331   114   97    120   
4879  S8893     学生8893      331   113   118   100   
4880  S7912     学生7912      331   113   114   104   
4881  S5034     学生5034      331   113   103   115   
4882  S8951     学生8951      331   113   100   118   
4883  S8592     学生8592      331   112   134   85    
4884  S5212     学生5212      331   112   106   113   
4885  S7615     学生7615      331   111   129   91    
4886  S4973     学生4973      331   111   115   105   
4887  S0748     学生748       331   110   105   116   
4888  S5151     学生5151      331   110   104   117   
4889  S1303     学生1303      331   108   131   92    
4890  S3551     学生3551      331   108   105   118   
4891  S6712     学生6712      331   108   102   121   
4892  S3933     学生3933      331   108   89    134   
4893  S8363     学生8363      331   107   107   117   
4894  S3869     学生3869      331   107   103   121   
4895  S6383     学生6383      331   106   129   96    
4896  S4722     学生4722      331   106   116   109   
4896  S5744     学生5744      331   106   116   109   
4898  S2587     学生2587      331   105   104   122   
4898  S2659     学生2659      331   105   104   122   
4900  S2465     学生2465      331   104   104   123   
4901  S9493     学生9493      331   104   103   124   
4902  S4196     学生4196      331   103   120   108   
4903  S1090     学生1090      331   102   118   111   
4904  S5935     学生5935      331   102   113   116   
4905  S9926     学生9926      331   102   106   123   
4906  S9828     学生9828      331   102   93    136   
4907  S4668     学生4668      331   101   114   116   
4908  S9790     学生9790      331   101   111   119   
4909  S6297     学生6297      331   101   104   126   
4910  S6209     学生6209      331   101   99    131   
4911  S7165     学生7165      331   99    118   114   
4912  S3180     学生3180      331   99    98    134   
4913  S6552     学生6552      331   98    139   94    
4914  S0610     学生610       331   98    110   123   
4915  S9693     学生9693      331   98    101   132   
4916  S0952     学生952       331   97    120   114   
4917  S9949     学生9949      331   96    125   110   
4917  S1725     学生1725      331   96    125   110   
4919  S2247     学生2247      331   96    108   127   
4920  S9240     学生9240      331   96    85    150   
4921  S3237     学生3237      331   95    130   106   
4922  S2372     学生2372      331   94    126   111   
4923  S3577     学生3577      331   94    114   123   
4924  S0912     学生912       331   94    92    145   
4925  S9709     学生9709      331   92    144   95    
4926  S8098     学生8098      331   92    124   115   
4927  S7126     学生7126      331   90    117   124   
4928  S8454     学生8454      331   90    111   130   
4929  S3429     学生3429      331   89    148   94    
4930  S1086     学生1086      331   87    112   132   
4931  S5209     学生5209      331   86    123   122   
4932  S6161     学生6161      331   86    122   123   
4933  S1014     学生1014      331   86    109   136   
4934  S5155     学生5155      331   84    107   140   
4935  S3134     学生3134      331   83    129   119   
4936  S2408     学生2408      331   81    132   118   
4937  S2043     学生2043      331   80    140   111   
4938  S5403     学生5403      331   74    139   118   
4939  S3356     学生3356      331   72    139   120   
4940  S3291     学生3291      331   69    125   137   
4941  S7690     学生7690      330   150   92    88    
4942  S8039     学生8039      330   149   102   79    
4943  S0373     学生373       330   149   91    90    
4944  S4728     学生4728      330   146   107   77    
4945  S3034     学生3034      330   142   89    99    
4946  S9970     学生9970      330   140   90    100   
4947  S2602     学生2602      330   137   110   83    
4948  S2453     学生2453      330   135   103   92    
4949  S1556     学生1556      330   135   86    109   
4950  S9769     学生9769      330   134   97    99    
4951  S7906     学生7906      330   132   87    111   
4952  S6104     学生6104      330   129   113   88    
4952  S0941     学生941       330   129   113   88    
4954  S0096     学生96        330   128   89    113   
4955  S9316     学生9316      330   127   125   78    
4956  S9041     学生9041      330   127   109   94    
4957  S8150     学生8150      330   127   90    113   
4958  S5599     学生5599      330   126   114   90    
4959  S8981     学生8981      330   126   86    118   
4960  S5139     学生5139      330   125   117   88    
4961  S5960     学生5960      330   125   106   99    
4962  S1610     学生1610      330   125   90    115   
4963  S9552     学生9552      330   125   88    117   
4964  S0706     学生706       330   124   109   97    
4965  S9633     学生9633      330   124   99    107   
4966  S7309     学生7309      330   124   88    118   
4967  S9980     学生9980      330   124   83    123   
4968  S2971     学生2971      330   123   123   84    
4969  S3499     学生3499      330   123   105   102   
4970  S9225     学生9225      330   123   91    116   
4971  S3598     学生3598      330   122   125   83    
4972  S2879     学生2879      330   122   112   96    
4973  S5920     学生5920      330   122   103   105   
4974  S3523     学生3523      330   121   95    114   
4975  S2492     学生2492      330   120   116   94    
4976  S2683     学生2683      330   120   111   99    
4977  S2089     学生2089      330   120   102   108   
4978  S7599     学生7599      330   120   85    125   
4979  S4601     学生4601      330   119   127   84    
4980  S2274     学生2274      330   119   109   102   
4981  S4953     学生4953      330   119   96    115   
4982  S4853     学生4853      330   119   82    129   
4983  S2275     学生2275      330   118   97    115   
4984  S4036     学生4036      330   117   93    120   
4985  S0264     学生264       330   117   88    125   
4986  S2980     学生2980      330   116   126   88    
4987  S3548     学生3548      330   116   103   111   
4988  S4583     学生4583      330   115   124   91    
4989  S4815     学生4815      330   115   111   104   
4990  S3914     学生3914      330   114   115   101   
4991  S3695     学生3695      330   114   113   103   
4992  S5295     学生5295      330   114   111   105   
4993  S5876     学生5876      330   113   128   89    
4994  S8335     学生8335      330   113   117   100   
4995  S6268     学生6268      330   113   90    127   
4996  S9095     学生9095      330   112   131   87    
4997  S0031     学生31        330   112   105   113   
4998  S7102     学生7102      330   111   119   100   
4999  S0475     学生475       330   111   109   110   
5000  S2379     学生2379      330   111   82    137   
5000  S4428     学生4428      330   111   82    137   
5002  S0933     学生933       330   110   133   87    
5003  S7803     学生7803      330   110   118   102   
5004  S1290     学生1290      330   110   116   104   
5005  S3218     学生3218      330   109   121   100   
5006  S3230     学生3230      330   109   117   104   
5007  S7727     学生7727      330   109   114   107   
5008  S0427     学生427       330   109   95    126   
5009  S4592     学生4592      330   109   92    129   
5010  S3754     学生3754      330   108   121   101   
5011  S1885     学生1885      330   108   119   103   
5012  S7873     学生7873      330   108   117   105   
5013  S8726     学生8726      330   108   99    123   
5014  S1342     学生1342      330   107   121   102   
5015  S1570     学生1570      330   107   118   105   
5016  S0100     学生100       330   106   130   94    
5017  S7543     学生7543      330   106   121   103   
5018  S6599     学生6599      330   106   97    127   
5019  S9875     学生9875      330   105   137   88    
5019  S1444     学生1444      330   105   137   88    
5021  S0012     学生12        330   105   110   115   
5022  S1179     学生1179      330   104   127   99    
5023  S2956     学生2956      330   104   124   102   
5024  S0452     学生452       330   104   123   103   
5025  S8482     学生8482      330   104   106   120   
5026  S7403     学生7403      330   104   101   125   
5027  S1623     学生1623      330   104   98    128   
5028  S6211     学生6211      330   104   94    132   
5029  S0846     学生846       330   103   117   110   
5030  S3201     学生3201      330   102   122   106   
5031  S6458     学生6458      330   102   112   116   
5032  S4871     学生4871      330   102   103   125   
5033  S9705     学生9705      330   101   135   94    
5034  S6835     学生6835      330   101   130   99    
5035  S8790     学生8790      330   101   112   117   
5036  S4877     学生4877      330   101   107   122   
5037  S0700     学生700       330   100   135   95    
5038  S0858     学生858       330   100   112   118   
5039  S6798     学生6798      330   99    106   125   
5039  S0796     学生796       330   99    106   125   
5041  S5024     学生5024      330   98    117   115   
5042  S5319     学生5319      330   98    94    138   
5043  S6707     学生6707      330   98    87    145   
5044  S2900     学生2900      330   97    112   121   
5045  S8351     学生8351      330   95    111   124   
5046  S5880     学生5880      330   94    134   102   
5047  S4409     学生4409      330   94    127   109   
5048  S4715     学生4715      330   94    109   127   
5049  S0878     学生878       330   93    99    138   
5050  S9080     学生9080      330   92    127   111   
5051  S7662     学生7662      330   92    114   124   
5052  S7500     学生7500      330   91    110   129   
5053  S5179     学生5179      330   90    148   92    
5054  S3660     学生3660      330   89    117   124   
5055  S1767     学生1767      330   87    102   141   
5056  S7053     学生7053      330   86    138   106   
5057  S0463     学生463       330   86    116   128   
5058  S8251     学生8251      330   85    141   104   
5059  S3286     学生3286      330   85    123   122   
5060  S1439     学生1439      330   85    118   127   
5061  S9171     学生9171      330   83    123   124   
5062  S2558     学生2558      330   82    115   133   
5063  S9216     学生9216      330   82    98    150   
5064  S3096     学生3096      330   74    124   132   
5065  S1638     学生1638      330   70    141   119   
5066  S2690     学生2690      329   150   82    97    
5067  S5779     学生5779      329   147   85    97    
5068  S4858     学生4858      329   145   87    97    
5069  S1907     学生1907      329   145   81    103   
5070  S9995     学生9995      329   140   114   75    
5071  S3063     学生3063      329   138   94    97    
5072  S2416     学生2416      329   138   91    100   
5073  S2733     学生2733      329   136   110   83    
5074  S8231     学生8231      329   135   111   83    
5075  S2162     学生2162      329   133   109   87    
5076  S1079     学生1079      329   133   62    134   
5077  S8312     学生8312      329   131   115   83    
5078  S5829     学生5829      329   131   109   89    
5079  S1974     学生1974      329   131   96    102   
5080  S6318     学生6318      329   130   80    119   
5081  S4960     学生4960      329   129   112   88    
5082  S7189     学生7189      329   129   95    105   
5083  S2965     学生2965      329   129   89    111   
5084  S0275     学生275       329   128   117   84    
5085  S4086     学生4086      329   128   74    127   
5086  S9725     学生9725      329   127   118   84    
5087  S0120     学生120       329   127   96    106   
5088  S8905     学生8905      329   126   97    106   
5089  S5263     学生5263      329   126   84    119   
5090  S1998     学生1998      329   126   71    132   
5091  S8722     学生8722      329   124   95    110   
5091  S1391     学生1391      329   124   95    110   
5093  S6721     学生6721      329   123   98    108   
5094  S3011     学生3011      329   121   150   58    
5095  S0979     学生979       329   121   111   97    
5096  S1630     学生1630      329   119   112   98    
5097  S4415     学生4415      329   119   91    119   
5098  S1061     学生1061      329   119   83    127   
5099  S6559     学生6559      329   118   137   74    
5100  S3472     学生3472      329   117   106   106   
5101  S8422     学生8422      329   117   99    113   
5102  S9663     学生9663      329   117   94    118   
5103  S0946     学生946       329   116   114   99    
5104  S7624     学生7624      329   116   112   101   
5105  S0690     学生690       329   116   94    119   
5106  S7257     学生7257      329   116   75    138   
5107  S9027     学生9027      329   115   111   103   
5108  S9396     学生9396      329   115   109   105   
5109  S5345     学生5345      329   114   99    116   
5110  S3150     学生3150      329   113   108   108   
5111  S4542     学生4542      329   113   94    122   
5112  S9160     学生9160      329   112   113   104   
5113  S6529     学生6529      329   112   105   112   
5114  S6355     学生6355      329   112   99    118   
5115  S0196     学生196       329   111   102   116   
5116  S8343     学生8343      329   111   99    119   
5117  S2727     学生2727      329   111   95    123   
5118  S3975     学生3975      329   110   99    120   
5119  S2655     学生2655      329   109   135   85    
5120  S6041     学生6041      329   109   130   90    
5121  S4655     学生4655      329   109   125   95    
5122  S6072     学生6072      329   109   118   102   
5123  S6621     学生6621      329   109   114   106   
5124  S2805     学生2805      329   109   109   111   
5125  S3309     学生3309      329   108   103   118   
5126  S1389     学生1389      329   107   136   86    
5127  S8605     学生8605      329   107   104   118   
5128  S9615     学生9615      329   107   75    147   
5129  S0885     学生885       329   106   118   105   
5130  S3822     学生3822      329   106   117   106   
5131  S1740     学生1740      329   106   113   110   
5132  S8865     学生8865      329   106   110   113   
5133  S4427     学生4427      329   106   109   114   
5134  S2854     学生2854      329   106   100   123   
5135  S0667     学生667       329   105   136   88    
5136  S0781     学生781       329   104   116   109   
5137  S6140     学生6140      329   104   111   114   
5138  S6431     学生6431      329   104   102   123   
5139  S1703     学生1703      329   103   115   111   
5140  S7723     学生7723      329   102   98    129   
5141  S9215     学生9215      329   101   118   110   
5142  S9071     学生9071      329   101   114   114   
5143  S6494     学生6494      329   101   113   115   
5144  S7515     学生7515      329   101   104   124   
5145  S1655     学生1655      329   101   98    130   
5146  S8199     学生8199      329   101   97    131   
5147  S2844     学生2844      329   100   142   87    
5148  S0761     学生761       329   100   118   111   
5149  S0498     学生498       329   99    143   87    
5150  S0156     学生156       329   99    97    133   
5151  S0681     学生681       329   98    102   129   
5152  S6101     学生6101      329   98    101   130   
5153  S0047     学生47        329   98    99    132   
5154  S3663     学生3663      329   97    109   123   
5155  S8535     学生8535      329   97    106   126   
5156  S1713     学生1713      329   96    119   114   
5157  S4215     学生4215      329   95    120   114   
5158  S7255     学生7255      329   95    118   116   
5159  S9489     学生9489      329   95    116   118   
5160  S0935     学生935       329   95    114   120   
5160  S5245     学生5245      329   95    114   120   
5162  S7458     学生7458      329   94    114   121   
5163  S9704     学生9704      329   94    111   124   
5164  S7240     学生7240      329   93    150   86    
5165  S3887     学生3887      329   93    140   96    
5166  S1230     学生1230      329   93    126   110   
5167  S0388     学生388       329   92    124   113   
5168  S9462     学生9462      329   91    111   127   
5169  S4143     学生4143      329   90    122   117   
5170  S4341     学生4341      329   89    106   134   
5171  S9405     学生9405      329   88    128   113   
5172  S4223     学生4223      329   88    123   118   
5173  S3907     学生3907      329   88    117   124   
5174  S7507     学生7507      329   88    112   129   
5175  S2878     学生2878      329   87    128   114   
5176  S7949     学生7949      329   87    111   131   
5177  S3426     学生3426      329   85    94    150   
5178  S0883     学生883       329   72    122   135   
5179  S0523     学生523       329   66    150   113   
5180  S7684     学生7684      328   150   93    85    
5181  S6892     学生6892      328   150   83    95    
5182  S0023     学生23        328   148   95    85    
5183  S5014     学生5014      328   137   99    92    
5184  S3483     学生3483      328   137   73    118   
5185  S3104     学生3104      328   134   84    110   
5186  S1883     学生1883      328   134   83    111   
5187  S6855     学生6855      328   131   118   79    
5188  S6920     学生6920      328   131   75    122   
5189  S5866     学生5866      328   130   93    105   
5190  S7318     学生7318      328   130   91    107   
5191  S3317     学生3317      328   129   78    121   
5192  S5429     学生5429      328   127   109   92    
5193  S3971     学生3971      328   127   99    102   
5194  S6347     学生6347      328   127   96    105   
5195  S8980     学生8980      328   126   126   76    
5196  S2333     学生2333      328   126   75    127   
5197  S0064     学生64        328   125   134   69    
5198  S7489     学生7489      328   125   107   96    
5199  S3495     学生3495      328   125   96    107   
5200  S4578     学生4578      328   125   89    114   
5201  S5900     学生5900      328   124   127   77    
5202  S6275     学生6275      328   123   92    113   
5203  S9178     学生9178      328   122   118   88    
5204  S6442     学生6442      328   122   106   100   
5205  S8901     学生8901      328   122   102   104   
5206  S8537     学生8537      328   121   117   90    
5207  S7928     学生7928      328   121   111   96    
5208  S4885     学生4885      328   120   138   70    
5209  S7784     学生7784      328   120   106   102   
5210  S0723     学生723       328   120   94    114   
5211  S2993     学生2993      328   119   118   91    
5212  S8838     学生8838      328   118   104   106   
5213  S7266     学生7266      328   118   92    118   
5214  S1362     学生1362      328   117   98    113   
5215  S7683     学生7683      328   116   115   97    
5216  S9447     学生9447      328   116   106   106   
5217  S7340     学生7340      328   116   76    136   
5218  S2064     学生2064      328   115   112   101   
5219  S2196     学生2196      328   115   104   109   
5220  S5376     学生5376      328   114   126   88    
5221  S6329     学生6329      328   114   118   96    
5222  S4901     学生4901      328   114   109   105   
5223  S3351     学生3351      328   114   108   106   
5224  S1358     学生1358      328   113   110   105   
5225  S9049     学生9049      328   112   129   87    
5226  S5620     学生5620      328   112   117   99    
5227  S0864     学生864       328   112   83    133   
5228  S6166     学生6166      328   111   94    123   
5228  S1792     学生1792      328   111   94    123   
5230  S7692     学生7692      328   111   91    126   
5231  S5096     学生5096      328   110   110   108   
5232  S0288     学生288       328   109   118   101   
5233  S7387     学生7387      328   109   108   111   
5234  S2145     学生2145      328   109   93    126   
5235  S2753     学生2753      328   109   86    133   
5236  S9679     学生9679      328   108   120   100   
5237  S4756     学生4756      328   108   99    121   
5238  S6832     学生6832      328   107   103   118   
5239  S3600     学生3600      328   107   75    146   
5240  S3911     学生3911      328   106   114   108   
5241  S9938     学生9938      328   106   112   110   
5241  S8446     学生8446      328   106   112   110   
5243  S1164     学生1164      328   106   84    138   
5244  S0702     学生702       328   105   139   84    
5245  S7336     学生7336      328   105   101   122   
5246  S1341     学生1341      328   104   127   97    
5247  S3655     学生3655      328   104   118   106   
5248  S5353     学生5353      328   104   102   122   
5249  S6953     学生6953      328   104   96    128   
5250  S1856     学生1856      328   103   125   100   
5251  S9391     学生9391      328   103   115   110   
5252  S1811     学生1811      328   102   130   96    
5253  S2448     学生2448      328   102   129   97    
5254  S9040     学生9040      328   102   109   117   
5255  S2107     学生2107      328   102   106   120   
5256  S6444     学生6444      328   101   121   106   
5257  S1667     学生1667      328   101   120   107   
5258  S7013     学生7013      328   100   130   98    
5259  S0422     学生422       328   100   95    133   
5260  S6131     学生6131      328   99    135   94    
5261  S1487     学生1487      328   99    115   114   
5262  S5197     学生5197      328   99    98    131   
5263  S7358     学生7358      328   98    107   123   
5264  S7809     学生7809      328   97    143   88    
5265  S0292     学生292       328   97    111   120   
5266  S3428     学生3428      328   96    117   115   
5267  S1653     学生1653      328   96    111   121   
5268  S6908     学生6908      328   95    134   99    
5269  S1237     学生1237      328   95    127   106   
5270  S3165     学生3165      328   95    121   112   
5271  S6864     学生6864      328   95    110   123   
5272  S7578     学生7578      328   92    122   114   
5273  S9321     学生9321      328   92    113   123   
5274  S8092     学生8092      328   91    117   120   
5275  S1693     学生1693      328   90    120   118   
5276  S4712     学生4712      328   89    125   114   
5277  S8735     学生8735      328   89    120   119   
5278  S0103     学生103       328   88    150   90    
5279  S9022     学生9022      328   85    113   130   
5280  S2199     学生2199      328   84    118   126   
5281  S4093     学生4093      328   84    107   137   
5282  S7326     学生7326      328   84    94    150   
5283  S5709     学生5709      328   83    123   122   
5284  S5275     学生5275      328   82    116   130   
5285  S0764     学生764       328   80    123   125   
5286  S5187     学生5187      328   80    116   132   
5287  S8588     学生8588      328   78    142   108   
5288  S2554     学生2554      328   78    123   127   
5289  S3586     学生3586      328   77    140   111   
5290  S7535     学生7535      328   76    112   140   
5291  S7249     学生7249      328   74    120   134   
5292  S6786     学生6786      328   72    106   150   
5293  S8570     学生8570      328   71    150   107   
5294  S8028     学生8028      327   150   98    79    
5295  S0276     学生276       327   145   84    98    
5296  S0182     学生182       327   145   82    100   
5297  S8478     学生8478      327   140   103   84    
5298  S5172     学生5172      327   135   97    95    
5299  S2696     学生2696      327   134   120   73    
5300  S5227     学生5227      327   134   114   79    
5301  S2082     学生2082      327   131   102   94    
5302  S0562     学生562       327   131   84    112   
5303  S5508     学生5508      327   130   101   96    
5304  S7897     学生7897      327   130   91    106   
5305  S2013     学生2013      327   130   80    117   
5306  S8155     学生8155      327   128   112   87    
5307  S9872     学生9872      327   127   111   89    
5308  S6774     学生6774      327   127   95    105   
5309  S6269     学生6269      327   127   91    109   
5310  S2964     学生2964      327   126   108   93    
5311  S6389     学生6389      327   126   89    112   
5312  S6404     学生6404      327   126   87    114   
5313  S4794     学生4794      327   125   115   87    
5314  S5143     学生5143      327   125   103   99    
5315  S9445     学生9445      327   125   83    119   
5316  S1309     学生1309      327   124   85    118   
5317  S8374     学生8374      327   123   112   92    
5318  S1400     学生1400      327   123   95    109   
5319  S3457     学生3457      327   123   88    116   
5320  S6419     学生6419      327   122   109   96    
5321  S6673     学生6673      327   122   104   101   
5322  S5182     学生5182      327   121   117   89    
5323  S2532     学生2532      327   121   115   91    
5324  S3398     学生3398      327   121   106   100   
5325  S2308     学生2308      327   120   138   69    
5326  S5771     学生5771      327   120   115   92    
5327  S0947     学生947       327   120   109   98    
5328  S3182     学生3182      327   120   104   103   
5329  S5627     学生5627      327   120   85    122   
5330  S2833     学生2833      327   119   115   93    
5331  S3638     学生3638      327   119   114   94    
5332  S8409     学生8409      327   119   112   96    
5333  S7406     学生7406      327   119   108   100   
5334  S0996     学生996       327   118   133   76    
5335  S9804     学生9804      327   117   120   90    
5336  S5404     学生5404      327   117   79    131   
5337  S5483     学生5483      327   116   123   88    
5338  S5835     学生5835      327   116   113   98    
5339  S6906     学生6906      327   116   112   99    
5340  S8684     学生8684      327   116   90    121   
5341  S5509     学生5509      327   115   117   95    
5342  S2665     学生2665      327   115   94    118   
5343  S2132     学生2132      327   115   89    123   
5344  S4370     学生4370      327   114   119   94    
5345  S9140     学生9140      327   113   112   102   
5346  S7405     学生7405      327   112   106   109   
5347  S2314     学生2314      327   112   66    149   
5348  S1513     学生1513      327   110   129   88    
5349  S9952     学生9952      327   110   122   95    
5350  S1034     学生1034      327   110   118   99    
5351  S1853     学生1853      327   109   114   104   
5352  S5649     学生5649      327   109   102   116   
5353  S9528     学生9528      327   109   95    123   
5354  S2807     学生2807      327   108   111   108   
5355  S5689     学生5689      327   108   105   114   
5356  S8782     学生8782      327   108   95    124   
5357  S8984     学生8984      327   107   105   115   
5358  S8525     学生8525      327   107   72    148   
5359  S5493     学生5493      327   106   117   104   
5360  S3812     学生3812      327   106   102   119   
5361  S5276     学生5276      327   106   91    130   
5362  S6277     学生6277      327   106   90    131   
5363  S6840     学生6840      327   105   125   97    
5364  S4407     学生4407      327   104   135   88    
5365  S9751     学生9751      327   104   134   89    
5366  S2736     学生2736      327   104   104   119   
5367  S6888     学生6888      327   104   100   123   
5367  S8120     学生8120      327   104   100   123   
5369  S2958     学生2958      327   103   124   100   
5370  S0513     学生513       327   103   114   110   
5371  S6296     学生6296      327   102   136   89    
5372  S2428     学生2428      327   102   127   98    
5373  S5181     学生5181      327   102   126   99    
5374  S6615     学生6615      327   102   108   117   
5375  S3755     学生3755      327   101   138   88    
5376  S1864     学生1864      327   101   134   92    
5377  S6759     学生6759      327   101   133   93    
5378  S7746     学生7746      327   101   118   108   
5379  S7790     学生7790      327   101   115   111   
5379  S4236     学生4236      327   101   115   111   
5381  S5507     学生5507      327   100   128   99    
5382  S6345     学生6345      327   100   119   108   
5383  S3734     学生3734      327   100   103   124   
5384  S1051     学生1051      327   100   88    139   
5385  S6989     学生6989      327   99    137   91    
5386  S2125     学生2125      327   99    121   107   
5387  S5259     学生5259      327   99    105   123   
5388  S0821     学生821       327   99    83    145   
5389  S2083     学生2083      327   97    129   101   
5390  S8023     学生8023      327   97    102   128   
5391  S6028     学生6028      327   96    125   106   
5392  S1641     学生1641      327   96    123   108   
5393  S5761     学生5761      327   96    108   123   
5394  S1133     学生1133      327   95    135   97    
5395  S6872     学生6872      327   95    119   113   
5396  S6302     学生6302      327   95    102   130   
5397  S2486     学生2486      327   95    84    148   
5398  S6418     学生6418      327   94    106   127   
5399  S0939     学生939       327   93    100   134   
5400  S4172     学生4172      327   92    135   100   
5401  S2259     学生2259      327   92    118   117   
5402  S8816     学生8816      327   92    110   125   
5403  S2302     学生2302      327   89    132   106   
5404  S5193     学生5193      327   87    143   97    
5405  S3265     学生3265      327   85    108   134   
5406  S1374     学生1374      327   83    131   113   
5407  S0098     学生98        327   82    109   136   
5408  S1106     学生1106      327   82    95    150   
5409  S2628     学生2628      327   79    146   102   
5410  S5742     学生5742      327   79    128   120   
5411  S6232     学生6232      327   78    142   107   
5412  S8114     学生8114      327   78    116   133   
5413  S5976     学生5976      327   77    121   129   
5414  S8765     学生8765      327   77    115   135   
5415  S6256     学生6256      327   76    111   140   
5416  S1196     学生1196      327   73    121   133   
5417  S2444     学生2444      327   67    130   130   
5418  S5448     学生5448      326   150   74    102   
5419  S4784     学生4784      326   150   53    123   
5420  S8308     学生8308      326   148   88    90    
5421  S3013     学生3013      326   144   93    89    
5422  S1463     学生1463      326   136   104   86    
5423  S8882     学生8882      326   135   98    93    
5424  S9698     学生9698      326   135   92    99    
5425  S4518     学生4518      326   134   118   74    
5426  S7222     学生7222      326   133   87    106   
5427  S1544     学生1544      326   132   108   86    
5427  S1387     学生1387      326   132   108   86    
5429  S8172     学生8172      326   132   69    125   
5430  S1355     学生1355      326   131   91    104   
5431  S4271     学生4271      326   129   112   85    
5432  S6035     学生6035      326   128   94    104   
5433  S3955     学生3955      326   127   82    117   
5434  S0525     学生525       326   126   99    101   
5435  S3857     学生3857      326   126   86    114   
5436  S7904     学生7904      326   125   120   81    
5437  S7090     学生7090      326   125   113   88    
5438  S6050     学生6050      326   125   98    103   
5439  S5088     学生5088      326   123   103   100   
5440  S7820     学生7820      326   122   93    111   
5441  S4044     学生4044      326   122   85    119   
5442  S1876     学生1876      326   122   82    122   
5443  S8773     学生8773      326   120   114   92    
5444  S2595     学生2595      326   120   99    107   
5444  S7295     学生7295      326   120   99    107   
5446  S0816     学生816       326   120   81    125   
5447  S9744     学生9744      326   119   113   94    
5448  S0604     学生604       326   119   109   98    
5449  S7853     学生7853      326   118   128   80    
5450  S6171     学生6171      326   118   108   100   
5451  S1721     学生1721      326   118   101   107   
5452  S9318     学生9318      326   118   73    135   
5453  S4242     学生4242      326   117   122   87    
5454  S0669     学生669       326   117   102   107   
5455  S5091     学生5091      326   117   90    119   
5456  S6725     学生6725      326   116   119   91    
5457  S0773     学生773       326   116   114   96    
5458  S3245     学生3245      326   116   110   100   
5459  S9973     学生9973      326   116   105   105   
5460  S8052     学生8052      326   116   95    115   
5461  S6694     学生6694      326   115   123   88    
5462  S1270     学生1270      326   115   118   93    
5463  S9162     学生9162      326   115   101   110   
5464  S3813     学生3813      326   115   89    122   
5465  S4272     学生4272      326   114   107   105   
5466  S2530     学生2530      326   113   103   110   
5467  S1076     学生1076      326   113   89    124   
5468  S4195     学生4195      326   112   96    118   
5469  S1518     学生1518      326   111   123   92    
5470  S6620     学生6620      326   111   112   103   
5471  S7520     学生7520      326   111   99    116   
5472  S2039     学生2039      326   111   74    141   
5473  S9159     学生9159      326   110   121   95    
5474  S7689     学生7689      326   110   119   97    
5475  S6970     学生6970      326   110   96    120   
5476  S5566     学生5566      326   109   112   105   
5477  S6429     学生6429      326   109   107   110   
5478  S9746     学生9746      326   108   105   113   
5479  S2321     学生2321      326   108   103   115   
5480  S9580     学生9580      326   107   124   95    
5481  S8203     学生8203      326   107   123   96    
5482  S9100     学生9100      326   107   99    120   
5483  S2885     学生2885      326   107   94    125   
5484  S5734     学生5734      326   106   141   79    
5485  S1037     学生1037      326   106   125   95    
5486  S2582     学生2582      326   106   115   105   
5487  S7977     学生7977      326   106   106   114   
5488  S0113     学生113       326   105   106   115   
5489  S1349     学生1349      326   104   124   98    
5490  S7899     学生7899      326   104   118   104   
5490  S8159     学生8159      326   104   118   104   
5492  S1905     学生1905      326   104   112   110   
5493  S6414     学生6414      326   103   133   90    
5494  S6913     学生6913      326   102   114   110   
5495  S0695     学生695       326   102   108   116   
5496  S6044     学生6044      326   102   106   118   
5497  S7985     学生7985      326   102   98    126   
5498  S5231     学生5231      326   102   75    149   
5499  S7567     学生7567      326   101   132   93    
5500  S8858     学生8858      326   101   131   94    
5501  S3079     学生3079      326   101   115   110   
5502  S3109     学生3109      326   101   107   118   
5503  S6123     学生6123      326   101   103   122   
5504  S2932     学生2932      326   101   101   124   
5505  S1839     学生1839      326   100   128   98    
5506  S0482     学生482       326   100   126   100   
5507  S0241     学生241       326   100   115   111   
5508  S3370     学生3370      326   99    119   108   
5509  S2905     学生2905      326   98    110   118   
5510  S5794     学生5794      326   97    103   126   
5511  S0396     学生396       326   97    100   129   
5512  S4665     学生4665      326   96    140   90    
5513  S5150     学生5150      326   96    115   115   
5514  S1515     学生1515      326   96    104   126   
5515  S8778     学生8778      326   95    127   104   
5516  S9548     学生9548      326   95    111   120   
5517  S5402     学生5402      326   93    131   102   
5518  S9740     学生9740      326   93    123   110   
5519  S6013     学生6013      326   93    115   118   
5520  S6146     学生6146      326   93    105   128   
5521  S2975     学生2975      326   93    90    143   
5522  S9408     学生9408      326   92    134   100   
5523  S0861     学生861       326   90    134   102   
5524  S8854     学生8854      326   89    117   120   
5525  S8681     学生8681      326   89    99    138   
5526  S4238     学生4238      326   88    112   126   
5527  S5364     学生5364      326   85    128   113   
5528  S0982     学生982       326   85    121   120   
5529  S7213     学生7213      326   83    131   112   
5530  S4979     学生4979      326   81    127   118   
5531  S6642     学生6642      326   81    102   143   
5532  S3543     学生3543      326   80    119   127   
5533  S1351     学生1351      326   77    100   149   
5534  S8936     学生8936      326   76    137   113   
5535  S3017     学生3017      326   74    116   136   
5536  S7872     学生7872      326   73    127   126   
5537  S3450     学生3450      326   69    115   142   
5538  S7863     学生7863      326   49    127   150   
5539  S3178     学生3178      325   145   76    104   
5540  S8590     学生8590      325   144   111   70    
5541  S2638     学生2638      325   139   90    96    
5542  S3056     学生3056      325   139   82    104   
5543  S1790     学生1790      325   136   111   78    
5544  S9827     学生9827      325   136   99    90    
5545  S0235     学生235       325   128   91    106   
5546  S1145     学生1145      325   128   78    119   
5547  S1312     学生1312      325   127   115   83    
5548  S4900     学生4900      325   126   99    100   
5549  S9707     学生9707      325   125   111   89    
5550  S3234     学生3234      325   125   99    101   
5551  S9457     学生9457      325   125   76    124   
5552  S9902     学生9902      325   125   72    128   
5553  S6681     学生6681      325   124   107   94    
5554  S1220     学生1220      325   124   102   99    
5555  S8485     学生8485      325   124   84    117   
5556  S7245     学生7245      325   123   124   78    
5557  S1817     学生1817      325   123   112   90    
5558  S6397     学生6397      325   123   95    107   
5559  S2703     学生2703      325   123   88    114   
5560  S6574     学生6574      325   122   85    118   
5561  S8555     学生8555      325   121   118   86    
5562  S2285     学生2285      325   121   102   102   
5563  S4649     学生4649      325   120   113   92    
5564  S7409     学生7409      325   120   111   94    
5565  S0611     学生611       325   120   99    106   
5566  S7835     学生7835      325   119   98    108   
5567  S3083     学生3083      325   119   93    113   
5568  S4916     学生4916      325   119   72    134   
5569  S9950     学生9950      325   118   115   92    
5570  S0900     学生900       325   118   113   94    
5571  S7128     学生7128      325   118   108   99    
5572  S6032     学生6032      325   118   103   104   
5573  S4695     学生4695      325   118   100   107   
5574  S2579     学生2579      325   117   123   85    
5575  S8075     学生8075      325   117   121   87    
5576  S5755     学生5755      325   117   112   96    
5577  S1232     学生1232      325   117   104   104   
5578  S7063     学生7063      325   117   98    110   
5579  S1431     学生1431      325   117   81    127   
5580  S1860     学生1860      325   117   78    130   
5581  S9375     学生9375      325   116   100   109   
5582  S5752     学生5752      325   116   86    123   
5583  S6058     学生6058      325   115   108   102   
5584  S8479     学生8479      325   115   107   103   
5585  S3961     学生3961      325   114   105   106   
5586  S8393     学生8393      325   113   108   104   
5587  S4387     学生4387      325   113   97    115   
5588  S8372     学生8372      325   111   112   102   
5589  S1776     学生1776      325   111   100   114   
5590  S6107     学生6107      325   111   82    132   
5591  S0914     学生914       325   110   122   93    
5592  S0099     学生99        325   110   119   96    
5593  S7812     学生7812      325   110   118   97    
5594  S2792     学生2792      325   110   108   107   
5595  S2872     学生2872      325   109   126   90    
5596  S6038     学生6038      325   109   103   113   
5597  S3515     学生3515      325   109   99    117   
5598  S3653     学生3653      325   109   97    119   
5599  S2253     学生2253      325   107   133   85    
5600  S3689     学生3689      325   107   113   105   
5601  S9170     学生9170      325   106   108   111   
5602  S9118     学生9118      325   105   130   90    
5603  S9699     学生9699      325   104   116   105   
5603  S4028     学生4028      325   104   116   105   
5605  S6068     学生6068      325   104   99    122   
5605  S1286     学生1286      325   104   99    122   
5607  S5723     学生5723      325   104   93    128   
5608  S2141     学生2141      325   103   110   112   
5609  S3945     学生3945      325   102   139   84    
5610  S1881     学生1881      325   102   136   87    
5611  S7837     学生7837      325   102   112   111   
5612  S6995     学生6995      325   102   99    124   
5613  S4861     学生4861      325   102   98    125   
5614  S1537     学生1537      325   101   107   117   
5615  S4770     学生4770      325   100   111   114   
5616  S0215     学生215       325   100   109   116   
5617  S9678     学生9678      325   99    130   96    
5618  S0675     学生675       325   99    115   111   
5619  S1612     学生1612      325   99    94    132   
5620  S0166     学生166       325   99    88    138   
5621  S0051     学生51        325   98    90    137   
5622  S7927     学生7927      325   97    147   81    
5623  S2577     学生2577      325   97    114   114   
5623  S5438     学生5438      325   97    114   114   
5625  S4827     学生4827      325   96    84    145   
5626  S3731     学生3731      325   95    135   95    
5627  S5318     学生5318      325   95    112   118   
5628  S0164     学生164       325   95    80    150   
5629  S0083     学生83        325   93    109   123   
5630  S6820     学生6820      325   93    107   125   
5631  S1073     学生1073      325   93    82    150   
5632  S1774     学生1774      325   92    112   121   
5633  S7140     学生7140      325   90    125   110   
5634  S8848     学生8848      325   90    116   119   
5635  S3348     学生3348      325   90    96    139   
5636  S8260     学生8260      325   88    124   113   
5637  S2193     学生2193      325   88    104   133   
5638  S9128     学生9128      325   87    128   110   
5639  S6034     学生6034      325   86    131   108   
5640  S1585     学生1585      325   85    130   110   
5641  S0779     学生779       325   83    121   121   
5642  S9430     学生9430      325   82    130   113   
5643  S2207     学生2207      325   82    119   124   
5644  S1645     学生1645      325   80    102   143   
5645  S0945     学生945       325   74    114   137   
5646  S0130     学生130       324   150   57    117   
5647  S2450     学生2450      324   145   62    117   
5648  S9124     学生9124      324   142   71    111   
5649  S8065     学生8065      324   141   106   77    
5650  S3444     学生3444      324   138   65    121   
5651  S7901     学生7901      324   137   102   85    
5652  S1049     学生1049      324   137   88    99    
5653  S1062     学生1062      324   137   80    107   
5654  S1217     学生1217      324   134   105   85    
5655  S3019     学生3019      324   132   90    102   
5656  S5130     学生5130      324   131   86    107   
5657  S7237     学生7237      324   129   117   78    
5658  S3894     学生3894      324   129   86    109   
5659  S2871     学生2871      324   128   107   89    
5660  S5726     学生5726      324   127   102   95    
5661  S7741     学生7741      324   127   95    102   
5662  S6173     学生6173      324   127   89    108   
5663  S7379     学生7379      324   126   105   93    
5664  S0722     学生722       324   126   82    116   
5665  S5768     学生5768      324   122   108   94    
5666  S7421     学生7421      324   121   122   81    
5667  S4711     学生4711      324   119   108   97    
5668  S8853     学生8853      324   119   103   102   
5669  S4524     学生4524      324   119   88    117   
5669  S6816     学生6816      324   119   88    117   
5671  S1004     学生1004      324   118   111   95    
5672  S5371     学生5371      324   118   102   104   
5673  S7123     学生7123      324   118   101   105   
5674  S6374     学生6374      324   118   77    129   
5675  S4258     学生4258      324   117   116   91    
5676  S8385     学生8385      324   117   75    132   
5677  S7533     学生7533      324   116   135   73    
5678  S1301     学生1301      324   115   128   81    
5679  S9584     学生9584      324   115   124   85    
5680  S6730     学生6730      324   115   96    113   
5681  S5029     学生5029      324   114   104   106   
5682  S3349     学生3349      324   113   134   77    
5683  S0730     学生730       324   113   116   95    
5684  S5180     学生5180      324   112   79    133   
5685  S5368     学生5368      324   111   123   90    
5686  S9231     学生9231      324   111   111   102   
5687  S2850     学生2850      324   110   122   92    
5688  S0149     学生149       324   110   96    118   
5689  S9648     学生9648      324   109   137   78    
5690  S8674     学生8674      324   109   129   86    
5691  S4308     学生4308      324   109   121   94    
5692  S0203     学生203       324   109   92    123   
5693  S5570     学生5570      324   108   115   101   
5694  S3834     学生3834      324   107   125   92    
5695  S0716     学生716       324   107   107   110   
5696  S9446     学生9446      324   107   101   116   
5697  S2614     学生2614      324   106   117   101   
5698  S6193     学生6193      324   106   107   111   
5699  S1861     学生1861      324   106   99    119   
5700  S1097     学生1097      324   104   126   94    
5701  S4588     学生4588      324   104   116   104   
5702  S6002     学生6002      324   104   102   118   
5703  S7395     学生7395      324   104   90    130   
5704  S3829     学生3829      324   103   125   96    
5705  S2502     学生2502      324   103   87    134   
5706  S1162     学生1162      324   102   119   103   
5707  S1719     学生1719      324   102   113   109   
5708  S4941     学生4941      324   102   101   121   
5709  S5224     学生5224      324   101   125   98    
5710  S3570     学生3570      324   101   114   109   
5711  S8808     学生8808      324   101   105   118   
5712  S8876     学生8876      324   101   88    135   
5713  S1317     学生1317      324   100   128   96    
5714  S7215     学生7215      324   100   126   98    
5715  S7529     学生7529      324   100   125   99    
5716  S7638     学生7638      324   100   123   101   
5716  S5410     学生5410      324   100   123   101   
5718  S6697     学生6697      324   100   99    125   
5719  S5537     学生5537      324   99    116   109   
5720  S4025     学生4025      324   99    114   111   
5721  S5479     学生5479      324   99    99    126   
5722  S9202     学生9202      324   98    138   88    
5723  S9079     学生9079      324   98    123   103   
5724  S3132     学生3132      324   98    99    127   
5725  S7656     学生7656      324   97    125   102   
5726  S4386     学生4386      324   97    102   125   
5727  S7351     学生7351      324   96    118   110   
5728  S1822     学生1822      324   95    141   88    
5729  S2293     学生2293      324   94    137   93    
5730  S3716     学生3716      324   94    111   119   
5731  S9818     学生9818      324   93    137   94    
5732  S3710     学生3710      324   93    121   110   
5733  S1488     学生1488      324   92    142   90    
5734  S8212     学生8212      324   92    105   127   
5735  S2618     学生2618      324   91    102   131   
5736  S2062     学生2062      324   90    147   87    
5737  S9200     学生9200      324   90    120   114   
5738  S2941     学生2941      324   89    124   111   
5739  S9814     学生9814      324   89    122   113   
5740  S3569     学生3569      324   89    95    140   
5741  S4062     学生4062      324   88    137   99    
5742  S9083     学生9083      324   88    117   119   
5743  S2334     学生2334      324   86    113   125   
5744  S9659     学生9659      324   85    141   98    
5745  S4423     学生4423      324   85    117   122   
5746  S9410     学生9410      324   83    126   115   
5747  S1576     学生1576      324   83    123   118   
5748  S0180     学生180       324   82    113   129   
5749  S1794     学生1794      324   78    103   143   
5750  S0741     学生741       324   77    97    150   
5751  S2841     学生2841      324   73    135   116   
5752  S0580     学生580       323   150   83    90    
5753  S1430     学生1430      323   144   71    108   
5754  S1873     学生1873      323   142   125   56    
5755  S5017     学生5017      323   140   81    102   
5756  S5573     学生5573      323   136   72    115   
5757  S9378     学生9378      323   135   109   79    
5758  S5841     学生5841      323   135   108   80    
5759  S5724     学生5724      323   133   107   83    
5760  S1656     学生1656      323   133   101   89    
5761  S2320     学生2320      323   132   104   87    
5762  S1455     学生1455      323   131   100   92    
5763  S3004     学生3004      323   126   116   81    
5764  S4414     学生4414      323   126   95    102   
5765  S4454     学生4454      323   125   93    105   
5766  S5603     学生5603      323   124   93    106   
5767  S6007     学生6007      323   124   91    108   
5767  S1398     学生1398      323   124   91    108   
5769  S0639     学生639       323   123   101   99    
5770  S6004     学生6004      323   122   114   87    
5771  S4257     学生4257      323   122   101   100   
5772  S0852     学生852       323   120   113   90    
5773  S5740     学生5740      323   120   94    109   
5774  S1535     学生1535      323   120   88    115   
5775  S2142     学生2142      323   119   98    106   
5775  S6517     学生6517      323   119   98    106   
5777  S4226     学生4226      323   119   94    110   
5778  S2909     学生2909      323   118   107   98    
5779  S3475     学生3475      323   117   118   88    
5780  S1143     学生1143      323   116   111   96    
5781  S3189     学生3189      323   116   99    108   
5782  S9874     学生9874      323   116   89    118   
5783  S9339     学生9339      323   116   84    123   
5784  S3231     学生3231      323   115   119   89    
5785  S6685     学生6685      323   115   106   102   
5786  S2853     学生2853      323   115   93    115   
5787  S9724     学生9724      323   115   90    118   
5788  S2106     学生2106      323   115   81    127   
5789  S1865     学生1865      323   114   117   92    
5790  S2294     学生2294      323   114   104   105   
5791  S4881     学生4881      323   114   80    129   
5792  S4899     学生4899      323   113   117   93    
5793  S1149     学生1149      323   113   113   97    
5794  S9201     学生9201      323   113   97    113   
5795  S1750     学生1750      323   113   90    120   
5796  S3555     学生3555      323   113   87    123   
5797  S1394     学生1394      323   113   79    131   
5798  S7770     学生7770      323   113   78    132   
5799  S7091     学生7091      323   112   113   98    
5800  S8443     学生8443      323   111   105   107   
5801  S9583     学生9583      323   111   103   109   
5802  S9514     学生9514      323   111   88    124   
5803  S0922     学生922       323   110   123   90    
5804  S1030     学生1030      323   110   97    116   
5805  S7416     学生7416      323   109   111   103   
5806  S3913     学生3913      323   108   120   95    
5807  S2904     学生2904      323   108   110   105   
5808  S3468     学生3468      323   107   120   96    
5809  S1481     学生1481      323   107   101   115   
5810  S7350     学生7350      323   106   116   101   
5811  S4714     学生4714      323   105   102   116   
5812  S3886     学生3886      323   104   142   77    
5813  S7644     学生7644      323   104   121   98    
5814  S9264     学生9264      323   104   104   115   
5814  S3659     学生3659      323   104   104   115   
5816  S8746     学生8746      323   103   129   91    
5817  S1380     学生1380      323   103   106   114   
5818  S6376     学生6376      323   102   106   115   
5819  S1965     学生1965      323   102   95    126   
5820  S3723     学生3723      323   102   86    135   
5821  S6377     学生6377      323   101   131   91    
5822  S6645     学生6645      323   101   118   104   
5823  S0476     学生476       323   101   114   108   
5824  S0301     学生301       323   101   101   121   
5825  S6405     学生6405      323   100   123   100   
5826  S0170     学生170       323   100   117   106   
5827  S5192     学生5192      323   99    124   100   
5828  S0495     学生495       323   99    93    131   
5829  S4816     学生4816      323   98    120   105   
5830  S0320     学生320       323   98    114   111   
5831  S7097     学生7097      323   97    121   105   
5832  S6113     学生6113      323   97    94    132   
5833  S5832     学生5832      323   97    87    139   
5834  S0599     学生599       323   96    142   85    
5835  S6646     学生6646      323   95    114   114   
5836  S6890     学生6890      323   95    109   119   
5837  S2625     学生2625      323   94    150   79    
5838  S6453     学生6453      323   94    112   117   
5839  S8820     学生8820      323   94    101   128   
5840  S6115     学生6115      323   94    100   129   
5841  S7849     学生7849      323   94    94    135   
5842  S5921     学生5921      323   91    107   125   
5843  S9008     学生9008      323   90    150   83    
5844  S6411     学生6411      323   90    140   93    
5845  S7857     学生7857      323   90    122   111   
5846  S2619     学生2619      323   90    121   112   
5847  S0496     学生496       323   89    137   97    
5848  S4055     学生4055      323   88    132   103   
5849  S3048     学生3048      323   88    126   109   
5850  S2656     学生2656      323   88    85    150   
5851  S8955     学生8955      323   87    122   114   
5852  S1182     学生1182      323   87    105   131   
5853  S2723     学生2723      323   86    114   123   
5854  S2829     学生2829      323   83    125   115   
5855  S5016     学生5016      323   83    120   120   
5856  S0888     学生888       323   83    103   137   
5857  S3295     学生3295      323   83    95    145   
5858  S5141     学生5141      323   82    114   127   
5859  S6078     学生6078      323   81    125   117   
5860  S8315     学生8315      323   80    120   123   
5861  S5903     学生5903      323   78    123   122   
5862  S9532     学生9532      323   77    100   146   
5863  S7235     学生7235      323   75    120   128   
5864  S3469     学生3469      323   73    100   150   
5865  S7657     学生7657      323   70    114   139   
5866  S2290     学生2290      322   150   73    99    
5867  S6576     学生6576      322   140   110   72    
5868  S7870     学生7870      322   139   92    91    
5868  S3183     学生3183      322   139   92    91    
5870  S7614     学生7614      322   135   96    91    
5871  S7131     学生7131      322   135   89    98    
5872  S1205     学生1205      322   133   91    98    
5873  S8149     学生8149      322   133   81    108   
5874  S3987     学生3987      322   132   108   82    
5875  S7767     学生7767      322   132   84    106   
5876  S6469     学生6469      322   131   88    103   
5877  S0890     学生890       322   131   81    110   
5878  S8326     学生8326      322   130   100   92    
5879  S0222     学生222       322   128   90    104   
5880  S5819     学生5819      322   126   115   81    
5881  S0659     学生659       322   126   102   94    
5882  S5886     学生5886      322   126   69    127   
5883  S5074     学生5074      322   125   109   88    
5884  S3394     学生3394      322   125   95    102   
5885  S6486     学生6486      322   123   81    118   
5886  S2233     学生2233      322   122   108   92    
5887  S8357     学生8357      322   121   106   95    
5888  S2814     学生2814      322   121   104   97    
5889  S4775     学生4775      322   120   125   77    
5890  S8438     学生8438      322   120   116   86    
5891  S4005     学生4005      322   118   93    111   
5892  S1447     学生1447      322   118   90    114   
5893  S3453     学生3453      322   118   87    117   
5894  S8970     学生8970      322   117   109   96    
5895  S8411     学生8411      322   117   84    121   
5896  S9820     学生9820      322   116   105   101   
5897  S4068     学生4068      322   116   101   105   
5898  S7678     学生7678      322   114   109   99    
5899  S1994     学生1994      322   114   78    130   
5900  S6883     学生6883      322   113   110   99    
5901  S1557     学生1557      322   113   98    111   
5902  S1633     学生1633      322   112   102   108   
5903  S8299     学生8299      322   112   94    116   
5904  S3478     学生3478      322   110   104   108   
5905  S2335     学生2335      322   109   129   84    
5906  S9241     学生9241      322   109   111   102   
5907  S3818     学生3818      322   109   107   106   
5908  S6894     学生6894      322   109   104   109   
5909  S8009     学生8009      322   109   90    123   
5910  S6470     学生6470      322   108   107   107   
5911  S5741     学生5741      322   108   104   110   
5912  S1126     学生1126      322   108   98    116   
5913  S7079     学生7079      322   108   79    135   
5914  S5985     学生5985      322   107   100   115   
5915  S8764     学生8764      322   107   98    117   
5916  S4984     学生4984      322   106   110   106   
5917  S6300     学生6300      322   105   118   99    
5918  S5202     学生5202      322   105   114   103   
5919  S2198     学生2198      322   105   104   113   
5920  S7187     学生7187      322   105   100   117   
5921  S0211     学生211       322   103   108   111   
5922  S2590     学生2590      322   103   105   114   
5923  S8291     学生8291      322   103   101   118   
5924  S9208     学生9208      322   103   90    129   
5925  S9559     学生9559      322   102   121   99    
5926  S7694     学生7694      322   101   113   108   
5927  S0409     学生409       322   101   112   109   
5928  S4268     学生4268      322   101   107   114   
5929  S2982     学生2982      322   101   100   121   
5930  S6168     学生6168      322   101   83    138   
5931  S8693     学生8693      322   99    129   94    
5932  S4406     学生4406      322   99    120   103   
5932  S3296     学生3296      322   99    120   103   
5934  S8384     学生8384      322   99    111   112   
5935  S3313     学生3313      322   98    129   95    
5936  S5426     学生5426      322   98    125   99    
5936  S4982     学生4982      322   98    125   99    
5938  S2624     学生2624      322   97    130   95    
5939  S9015     学生9015      322   96    101   125   
5940  S2759     学生2759      322   93    102   127   
5941  S4183     学生4183      322   93    99    130   
5942  S7585     学生7585      322   92    114   116   
5943  S8174     学生8174      322   91    126   105   
5944  S5462     学生5462      322   91    120   111   
5945  S5978     学生5978      322   91    110   121   
5946  S4167     学生4167      322   90    110   122   
5947  S5206     学生5206      322   89    115   118   
5948  S3873     学生3873      322   88    129   105   
5949  S0680     学生680       322   88    119   115   
5950  S0341     学生341       322   88    114   120   
5951  S4065     学生4065      322   88    110   124   
5952  S5220     学生5220      322   87    114   121   
5953  S7922     学生7922      322   87    105   130   
5954  S7359     学生7359      322   86    121   115   
5955  S1762     学生1762      322   86    104   132   
5956  S3401     学生3401      322   83    116   123   
5957  S4870     学生4870      322   82    119   121   
5958  S9832     学生9832      322   77    112   133   
5959  S7987     学生7987      322   73    109   140   
5960  S4259     学生4259      322   72    150   100   
5961  S5137     学生5137      321   150   62    109   
5962  S8584     学生8584      321   142   72    107   
5963  S8061     学生8061      321   136   94    91    
5964  S2875     学生2875      321   135   95    91    
5965  S0011     学生11        321   134   100   87    
5966  S9073     学生9073      321   133   117   71    
5967  S7831     学生7831      321   131   118   72    
5968  S8941     学生8941      321   131   96    94    
5969  S8126     学生8126      321   130   96    95    
5970  S6352     学生6352      321   127   109   85    
5971  S3816     学生3816      321   125   125   71    
5972  S8776     学生8776      321   125   108   88    
5973  S4132     学生4132      321   125   78    118   
5974  S1111     学生1111      321   124   105   92    
5975  S0044     学生44        321   123   118   80    
5976  S0969     学生969       321   122   112   87    
5977  S1646     学生1646      321   122   111   88    
5978  S0240     学生240       321   122   108   91    
5979  S5780     学生5780      321   122   104   95    
5980  S6043     学生6043      321   122   95    104   
5981  S9526     学生9526      321   121   99    101   
5982  S4893     学生4893      321   120   88    113   
5983  S8154     学生8154      321   120   72    129   
5984  S8156     学生8156      321   119   82    120   
5985  S4704     学生4704      321   118   117   86    
5986  S7510     学生7510      321   118   87    116   
5987  S2359     学生2359      321   117   110   94    
5988  S5267     学生5267      321   117   95    109   
5989  S3304     学生3304      321   116   117   88    
5990  S8417     学生8417      321   116   99    106   
5991  S7623     学生7623      321   116   81    124   
5992  S0715     学生715       321   115   123   83    
5993  S8424     学生8424      321   115   98    108   
5994  S1173     学生1173      321   115   97    109   
5995  S2472     学生2472      321   115   95    111   
5996  S2349     学生2349      321   114   115   92    
5997  S5533     学生5533      321   113   109   99    
5998  S9967     学生9967      321   113   106   102   
5999  S7206     学生7206      321   113   95    113   
6000  S2994     学生2994      321   112   123   86    
6001  S3724     学生3724      321   112   104   105   
6001  S9270     学生9270      321   112   104   105   
6003  S7924     学生7924      321   112   96    113   
6004  S1415     学生1415      321   111   123   87    
6005  S2719     学生2719      321   111   117   93    
6006  S5568     学生5568      321   110   119   92    
6007  S8788     学生8788      321   110   92    119   
6008  S1609     学生1609      321   110   87    124   
6009  S7243     学生7243      321   109   124   88    
6010  S7482     学生7482      321   109   117   95    
6011  S0229     学生229       321   108   118   95    
6012  S2592     学生2592      321   108   117   96    
6013  S4603     学生4603      321   108   96    117   
6014  S8536     学生8536      321   108   88    125   
6015  S9297     学生9297      321   108   81    132   
6016  S1276     学生1276      321   107   134   80    
6017  S3328     学生3328      321   107   104   110   
6018  S2743     学生2743      321   107   95    119   
6019  S4502     学生4502      321   107   85    129   
6020  S1951     学生1951      321   107   79    135   
6021  S5654     学生5654      321   106   131   84    
6022  S8799     学生8799      321   106   104   111   
6023  S5377     学生5377      321   106   101   114   
6024  S7479     学生7479      321   106   85    130   
6025  S2653     学生2653      321   106   84    131   
6026  S8974     学生8974      321   105   124   92    
6026  S2681     学生2681      321   105   124   92    
6028  S2505     学生2505      321   105   113   103   
6029  S6541     学生6541      321   104   116   101   
6030  S1992     学生1992      321   104   108   109   
6031  S2222     学生2222      321   103   143   75    
6032  S6368     学生6368      321   103   113   105   
6033  S7636     学生7636      321   103   102   116   
6034  S7228     学生7228      321   103   91    127   
6035  S3485     学生3485      321   102   125   94    
6036  S6024     学生6024      321   102   114   105   
6037  S2127     学生2127      321   102   102   117   
6038  S6195     学生6195      321   101   97    123   
6039  S4469     学生4469      321   100   130   91    
6040  S6372     学生6372      321   100   115   106   
6041  S4526     学生4526      321   100   111   110   
6042  S3376     学生3376      321   100   103   118   
6043  S9245     学生9245      321   100   86    135   
6044  S6425     学生6425      321   99    118   104   
6045  S9051     学生9051      321   98    134   89    
6046  S9525     学生9525      321   98    121   102   
6047  S0294     学生294       321   96    121   104   
6048  S4482     学生4482      321   96    119   106   
6049  S5290     学生5290      321   96    100   125   
6050  S2706     学生2706      321   95    126   100   
6051  S7555     学生7555      321   95    125   101   
6052  S9386     学生9386      321   95    109   117   
6053  S0806     学生806       321   95    103   123   
6054  S7448     学生7448      321   94    128   99    
6055  S6136     学生6136      321   94    114   113   
6056  S3153     学生3153      321   94    100   127   
6057  S7054     学生7054      321   94    80    147   
6058  S1849     学生1849      321   93    142   86    
6059  S4094     学生4094      321   93    121   107   
6060  S8842     学生8842      321   93    111   117   
6061  S3740     学生3740      321   93    100   128   
6062  S2119     学生2119      321   92    118   111   
6063  S9716     学生9716      321   92    110   119   
6064  S5317     学生5317      321   92    108   121   
6065  S8194     学生8194      321   91    115   115   
6066  S9217     学生9217      321   90    132   99    
6067  S8836     学生8836      321   90    121   110   
6068  S5232     学生5232      321   90    112   119   
6069  S4377     学生4377      321   90    99    132   
6070  S8652     学生8652      321   89    138   94    
6071  S4631     学生4631      321   88    127   106   
6072  S1024     学生1024      321   88    123   110   
6073  S5361     学生5361      321   88    121   112   
6074  S2859     学生2859      321   88    120   113   
6075  S9516     学生9516      321   88    99    134   
6076  S7532     学生7532      321   83    115   123   
6077  S5815     学生5815      321   81    94    146   
6078  S9369     学生9369      321   80    119   122   
6079  S9996     学生9996      321   79    113   129   
6080  S1824     学生1824      321   78    132   111   
6081  S8748     学生8748      321   78    122   121   
6082  S4411     学生4411      321   77    109   135   
6083  S6903     学生6903      321   75    133   113   
6084  S2632     学生2632      321   73    117   131   
6085  S5680     学生5680      321   72    127   122   
6086  S7027     学生7027      321   72    123   126   
6087  S1272     学生1272      321   64    107   150   
6088  S7366     学生7366      321   61    112   148   
6089  S0572     学生572       320   150   85    85    
6090  S9557     学生9557      320   150   58    112   
6091  S6691     学生6691      320   144   83    93    
6092  S7557     学生7557      320   139   98    83    
6093  S7274     学生7274      320   135   90    95    
6094  S7710     学生7710      320   134   70    116   
6095  S9939     学生9939      320   130   122   68    
6096  S0089     学生89        320   130   105   85    
6097  S0956     学生956       320   130   90    100   
6097  S5534     学生5534      320   130   90    100   
6099  S3998     学生3998      320   129   94    97    
6100  S0227     学生227       320   127   84    109   
6101  S1252     学生1252      320   126   106   88    
6102  S0869     学生869       320   125   114   81    
6103  S9625     学生9625      320   125   93    102   
6104  S3973     学生3973      320   124   108   88    
6105  S5219     学生5219      320   124   101   95    
6106  S8269     学生8269      320   124   81    115   
6107  S2221     学生2221      320   124   68    128   
6108  S2395     学生2395      320   123   104   93    
6109  S4198     学生4198      320   123   81    116   
6110  S1167     学生1167      320   123   77    120   
6111  S8628     学生8628      320   121   100   99    
6112  S2972     学生2972      320   121   96    103   
6113  S5038     学生5038      320   120   114   86    
6114  S9775     学生9775      320   119   106   95    
6115  S4772     学生4772      320   119   97    104   
6116  S9301     学生9301      320   119   81    120   
6117  S7856     学生7856      320   117   74    129   
6118  S2981     学生2981      320   116   114   90    
6119  S4221     学生4221      320   116   98    106   
6120  S4977     学生4977      320   116   89    115   
6121  S1661     学生1661      320   115   111   94    
6122  S3777     学生3777      320   115   101   104   
6123  S2999     学生2999      320   115   95    110   
6124  S9479     学生9479      320   114   95    111   
6125  S1483     学生1483      320   114   92    114   
6126  S0340     学生340       320   113   118   89    
6127  S0233     学生233       320   113   101   106   
6128  S0431     学生431       320   112   115   93    
6129  S4568     学生4568      320   112   107   101   
6130  S7895     学生7895      320   112   106   102   
6131  S8533     学生8533      320   111   108   101   
6132  S1884     学生1884      320   111   94    115   
6133  S7040     学生7040      320   110   119   91    
6134  S1211     学生1211      320   110   104   106   
6135  S0466     学生466       320   110   85    125   
6136  S8044     学生8044      320   110   67    143   
6137  S8879     学生8879      320   109   113   98    
6138  S1236     学生1236      320   109   98    113   
6139  S0589     学生589       320   109   97    114   
6140  S6076     学生6076      320   108   95    117   
6141  S8943     学生8943      320   108   80    132   
6142  S8214     学生8214      320   107   116   97    
6143  S4757     学生4757      320   107   103   110   
6144  S2987     学生2987      320   106   124   90    
6145  S2991     学生2991      320   106   106   108   
6146  S6106     学生6106      320   105   125   90    
6147  S1067     学生1067      320   105   114   101   
6148  S7668     学生7668      320   105   112   103   
6149  S3932     学生3932      320   105   107   108   
6150  S0177     学生177       320   104   132   84    
6151  S4627     学生4627      320   104   123   93    
6152  S8321     学生8321      320   104   114   102   
6153  S8643     学生8643      320   104   101   115   
6154  S3922     学生3922      320   104   100   116   
6155  S8575     学生8575      320   104   84    132   
6156  S7994     学生7994      320   103   125   92    
6157  S2963     学生2963      320   103   106   111   
6158  S9934     学生9934      320   103   104   113   
6159  S5491     学生5491      320   102   132   86    
6160  S9255     学生9255      320   102   113   105   
6161  S3031     学生3031      320   100   112   108   
6162  S2836     学生2836      320   100   96    124   
6163  S2261     学生2261      320   99    109   112   
6164  S6156     学生6156      320   99    103   118   
6165  S4352     学生4352      320   98    118   104   
6166  S6518     学生6518      320   98    111   111   
6167  S2363     学生2363      320   98    108   114   
6168  S4157     学生4157      320   98    81    141   
6169  S8552     学生8552      320   97    122   101   
6170  S3274     学生3274      320   96    131   93    
6171  S1733     学生1733      320   96    109   115   
6172  S8042     学生8042      320   96    107   117   
6173  S5977     学生5977      320   96    102   122   
6174  S9574     学生9574      320   95    124   101   
6175  S0927     学生927       320   95    113   112   
6176  S5942     学生5942      320   95    102   123   
6177  S8081     学生8081      320   93    113   114   
6178  S7595     学生7595      320   93    101   126   
6179  S5535     学生5535      320   93    94    133   
6179  S6203     学生6203      320   93    94    133   
6181  S9276     学生9276      320   92    105   123   
6182  S5633     学生5633      320   91    111   118   
6183  S1850     学生1850      320   90    115   115   
6184  S6299     学生6299      320   89    115   116   
6185  S2429     学生2429      320   89    85    146   
6186  S2477     学生2477      320   88    135   97    
6187  S3668     学生3668      320   88    127   105   
6188  S6999     学生6999      320   85    134   101   
6189  S4909     学生4909      320   85    117   118   
6190  S7220     学生7220      320   83    124   113   
6191  S6912     学生6912      320   82    107   131   
6192  S3021     学生3021      320   81    124   115   
6193  S9706     学生9706      320   81    104   135   
6194  S4397     学生4397      320   77    129   114   
6195  S9067     学生9067      320   71    124   125   
6196  S0500     学生500       320   67    127   126   
6197  S7785     学生7785      320   65    124   131   
6198  S7391     学生7391      320   63    126   131   
6199  S2870     学生2870      319   150   89    80    
6200  S9137     学生9137      319   144   85    90    
6201  S7508     学生7508      319   139   94    86    
6202  S4061     学生4061      319   138   114   67    
6203  S2014     学生2014      319   138   79    102   
6204  S5748     学生5748      319   136   90    93    
6205  S4839     学生4839      319   136   73    110   
6206  S1419     学生1419      319   133   103   83    
6207  S5458     学生5458      319   133   74    112   
6208  S3897     学生3897      319   131   85    103   
6209  S5624     学生5624      319   130   121   68    
6210  S0311     学生311       319   128   109   82    
6211  S4793     学生4793      319   128   97    94    
6212  S1335     学生1335      319   128   87    104   
6213  S7056     学生7056      319   127   92    100   
6214  S4134     学生4134      319   125   114   80    
6215  S2734     学生2734      319   125   97    97    
6216  S3069     学生3069      319   125   93    101   
6217  S6321     学生6321      319   123   90    106   
6218  S7298     学生7298      319   122   99    98    
6219  S1261     学生1261      319   122   92    105   
6220  S3580     学生3580      319   122   91    106   
6221  S6336     学生6336      319   121   87    111   
6222  S1446     学生1446      319   120   128   71    
6223  S7424     学生7424      319   119   122   78    
6224  S0970     学生970       319   119   99    101   
6225  S0547     学生547       319   119   93    107   
6226  S9154     学生9154      319   119   90    110   
6227  S1388     学生1388      319   118   115   86    
6228  S4731     学生4731      319   118   94    107   
6229  S2298     学生2298      319   117   125   77    
6230  S6713     学生6713      319   116   81    122   
6231  S0008     学生8         319   115   115   89    
6232  S9942     学生9942      319   115   74    130   
6233  S4740     学生4740      319   114   106   99    
6234  S8595     学生8595      319   114   102   103   
6235  S8015     学生8015      319   114   100   105   
6236  S9961     学生9961      319   113   110   96    
6237  S3479     学生3479      319   113   107   99    
6238  S4446     学生4446      319   113   104   102   
6239  S9881     学生9881      319   113   100   106   
6240  S5607     学生5607      319   112   118   89    
6241  S6724     学生6724      319   112   113   94    
6241  S2730     学生2730      319   112   113   94    
6243  S5846     学生5846      319   112   96    111   
6244  S3711     学生3711      319   111   120   88    
6245  S4267     学生4267      319   111   101   107   
6246  S1956     学生1956      319   110   133   76    
6247  S2055     学生2055      319   110   99    110   
6248  S3566     学生3566      319   110   94    115   
6249  S3146     学生3146      319   110   92    117   
6250  S3980     学生3980      319   109   107   103   
6251  S2182     学生2182      319   109   105   105   
6252  S7330     学生7330      319   108   118   93    
6253  S2225     学生2225      319   108   107   104   
6254  S1728     学生1728      319   108   102   109   
6254  S1121     学生1121      319   108   102   109   
6256  S9296     学生9296      319   108   100   111   
6257  S9634     学生9634      319   108   94    117   
6258  S3387     学生3387      319   108   84    127   
6258  S2046     学生2046      319   108   84    127   
6260  S5562     学生5562      319   107   103   109   
6261  S3545     学生3545      319   106   113   100   
6262  S0371     学生371       319   105   116   98    
6263  S6547     学生6547      319   105   100   114   
6264  S2173     学生2173      319   105   97    117   
6265  S7932     学生7932      319   104   119   96    
6266  S2422     学生2422      319   104   117   98    
6267  S1628     学生1628      319   104   112   103   
6268  S4171     学生4171      319   104   105   110   
6269  S8786     学生8786      319   104   104   111   
6270  S9213     学生9213      319   104   89    126   
6271  S6379     学生6379      319   103   114   102   
6272  S2557     学生2557      319   103   94    122   
6273  S1517     学生1517      319   103   91    125   
6274  S6755     学生6755      319   103   90    126   
6275  S0694     学生694       319   103   87    129   
6276  S4693     学生4693      319   102   89    128   
6277  S0967     学生967       319   100   125   94    
6278  S2899     学生2899      319   100   107   112   
6279  S8121     学生8121      319   100   91    128   
6280  S7717     学生7717      319   99    116   104   
6281  S2936     学生2936      319   99    113   107   
6281  S1622     学生1622      319   99    113   107   
6283  S7955     学生7955      319   99    99    121   
6284  S5329     学生5329      319   98    108   113   
6285  S8352     学生8352      319   98    101   120   
6286  S5450     学生5450      319   98    87    134   
6287  S4004     学生4004      319   97    108   114   
6288  S3181     学生3181      319   97    100   122   
6289  S0461     学生461       319   96    118   105   
6290  S4995     学生4995      319   96    114   109   
6291  S3671     学生3671      319   95    111   113   
6292  S0020     学生20        319   94    114   111   
6293  S8562     学生8562      319   93    124   102   
6294  S9835     学生9835      319   93    118   108   
6295  S7593     学生7593      319   93    97    129   
6296  S7407     学生7407      319   92    122   105   
6297  S4672     学生4672      319   92    115   112   
6298  S8938     学生8938      319   91    127   101   
6299  S7159     学生7159      319   91    103   125   
6300  S4247     学生4247      319   91    101   127   
6301  S7564     学生7564      319   88    106   125   
6302  S1042     学生1042      319   86    112   121   
6303  S2300     学生2300      319   86    99    134   
6304  S1130     学生1130      319   83    116   120   
6304  S1449     学生1449      319   83    116   120   
6306  S2007     学生2007      319   83    114   122   
6307  S8250     学生8250      319   80    105   134   
6308  S1184     学生1184      318   150   93    75    
6309  S1526     学生1526      318   148   85    85    
6310  S7919     学生7919      318   142   69    107   
6311  S5201     学生5201      318   134   117   67    
6312  S1971     学生1971      318   133   84    101   
6313  S2883     学生2883      318   130   89    99    
6314  S5823     学生5823      318   129   95    94    
6314  S7629     学生7629      318   129   95    94    
6316  S2328     学生2328      318   126   115   77    
6317  S5653     学生5653      318   126   85    107   
6318  S6674     学生6674      318   125   106   87    
6319  S8468     学生8468      318   125   102   91    
6320  S2847     学生2847      318   123   100   95    
6321  S8185     学生8185      318   123   92    103   
6322  S7378     学生7378      318   123   86    109   
6323  S8514     学生8514      318   122   118   78    
6324  S0686     学生686       318   122   111   85    
6325  S8611     学生8611      318   122   99    97    
6326  S0670     学生670       318   121   78    119   
6327  S6715     学生6715      318   120   101   97    
6328  S3486     学生3486      318   119   136   63    
6329  S0357     学生357       318   118   99    101   
6330  S3957     学生3957      318   118   93    107   
6330  S4622     学生4622      318   118   93    107   
6332  S5148     学生5148      318   118   91    109   
6333  S4581     学生4581      318   117   109   92    
6334  S5358     学生5358      318   115   113   90    
6335  S7740     学生7740      318   115   107   96    
6336  S5407     学生5407      318   115   82    121   
6337  S0605     学生605       318   114   113   91    
6338  S2867     学生2867      318   114   110   94    
6339  S4336     学生4336      318   114   97    107   
6340  S5046     学生5046      318   113   133   72    
6341  S2627     学生2627      318   113   121   84    
6342  S7065     学生7065      318   113   116   89    
6343  S2373     学生2373      318   113   112   93    
6344  S3635     学生3635      318   113   81    124   
6345  S6652     学生6652      318   112   127   79    
6346  S2052     学生2052      318   112   100   106   
6347  S3614     学生3614      318   112   98    108   
6348  S8733     学生8733      318   111   124   83    
6349  S7519     学生7519      318   111   118   89    
6350  S2175     学生2175      318   110   120   88    
6351  S9448     学生9448      318   110   105   103   
6352  S5639     学生5639      318   110   103   105   
6353  S6789     学生6789      318   110   83    125   
6354  S2783     学生2783      318   109   114   95    
6355  S4410     学生4410      318   109   105   104   
6356  S8010     学生8010      318   109   99    110   
6357  S0314     学生314       318   109   89    120   
6358  S6159     学生6159      318   108   126   84    
6359  S2782     学生2782      318   108   113   97    
6360  S5831     学生5831      318   107   131   80    
6361  S7178     学生7178      318   107   119   92    
6362  S7199     学生7199      318   107   96    115   
6363  S2704     学生2704      318   107   95    116   
6364  S0755     学生755       318   107   89    122   
6365  S0202     学生202       318   107   87    124   
6366  S3792     学生3792      318   106   89    123   
6367  S0510     学生510       318   105   125   88    
6368  S5194     学生5194      318   104   90    124   
6369  S5763     学生5763      318   104   79    135   
6370  S3205     学生3205      318   103   118   97    
6371  S3884     学生3884      318   102   102   114   
6372  S8998     学生8998      318   101   126   91    
6373  S6476     学生6476      318   101   122   95    
6374  S9006     学生9006      318   101   115   102   
6375  S2239     学生2239      318   101   99    118   
6376  S8814     学生8814      318   101   93    124   
6377  S6220     学生6220      318   101   80    137   
6378  S6395     学生6395      318   100   125   93    
6379  S7174     学生7174      318   100   122   96    
6380  S0545     学生545       318   100   117   101   
6381  S9052     学生9052      318   100   107   111   
6382  S2945     学生2945      318   100   106   112   
6383  S9585     学生9585      318   99    114   105   
6384  S2855     学生2855      318   99    111   108   
6385  S4688     学生4688      318   99    106   113   
6386  S7596     学生7596      318   99    103   116   
6387  S1311     学生1311      318   98    131   89    
6388  S4576     学生4576      318   98    124   96    
6389  S6348     学生6348      318   97    116   105   
6390  S8687     学生8687      318   97    104   117   
6391  S4097     学生4097      318   96    126   96    
6392  S4131     学生4131      318   96    122   100   
6393  S1138     学生1138      318   96    109   113   
6394  S1478     学生1478      318   96    103   119   
6395  S4965     学生4965      318   96    100   122   
6396  S8877     学生8877      318   94    115   109   
6397  S3239     学生3239      318   94    113   111   
6398  S2769     学生2769      318   93    127   98    
6399  S7300     学生7300      318   93    119   106   
6400  S0375     学生375       318   93    109   116   
6401  S7143     学生7143      318   92    107   119   
6401  S6472     学生6472      318   92    107   119   
6403  S7660     学生7660      318   91    137   90    
6404  S0615     学生615       318   91    118   109   
6405  S9656     学生9656      318   90    137   91    
6406  S2781     学生2781      318   85    125   108   
6407  S6940     学生6940      318   85    115   118   
6408  S4598     学生4598      318   82    106   130   
6408  S4180     学生4180      318   82    106   130   
6410  S2188     学生2188      318   80    116   122   
6411  S8542     学生8542      318   77    113   128   
6412  S0787     学生787       318   72    137   109   
6413  S4152     学生4152      318   66    102   150   
6414  S2761     学生2761      317   145   70    102   
6415  S0736     学生736       317   140   97    80    
6416  S3652     学生3652      317   140   95    82    
6417  S8161     学生8161      317   137   94    86    
6418  S8243     学生8243      317   136   112   69    
6419  S8166     学生8166      317   132   82    103   
6420  S5714     学生5714      317   132   80    105   
6421  S9421     学生9421      317   131   104   82    
6422  S7052     学生7052      317   130   88    99    
6423  S6262     学生6262      317   128   121   68    
6424  S2191     学生2191      317   128   97    92    
6425  S8277     学生8277      317   125   76    116   
6426  S1036     学生1036      317   124   72    121   
6427  S1058     学生1058      317   122   112   83    
6428  S6539     学生6539      317   122   98    97    
6429  S7581     学生7581      317   121   92    104   
6430  S6452     学生6452      317   119   98    100   
6431  S2159     学生2159      317   119   93    105   
6432  S1705     学生1705      317   119   87    111   
6433  S6528     学生6528      317   118   132   67    
6434  S4151     学生4151      317   118   123   76    
6435  S2003     学生2003      317   118   107   92    
6436  S6049     学生6049      317   118   83    116   
6437  S3090     学生3090      317   117   120   80    
6438  S1945     学生1945      317   117   103   97    
6439  S4126     学生4126      317   117   74    126   
6440  S5539     学生5539      317   115   102   100   
6441  S0086     学生86        317   114   97    106   
6442  S7650     学生7650      317   114   85    118   
6443  S4026     学生4026      317   113   120   84    
6444  S1829     学生1829      317   113   119   85    
6445  S0608     学生608       317   113   106   98    
6446  S5525     学生5525      317   113   94    110   
6447  S4539     学生4539      317   112   96    109   
6448  S7630     学生7630      317   112   93    112   
6449  S3119     学生3119      317   112   90    115   
6450  S8463     学生8463      317   111   118   88    
6451  S3385     学生3385      317   111   99    107   
6452  S3909     学生3909      317   110   136   71    
6453  S3029     学生3029      317   110   105   102   
6454  S0709     学生709       317   110   101   106   
6455  S8623     学生8623      317   110   98    109   
6456  S2856     学生2856      317   109   87    121   
6457  S2099     学生2099      317   108   83    126   
6458  S0291     学生291       317   107   123   87    
6459  S1364     学生1364      317   107   110   100   
6460  S6933     学生6933      317   107   106   104   
6461  S8789     学生8789      317   107   98    112   
6462  S7524     学生7524      317   106   122   89    
6463  S5119     学生5119      317   106   112   99    
6464  S0629     学生629       317   106   95    116   
6465  S1911     学生1911      317   105   128   84    
6466  S5908     学生5908      317   105   93    119   
6467  S9274     学生9274      317   104   108   105   
6468  S2209     学生2209      317   104   99    114   
6469  S9635     学生9635      317   104   95    118   
6470  S5225     学生5225      317   103   134   80    
6471  S8256     学生8256      317   103   113   101   
6472  S1851     学生1851      317   103   74    140   
6473  S8196     学生8196      317   102   111   104   
6474  S1639     学生1639      317   101   124   92    
6475  S8330     学生8330      317   101   119   97    
6476  S6511     学生6511      317   100   124   93    
6477  S7734     学生7734      317   100   110   107   
6478  S6799     学生6799      317   100   96    121   
6479  S4654     学生4654      317   99    103   115   
6480  S0271     学生271       317   98    119   100   
6481  S9291     学生9291      317   98    108   111   
6482  S9062     学生9062      317   97    120   100   
6483  S5298     学生5298      317   96    145   76    
6484  S8568     学生8568      317   96    115   106   
6485  S5848     学生5848      317   96    110   111   
6486  S3703     学生3703      317   96    108   113   
6487  S1468     学生1468      317   95    120   102   
6488  S6447     学生6447      317   95    114   108   
6489  S4179     学生4179      317   94    114   109   
6490  S5005     学生5005      317   93    121   103   
6491  S5299     学生5299      317   93    109   115   
6492  S4182     学生4182      317   93    99    125   
6493  S4927     学生4927      317   91    120   106   
6494  S5743     学生5743      317   88    137   92    
6495  S1521     学生1521      317   88    118   111   
6496  S9729     学生9729      317   87    108   122   
6497  S0531     学生531       317   86    125   106   
6498  S8811     学生8811      317   84    97    136   
6499  S0457     学生457       317   83    110   124   
6500  S2613     学生2613      317   83    91    143   
6501  S4168     学生4168      317   83    90    144   
6502  S2445     学生2445      317   82    125   110   
6503  S7207     学生7207      317   81    129   107   
6504  S3904     学生3904      317   78    124   115   
6505  S5066     学生5066      317   78    106   133   
6506  S2071     学生2071      317   75    134   108   
6507  S9712     学生9712      317   70    113   134   
6508  S5811     学生5811      317   65    114   138   
6509  S3606     学生3606      317   61    125   131   
6510  S8058     学生8058      316   150   87    79    
6511  S4366     学生4366      316   142   83    91    
6512  S7024     学生7024      316   140   94    82    
6513  S5097     学生5097      316   137   110   69    
6514  S3151     学生3151      316   135   91    90    
6515  S6678     学生6678      316   134   105   77    
6516  S9183     学生9183      316   134   85    97    
6517  S9533     学生9533      316   133   65    118   
6518  S0331     学生331       316   132   102   82    
6519  S6796     学生6796      316   132   89    95    
6520  S5703     学生5703      316   131   118   67    
6521  S3490     学生3490      316   131   76    109   
6522  S9901     学生9901      316   130   85    101   
6523  S9520     学生9520      316   128   119   69    
6524  S6893     学生6893      316   128   93    95    
6525  S4285     学生4285      316   128   71    117   
6526  S9364     学生9364      316   121   98    97    
6527  S7822     学生7822      316   120   110   86    
6528  S6400     学生6400      316   120   94    102   
6529  S8074     学生8074      316   119   108   89    
6530  S2154     学生2154      316   119   101   96    
6531  S9337     学生9337      316   119   86    111   
6532  S8587     学生8587      316   119   81    116   
6533  S8135     学生8135      316   118   93    105   
6534  S9841     学生9841      316   118   68    130   
6535  S0169     学生169       316   117   122   77    
6536  S7923     学生7923      316   117   108   91    
6537  S0839     学生839       316   117   95    104   
6538  S0905     学生905       316   116   96    104   
6539  S4922     学生4922      316   115   133   68    
6540  S3522     学生3522      316   114   113   89    
6541  S0216     学生216       316   114   105   97    
6542  S0015     学生15        316   114   99    103   
6543  S3161     学生3161      316   114   82    120   
6544  S7695     学生7695      316   113   110   93    
6545  S9023     学生9023      316   113   95    108   
6546  S8078     学生8078      316   112   103   101   
6547  S5967     学生5967      316   111   106   99    
6548  S3838     学生3838      316   111   78    127   
6549  S5100     学生5100      316   110   89    117   
6550  S3454     学生3454      316   108   115   93    
6551  S4795     学生4795      316   108   94    114   
6552  S3042     学生3042      316   107   124   85    
6553  S4283     学生4283      316   107   118   91    
6554  S4421     学生4421      316   107   98    111   
6555  S8942     学生8942      316   107   90    119   
6556  S6508     学生6508      316   107   86    123   
6557  S4749     学生4749      316   106   108   102   
6558  S4392     学生4392      316   106   105   105   
6559  S0649     学生649       316   105   111   100   
6560  S6758     学生6758      316   105   100   111   
6561  S5348     学生5348      316   105   95    116   
6562  S0487     学生487       316   104   89    123   
6563  S5618     学生5618      316   103   112   101   
6564  S7736     学生7736      316   103   110   103   
6565  S9992     学生9992      316   103   108   105   
6566  S3115     学生3115      316   103   97    116   
6566  S6502     学生6502      316   103   97    116   
6568  S3820     学生3820      316   102   105   109   
6569  S2643     学生2643      316   102   97    117   
6570  S3683     学生3683      316   101   141   74    
6571  S8596     学生8596      316   101   124   91    
6572  S9839     学生9839      316   100   121   95    
6573  S9860     学生9860      316   100   95    121   
6574  S2565     学生2565      316   100   77    139   
6575  S2553     学生2553      316   99    109   108   
6576  S5467     学生5467      316   98    132   86    
6577  S9920     学生9920      316   96    106   114   
6578  S4856     学生4856      316   95    129   92    
6579  S5126     学生5126      316   95    127   94    
6580  S3035     学生3035      316   95    124   97    
6581  S8200     学生8200      316   95    120   101   
6582  S0361     学生361       316   94    90    132   
6583  S5307     学生5307      316   91    116   109   
6584  S1579     学生1579      316   90    127   99    
6585  S0450     学生450       316   90    116   110   
6585  S9385     学生9385      316   90    116   110   
6587  S0906     学生906       316   88    114   114   
6588  S8697     学生8697      316   88    101   127   
6589  S9850     学生9850      316   87    125   104   
6590  S8205     学生8205      316   87    120   109   
6591  S3727     学生3727      316   87    105   124   
6592  S8127     学生8127      316   86    109   121   
6593  S1198     学生1198      316   82    94    140   
6594  S4375     学生4375      316   81    116   119   
6595  S1999     学生1999      316   81    113   122   
6596  S9739     学生9739      316   81    111   124   
6597  S6075     学生6075      316   80    122   114   
6598  S0163     学生163       316   79    114   123   
6599  S5424     学生5424      316   74    139   103   
6600  S4160     学生4160      316   71    134   111   
6601  S2722     学生2722      316   63    115   138   
6602  S8856     学生8856      315   143   68    104   
6603  S3745     学生3745      315   140   100   75    
6604  S4087     学生4087      315   135   96    84    
6605  S0437     学生437       315   133   105   77    
6606  S5868     学生5868      315   133   91    91    
6607  S1795     学生1795      315   128   112   75    
6608  S5094     学生5094      315   128   95    92    
6609  S8445     学生8445      315   127   100   88    
6610  S0994     学生994       315   127   96    92    
6611  S1091     学生1091      315   127   82    106   
6612  S9197     学生9197      315   126   93    96    
6613  S7829     学生7829      315   126   84    105   
6614  S5451     学生5451      315   125   108   82    
6615  S4212     学生4212      315   124   94    97    
6616  S6077     学生6077      315   124   87    104   
6617  S6230     学生6230      315   124   82    109   
6618  S4147     学生4147      315   124   79    112   
6619  S1787     学生1787      315   121   82    112   
6620  S9235     学生9235      315   120   100   95    
6621  S2608     学生2608      315   120   96    99    
6622  S6435     学生6435      315   119   122   74    
6623  S6829     学生6829      315   119   112   84    
6624  S8072     学生8072      315   119   111   85    
6625  S2042     学生2042      315   119   81    115   
6626  S2822     学生2822      315   118   113   84    
6627  S6289     学生6289      315   118   90    107   
6628  S4535     学生4535      315   117   105   93    
6629  S0815     学生815       315   117   92    106   
6630  S7182     学生7182      315   116   110   89    
6631  S7764     学生7764      315   115   101   99    
6632  S4291     学生4291      315   114   109   92    
6633  S4220     学生4220      315   114   101   100   
6634  S7933     学生7933      315   114   95    106   
6635  S9271     学生9271      315   114   90    111   
6636  S2406     学生2406      315   113   135   67    
6637  S5213     学生5213      315   113   100   102   
6638  S3837     学生3837      315   112   132   71    
6639  S2356     学生2356      315   112   126   77    
6640  S5802     学生5802      315   112   106   97    
6641  S7592     学生7592      315   112   98    105   
6642  S0193     学生193       315   112   92    111   
6643  S6081     学生6081      315   111   100   104   
6644  S8003     学生8003      315   111   93    111   
6645  S3519     学生3519      315   111   89    115   
6646  S3717     学生3717      315   110   110   95    
6647  S2466     学生2466      315   110   103   102   
6648  S1308     学生1308      315   110   99    106   
6649  S4237     学生4237      315   110   95    110   
6650  S2063     学生2063      315   109   132   74    
6651  S2573     学生2573      315   109   124   82    
6652  S6845     学生6845      315   109   122   84    
6653  S3196     学生3196      315   109   86    120   
6654  S1874     学生1874      315   108   124   83    
6655  S0070     学生70        315   108   108   99    
6656  S9427     学生9427      315   107   110   98    
6657  S6361     学生6361      315   106   111   98    
6658  S2028     学生2028      315   105   134   76    
6659  S2168     学生2168      315   105   126   84    
6660  S8354     学生8354      315   105   104   106   
6661  S9483     学生9483      315   105   101   109   
6661  S6108     学生6108      315   105   101   109   
6663  S0909     学生909       315   105   98    112   
6664  S6885     学生6885      315   104   119   92    
6665  S8689     学生8689      315   104   104   107   
6665  S0494     学生494       315   104   104   107   
6667  S6017     学生6017      315   104   103   108   
6668  S6618     学生6618      315   104   99    112   
6669  S1644     学生1644      315   103   121   91    
6670  S6229     学生6229      315   103   106   106   
6671  S7436     学生7436      315   103   87    125   
6672  S3339     学生3339      315   102   127   86    
6673  S1968     学生1968      315   102   84    129   
6674  S3419     学生3419      315   101   128   86    
6675  S7523     学生7523      315   101   124   90    
6676  S1240     学生1240      315   101   113   101   
6677  S2223     学生2223      315   101   94    120   
6678  S1206     学生1206      315   100   110   105   
6679  S4632     学生4632      315   100   99    116   
6680  S6935     学生6935      315   100   68    147   
6681  S9236     学生9236      315   98    115   102   
6682  S9048     学生9048      315   98    105   112   
6683  S4424     学生4424      315   98    103   114   
6684  S5553     学生5553      315   98    96    121   
6684  S9937     学生9937      315   98    96    121   
6686  S8346     学生8346      315   98    81    136   
6687  S9545     学生9545      315   97    133   85    
6688  S9767     学生9767      315   97    108   110   
6689  S0887     学生887       315   97    107   111   
6690  S5645     学生5645      315   97    100   118   
6691  S8832     学生8832      315   96    123   96    
6692  S3685     学生3685      315   96    115   104   
6693  S9470     学生9470      315   96    103   116   
6694  S4850     学生4850      315   94    92    129   
6695  S6016     学生6016      315   93    107   115   
6696  S5948     学生5948      315   93    103   119   
6697  S1363     学生1363      315   91    109   115   
6698  S0367     学生367       315   90    144   81    
6699  S9795     学生9795      315   90    114   111   
6700  S2439     学生2439      315   90    105   120   
6701  S5705     学生5705      315   89    98    128   
6702  S3969     学生3969      315   89    97    129   
6703  S2197     学生2197      315   87    112   116   
6704  S5898     学生5898      315   85    126   104   
6705  S0528     学生528       315   85    110   120   
6706  S1816     学生1816      315   84    146   85    
6707  S2094     学生2094      315   84    100   131   
6708  S6279     学生6279      315   82    125   108   
6709  S6527     学生6527      315   82    89    144   
6710  S0634     学生634       315   81    134   100   
6711  S9357     学生9357      315   81    124   110   
6712  S0698     学生698       315   80    123   112   
6713  S1234     学生1234      315   79    121   115   
6714  S9416     学生9416      315   77    116   122   
6715  S9003     学生9003      315   73    142   100   
6716  S4010     学生4010      315   68    122   125   
6717  S9588     学生9588      315   68    116   131   
6718  S7711     学生7711      315   66    147   102   
6719  S9032     学生9032      315   62    137   116   
6720  S0033     学生33        314   144   108   62    
6721  S8903     学生8903      314   135   68    111   
6722  S1604     学生1604      314   134   70    110   
6723  S8462     学生8462      314   133   97    84    
6724  S5136     学生5136      314   130   121   63    
6725  S8143     学生8143      314   128   103   83    
6726  S5305     学生5305      314   128   95    91    
6727  S0561     学生561       314   128   93    93    
6728  S5385     学生5385      314   128   89    97    
6729  S2371     学生2371      314   127   91    96    
6730  S0187     学生187       314   126   87    101   
6731  S5733     学生5733      314   125   89    100   
6732  S9993     学生9993      314   125   76    113   
6733  S4552     学生4552      314   124   90    100   
6734  S9226     学生9226      314   124   83    107   
6735  S1837     学生1837      314   124   82    108   
6736  S2085     学生2085      314   123   107   84    
6737  S7258     学生7258      314   123   67    124   
6738  S7456     学生7456      314   122   101   91    
6739  S6187     学生6187      314   122   93    99    
6740  S6339     学生6339      314   120   99    95    
6741  S7162     学生7162      314   120   79    115   
6742  S6869     学生6869      314   119   100   95    
6743  S3870     学生3870      314   118   116   80    
6744  S2523     学生2523      314   118   108   88    
6745  S2912     学生2912      314   118   96    100   
6746  S2387     学生2387      314   117   101   96    
6747  S6591     学生6591      314   117   89    108   
6748  S5051     学生5051      314   117   78    119   
6749  S6806     学生6806      314   116   119   79    
6750  S8079     学生8079      314   116   98    100   
6751  S7360     学生7360      314   116   90    108   
6752  S7017     学生7017      314   116   89    109   
6753  S8818     学生8818      314   116   76    122   
6754  S4604     学生4604      314   115   101   98    
6755  S9564     学生9564      314   115   90    109   
6756  S3081     学生3081      314   114   103   97    
6757  S3007     学生3007      314   114   99    101   
6758  S3798     学生3798      314   113   107   94    
6759  S5888     学生5888      314   112   105   97    
6760  S0183     学生183       314   112   96    106   
6761  S9830     学生9830      314   112   91    111   
6762  S3993     学生3993      314   111   110   93    
6763  S7185     学生7185      314   111   105   98    
6764  S5286     学生5286      314   111   99    104   
6765  S9997     学生9997      314   110   75    129   
6766  S9667     学生9667      314   110   73    131   
6767  S0579     学生579       314   109   95    110   
6768  S4439     学生4439      314   109   77    128   
6769  S1943     学生1943      314   109   74    131   
6770  S4054     学生4054      314   109   73    132   
6771  S5474     学生5474      314   108   127   79    
6772  S4708     学生4708      314   108   101   105   
6773  S3379     学生3379      314   108   95    111   
6774  S9167     学生9167      314   108   74    132   
6775  S4962     学生4962      314   107   88    119   
6776  S9320     学生9320      314   106   109   99    
6777  S1606     学生1606      314   106   98    110   
6778  S7136     学生7136      314   106   81    127   
6779  S4294     学生4294      314   105   119   90    
6780  S9423     学生9423      314   105   111   98    
6781  S0998     学生998       314   105   102   107   
6782  S8336     学生8336      314   104   113   97    
6783  S3198     学生3198      314   104   99    111   
6784  S5214     学生5214      314   104   83    127   
6785  S1942     学生1942      314   102   129   83    
6786  S9948     学生9948      314   101   123   90    
6787  S7892     学生7892      314   101   86    127   
6788  S8328     学生8328      314   100   93    121   
6789  S4621     学生4621      314   99    139   76    
6790  S5626     学生5626      314   99    119   96    
6791  S0430     学生430       314   98    133   83    
6792  S4633     学生4633      314   98    113   103   
6793  S5666     学生5666      314   98    107   109   
6794  S0078     学生78        314   98    105   111   
6795  S9730     学生9730      314   97    119   98    
6796  S1052     学生1052      314   97    113   104   
6797  S6134     学生6134      314   97    89    128   
6798  S4961     学生4961      314   96    108   110   
6799  S2348     学生2348      314   95    118   101   
6800  S4580     学生4580      314   95    116   103   
6801  S0090     学生90        314   95    96    123   
6802  S3649     学生3649      314   94    131   89    
6803  S9985     学生9985      314   94    88    132   
6804  S4703     学生4703      314   93    97    124   
6805  S2266     学生2266      314   93    95    126   
6806  S0418     学生418       314   92    140   82    
6807  S5313     学生5313      314   91    110   113   
6808  S1993     学生1993      314   90    130   94    
6809  S9251     学生9251      314   90    119   105   
6810  S3455     学生3455      314   89    133   92    
6811  S9417     学生9417      314   89    107   118   
6812  S7909     学生7909      314   89    87    138   
6813  S1147     学生1147      314   88    112   114   
6814  S3930     学生3930      314   86    124   104   
6815  S0812     学生812       314   86    123   105   
6816  S0087     学生87        314   85    114   115   
6817  S0097     学生97        314   85    107   122   
6818  S2973     学生2973      314   84    103   127   
6819  S2607     学生2607      314   82    121   111   
6820  S2307     学生2307      314   82    117   115   
6821  S3077     学生3077      314   81    97    136   
6822  S1594     学生1594      314   80    136   98    
6823  S8602     学生8602      314   73    105   136   
6824  S3719     学生3719      314   72    115   127   
6825  S4648     学生4648      314   71    109   134   
6826  S3678     学生3678      314   70    142   102   
6827  S9120     学生9120      314   69    130   115   
6828  S1390     学生1390      314   67    127   120   
6829  S4348     学生4348      313   150   71    92    
6830  S0492     学生492       313   149   75    89    
6831  S9286     学生9286      313   138   83    92    
6832  S9837     学生9837      313   136   85    92    
6833  S2164     学生2164      313   135   89    89    
6834  S2404     学生2404      313   134   90    89    
6835  S8139     学生8139      313   131   80    102   
6836  S7539     学生7539      313   130   116   67    
6837  S6882     学生6882      313   130   83    100   
6838  S4326     学生4326      313   128   95    90    
6839  S5971     学生5971      313   128   79    106   
6840  S1759     学生1759      313   127   87    99    
6841  S0027     学生27        313   126   91    96    
6842  S2863     学生2863      313   126   90    97    
6843  S6535     学生6535      313   126   82    105   
6844  S7680     学生7680      313   121   121   71    
6845  S0517     学生517       313   119   125   69    
6846  S9247     学生9247      313   118   81    114   
6847  S7939     学生7939      313   117   114   82    
6848  S1988     学生1988      313   117   88    108   
6849  S4024     学生4024      313   116   109   88    
6850  S7880     学生7880      313   116   106   91    
6851  S9198     学生9198      313   116   93    104   
6852  S9356     学生9356      313   116   69    128   
6853  S3222     学生3222      313   115   99    99    
6854  S7900     学生7900      313   115   92    106   
6855  S6608     学生6608      313   114   116   83    
6856  S2811     学生2811      313   114   98    101   
6857  S5918     学生5918      313   114   87    112   
6858  S6834     学生6834      313   113   117   83    
6859  S8996     学生8996      313   113   108   92    
6860  S3277     学生3277      313   113   74    126   
6861  S9803     学生9803      313   112   116   85    
6862  S7296     学生7296      313   112   97    104   
6863  S4637     学生4637      313   111   120   82    
6864  S0855     学生855       313   111   118   84    
6865  S7796     学生7796      313   111   103   99    
6866  S3188     学生3188      313   111   88    114   
6867  S7049     学生7049      313   110   119   84    
6868  S2620     学生2620      313   110   102   101   
6869  S6640     学生6640      313   109   111   93    
6870  S1357     学生1357      313   109   96    108   
6871  S2536     学生2536      313   107   141   65    
6872  S2668     学生2668      313   107   108   98    
6873  S4067     学生4067      313   107   95    111   
6874  S7457     学生7457      313   107   94    112   
6875  S0101     学生101       313   107   89    117   
6876  S8020     学生8020      313   106   105   102   
6877  S6466     学生6466      313   106   97    110   
6878  S4510     学生4510      313   106   87    120   
6879  S8152     学生8152      313   105   99    109   
6880  S4744     学生4744      313   104   122   87    
6881  S1241     学生1241      313   104   112   97    
6882  S1491     学生1491      313   104   110   99    
6883  S5897     学生5897      313   104   107   102   
6884  S4491     学生4491      313   104   105   104   
6885  S2060     学生2060      313   104   88    121   
6886  S4165     学生4165      313   103   105   105   
6887  S7369     学生7369      313   102   115   96    
6888  S0646     学生646       313   102   114   97    
6889  S6219     学生6219      313   102   88    123   
6890  S9268     学生9268      313   101   112   100   
6891  S7957     学生7957      313   101   110   102   
6892  S5651     学生5651      313   101   99    113   
6893  S8401     学生8401      313   101   95    117   
6894  S0788     学生788       313   100   120   93    
6895  S8528     学生8528      313   100   119   94    
6896  S4566     学生4566      313   100   98    115   
6897  S4679     学生4679      313   99    127   87    
6898  S8025     学生8025      313   99    122   92    
6899  S8366     学生8366      313   99    110   104   
6900  S7338     学生7338      313   99    96    118   
6901  S4509     学生4509      313   99    93    121   
6902  S7830     学生7830      313   98    109   106   
6903  S2475     学生2475      313   97    122   94    
6904  S3273     学生3273      313   95    130   88    
6905  S2058     学生2058      313   95    119   99    
6906  S6401     学生6401      313   95    118   100   
6907  S2977     学生2977      313   95    115   103   
6908  S0330     学生330       313   95    110   108   
6909  S0332     学生332       313   95    108   110   
6910  S8763     学生8763      313   94    112   107   
6911  S6125     学生6125      313   93    91    129   
6912  S9728     学生9728      313   92    104   117   
6913  S5062     学生5062      313   91    131   91    
6914  S2457     学生2457      313   91    128   94    
6915  S9425     学生9425      313   91    126   96    
6916  S0830     学生830       313   90    117   106   
6917  S1137     学生1137      313   90    110   113   
6917  S9738     学生9738      313   90    110   113   
6919  S9295     学生9295      313   89    117   107   
6920  S8770     学生8770      313   88    123   102   
6921  S2364     学生2364      313   87    132   94    
6922  S7530     学生7530      313   87    115   111   
6923  S7073     学生7073      313   87    110   116   
6924  S6143     学生6143      313   87    102   124   
6925  S2411     学生2411      313   86    118   109   
6926  S0799     学生799       313   86    113   114   
6927  S8917     学生8917      313   84    105   124   
6928  S2402     学生2402      313   82    95    136   
6929  S1009     学生1009      313   81    105   127   
6930  S2377     学生2377      313   76    128   109   
6931  S4239     学生4239      313   74    114   125   
6932  S5545     学生5545      313   73    120   120   
6933  S4440     学生4440      313   71    122   120   
6934  S0542     学生542       313   68    113   132   
6935  S9909     学生9909      313   67    127   119   
6936  S8267     学生8267      312   150   91    71    
6937  S5108     学生5108      312   146   112   54    
6938  S0136     学生136       312   146   80    86    
6939  S7265     学生7265      312   142   97    73    
6940  S3380     学生3380      312   140   78    94    
6941  S3122     学生3122      312   135   117   60    
6942  S5940     学生5940      312   131   108   73    
6943  S2375     学生2375      312   130   86    96    
6944  S0594     学生594       312   128   94    90    
6945  S9855     学生9855      312   127   100   85    
6946  S6632     学生6632      312   126   97    89    
6947  S1416     学生1416      312   125   112   75    
6948  S4278     学生4278      312   125   90    97    
6949  S1011     学生1011      312   125   81    106   
6950  S5081     学生5081      312   124   80    108   
6951  S7381     学生7381      312   123   93    96    
6952  S8792     学生8792      312   121   107   84    
6953  S6215     学生6215      312   120   118   74    
6954  S1868     学生1868      312   119   91    102   
6955  S7471     学生7471      312   119   76    117   
6956  S1991     学生1991      312   118   82    112   
6957  S8054     学生8054      312   117   104   91    
6958  S3484     学生3484      312   117   98    97    
6959  S0088     学生88        312   117   76    119   
6960  S1428     学生1428      312   116   112   84    
6961  S7731     学生7731      312   116   107   89    
6962  S4452     学生4452      312   116   96    100   
6963  S7718     学生7718      312   116   89    107   
6964  S2983     学生2983      312   115   109   88    
6965  S6335     学生6335      312   115   101   96    
6966  S2273     学生2273      312   115   96    101   
6967  S2942     学生2942      312   115   77    120   
6968  S7147     学生7147      312   114   92    106   
6969  S5425     学生5425      312   114   79    119   
6970  S5769     学生5769      312   113   117   82    
6971  S5710     学生5710      312   113   115   84    
6972  S8108     学生8108      312   113   100   99    
6973  S6237     学生6237      312   112   91    109   
6974  S1626     学生1626      312   110   115   87    
6974  S7893     学生7893      312   110   115   87    
6976  S9748     学生9748      312   110   111   91    
6977  S0835     学生835       312   110   106   96    
6978  S6095     学生6095      312   110   104   98    
6979  S9050     学生9050      312   109   88    115   
6980  S4892     学生4892      312   108   112   92    
6981  S3587     学生3587      312   108   100   104   
6982  S5683     学生5683      312   107   93    112   
6983  S9981     学生9981      312   106   107   99    
6984  S7404     学生7404      312   106   96    110   
6985  S9196     学生9196      312   105   131   76    
6986  S9597     学生9597      312   105   116   91    
6987  S1045     学生1045      312   105   113   94    
6988  S0400     学生400       312   105   85    122   
6989  S5987     学生5987      312   104   100   108   
6990  S9061     学生9061      312   104   89    119   
6991  S7319     学生7319      312   104   86    122   
6992  S6722     学生6722      312   103   97    112   
6993  S4318     学生4318      312   102   117   93    
6994  S4838     学生4838      312   102   106   104   
6995  S6105     学生6105      312   100   100   112   
6996  S1915     学生1915      312   98    118   96    
6997  S2098     学生2098      312   98    93    121   
6998  S4501     学生4501      312   97    125   90    
6999  S2418     学生2418      312   97    114   101   
7000  S7960     学生7960      312   97    111   104   
7001  S0798     学生798       312   97    90    125   
7002  S9760     学生9760      312   96    103   113   
7003  S1739     学生1739      312   95    99    118   
7004  S2976     学生2976      312   94    123   95    
7005  S9389     学生9389      312   93    133   86    
7006  S5836     学生5836      312   93    87    132   
7007  S6097     学生6097      312   92    72    148   
7008  S7891     学生7891      312   91    122   99    
7009  S7212     学生7212      312   90    142   80    
7010  S9214     学生9214      312   90    115   107   
7011  S3256     学生3256      312   88    109   115   
7012  S9390     学生9390      312   87    126   99    
7013  S7400     学生7400      312   87    124   101   
7014  S1592     学生1592      312   87    96    129   
7015  S7981     学生7981      312   87    92    133   
7016  S9133     学生9133      312   86    114   112   
7017  S4381     学生4381      312   85    125   102   
7018  S4030     学生4030      312   85    94    133   
7019  S4660     学生4660      312   84    122   106   
7020  S8234     学生8234      312   84    109   119   
7021  S3989     学生3989      312   84    106   122   
7022  S6014     学生6014      312   83    94    135   
7023  S7006     学生7006      312   82    95    135   
7024  S4981     学生4981      312   81    124   107   
7025  S2386     学生2386      312   81    109   122   
7026  S1648     学生1648      312   80    140   92    
7027  S2367     学生2367      312   80    104   128   
7028  S2955     学生2955      312   79    113   120   
7029  S4940     学生4940      312   76    128   108   
7030  S1238     学生1238      312   76    126   110   
7031  S5367     学生5367      312   73    109   130   
7032  S5969     学生5969      312   71    130   111   
7033  S7582     学生7582      312   71    122   119   
7034  S2645     学生2645      312   71    118   123   
7035  S1828     学生1828      312   67    124   121   
7036  S4379     学生4379      312   60    126   126   
7037  S9020     学生9020      311   146   80    85    
7038  S8646     学生8646      311   145   82    84    
7039  S3203     学生3203      311   142   108   61    
7040  S3722     学生3722      311   140   86    85    
7041  S1922     学生1922      311   136   52    123   
7042  S6631     学生6631      311   133   123   55    
7043  S1122     学生1122      311   127   104   80    
7044  S5314     学生5314      311   125   99    87    
7045  S3868     学生3868      311   125   91    95    
7046  S9302     学生9302      311   125   82    104   
7047  S2037     学生2037      311   124   108   79    
7048  S6919     学生6919      311   124   103   84    
7049  S1895     学生1895      311   124   92    95    
7050  S5420     学生5420      311   124   74    113   
7051  S6690     学生6690      311   123   118   70    
7052  S9085     学生9085      311   123   99    89    
7053  S6449     学生6449      311   121   94    96    
7054  S8932     学生8932      311   120   100   91    
7055  S3712     学生3712      311   120   84    107   
7056  S8188     学生8188      311   120   66    125   
7057  S5665     学生5665      311   117   107   87    
7058  S8309     学生8309      311   117   103   91    
7059  S8254     学生8254      311   117   99    95    
7060  S7437     学生7437      311   116   107   88    
7061  S0474     学生474       311   116   98    97    
7062  S9368     学生9368      311   115   97    99    
7063  S5629     学生5629      311   114   99    98    
7064  S9279     学生9279      311   114   75    122   
7065  S3796     学生3796      311   113   125   73    
7066  S2137     学生2137      311   112   112   87    
7067  S8316     学生8316      311   111   113   87    
7068  S4809     学生4809      311   111   83    117   
7069  S5588     学生5588      311   110   122   79    
7070  S4822     学生4822      311   110   94    107   
7071  S3597     学生3597      311   110   88    113   
7072  S8968     学生8968      311   109   120   82    
7073  S5310     学生5310      311   108   112   91    
7074  S4012     学生4012      311   108   110   93    
7075  S0551     学生551       311   107   110   94    
7076  S1113     学生1113      311   107   100   104   
7077  S6039     学生6039      311   107   92    112   
7078  S7509     学生7509      311   107   81    123   
7079  S6952     学生6952      311   106   112   93    
7080  S1546     学生1546      311   106   101   104   
7081  S6711     学生6711      311   106   82    123   
7082  S1385     学生1385      311   105   113   93    
7083  S1908     学生1908      311   105   99    107   
7084  S3876     学生3876      311   104   121   86    
7085  S4023     学生4023      311   104   113   94    
7086  S7100     学生7100      311   104   79    128   
7087  S1454     学生1454      311   103   135   73    
7088  S7574     学生7574      311   103   105   103   
7089  S9612     学生9612      311   103   101   107   
7090  S7476     学生7476      311   103   91    117   
7091  S2832     学生2832      311   102   109   100   
7092  S4487     学生4487      311   102   106   103   
7093  S5781     学生5781      311   100   122   89    
7094  S4969     学生4969      311   100   113   98    
7095  S8022     学生8022      311   100   97    114   
7096  S1302     学生1302      311   100   93    118   
7097  S6071     学生6071      311   98    118   95    
7098  S2663     学生2663      311   98    103   110   
7099  S9455     学生9455      311   98    100   113   
7100  S7496     学生7496      311   97    128   86    
7101  S4224     学生4224      311   97    114   100   
7102  S5660     学生5660      311   97    103   111   
7103  S0966     学生966       311   97    92    122   
7104  S2639     学生2639      311   96    124   91    
7105  S6679     学生6679      311   96    119   96    
7106  S8935     学生8935      311   96    106   109   
7107  S6169     学生6169      311   95    133   83    
7108  S2410     学生2410      311   95    116   100   
7109  S5409     学生5409      311   95    107   109   
7110  S0456     学生456       311   94    128   89    
7111  S3411     学生3411      311   94    106   111   
7111  S5133     学生5133      311   94    106   111   
7113  S0800     学生800       311   93    126   92    
7114  S8999     学生8999      311   93    119   99    
7115  S2568     学生2568      311   93    108   110   
7116  S8069     学生8069      311   92    99    120   
7117  S3514     学生3514      311   91    107   113   
7118  S3706     学生3706      311   91    105   115   
7119  S7703     学生7703      311   91    89    131   
7120  S6761     学生6761      311   90    120   101   
7121  S7362     学生7362      311   90    116   105   
7122  S4540     学生4540      311   90    108   113   
7123  S4997     学生4997      311   89    141   81    
7124  S4572     学生4572      311   89    99    123   
7125  S4307     学生4307      311   88    107   116   
7126  S0060     学生60        311   88    93    130   
7127  S8777     学生8777      311   87    133   91    
7128  S9359     学生9359      311   87    120   104   
7129  S4902     学生4902      311   87    115   109   
7130  S3236     学生3236      311   87    113   111   
7131  S9263     学生9263      311   86    128   97    
7132  S5995     学生5995      311   85    110   116   
7133  S8925     学生8925      311   84    139   88    
7134  S0048     学生48        311   84    79    148   
7135  S9044     学生9044      311   83    105   123   
7136  S6907     学生6907      311   82    119   110   
7137  S5591     学生5591      311   81    123   107   
7138  S2338     学生2338      311   70    127   114   
7139  S2861     学生2861      311   60    113   138   
7140  S4178     学生4178      311   59    134   118   
7141  S7761     学生7761      310   132   106   72    
7142  S3691     学生3691      310   132   87    91    
7143  S7469     学生7469      310   132   83    95    
7144  S4883     学生4883      310   130   100   80    
7145  S2351     学生2351      310   129   78    103   
7146  S8551     学生8551      310   127   107   76    
7147  S0381     学生381       310   127   87    96    
7148  S3263     学生3263      310   127   85    98    
7149  S8471     学生8471      310   127   83    100   
7150  S7744     学生7744      310   126   90    94    
7151  S2287     学生2287      310   126   87    97    
7152  S4470     学生4470      310   125   114   71    
7153  S0583     学生583       310   125   82    103   
7154  S8885     学生8885      310   124   77    109   
7155  S4657     学生4657      310   123   120   67    
7156  S9380     学生9380      310   123   110   77    
7157  S3920     学生3920      310   123   81    106   
7158  S9033     学生9033      310   123   77    110   
7159  S5105     学生5105      310   122   99    89    
7160  S3637     学生3637      310   122   88    100   
7161  S4400     学生4400      310   122   84    104   
7161  S2616     学生2616      310   122   84    104   
7163  S1529     学生1529      310   121   84    105   
7164  S3001     学生3001      310   119   94    97    
7165  S6259     学生6259      310   119   92    99    
7166  S1461     学生1461      310   118   113   79    
7167  S2008     学生2008      310   118   94    98    
7168  S3288     学生3288      310   118   87    105   
7169  S9517     学生9517      310   117   103   90    
7170  S5205     学生5205      310   117   86    107   
7171  S8979     学生8979      310   117   79    114   
7172  S5638     学生5638      310   116   111   83    
7173  S8671     学生8671      310   116   99    95    
7174  S8388     学生8388      310   116   93    101   
7175  S3747     学生3747      310   115   103   92    
7176  S3049     学生3049      310   114   96    100   
7177  S9288     学生9288      310   114   86    110   
7178  S8706     学生8706      310   113   107   90    
7179  S7826     学生7826      310   111   103   96    
7180  S9502     学生9502      310   111   97    102   
7181  S5795     学生5795      310   111   78    121   
7182  S4438     学生4438      310   110   124   76    
7183  S9333     学生9333      310   110   115   85    
7184  S5107     学生5107      310   109   106   95    
7185  S3778     学生3778      310   109   93    108   
7186  S9265     学生9265      310   108   93    109   
7187  S9395     学生9395      310   107   112   91    
7188  S4664     学生4664      310   107   108   95    
7189  S2544     学生2544      310   107   100   103   
7189  S2284     学生2284      310   107   100   103   
7191  S5288     学生5288      310   107   93    110   
7192  S7044     学生7044      310   107   76    127   
7193  S7291     学生7291      310   105   101   104   
7194  S2128     学生2128      310   105   94    111   
7195  S0989     学生989       310   104   101   105   
7196  S1321     学生1321      310   104   83    123   
7197  S7419     学生7419      310   103   115   92    
7198  S1098     学生1098      310   103   79    128   
7199  S4628     学生4628      310   102   97    111   
7200  S6481     学生6481      310   101   104   105   
7201  S5551     学生5551      310   101   99    110   
7202  S1595     学生1595      310   100   113   97    
7203  S0207     学生207       310   100   107   103   
7204  S2342     学生2342      310   99    118   93    
7205  S3801     学生3801      310   98    106   106   
7206  S1857     学生1857      310   98    103   109   
7207  S2826     学生2826      310   98    101   111   
7208  S2179     学生2179      310   95    112   103   
7209  S0951     学生951       310   95    95    120   
7210  S5524     学生5524      310   94    127   89    
7211  S5711     学生5711      310   94    109   107   
7212  S0281     学生281       310   94    103   113   
7213  S9422     学生9422      310   93    130   87    
7214  S6781     学生6781      310   92    97    121   
7215  S4292     学生4292      310   92    92    126   
7216  S0963     学生963       310   91    130   89    
7217  S0432     学生432       310   91    100   119   
7218  S2104     学生2104      310   89    127   94    
7219  S9158     学生9158      310   88    104   118   
7220  S2254     学生2254      310   86    144   80    
7221  S2510     学生2510      310   86    109   115   
7222  S7333     学生7333      310   85    116   109   
7223  S4309     学生4309      310   82    116   112   
7224  S7447     学生7447      310   80    113   117   
7225  S3619     学生3619      310   79    111   120   
7226  S5579     学生5579      310   79    110   121   
7227  S5200     学生5200      310   76    126   108   
7228  S7627     学生7627      310   72    96    142   
7229  S6677     学生6677      310   70    121   119   
7230  S7724     学生7724      310   68    137   105   
7231  S8305     学生8305      310   65    139   106   
7232  S6310     学生6310      310   61    126   123   
7233  S6862     学生6862      309   147   99    63    
7234  S4515     学生4515      309   147   84    78    
7235  S9987     学生9987      309   142   81    86    
7236  S2169     学生2169      309   136   105   68    
7237  S2947     学生2947      309   136   85    88    
7238  S0585     学生585       309   136   72    101   
7239  S3133     学生3133      309   134   97    78    
7240  S4624     学生4624      309   133   89    87    
7241  S0641     学生641       309   128   100   81    
7242  S8300     学生8300      309   127   97    85    
7243  S1637     学生1637      309   126   107   76    
7244  S9626     学生9626      309   126   95    88    
7245  S5646     学生5646      309   125   96    88    
7246  S9979     学生9979      309   124   88    97    
7247  S7122     学生7122      309   124   76    109   
7248  S7503     学生7503      309   122   90    97    
7249  S1040     学生1040      309   121   106   82    
7250  S5807     学生5807      309   120   87    102   
7251  S8477     学生8477      309   119   102   88    
7252  S6489     学生6489      309   118   109   82    
7253  S0560     学生560       309   118   104   87    
7254  S0118     学生118       309   118   99    92    
7255  S5162     学生5162      309   117   102   90    
7256  S6127     学生6127      309   115   101   93    
7257  S3780     学生3780      309   112   106   91    
7258  S8103     学生8103      309   112   101   96    
7259  S2815     学生2815      309   112   92    105   
7260  S5877     学生5877      309   112   89    108   
7261  S5712     学生5712      309   112   82    115   
7262  S6639     学生6639      309   112   81    116   
7263  S2560     学生2560      309   111   87    111   
7264  S6649     学生6649      309   110   95    104   
7265  S5994     学生5994      309   110   75    124   
7266  S6465     学生6465      309   109   120   80    
7267  S2691     学生2691      309   109   105   95    
7268  S6671     学生6671      309   109   92    108   
7269  S9913     学生9913      309   108   82    119   
7270  S8165     学生8165      309   106   121   82    
7271  S8574     学生8574      309   106   119   84    
7272  S6962     学生6962      309   106   117   86    
7273  S7425     学生7425      309   106   116   87    
7274  S0503     学生503       309   106   113   90    
7275  S2583     学生2583      309   106   97    106   
7276  S1089     学生1089      309   106   91    112   
7277  S9641     学生9641      309   105   126   78    
7278  S0931     学生931       309   104   112   93    
7279  S0185     学生185       309   104   89    116   
7280  S2777     学生2777      309   103   118   88    
7281  S0298     学生298       309   103   101   105   
7282  S6142     学生6142      309   103   88    118   
7283  S7995     学生7995      309   102   103   104   
7284  S8531     学生8531      309   101   126   82    
7285  S4828     学生4828      309   100   119   90    
7286  S6055     学生6055      309   100   108   101   
7287  S5774     学生5774      309   100   99    110   
7288  S2622     学生2622      309   99    111   99    
7289  S9870     学生9870      309   99    102   108   
7290  S7095     学生7095      309   99    90    120   
7291  S0488     学生488       309   98    134   77    
7292  S8442     学生8442      309   98    82    129   
7293  S2699     学生2699      309   96    116   97    
7294  S5910     学生5910      309   96    110   103   
7295  S9285     学生9285      309   94    105   110   
7296  S0297     学生297       309   94    87    128   
7297  S2877     学生2877      309   93    121   95    
7298  S5388     学生5388      309   93    113   103   
7299  S8407     学生8407      309   93    108   108   
7300  S2791     学生2791      309   93    87    129   
7301  S2160     学生2160      309   93    83    133   
7302  S1665     学生1665      309   92    114   103   
7303  S5039     学生5039      309   92    111   106   
7304  S7573     学生7573      309   92    106   111   
7305  S6242     学生6242      309   92    93    124   
7306  S9700     学生9700      309   91    127   91    
7307  S5196     学生5196      309   91    118   100   
7308  S0625     学生625       309   91    115   103   
7309  S8218     学生8218      309   91    98    120   
7310  S8527     学生8527      309   90    124   95    
7311  S0557     学生557       309   90    97    122   
7312  S8033     学生8033      309   89    127   93    
7313  S8292     学生8292      309   89    91    129   
7314  S7192     学生7192      309   88    122   99    
7315  S3966     学生3966      309   88    120   101   
7316  S1940     学生1940      309   86    134   89    
7317  S0091     学生91        309   85    109   115   
7318  S9614     学生9614      309   85    88    136   
7319  S3226     学生3226      309   84    101   124   
7320  S1288     学生1288      309   83    108   118   
7321  S5833     学生5833      309   83    105   121   
7322  S6121     学生6121      309   83    104   122   
7323  S0050     学生50        309   75    97    137   
7324  S3840     学生3840      309   69    143   97    
7325  S2672     学生2672      309   67    114   128   
7326  S4310     学生4310      309   62    122   125   
7327  S7920     学生7920      308   143   94    71    
7328  S1418     学生1418      308   140   68    100   
7329  S2185     学生2185      308   137   83    88    
7330  S3528     学生3528      308   134   91    83    
7331  S1202     学生1202      308   131   101   76    
7332  S3692     学生3692      308   128   89    91    
7333  S1161     学生1161      308   128   85    95    
7334  S5490     学生5490      308   127   113   68    
7335  S6672     学生6672      308   126   106   76    
7336  S8206     学生8206      308   124   105   79    
7337  S6668     学生6668      308   124   90    94    
7338  S9492     学生9492      308   123   94    91    
7339  S6460     学生6460      308   122   94    92    
7340  S4955     学生4955      308   122   91    95    
7341  S5106     学生5106      308   122   81    105   
7342  S2684     学生2684      308   121   86    101   
7343  S7528     学生7528      308   120   84    104   
7344  S5754     学生5754      308   119   98    91    
7345  S6941     学生6941      308   119   95    94    
7346  S2679     学生2679      308   117   95    96    
7347  S3333     学生3333      308   116   108   84    
7348  S3144     学生3144      308   116   100   92    
7349  S2279     学生2279      308   116   96    96    
7350  S5838     学生5838      308   116   68    124   
7351  S5604     学生5604      308   114   84    110   
7352  S4689     学生4689      308   113   103   92    
7353  S6996     学生6996      308   112   86    110   
7354  S5842     学生5842      308   111   116   81    
7355  S3320     学生3320      308   111   113   84    
7356  S0637     学生637       308   110   89    109   
7357  S8508     学生8508      308   110   76    122   
7358  S9613     学生9613      308   110   75    123   
7358  S7462     学生7462      308   110   75    123   
7360  S1338     学生1338      308   109   93    106   
7361  S5737     学生5737      308   108   110   90    
7362  S5085     学生5085      308   107   124   77    
7363  S6653     学生6653      308   107   104   97    
7364  S7138     学生7138      308   107   60    141   
7365  S5468     学生5468      308   106   111   91    
7366  S2245     学生2245      308   106   109   93    
7367  S0342     学生342       308   106   103   99    
7368  S9000     学生9000      308   106   98    104   
7369  S6117     学生6117      308   105   129   74    
7370  S3088     学生3088      308   105   102   101   
7371  S7553     学生7553      308   105   71    132   
7372  S4082     学生4082      308   102   107   99    
7373  S7032     学生7032      308   102   94    112   
7374  S4244     学生4244      308   100   119   89    
7375  S0226     学生226       308   98    99    111   
7376  S4041     学生4041      308   98    96    114   
7377  S1136     学生1136      308   98    89    121   
7378  S2724     学生2724      308   98    70    140   
7379  S0732     学生732       308   97    116   95    
7380  S7241     学生7241      308   96    107   105   
7381  S6723     学生6723      308   96    103   109   
7382  S4108     学生4108      308   96    83    129   
7383  S8405     学生8405      308   95    97    116   
7384  S9639     学生9639      308   95    91    122   
7385  S4038     学生4038      308   93    109   106   
7386  S3860     学生3860      308   92    92    124   
7387  S5369     学生5369      308   91    108   109   
7388  S5342     学生5342      308   91    102   115   
7389  S7226     学生7226      308   90    118   100   
7390  S9539     学生9539      308   90    101   117   
7391  S1629     学生1629      308   89    121   98    
7392  S6288     学生6288      308   89    105   114   
7393  S7506     学生7506      308   88    114   106   
7394  S7117     学生7117      308   88    102   118   
7395  S8006     学生8006      308   88    99    121   
7396  S1854     学生1854      308   87    113   108   
7397  S0896     学生896       308   86    113   109   
7398  S6323     学生6323      308   86    103   119   
7399  S8421     学生8421      308   85    122   101   
7400  S7669     学生7669      308   85    96    127   
7401  S4053     学生4053      308   84    137   87    
7402  S0981     学生981       308   84    117   107   
7403  S5255     学生5255      308   84    113   111   
7404  S0842     学生842       308   83    150   75    
7405  S9438     学生9438      308   83    137   88    
7406  S9223     学生9223      308   81    120   107   
7407  S5482     学生5482      308   81    115   112   
7408  S8016     学生8016      308   81    104   123   
7409  S7127     学生7127      308   80    119   109   
7410  S7850     学生7850      308   79    113   116   
7411  S0584     学生584       308   78    148   82    
7412  S8383     学生8383      308   75    88    145   
7413  S1275     学生1275      308   74    133   101   
7414  S2796     学生2796      308   67    103   138   
7415  S9409     学生9409      308   66    124   118   
7416  S8167     学生8167      308   66    112   130   
7417  S6174     学生6174      308   58    149   101   
7418  S3962     学生3962      308   58    134   116   
7419  S9400     学生9400      307   143   81    83    
7420  S8035     学生8035      307   137   80    90    
7421  S1836     学生1836      307   134   96    77    
7422  S6549     学生6549      307   131   81    95    
7423  S8107     学生8107      307   128   109   70    
7424  S9905     学生9905      307   125   86    96    
7425  S3318     学生3318      307   122   111   74    
7426  S3126     学生3126      307   122   83    102   
7427  S5799     学生5799      307   122   82    103   
7428  S0471     学生471       307   121   105   81    
7429  S2180     学生2180      307   120   109   78    
7430  S8850     学生8850      307   120   90    97    
7431  S4944     学生4944      307   120   85    102   
7432  S2354     学生2354      307   120   84    103   
7433  S0727     学生727       307   119   99    89    
7434  S4661     学生4661      307   119   90    98    
7435  S1598     学生1598      307   117   86    104   
7436  S2962     学生2962      307   116   71    120   
7437  S5301     学生5301      307   115   90    102   
7438  S4361     学生4361      307   115   81    111   
7439  S4807     学生4807      307   114   104   89    
7440  S9640     学生9640      307   114   103   90    
7441  S3959     学生3959      307   114   75    118   
7442  S7413     学生7413      307   113   105   89    
7443  S4262     学生4262      307   113   81    113   
7444  S3741     学生3741      307   113   80    114   
7445  S9665     学生9665      307   112   107   88    
7446  S0244     学生244       307   111   107   89    
7447  S1259     学生1259      307   111   98    98    
7448  S3032     学生3032      307   111   97    99    
7449  S1251     学生1251      307   110   109   88    
7450  S1329     学生1329      307   110   98    99    
7451  S1139     学生1139      307   109   98    100   
7452  S3799     学生3799      307   109   96    102   
7453  S1158     学生1158      307   109   89    109   
7454  S8345     学生8345      307   108   116   83    
7455  S5663     学生5663      307   108   100   99    
7456  S0480     学生480       307   108   91    108   
7457  S5550     学生5550      307   107   110   90    
7458  S4253     学生4253      307   107   106   94    
7459  S7938     学生7938      307   107   101   99    
7460  S3670     学生3670      307   107   74    126   
7461  S6253     学生6253      307   106   100   101   
7462  S9151     学生9151      307   106   97    104   
7463  S7135     学生7135      307   106   94    107   
7464  S6485     学生6485      307   106   93    108   
7465  S5035     学生5035      307   106   89    112   
7466  S1858     学生1858      307   105   113   89    
7467  S7195     学生7195      307   105   102   100   
7468  S6569     学生6569      307   102   137   68    
7469  S8886     学生8886      307   102   102   103   
7470  S4287     学生4287      307   102   96    109   
7471  S1614     学生1614      307   102   88    117   
7472  S2804     学生2804      307   102   87    118   
7473  S6023     学生6023      307   101   113   93    
7474  S5300     学生5300      307   101   110   96    
7475  S5536     学生5536      307   100   108   99    
7476  S2331     学生2331      307   100   106   101   
7477  S6258     学生6258      307   100   103   104   
7478  S8757     学生8757      307   99    100   108   
7479  S3107     学生3107      307   97    115   95    
7480  S6544     学生6544      307   97    104   106   
7481  S8690     学生8690      307   97    97    113   
7482  S0039     学生39        307   96    100   111   
7483  S5211     学生5211      307   95    101   111   
7484  S0847     学生847       307   94    128   85    
7485  S3508     学生3508      307   93    126   88    
7486  S1315     学生1315      307   92    114   101   
7487  S5563     学生5563      307   92    110   105   
7488  S9840     学生9840      307   92    92    123   
7489  S0005     学生5         307   91    108   108   
7490  S5725     学生5725      307   90    96    121   
7491  S9122     学生9122      307   89    111   107   
7492  S4250     学生4250      307   89    96    122   
7493  S0324     学生324       307   89    92    126   
7494  S0548     学生548       307   87    112   108   
7495  S3571     学生3571      307   87    104   116   
7496  S3872     学生3872      307   86    115   106   
7497  S6584     学生6584      307   86    104   117   
7498  S7262     学生7262      307   83    115   109   
7499  S9310     学生9310      307   81    76    150   
7500  S3850     学生3850      307   80    130   97    
7501  S3526     学生3526      307   80    122   105   
7502  S0712     学生712       307   80    77    150   
7503  S9732     学生9732      307   78    94    135   
7504  S3298     学生3298      307   77    91    139   
7505  S5297     学生5297      307   65    135   107   
7506  S2483     学生2483      307   60    121   126   
7507  S1433     学生1433      306   140   79    87    
7508  S4018     学生4018      306   136   96    74    
7509  S1069     学生1069      306   136   50    120   
7510  S9954     学生9954      306   132   96    78    
7511  S3250     学生3250      306   130   101   75    
7512  S6360     学生6360      306   129   90    87    
7513  S9715     学生9715      306   128   101   77    
7514  S9173     学生9173      306   128   86    92    
7515  S7149     学生7149      306   126   109   71    
7516  S2992     学生2992      306   125   113   68    
7517  S3095     学生3095      306   124   104   78    
7518  S2461     学生2461      306   124   96    86    
7519  S3420     学生3420      306   124   81    101   
7520  S6135     学生6135      306   122   97    87    
7521  S3498     学生3498      306   122   84    100   
7522  S0428     学生428       306   121   85    100   
7523  S9953     学生9953      306   120   90    96    
7524  S4266     学生4266      306   119   83    104   
7525  S3502     学生3502      306   118   109   79    
7526  S9670     学生9670      306   118   104   84    
7527  S8207     学生8207      306   118   86    102   
7528  S9361     学生9361      306   118   74    114   
7529  S6490     学生6490      306   116   88    102   
7530  S1801     学生1801      306   116   66    124   
7531  S7980     学生7980      306   114   94    98    
7532  S8215     学生8215      306   114   91    101   
7533  S4416     学生4416      306   113   94    99    
7534  S9691     学生9691      306   113   86    107   
7535  S4145     学生4145      306   112   109   85    
7536  S1381     学生1381      306   112   91    103   
7537  S6807     学生6807      306   111   107   88    
7538  S3504     学生3504      306   110   110   86    
7539  S0412     学生412       306   110   105   91    
7540  S2133     学生2133      306   110   81    115   
7541  S9487     学生9487      306   109   126   71    
7542  S1021     学生1021      306   109   111   86    
7543  S8902     学生8902      306   108   114   84    
7544  S4207     学生4207      306   107   110   89    
7545  S5546     学生5546      306   107   105   94    
7546  S0497     学生497       306   107   81    118   
7547  S1961     学生1961      306   107   80    119   
7548  S8021     学生8021      306   107   77    122   
7549  S6720     学生6720      306   106   121   79    
7550  S4395     学生4395      306   106   112   88    
7551  S9290     学生9290      306   106   104   96    
7552  S3270     学生3270      306   106   96    104   
7553  S1979     学生1979      306   106   89    111   
7554  S8356     学生8356      306   105   93    108   
7555  S5631     学生5631      306   104   117   85    
7556  S8288     学生8288      306   104   114   88    
7557  S1530     学生1530      306   104   110   92    
7558  S1323     学生1323      306   104   109   93    
7559  S6542     学生6542      306   103   104   99    
7560  S0194     学生194       306   102   107   97    
7561  S0592     学生592       306   102   102   102   
7562  S4211     学生4211      306   102   89    115   
7563  S8647     学生8647      306   102   85    119   
7564  S3271     学生3271      306   101   107   98    
7565  S4295     学生4295      306   100   109   97    
7565  S3665     学生3665      306   100   109   97    
7567  S6765     学生6765      306   99    107   100   
7567  S6581     学生6581      306   99    107   100   
7569  S5845     学生5845      306   99    105   102   
7570  S2432     学生2432      306   99    92    115   
7571  S9105     学生9105      306   98    111   97    
7572  S3664     学生3664      306   98    101   107   
7573  S2571     学生2571      306   98    92    116   
7574  S8737     学生8737      306   97    123   86    
7575  S2286     学生2286      306   97    115   94    
7576  S6375     学生6375      306   97    103   106   
7577  S4465     学生4465      306   97    98    111   
7578  S1283     学生1283      306   96    114   96    
7579  S2291     学生2291      306   96    100   110   
7580  S9495     学生9495      306   95    126   85    
7581  S2926     学生2926      306   94    116   96    
7582  S7947     学生7947      306   94    102   110   
7583  S2827     学生2827      306   94    100   112   
7584  S9688     学生9688      306   94    83    129   
7585  S9142     学生9142      306   93    107   106   
7586  S4031     学生4031      306   93    101   112   
7587  S6655     学生6655      306   92    117   97    
7588  S0263     学生263       306   92    99    115   
7589  S2186     学生2186      306   92    97    117   
7590  S7787     学生7787      306   92    70    144   
7591  S3803     学生3803      306   91    98    117   
7591  S5435     学生5435      306   91    98    117   
7593  S6461     学生6461      306   91    92    123   
7594  S8224     学生8224      306   90    116   100   
7595  S5690     学生5690      306   90    111   105   
7596  S3172     学生3172      306   90    94    122   
7597  S9254     学生9254      306   89    124   93    
7598  S3620     学生3620      306   88    107   111   
7599  S0617     学生617       306   87    134   85    
7600  S7998     学生7998      306   87    118   101   
7601  S4887     学生4887      306   86    102   118   
7602  S6244     学生6244      306   86    87    133   
7603  S9415     学生9415      306   85    102   119   
7604  S3782     学生3782      306   84    120   102   
7605  S1109     学生1109      306   84    107   115   
7606  S2385     学生2385      306   84    82    140   
7607  S6736     学生6736      306   83    105   118   
7608  S5820     学生5820      306   83    104   119   
7609  S3443     学生3443      306   83    102   121   
7610  S1474     学生1474      306   81    134   91    
7611  S2417     学生2417      306   81    121   104   
7612  S9770     学生9770      306   79    95    132   
7613  S7518     学生7518      306   75    118   113   
7614  S0334     学生334       306   75    112   119   
7615  S5990     学生5990      306   74    123   109   
7616  S0405     学生405       306   74    113   119   
7617  S6504     学生6504      306   72    108   126   
7618  S5405     学生5405      306   71    120   115   
7619  S5590     学生5590      306   70    110   126   
7620  S8110     学生8110      306   69    125   112   
7621  S7273     学生7273      306   65    136   105   
7622  S1216     学生1216      306   63    124   119   
7623  S2748     学生2748      306   59    123   124   
7624  S2951     学生2951      305   137   55    113   
7625  S5359     学生5359      305   135   77    93    
7626  S4436     学生4436      305   134   88    83    
7627  S4096     学生4096      305   131   50    124   
7628  S7197     学生7197      305   128   90    87    
7629  S7200     学生7200      305   127   106   72    
7630  S5090     学生5090      305   124   104   77    
7631  S7937     学生7937      305   122   107   76    
7632  S3448     学生3448      305   121   109   75    
7633  S1755     学生1755      305   121   80    104   
7634  S0772     学生772       305   119   108   78    
7635  S4235     学生4235      305   118   88    99    
7636  S2738     学生2738      305   118   75    112   
7637  S5144     学生5144      305   117   113   75    
7638  S0597     学生597       305   117   101   87    
7639  S4569     学生4569      305   113   97    95    
7640  S7502     学生7502      305   111   108   86    
7641  S2913     学生2913      305   110   100   95    
7642  S9754     学生9754      305   110   91    104   
7643  S8169     学生8169      305   108   115   82    
7644  S5183     学生5183      305   107   103   95    
7645  S0543     学生543       305   107   78    120   
7646  S8258     学生8258      305   106   129   70    
7647  S2809     学生2809      305   106   106   93    
7648  S4003     学生4003      305   105   127   73    
7649  S8056     学生8056      305   104   83    118   
7650  S5028     学生5028      305   103   112   90    
7651  S3136     学生3136      305   103   96    106   
7652  S6831     学生6831      305   103   77    125   
7653  S9418     学生9418      305   102   131   72    
7654  S9534     学生9534      305   102   102   101   
7655  S6272     学生6272      305   102   93    110   
7656  S3227     学生3227      305   101   123   81    
7657  S5461     学生5461      305   101   110   94    
7658  S9972     学生9972      305   101   98    106   
7659  S3458     学生3458      305   101   92    112   
7660  S9131     学生9131      305   101   90    114   
7661  S1250     学生1250      305   101   83    121   
7662  S5796     学生5796      305   100   147   58    
7663  S6852     学生6852      305   100   122   83    
7664  S6090     学生6090      305   99    113   93    
7665  S8704     学生8704      305   98    114   93    
7666  S2996     学生2996      305   97    109   99    
7667  S9579     学生9579      305   97    104   104   
7668  S9651     学生9651      305   97    96    112   
7669  S4972     学生4972      305   96    118   91    
7670  S6666     学生6666      305   95    99    111   
7671  S3544     学生3544      305   95    94    116   
7672  S0300     学生300       305   94    86    125   
7673  S7114     学生7114      305   91    91    123   
7674  S7466     学生7466      305   90    121   94    
7675  S9784     学生9784      305   90    106   109   
7676  S6902     学生6902      305   90    79    136   
7677  S6496     学生6496      305   89    106   110   
7678  S4767     学生4767      305   88    110   107   
7679  S9666     学生9666      305   87    125   93    
7680  S2669     学生2669      305   86    91    128   
7681  S8036     学生8036      305   82    133   90    
7682  S6740     学生6740      305   82    92    131   
7683  S1889     学生1889      305   81    102   122   
7684  S7730     学生7730      305   80    116   109   
7685  S6868     学生6868      305   80    101   124   
7686  S4333     学生4333      305   79    110   116   
7687  S5346     学生5346      305   78    130   97    
7688  S4516     学生4516      305   78    98    129   
7689  S2662     学生2662      305   75    143   87    
7690  S8629     学生8629      305   75    133   97    
7691  S6643     学生6643      305   75    126   104   
7692  S4107     学生4107      305   75    119   111   
7693  S7954     学生7954      305   75    111   119   
7694  S5834     学生5834      305   74    102   129   
7695  S4098     学生4098      305   73    94    138   
7696  S5760     学生5760      304   142   85    77    
7697  S0245     学生245       304   138   99    67    
7698  S3195     学生3195      304   131   112   61    
7699  S5578     学生5578      304   130   98    76    
7700  S8911     学生8911      304   130   97    77    
7701  S1412     学生1412      304   128   90    86    
7702  S3169     学生3169      304   128   71    105   
7703  S6063     学生6063      304   127   83    94    
7704  S8634     学生8634      304   126   83    95    
7705  S9267     学生9267      304   125   105   74    
7706  S3297     学生3297      304   124   109   71    
7707  S6459     学生6459      304   123   90    91    
7708  S9887     学生9887      304   122   56    126   
7709  S0865     学生865       304   121   97    86    
7710  S5153     学生5153      304   121   69    114   
7711  S8921     学生8921      304   118   109   77    
7712  S3690     学生3690      304   117   123   64    
7713  S5052     学生5052      304   117   107   80    
7714  S4494     学生4494      304   117   87    100   
7715  S5228     学生5228      304   115   79    110   
7716  S0094     学生94        304   114   99    91    
7717  S8106     学生8106      304   114   83    107   
7718  S6934     学生6934      304   114   81    109   
7719  S7720     学生7720      304   113   96    95    
7720  S1691     学生1691      304   111   95    98    
7721  S0307     学生307       304   111   84    109   
7722  S6015     学生6015      304   111   83    110   
7723  S0714     学生714       304   110   97    97    
7724  S3139     学生3139      304   109   123   72    
7725  S9676     学生9676      304   109   88    107   
7725  S9306     学生9306      304   109   88    107   
7727  S5341     学生5341      304   107   54    143   
7728  S5207     学生5207      304   106   101   97    
7729  S9793     学生9793      304   105   123   76    
7730  S8122     学生8122      304   105   105   94    
7731  S0879     学生879       304   105   104   95    
7732  S2176     学生2176      304   105   92    107   
7733  S9034     学生9034      304   105   86    113   
7734  S7833     学生7833      304   104   117   83    
7735  S6239     学生6239      304   104   113   87    
7736  S5636     学生5636      304   104   101   99    
7737  S3697     学生3697      304   104   90    110   
7738  S4304     学生4304      304   103   98    103   
7739  S7279     学生7279      304   103   95    106   
7740  S6445     学生6445      304   102   121   81    
7741  S1292     学生1292      304   102   110   92    
7742  S7572     学生7572      304   102   92    110   
7743  S1168     学生1168      304   101   113   90    
7744  S9045     学生9045      304   101   86    117   
7745  S3879     学生3879      304   100   85    119   
7746  S0754     学生754       304   99    122   83    
7747  S4219     学生4219      304   99    112   93    
7748  S2664     学生2664      304   99    110   95    
7749  S9974     学生9974      304   99    93    112   
7750  S6950     学生6950      304   98    108   98    
7750  S8692     学生8692      304   98    108   98    
7752  S0036     学生36        304   97    115   92    
7753  S5216     学生5216      304   97    101   106   
7754  S0406     学生406       304   97    87    120   
7755  S5043     学生5043      304   96    122   86    
7756  S9132     学生9132      304   96    85    123   
7757  S2512     学生2512      304   95    104   105   
7758  S0606     学生606       304   95    100   109   
7759  S9189     学生9189      304   95    96    113   
7760  S9281     学生9281      304   95    94    115   
7761  S9637     学生9637      304   94    122   88    
7762  S6110     学生6110      304   94    114   96    
7763  S6059     学生6059      304   94    112   98    
7764  S7970     学生7970      304   94    86    124   
7765  S2464     学生2464      304   93    125   86    
7766  S6443     学生6443      304   92    116   96    
7767  S8091     学生8091      304   91    113   100   
7768  S9371     学生9371      304   90    114   100   
7769  S7320     学生7320      304   89    104   111   
7770  S7786     学生7786      304   88    108   108   
7771  S4281     学生4281      304   88    101   115   
7772  S1783     学生1783      304   88    100   116   
7773  S1935     学生1935      304   87    126   91    
7774  S2960     学生2960      304   87    113   104   
7775  S8004     学生8004      304   87    105   112   
7776  S8457     学生8457      304   86    121   97    
7777  S6073     学生6073      304   86    85    133   
7778  S1735     学生1735      304   84    125   95    
7779  S4356     学生4356      304   83    124   97    
7780  S3435     学生3435      304   82    119   103   
7781  S9344     学生9344      304   81    78    145   
7782  S1320     学生1320      304   80    109   115   
7783  S1112     学生1112      304   79    107   118   
7784  S2123     学生2123      304   78    110   116   
7785  S7788     学生7788      304   78    88    138   
7786  S3788     学生3788      304   77    119   108   
7787  S2203     学生2203      304   69    115   120   
7788  S9106     学生9106      303   150   97    56    
7789  S2808     学生2808      303   150   66    87    
7790  S5874     学生5874      303   143   92    68    
7791  S8616     学生8616      303   140   87    76    
7792  S6263     学生6263      303   137   77    89    
7793  S2776     学生2776      303   137   73    93    
7794  S8625     学生8625      303   133   78    92    
7795  S0682     学生682       303   129   81    93    
7796  S7940     学生7940      303   127   78    98    
7797  S3581     学生3581      303   125   95    83    
7798  S1909     学生1909      303   125   89    89    
7799  S9743     学生9743      303   120   118   65    
7800  S1509     学生1509      303   120   110   73    
7801  S3836     学生3836      303   120   99    84    
7802  S1435     学生1435      303   118   98    87    
7803  S8105     学生8105      303   118   81    104   
7804  S2569     学生2569      303   118   79    106   
7805  S9762     学生9762      303   117   92    94    
7806  S4222     学生4222      303   117   85    101   
7807  S1199     学生1199      303   117   74    112   
7808  S2434     学生2434      303   116   96    91    
7809  S4109     学生4109      303   115   72    116   
7810  S8342     学生8342      303   114   86    103   
7811  S4144     学生4144      303   113   106   84    
7812  S0325     学生325       303   113   101   89    
7813  S5693     学生5693      303   112   103   88    
7814  S6572     学生6572      303   112   97    94    
7815  S8828     学生8828      303   111   114   78    
7816  S8715     学生8715      303   111   106   86    
7817  S7317     学生7317      303   111   93    99    
7818  S3856     学生3856      303   111   90    102   
7819  S2080     学生2080      303   110   108   85    
7820  S9561     学生9561      303   108   92    103   
7821  S3762     学生3762      303   108   79    116   
7822  S2901     学生2901      303   107   128   68    
7823  S3958     学生3958      303   107   102   94    
7824  S1608     学生1608      303   107   96    100   
7825  S4796     学生4796      303   107   89    107   
7826  S0593     学生593       303   106   107   90    
7827  S1549     学生1549      303   106   106   91    
7828  S1692     学生1692      303   106   83    114   
7829  S4462     学生4462      303   106   65    132   
7830  S0961     学生961       303   105   106   92    
7831  S9535     学生9535      303   105   96    102   
7832  S6617     学生6617      303   103   115   85    
7833  S7060     学生7060      303   103   95    105   
7834  S5727     学生5727      303   102   104   97    
7835  S5383     学生5383      303   102   92    109   
7836  S4431     学生4431      303   99    118   86    
7837  S3481     学生3481      303   99    108   96    
7838  S4255     学生4255      303   99    96    108   
7839  S3919     学生3919      303   99    91    113   
7840  S2935     学生2935      303   99    83    121   
7841  S9327     学生9327      303   98    103   102   
7842  S5952     学生5952      303   98    85    120   
7843  S8567     学生8567      303   97    119   87    
7844  S6320     学生6320      303   97    86    120   
7845  S0759     学生759       303   96    74    133   
7846  S2215     学生2215      303   95    132   76    
7847  S4840     学生4840      303   95    112   96    
7848  S2895     学生2895      303   95    98    110   
7849  S6181     学生6181      303   95    96    112   
7850  S2821     学生2821      303   93    114   96    
7851  S9529     学生9529      303   93    111   99    
7852  S2952     学生2952      303   93    109   101   
7852  S0267     学生267       303   93    109   101   
7854  S1953     学生1953      303   93    108   102   
7855  S7025     学生7025      303   93    106   104   
7856  S1005     学生1005      303   92    116   95    
7857  S3921     学生3921      303   92    96    115   
7858  S4523     学生4523      303   92    84    127   
7859  S5592     学生5592      303   92    82    129   
7860  S9055     学生9055      303   92    78    133   
7861  S4453     学生4453      303   91    129   83    
7862  S8285     学生8285      303   91    116   96    
7863  S7976     学生7976      303   90    110   103   
7864  S3022     学生3022      303   90    109   104   
7865  S4403     学生4403      303   89    126   88    
7866  S2834     学生2834      303   89    120   94    
7867  S4612     学生4612      303   89    111   103   
7868  S5486     学生5486      303   89    100   114   
7869  S6635     学生6635      303   88    126   89    
7870  S8930     学生8930      303   88    111   104   
7871  S9606     学生9606      303   88    100   115   
7872  S3045     学生3045      303   87    108   108   
7873  S4737     学生4737      303   87    104   112   
7874  S5595     学生5595      303   86    114   103   
7875  S1208     学生1208      303   86    103   114   
7876  S0017     学生17        303   86    99    118   
7877  S9104     学生9104      303   84    120   99    
7878  S2146     学生2146      303   84    102   117   
7879  S0576     学生576       303   79    108   116   
7880  S3713     学生3713      303   75    129   99    
7881  S3982     学生3982      303   75    114   114   
7882  S2114     学生2114      303   73    128   102   
7883  S9486     学生9486      303   70    120   113   
7884  S5442     学生5442      303   62    108   133   
7885  S2688     学生2688      302   136   89    77    
7886  S0399     学生399       302   134   89    79    
7887  S2001     学生2001      302   134   73    95    
7888  S3986     学生3986      302   133   82    87    
7889  S7023     学生7023      302   128   86    88    
7890  S3100     学生3100      302   128   71    103   
7891  S7815     学生7815      302   122   104   76    
7892  S2449     学生2449      302   122   98    82    
7893  S6060     学生6060      302   122   73    107   
7894  S2649     学生2649      302   121   98    83    
7895  S9117     学生9117      302   121   92    89    
7896  S9063     学生9063      302   121   91    90    
7897  S3908     学生3908      302   121   80    101   
7898  S3742     学生3742      302   120   112   70    
7899  S6859     学生6859      302   120   86    96    
7900  S2022     学生2022      302   120   81    101   
7901  S0921     学生921       302   119   96    87    
7902  S7229     学生7229      302   110   110   82    
7903  S1581     学生1581      302   110   95    97    
7904  S7442     学生7442      302   109   107   86    
7905  S8644     学生8644      302   109   101   92    
7906  S8964     学生8964      302   108   112   82    
7907  S1532     学生1532      302   108   93    101   
7908  S0527     学生527       302   108   85    109   
7909  S1233     学生1233      302   108   78    116   
7910  S7602     学生7602      302   107   124   71    
7911  S8460     学生8460      302   107   115   80    
7912  S9988     学生9988      302   107   91    104   
7913  S1966     学生1966      302   107   63    132   
7914  S7481     学生7481      302   106   107   89    
7915  S0268     学生268       302   105   93    104   
7916  S6047     学生6047      302   104   94    104   
7917  S6624     学生6624      302   102   111   89    
7918  S8412     学生8412      302   102   91    109   
7919  S9825     学生9825      302   102   87    113   
7920  S1848     学生1848      302   102   80    120   
7921  S6554     学生6554      302   101   99    102   
7922  S1223     学生1223      302   101   94    107   
7923  S7571     学生7571      302   101   91    110   
7924  S1348     学生1348      302   100   114   88    
7925  S8416     学生8416      302   100   110   92    
7926  S6969     学生6969      302   100   93    109   
7927  S3997     学生3997      302   99    111   92    
7928  S3931     学生3931      302   99    109   94    
7929  S4301     学生4301      302   98    115   89    
7930  S5871     学生5871      302   98    88    116   
7931  S1331     学生1331      302   97    110   95    
7932  S3516     学生3516      302   96    103   103   
7933  S9112     学生9112      302   96    95    111   
7934  S5470     学生5470      302   95    137   70    
7935  S3978     学生3978      302   95    120   87    
7936  S5325     学生5325      302   92    101   109   
7937  S8857     学生8857      302   91    121   90    
7938  S1707     学生1707      302   91    92    119   
7939  S4503     学生4503      302   90    92    120   
7940  S8884     学生8884      302   89    116   97    
7941  S5844     学生5844      302   89    99    114   
7942  S3292     学生3292      302   86    103   113   
7943  S6664     学生6664      302   85    94    123   
7944  S5079     学生5079      302   84    112   106   
7945  S6861     学生6861      302   84    111   107   
7946  S3607     学生3607      302   82    104   116   
7947  S4605     学生4605      302   81    109   112   
7948  S2726     学生2726      302   80    116   106   
7949  S5569     学生5569      302   80    105   117   
7950  S9541     学生9541      302   77    124   101   
7951  S9617     学生9617      302   76    103   123   
7952  S9955     学生9955      302   67    120   115   
7953  S9692     学生9692      301   150   88    63    
7954  S8918     学生8918      301   145   70    86    
7955  S2211     学生2211      301   136   91    74    
7956  S8586     学生8586      301   135   83    83    
7957  S3371     学生3371      301   128   70    103   
7958  S0588     学生588       301   127   109   65    
7959  S5616     学生5616      301   127   81    93    
7960  S4021     学生4021      301   123   88    90    
7961  S9436     学生9436      301   123   70    108   
7962  S8387     学生8387      301   120   68    113   
7963  S5657     学生5657      301   117   62    122   
7964  S6626     学生6626      301   115   108   78    
7965  S7062     学生7062      301   115   97    89    
7966  S9542     学生9542      301   115   78    108   
7967  S9780     学生9780      301   114   75    112   
7968  S8727     学生8727      301   109   120   72    
7969  S3073     学生3073      301   108   114   79    
7970  S0230     学生230       301   108   76    117   
7971  S2358     学生2358      301   107   111   83    
7972  S0440     学生440       301   107   101   93    
7973  S6930     学生6930      301   106   105   90    
7974  S7394     学生7394      301   106   82    113   
7975  S0817     学生817       301   106   76    119   
7976  S3603     学生3603      301   105   100   96    
7977  S1155     学生1155      301   104   112   85    
7978  S7716     学生7716      301   104   93    104   
7979  S3732     学生3732      301   103   116   82    
7980  S7556     学生7556      301   103   80    118   
7981  S8910     学生8910      301   102   114   85    
7982  S8332     学生8332      301   102   98    101   
7983  S8963     学生8963      301   101   97    103   
7984  S2431     学生2431      301   100   83    118   
7985  S7282     学生7282      301   100   77    124   
7986  S5010     学生5010      301   99    102   100   
7987  S8787     学生8787      301   99    100   102   
7988  S0595     学生595       301   98    109   94    
7989  S6391     学生6391      301   97    123   81    
7990  S8276     学生8276      301   97    101   103   
7991  S7172     学生7172      301   97    98    106   
7992  S9629     学生9629      301   94    120   87    
7993  S7493     学生7493      301   94    109   98    
7994  S7081     学生7081      301   94    86    121   
7995  S4303     学生4303      301   94    72    135   
7996  S0139     学生139       301   93    127   81    
7997  S0774     学生774       301   93    99    109   
7998  S4771     学生4771      301   93    82    126   
7999  S0577     学生577       301   92    94    115   
8000  S8944     学生8944      301   91    124   86    
8001  S0983     学生983       301   91    100   110   
8002  S5909     学生5909      301   89    126   86    
8003  S6463     学生6463      301   89    125   87    
8004  S8619     学生8619      301   88    98    115   
8005  S3293     学生3293      301   88    94    119   
8006  S4034     学生4034      301   88    88    125   
8007  S9991     学生9991      301   87    99    115   
8008  S1025     学生1025      301   85    114   102   
8009  S5030     学生5030      301   85    98    118   
8010  S0923     学生923       301   85    73    143   
8011  S8290     学生8290      301   84    150   67    
8012  S0917     学生917       301   83    109   109   
8013  S2985     学生2985      301   83    81    137   
8014  S5801     学生5801      301   79    119   103   
8015  S7799     学生7799      301   78    116   107   
8016  S5164     学生5164      301   78    79    144   
8017  S2130     学生2130      301   76    101   124   
8018  S4185     学生4185      301   76    97    128   
8019  S1124     学生1124      301   75    132   94    
8020  S7368     学生7368      301   66    115   120   
8021  S6118     学生6118      300   137   74    89    
8022  S0711     学生711       300   134   89    77    
8023  S7986     学生7986      300   133   90    77    
8024  S8193     学生8193      300   131   93    76    
8025  S6054     学生6054      300   129   98    73    
8026  S7337     学生7337      300   129   89    82    
8027  S3942     学生3942      300   128   94    78    
8028  S2917     学生2917      300   128   80    92    
8029  S3964     学生3964      300   126   81    93    
8030  S4299     学生4299      300   122   77    101   
8031  S5548     学生5548      300   121   88    91    
8032  S7926     学生7926      300   116   81    103   
8033  S3506     学生3506      300   115   96    89    
8034  S0148     学生148       300   113   83    104   
8035  S3167     学生3167      300   112   109   79    
8036  S4127     学生4127      300   112   104   84    
8037  S9126     学生9126      300   112   97    91    
8038  S6188     学生6188      300   111   105   84    
8039  S6776     学生6776      300   110   67    123   
8040  S4730     学生4730      300   110   63    127   
8041  S8867     学生8867      300   109   118   73    
8042  S2415     学生2415      300   109   98    93    
8043  S9149     学生9149      300   109   79    112   
8044  S6777     学生6777      300   108   109   83    
8045  S1937     学生1937      300   108   91    101   
8046  S0004     学生4         300   107   111   82    
8047  S7092     学生7092      300   107   110   83    
8048  S7705     学生7705      300   107   87    106   
8049  S0751     学生751       300   106   78    116   
8050  S2147     学生2147      300   105   68    127   
8051  S7313     学生7313      300   104   91    105   
8052  S3199     学生3199      300   103   102   95    
8053  S8095     学生8095      300   103   83    114   
8054  S8306     学生8306      300   102   118   80    
8055  S9568     学生9568      300   102   110   88    
8056  S5585     学生5585      300   102   85    113   
8057  S9074     学生9074      300   101   109   90    
8058  S6771     学生6771      300   101   101   98    
8059  S1926     学生1926      300   99    120   81    
8060  S9791     学生9791      300   99    113   88    
8061  S8406     学生8406      300   99    109   92    
8062  S0231     学生231       300   99    94    107   
8063  S1087     学生1087      300   98    102   100   
8064  S5481     学生5481      300   97    109   94    
8065  S9750     学生9750      300   96    104   100   
8066  S3896     学生3896      300   96    99    105   
8067  S8464     学生8464      300   95    126   79    
8068  S3996     学生3996      300   95    88    117   
8069  S0780     学生780       300   94    112   94    
8070  S8523     学生8523      300   94    104   102   
8071  S9077     学生9077      300   94    93    113   
8072  S5750     学生5750      300   93    114   93    
8073  S4798     学生4798      300   91    81    128   
8074  S7672     学生7672      300   90    91    119   
8075  S9497     学生9497      300   90    79    131   
8076  S5928     学生5928      300   88    105   107   
8077  S0601     学生601       300   87    107   106   
8078  S9763     学生9763      300   87    106   107   
8079  S6366     学生6366      300   86    117   97    
8080  S2949     学生2949      300   86    97    117   
8081  S4203     学生4203      300   83    110   107   
8082  S6728     学生6728      300   83    90    127   
8083  S0632     学生632       300   82    99    119   
8084  S3540     学生3540      300   80    113   107   
8085  S6629     学生6629      300   78    72    150   
8086  S5700     学生5700      300   77    111   112   
8087  S1221     学生1221      300   75    137   88    
8088  S5924     学生5924      300   74    150   76    
8089  S5598     学生5598      300   74    121   105   
8090  S9424     学生9424      300   73    118   109   
8091  S5226     学生5226      300   69    113   118   
8092  S5830     学生5830      300   63    104   133   
8093  S9936     学生9936      299   137   71    91    
8094  S2447     学生2447      299   128   84    87    
8095  S9096     学生9096      299   126   54    119   
8096  S1153     学生1153      299   124   88    87    
8097  S0657     学生657       299   124   86    89    
8098  S3067     学生3067      299   122   114   63    
8099  S1602     学生1602      299   119   74    106   
8100  S0635     学生635       299   118   92    89    
8101  S8008     学生8008      299   117   68    114   
8102  S0144     学生144       299   116   85    98    
8103  S0701     学生701       299   116   83    100   
8104  S3661     学生3661      299   114   111   74    
8105  S7679     学生7679      299   113   111   75    
8106  S0338     学生338       299   112   114   73    
8107  S8382     学生8382      299   112   87    100   
8108  S2522     学生2522      299   109   89    101   
8109  S2725     学生2725      299   109   77    113   
8109  S3864     学生3864      299   109   77    113   
8111  S4923     学生4923      299   108   99    92    
8111  S2930     学生2930      299   108   99    92    
8113  S4105     学生4105      299   107   109   83    
8114  S2778     学生2778      299   107   101   91    
8114  S9643     学生9643      299   107   101   91    
8116  S5453     学生5453      299   107   97    95    
8117  S7806     学生7806      299   107   92    100   
8118  S2073     学生2073      299   107   76    116   
8119  S5702     学生5702      299   105   115   79    
8120  S0321     学生321       299   105   111   83    
8121  S0279     学生279       299   105   105   89    
8122  S4783     学生4783      299   104   122   73    
8123  S4527     学生4527      299   104   116   79    
8124  S2860     学生2860      299   104   92    103   
8125  S1019     学生1019      299   104   87    108   
8126  S8826     学生8826      299   103   109   87    
8127  S0776     学生776       299   103   93    103   
8128  S5905     学生5905      299   102   138   59    
8129  S1477     学生1477      299   102   113   84    
8130  S4154     学生4154      299   102   101   96    
8131  S4547     学生4547      299   102   95    102   
8132  S4434     学生4434      299   101   98    100   
8133  S1013     学生1013      299   100   111   88    
8134  S3261     学生3261      299   98    120   81    
8135  S8333     学生8333      299   98    102   99    
8135  S9275     学生9275      299   98    102   99    
8137  S6067     学生6067      299   95    108   96    
8138  S6154     学生6154      299   95    86    118   
8139  S5466     学生5466      299   93    110   96    
8140  S3094     学生3094      299   93    100   106   
8141  S0944     学生944       299   93    90    116   
8142  S1897     学生1897      299   93    81    125   
8143  S9673     学生9673      299   92    110   97    
8144  S9524     学生9524      299   92    73    134   
8145  S3422     学生3422      299   91    102   106   
8146  S3654     学生3654      299   90    74    135   
8147  S6981     学生6981      299   89    100   110   
8148  S2603     学生2603      299   88    76    135   
8149  S2230     学生2230      299   87    111   101   
8150  S9924     学生9924      299   87    87    125   
8151  S1434     学生1434      299   87    80    132   
8152  S3532     学生3532      299   86    112   101   
8153  S8000     学生8000      299   86    97    116   
8154  S2276     学生2276      299   85    115   99    
8155  S0199     学生199       299   85    91    123   
8156  S7010     学生7010      299   84    107   108   
8157  S2153     学生2153      299   84    83    132   
8158  S1077     学生1077      299   80    118   101   
8159  S5889     学生5889      299   80    108   111   
8160  S1108     学生1108      299   78    118   103   
8161  S5749     学生5749      299   78    113   108   
8162  S8013     学生8013      299   78    97    124   
8163  S6133     学生6133      299   76    115   108   
8164  S2190     学生2190      299   71    106   122   
8165  S2508     学生2508      299   68    135   96    
8166  S3895     学生3895      299   59    125   115   
8167  S5354     学生5354      299   57    107   135   
8168  S7611     学生7611      298   131   71    96    
8169  S3785     学生3785      298   127   103   68    
8170  S8088     学生8088      298   123   107   68    
8171  S2235     学生2235      298   123   94    81    
8172  S7078     学生7078      298   122   83    93    
8173  S5822     学生5822      298   121   106   71    
8174  S3733     学生3733      298   121   93    84    
8175  S1613     学生1613      298   120   71    107   
8176  S8543     学生8543      298   117   122   59    
8177  S9630     学生9630      298   117   97    84    
8178  S6754     学生6754      298   116   104   78    
8179  S1562     学生1562      298   116   78    104   
8180  S6803     学生6803      298   115   96    87    
8181  S3396     学生3396      298   115   93    90    
8182  S2059     学生2059      298   115   79    104   
8183  S1395     学生1395      298   115   78    105   
8184  S6416     学生6416      298   114   115   69    
8185  S8947     学生8947      298   114   93    91    
8186  S0348     学生348       298   114   87    97    
8187  S5278     学生5278      298   113   120   65    
8188  S0029     学生29        298   112   94    92    
8189  S7388     学生7388      298   112   84    102   
8190  S3729     学生3729      298   111   89    98    
8191  S9687     学生9687      298   109   112   77    
8192  S4254     学生4254      298   109   93    96    
8193  S0376     学生376       298   109   88    101   
8193  S5982     学生5982      298   109   88    101   
8195  S1472     学生1472      298   108   88    102   
8196  S6703     学生6703      298   108   81    109   
8197  S3441     学生3441      298   108   77    113   
8198  S0825     学生825       298   107   99    92    
8199  S2902     学生2902      298   107   90    101   
8200  S9928     学生9928      298   107   79    112   
8201  S0924     学生924       298   106   98    94    
8202  S3557     学生3557      298   106   95    97    
8203  S8772     学生8772      298   105   128   65    
8204  S7177     学生7177      298   105   86    107   
8205  S0934     学生934       298   105   73    120   
8206  S4819     学生4819      298   104   99    95    
8207  S1440     学生1440      298   103   128   67    
8208  S6420     学生6420      298   103   63    132   
8209  S8670     学生8670      298   102   122   74    
8210  S2950     学生2950      298   102   107   89    
8211  S2295     学生2295      298   102   87    109   
8212  S2000     学生2000      298   102   84    112   
8213  S1492     学生1492      298   102   72    124   
8214  S6695     学生6695      298   100   94    104   
8215  S1460     学生1460      298   100   91    107   
8216  S2110     学生2110      298   100   90    108   
8217  S9289     学生9289      298   100   89    109   
8218  S6716     学生6716      298   100   84    114   
8219  S1749     学生1749      298   100   75    123   
8220  S7217     学生7217      298   99    110   89    
8221  S3157     学生3157      298   99    94    105   
8222  S6051     学生6051      298   98    117   83    
8223  S3730     学生3730      298   98    113   87    
8224  S9849     学生9849      298   98    76    124   
8225  S3400     学生3400      298   97    100   101   
8226  S3427     学生3427      298   96    121   81    
8227  S8978     学生8978      298   96    77    125   
8228  S1157     学生1157      298   95    122   81    
8229  S5082     学生5082      298   95    114   89    
8230  S9195     学生9195      298   95    101   102   
8231  S2933     学生2933      298   94    111   93    
8232  S8280     学生8280      298   94    108   96    
8233  S2915     学生2915      298   93    108   97    
8234  S9434     学生9434      298   93    106   99    
8235  S2799     学生2799      298   93    94    111   
8236  S1384     学生1384      298   91    77    130   
8237  S7468     学生7468      298   89    125   84    
8238  S8430     学生8430      298   89    106   103   
8239  S4490     学生4490      298   87    96    115   
8240  S7579     学生7579      298   85    126   87    
8241  S8891     学生8891      298   85    116   97    
8242  S4613     学生4613      298   85    109   104   
8243  S4484     学生4484      298   82    110   106   
8244  S5983     学生5983      298   81    112   105   
8245  S1616     学生1616      298   81    101   116   
8246  S6939     学生6939      298   80    129   89    
8247  S3793     学生3793      298   80    113   105   
8248  S9922     学生9922      298   79    117   102   
8249  S6083     学生6083      298   78    105   115   
8250  S9144     学生9144      298   77    126   95    
8251  S5968     学生5968      298   77    111   110   
8252  S5073     学生5073      298   77    110   111   
8253  S3399     学生3399      298   72    117   109   
8254  S7261     学生7261      298   66    112   120   
8255  S9331     学生9331      298   47    145   106   
8256  S6255     学生6255      297   146   116   35    
8257  S0137     学生137       297   140   87    70    
8258  S7495     学生7495      297   130   98    69    
8259  S0566     学生566       297   128   103   66    
8260  S2887     学生2887      297   127   51    119   
8261  S3087     学生3087      297   126   98    73    
8262  S1010     学生1010      297   125   87    85    
8263  S8761     学生8761      297   121   119   57    
8264  S3760     学生3760      297   121   85    91    
8265  S9426     学生9426      297   120   99    78    
8266  S3456     学生3456      297   120   92    85    
8267  S8216     学生8216      297   120   85    92    
8268  S6149     学生6149      297   119   97    81    
8269  S2751     学生2751      297   119   86    92    
8270  S1319     学生1319      297   115   70    112   
8271  S6314     学生6314      297   114   95    88    
8272  S9349     学生9349      297   114   85    98    
8273  S3030     学生3030      297   113   84    100   
8274  S1540     学生1540      297   113   77    107   
8275  S2884     学生2884      297   112   118   67    
8276  S8576     学生8576      297   111   77    109   
8277  S9866     学生9866      297   109   97    91    
8278  S4930     学生4930      297   109   88    100   
8279  S5022     学生5022      297   108   104   85    
8280  S2897     学生2897      297   108   101   88    
8281  S1697     学生1697      297   107   102   88    
8282  S9078     学生9078      297   107   98    92    
8283  S5370     学生5370      297   107   92    98    
8284  S5117     学生5117      297   106   116   75    
8285  S4994     学生4994      297   106   100   91    
8286  S0459     学生459       297   105   106   86    
8286  S4558     学生4558      297   105   106   86    
8288  S7794     学生7794      297   105   104   88    
8289  S8011     学生8011      297   105   90    102   
8290  S3688     学生3688      297   104   111   82    
8291  S8157     学生8157      297   102   107   88    
8292  S3927     学生3927      297   102   85    110   
8293  S0767     学生767       297   101   109   87    
8294  S4718     学生4718      297   100   110   87    
8295  S0260     学生260       297   100   101   96    
8296  S5132     学生5132      297   100   87    110   
8297  S8236     学生8236      297   97    103   97    
8298  S6793     学生6793      297   97    85    115   
8299  S2693     学生2693      297   96    85    116   
8300  S1055     学生1055      297   95    110   92    
8301  S0385     学生385       297   95    107   95    
8302  S3578     学生3578      297   95    97    105   
8303  S0729     学生729       297   95    89    113   
8304  S0416     学生416       297   94    103   100   
8305  S5273     学生5273      297   94    98    105   
8306  S4413     学生4413      297   94    95    108   
8307  S0704     学生704       297   93    135   69    
8308  S2036     学生2036      297   93    124   80    
8309  S8084     学生8084      297   93    103   101   
8310  S2978     学生2978      297   93    101   103   
8311  S3384     学生3384      297   93    94    110   
8312  S5574     学生5574      297   93    91    113   
8313  S4846     学生4846      297   93    90    114   
8314  S5870     学生5870      297   92    119   86    
8315  S7393     学生7393      297   92    77    128   
8316  S2986     学生2986      297   91    93    113   
8317  S8664     学生8664      297   90    113   94    
8318  S9966     学生9966      297   89    111   97    
8319  S9619     学生9619      297   88    135   74    
8320  S0512     学生512       297   85    112   100   
8321  S1313     学生1313      297   85    105   107   
8322  S1821     学生1821      297   84    102   111   
8323  S6858     学生6858      297   84    100   113   
8324  S9221     学生9221      297   84    92    121   
8325  S9328     学生9328      297   83    93    121   
8326  S3373     学生3373      297   82    96    119   
8327  S7561     学生7561      297   80    94    123   
8328  S6929     学生6929      297   77    121   99    
8329  S5058     学生5058      297   77    92    128   
8330  S3266     学生3266      297   75    133   89    
8331  S6122     学生6122      297   73    114   110   
8332  S8419     学生8419      297   71    133   93    
8333  S4732     学生4732      297   65    110   122   
8334  S0916     学生916       297   59    139   99    
8335  S4140     学生4140      296   141   90    65    
8336  S1054     学生1054      296   125   68    103   
8337  S6773     学生6773      296   121   76    99    
8338  S8030     学生8030      296   120   109   67    
8339  S4037     学生4037      296   119   82    95    
8340  S1082     学生1082      296   118   109   69    
8341  S9697     学生9697      296   118   92    86    
8342  S8164     学生8164      296   117   71    108   
8343  S0067     学生67        296   116   93    87    
8344  S1414     学生1414      296   115   101   80    
8345  S1716     学生1716      296   114   121   61    
8346  S3066     学生3066      296   114   113   69    
8347  S4769     学生4769      296   113   103   80    
8348  S7704     学生7704      296   113   87    96    
8349  S0832     学生832       296   112   101   83    
8350  S8620     学生8620      296   111   74    111   
8351  S2074     学生2074      296   110   109   77    
8352  S1269     学生1269      296   110   86    100   
8353  S2021     学生2021      296   110   84    102   
8354  S4556     学生4556      296   110   69    117   
8355  S3268     学生3268      296   108   105   83    
8356  S7156     学生7156      296   108   102   86    
8357  S1277     学生1277      296   107   105   84    
8358  S0504     学生504       296   107   94    95    
8359  S4149     学生4149      296   107   64    125   
8360  S5970     学生5970      296   106   97    93    
8361  S7685     学生7685      296   106   66    124   
8362  S0859     学生859       296   104   95    97    
8363  S7036     学生7036      296   103   98    95    
8364  S9372     学生9372      296   103   83    110   
8365  S3979     学生3979      296   103   70    123   
8366  S9737     学生9737      296   102   98    96    
8367  S5946     学生5946      296   101   99    96    
8368  S1226     学生1226      296   100   106   90    
8369  S5954     学生5954      296   100   99    97    
8370  S7030     学生7030      296   99    111   86    
8371  S6949     学生6949      296   99    75    122   
8372  S7697     学生7697      296   97    99    100   
8373  S6921     学生6921      296   96    137   63    
8374  S9994     学生9994      296   96    116   84    
8375  S3708     学生3708      296   95    109   92    
8376  S6271     学生6271      296   95    101   100   
8377  S6987     学生6987      296   92    113   91    
8378  S3082     学生3082      296   92    77    127   
8379  S4177     学生4177      296   91    150   55    
8380  S5025     学生5025      296   91    136   69    
8381  S7541     学生7541      296   91    107   98    
8382  S5617     学生5617      296   91    81    124   
8383  S5243     学生5243      296   89    121   86    
8384  S1872     学生1872      296   86    103   107   
8385  S1473     学生1473      296   85    126   85    
8386  S7963     学生7963      296   85    125   86    
8387  S6065     学生6065      296   85    124   87    
8388  S9185     学生9185      296   80    93    123   
8389  S9152     学生9152      296   77    104   115   
8390  S6749     学生6749      296   77    99    120   
8391  S8493     学生8493      296   75    111   110   
8392  S7099     学生7099      296   75    110   111   
8393  S5862     学生5862      296   74    104   118   
8394  S4610     学生4610      296   72    101   123   
8395  S3616     学生3616      296   71    125   100   
8396  S8994     学生8994      296   69    133   94    
8397  S0290     学生290       296   66    148   82    
8398  S9280     学生9280      295   143   57    95    
8399  S3247     学生3247      295   137   87    71    
8400  S7721     学生7721      295   136   74    85    
8401  S5658     学生5658      295   135   90    70    
8402  S7501     学生7501      295   134   82    79    
8403  S0350     学生350       295   130   80    85    
8404  S9319     学生9319      295   129   98    68    
8405  S6112     学生6112      295   129   94    72    
8406  S1704     学生1704      295   124   85    86    
8407  S4762     学生4762      295   120   77    98    
8408  S7876     学生7876      295   119   111   65    
8409  S4095     学生4095      295   117   122   56    
8410  S2594     学生2594      295   116   84    95    
8411  S3365     学生3365      295   114   89    92    
8412  S9910     学生9910      295   114   88    93    
8413  S7560     学生7560      295   114   74    107   
8414  S4228     学生4228      295   113   86    96    
8415  S8279     学生8279      295   112   107   76    
8416  S4084     学生4084      295   111   117   67    
8417  S4948     学生4948      295   111   99    85    
8418  S2786     学生2786      295   109   111   75    
8419  S1997     学生1997      295   109   100   86    
8420  S2048     学生2048      295   108   79    108   
8421  S0328     学生328       295   107   105   83    
8422  S2765     学生2765      295   105   98    92    
8423  S3513     学生3513      295   105   77    113   
8424  S3470     学生3470      295   104   114   77    
8425  S9904     学生9904      295   104   111   80    
8426  S1651     学生1651      295   103   98    94    
8427  S5154     学生5154      295   102   98    95    
8428  S5413     学生5413      295   101   88    106   
8429  S1859     学生1859      295   101   70    124   
8430  S3175     学生3175      295   100   98    97    
8431  S0991     学生991       295   100   97    98    
8432  S9454     学生9454      295   100   73    122   
8433  S8486     学生8486      295   98    117   80    
8434  S9030     学生9030      295   98    100   97    
8435  S5257     学生5257      295   98    86    111   
8436  S0462     学生462       295   96    96    103   
8437  S8049     学生8049      295   95    119   81    
8438  S0810     学生810       295   95    115   85    
8439  S7750     学生7750      295   95    88    112   
8440  S0434     学生434       295   94    111   90    
8441  S5943     学生5943      295   94    93    108   
8442  S0054     学生54        295   93    105   97    
8443  S1279     学生1279      295   92    98    105   
8444  S6960     学生6960      295   92    96    107   
8445  S2206     学生2206      295   91    136   68    
8446  S6650     学生6650      295   91    104   100   
8447  S9923     学生9923      295   89    100   106   
8448  S1673     学生1673      295   88    121   86    
8449  S8026     学生8026      295   88    115   92    
8450  S9864     学生9864      295   88    106   101   
8450  S7737     学生7737      295   88    106   101   
8452  S7687     学生7687      295   86    114   95    
8453  S5487     学生5487      295   85    132   78    
8454  S2793     学生2793      295   85    103   107   
8455  S7913     学生7913      295   84    90    121   
8456  S0802     学生802       295   83    128   84    
8457  S2984     学生2984      295   83    123   89    
8458  S8440     学生8440      295   82    99    114   
8459  S7562     学生7562      295   82    81    132   
8460  S0613     学生613       295   81    114   100   
8461  S2243     学生2243      295   79    129   87    
8462  S0201     学生201       295   79    118   98    
8463  S6455     学生6455      295   78    126   91    
8464  S6598     学生6598      295   75    150   70    
8465  S8742     学生8742      295   74    106   115   
8466  S8695     学生8695      295   71    101   123   
8467  S1538     学生1538      295   71    93    131   
8468  S5676     学生5676      295   68    120   107   
8469  S7527     学生7527      295   68    105   122   
8470  S8086     学生8086      295   54    114   127   
8471  S1531     学生1531      294   138   83    73    
8472  S3554     学生3554      294   136   84    74    
8473  S5504     学生5504      294   134   84    76    
8474  S6278     学生6278      294   130   95    69    
8475  S8940     学生8940      294   128   103   63    
8476  S9554     学生9554      294   128   79    87    
8477  S9727     学生9727      294   125   98    71    
8478  S5061     学生5061      294   118   112   64    
8479  S5086     学生5086      294   118   89    87    
8480  S2403     学生2403      294   117   85    92    
8481  S5455     学生5455      294   117   82    95    
8482  S7653     学生7653      294   117   79    98    
8483  S9172     学生9172      294   116   105   73    
8484  S1649     学生1649      294   116   87    91    
8485  S9723     学生9723      294   115   83    96    
8486  S6597     学生6597      294   114   88    92    
8487  S5057     学生5057      294   114   64    116   
8488  S2229     学生2229      294   113   93    88    
8489  S1376     学生1376      294   113   92    89    
8490  S7999     学生7999      294   113   88    93    
8491  S3114     学生3114      294   111   93    90    
8492  S7996     学生7996      294   110   74    110   
8493  S9432     学生9432      294   110   67    117   
8494  S3832     学生3832      294   109   126   59    
8495  S5115     学生5115      294   109   99    86    
8496  S0460     学生460       294   109   90    95    
8497  S7283     学生7283      294   109   75    110   
8498  S9847     学生9847      294   107   125   62    
8499  S1386     学生1386      294   107   84    103   
8500  S1219     学生1219      294   107   73    114   
8501  S2309     学生2309      294   105   81    108   
8502  S4161     学生4161      294   104   106   84    
8503  S8956     学生8956      294   103   104   87    
8504  S2283     学生2283      294   101   111   82    
8505  S8696     学生8696      294   100   90    104   
8506  S3859     学生3859      294   100   89    105   
8507  S0768     学生768       294   98    90    106   
8508  S7917     学生7917      294   97    122   75    
8509  S4189     学生4189      294   97    116   81    
8510  S8319     学生8319      294   96    68    130   
8511  S7465     学生7465      294   95    98    101   
8512  S0041     学生41        294   95    95    104   
8513  S5269     学生5269      294   95    84    115   
8514  S5576     学生5576      294   94    128   72    
8515  S9610     学生9610      294   93    91    110   
8516  S0674     学生674       294   92    105   97    
8517  S5274     学生5274      294   90    109   95    
8518  S5471     学生5471      294   90    99    105   
8519  S2924     学生2924      294   89    119   86    
8520  S3138     学生3138      294   89    109   96    
8521  S4148     学生4148      294   89    92    113   
8522  S3272     学生3272      294   87    111   96    
8523  S0778     学生778       294   87    92    115   
8524  S9459     学生9459      294   86    126   82    
8525  S5268     学生5268      294   86    109   99    
8526  S4782     学生4782      294   82    134   78    
8527  S8718     学生8718      294   82    97    115   
8528  S0619     学生619       294   80    103   111   
8529  S1575     学生1575      294   79    129   86    
8530  S4150     学生4150      294   79    101   114   
8531  S3810     学生3810      294   73    129   92    
8532  S2970     学生2970      294   73    115   106   
8533  S9377     学生9377      294   73    108   113   
8534  S5393     学生5393      294   72    81    141   
8535  S7043     学生7043      294   70    113   111   
8536  S7498     学生7498      294   70    107   117   
8537  S6520     学生6520      294   69    86    139   
8538  S2598     学生2598      294   68    106   120   
8539  S1300     学生1300      294   67    121   106   
8540  S8431     学生8431      294   57    127   110   
8541  S3795     学生3795      294   57    119   118   
8542  S8784     学生8784      293   131   66    96    
8543  S4804     学生4804      293   123   64    106   
8544  S6280     学生6280      293   122   105   66    
8545  S1246     学生1246      293   119   116   58    
8546  S5882     学生5882      293   119   93    81    
8547  S1078     学生1078      293   115   88    90    
8548  S5215     学生5215      293   115   77    101   
8549  S2044     学生2044      293   114   101   78    
8550  S6130     学生6130      293   114   84    95    
8551  S0763     学生763       293   113   101   79    
8552  S0724     学生724       293   112   96    85    
8553  S2677     学生2677      293   112   83    98    
8554  S0920     学生920       293   110   92    91    
8555  S8712     学生8712      293   110   75    108   
8556  S9464     学生9464      293   108   104   81    
8557  S9166     学生9166      293   106   106   81    
8558  S4263     学生4263      293   104   81    108   
8559  S2096     学生2096      293   103   110   80    
8560  S7067     学生7067      293   103   87    103   
8561  S2329     学生2329      293   102   103   88    
8562  S6152     学生6152      293   102   98    93    
8563  S5958     学生5958      293   102   89    102   
8564  S3928     学生3928      293   102   68    123   
8565  S2772     学生2772      293   100   122   71    
8566  S4676     学生4676      293   100   98    95    
8567  S8392     学生8392      293   100   89    104   
8568  S5464     学生5464      293   100   88    105   
8569  S2787     学生2787      293   100   83    110   
8570  S9340     学生9340      293   99    95    99    
8571  S0398     学生398       293   99    84    110   
8572  S0880     学生880       293   97    100   96    
8573  S0347     学生347       293   97    99    97    
8574  S1200     学生1200      293   96    95    102   
8575  S6369     学生6369      293   95    129   69    
8576  S2916     学生2916      293   95    114   84    
8577  S0223     学生223       293   94    103   96    
8578  S3666     学生3666      293   91    107   95    
8579  S8928     学生8928      293   91    85    117   
8580  S0882     学生882       293   90    118   85    
8581  S6865     学生6865      293   90    94    109   
8582  S1467     学生1467      293   89    108   96    
8583  S2766     学生2766      293   89    98    106   
8583  S1516     学生1516      293   89    98    106   
8585  S6026     学生6026      293   88    109   96    
8586  S7852     学生7852      293   88    108   97    
8587  S2757     学生2757      293   87    94    112   
8588  S2156     学生2156      293   86    80    127   
8589  S2451     学生2451      293   85    126   82    
8590  S6008     学生6008      293   84    77    132   
8591  S0705     学生705       293   83    100   110   
8592  S2646     学生2646      293   82    103   108   
8593  S8823     学生8823      293   82    102   109   
8594  S8245     学生8245      293   81    104   108   
8595  S1924     学生1924      293   81    62    150   
8596  S2813     学生2813      293   80    119   94    
8597  S5394     学生5394      293   80    88    125   
8598  S3841     学生3841      293   79    97    117   
8599  S0818     学生818       293   79    95    119   
8600  S4081     学生4081      293   78    130   85    
8601  S3615     学生3615      293   78    129   86    
8602  S1882     学生1882      293   77    114   102   
8603  S9888     学生9888      293   76    92    125   
8604  S0758     学生758       293   73    111   109   
8605  S4841     学生4841      293   71    131   91    
8606  S6775     学生6775      293   66    133   94    
8607  S5528     学生5528      293   54    123   116   
8608  S8991     学生8991      292   131   105   56    
8609  S2425     学生2425      292   130   94    68    
8610  S0393     学生393       292   128   88    76    
8611  S0080     学生80        292   126   76    90    
8612  S6148     学生6148      292   121   101   70    
8613  S0444     学生444       292   121   95    76    
8614  S9058     学生9058      292   121   84    87    
8615  S7576     学生7576      292   120   94    78    
8616  S7620     学生7620      292   115   109   68    
8617  S6367     学生6367      292   111   102   79    
8618  S6698     学生6698      292   110   106   76    
8619  S8059     学生8059      292   109   107   76    
8620  S4164     学生4164      292   109   89    94    
8621  S2011     学生2011      292   108   115   69    
8622  S6726     学生6726      292   108   102   82    
8623  S3902     学生3902      292   107   94    91    
8624  S3992     学生3992      292   107   81    104   
8625  S1618     学生1618      292   105   114   73    
8626  S0084     学生84        292   105   106   81    
8627  S1827     学生1827      292   104   93    95    
8628  S1393     学生1393      292   104   75    113   
8629  S0642     学生642       292   103   119   70    
8630  S5746     学生5746      292   103   113   76    
8631  S1229     学生1229      292   103   97    92    
8632  S0977     学生977       292   103   93    96    
8633  S8201     学生8201      292   102   73    117   
8634  S2763     学生2763      292   101   102   89    
8635  S4766     学生4766      292   101   94    97    
8636  S4071     学生4071      292   101   88    103   
8637  S0793     学生793       292   101   71    120   
8638  S4280     学生4280      292   100   105   87    
8639  S6961     学生6961      292   99    95    98    
8640  S4713     学生4713      292   99    72    121   
8641  S3848     学生3848      292   97    97    98    
8642  S0075     学生75        292   97    88    107   
8643  S0854     学生854       292   97    76    119   
8644  S9209     学生9209      292   93    97    102   
8645  S5415     学生5415      292   92    101   99    
8646  S9960     学生9960      292   92    100   100   
8647  S3388     学生3388      292   91    108   93    
8648  S3701     学生3701      292   90    131   71    
8649  S3658     学生3658      292   89    106   97    
8650  S7768     学生7768      292   89    84    119   
8651  S2937     学生2937      292   88    104   100   
8652  S2882     学生2882      292   88    93    111   
8653  S6309     学生6309      292   88    76    128   
8654  S5878     学生5878      292   87    82    123   
8655  S2392     学生2392      292   86    130   76    
8656  S5875     学生5875      292   85    107   100   
8657  S7575     学生7575      292   82    102   108   
8658  S6074     学生6074      292   82    79    131   
8659  S0212     学生212       292   80    112   100   
8660  S9811     学生9811      292   79    136   77    
8661  S2547     学生2547      292   79    105   108   
8662  S0928     学生928       292   79    103   110   
8663  S4426     学生4426      292   78    91    123   
8664  S4136     学生4136      292   75    136   81    
8665  S3935     学生3935      292   74    102   116   
8666  S7712     学生7712      292   73    99    120   
8667  S7015     学生7015      292   60    114   118   
8668  S6555     学生6555      291   125   72    94    
8669  S3327     学生3327      291   125   57    109   
8670  S8544     学生8544      291   120   87    84    
8671  S7477     学生7477      291   119   68    104   
8672  S1224     学生1224      291   117   95    79    
8673  S7763     学生7763      291   116   111   64    
8674  S9509     学生9509      291   115   95    81    
8675  S1814     学生1814      291   115   90    86    
8676  S7769     学生7769      291   115   70    106   
8677  S0160     学生160       291   112   64    115   
8678  S5077     学生5077      291   111   95    85    
8679  S4567     学生4567      291   110   92    89    
8680  S5015     学生5015      291   109   115   67    
8681  S5382     学生5382      291   108   93    90    
8682  S4717     学生4717      291   107   99    85    
8683  S7525     学生7525      291   106   105   80    
8684  S9777     学生9777      291   105   100   86    
8685  S8210     学生8210      291   105   95    91    
8686  S0656     学生656       291   103   96    92    
8687  S9646     学生9646      291   103   82    106   
8688  S4486     学生4486      291   102   139   50    
8689  S7349     学生7349      291   101   86    104   
8690  S1344     学生1344      291   100   103   88    
8691  S0040     学生40        291   98    115   78    
8692  S2623     学生2623      291   98    102   91    
8693  S6956     学生6956      291   98    88    105   
8694  S6198     学生6198      291   97    107   87    
8695  S3611     学生3611      291   97    74    120   
8696  S6717     学生6717      291   96    81    114   
8697  S0286     学生286       291   95    119   77    
8698  S3613     学生3613      291   95    102   94    
8699  S1047     学生1047      291   95    74    122   
8700  S6880     学生6880      291   94    118   79    
8701  S1451     学生1451      291   94    108   89    
8702  S7026     学生7026      291   94    101   96    
8703  S2353     学生2353      291   91    108   92    
8704  S0563     学生563       291   90    128   73    
8705  S7375     学生7375      291   90    101   100   
8706  S4027     学生4027      291   90    86    115   
8707  S9655     学生9655      291   89    111   91    
8708  S9246     学生9246      291   89    103   99    
8709  S3940     学生3940      291   87    111   93    
8710  S7001     学生7001      291   87    89    115   
8711  S6316     学生6316      291   86    125   80    
8712  S1572     学生1572      291   86    124   81    
8713  S4996     学生4996      291   85    88    118   
8714  S4360     学生4360      291   84    105   102   
8715  S8691     学生8691      291   84    60    147   
8716  S0534     学生534       291   83    90    118   
8717  S6498     学生6498      291   82    76    133   
8718  S7086     学生7086      291   81    119   91    
8719  S3197     学生3197      291   77    133   81    
8720  S7112     学生7112      291   77    116   98    
8721  S9718     学生9718      291   69    116   106   
8722  S7915     学生7915      291   64    128   99    
8723  S0111     学生111       291   47    136   108   
8724  S2112     学生2112      290   135   60    95    
8725  S0718     学生718       290   126   84    80    
8726  S1424     学生1424      290   125   67    98    
8727  S5111     学生5111      290   123   89    78    
8728  S8266     学生8266      290   123   56    111   
8729  S3625     学生3625      290   120   118   52    
8730  S5147     学生5147      290   120   77    93    
8730  S4677     学生4677      290   120   77    93    
8732  S0239     学生239       290   119   113   58    
8733  S8975     学生8975      290   118   78    94    
8734  S4531     学生4531      290   117   76    97    
8735  S1070     学生1070      290   116   93    81    
8736  S6005     学生6005      290   116   84    90    
8737  S3804     学生3804      290   114   87    89    
8738  S3142     学生3142      290   114   83    93    
8739  S3912     学生3912      290   113   108   69    
8740  S2238     学生2238      290   113   93    84    
8741  S5397     学生5397      290   111   84    95    
8742  S9572     学生9572      290   110   84    96    
8743  S2823     学生2823      290   109   88    93    
8744  S4104     学生4104      290   106   87    97    
8745  S1771     学生1771      290   105   95    90    
8746  S5530     学生5530      290   104   87    99    
8747  S5113     学生5113      290   103   89    98    
8748  S3631     学生3631      290   103   83    104   
8749  S4419     学生4419      290   103   82    105   
8750  S2224     学生2224      290   102   81    107   
8751  S8545     学生8545      290   102   65    123   
8752  S4571     学生4571      290   101   95    94    
8753  S0662     学生662       290   99    68    123   
8754  S1096     学生1096      290   98    84    108   
8755  S6689     学生6689      290   97    102   91    
8756  S5063     学生5063      290   95    109   86    
8757  S3061     学生3061      290   95    87    108   
8758  S1678     学生1678      290   94    116   80    
8759  S7470     学生7470      290   94    112   84    
8760  S8957     学生8957      290   94    107   89    
8761  S6813     学生6813      290   94    106   90    
8762  S0372     学生372       290   94    103   93    
8763  S3714     学生3714      290   94    93    103   
8764  S0397     学生397       290   93    114   83    
8765  S5556     学生5556      290   93    96    101   
8766  S1734     学生1734      290   93    74    123   
8767  S5517     学生5517      290   91    108   91    
8768  S9043     学生9043      290   91    90    109   
8769  S4245     学生4245      290   91    79    120   
8770  S4835     学生4835      290   88    96    106   
8771  S6957     学生6957      290   87    114   89    
8772  S6356     学生6356      290   83    106   101   
8773  S9766     学生9766      290   82    102   106   
8774  S2438     学生2438      290   80    100   110   
8775  S9238     学生9238      290   79    94    117   
8776  S6548     学生6548      290   77    108   105   
8777  S9593     学生9593      290   76    80    134   
8778  S4980     学生4980      290   74    105   111   
8779  S1741     学生1741      290   74    97    119   
8780  S1482     学生1482      290   73    94    123   
8781  S0339     学生339       290   72    120   98    
8782  S3623     学生3623      290   70    141   79    
8783  S8666     学生8666      290   60    132   98    
8784  S0581     学生581       290   59    120   111   
8785  S9346     学生9346      289   127   84    78    
8786  S2319     学生2319      289   125   78    86    
8787  S7753     学生7753      289   125   60    104   
8788  S9242     学生9242      289   121   116   52    
8789  S7449     学生7449      289   117   110   62    
8790  S1880     学生1880      289   117   77    95    
8791  S8645     学生8645      289   116   97    76    
8792  S0352     学生352       289   114   97    78    
8793  S8914     学生8914      289   114   88    87    
8794  S8163     学生8163      289   112   93    84    
8795  S5190     学生5190      289   108   100   81    
8796  S6226     学生6226      289   108   94    87    
8797  S5414     学生5414      289   107   109   73    
8798  S3839     学生3839      289   107   98    84    
8799  S3766     学生3766      289   106   119   64    
8800  S6096     学生6096      289   106   109   74    
8801  S8751     学生8751      289   106   79    104   
8802  S0990     学生990       289   105   111   73    
8803  S5406     学生5406      289   105   99    85    
8804  S6741     学生6741      289   103   108   78    
8805  S1701     学生1701      289   103   86    100   
8806  S4163     学生4163      289   103   77    109   
8807  S2670     学生2670      289   101   97    91    
8808  S6800     学生6800      289   100   104   85    
8809  S5786     学生5786      289   100   98    91    
8810  S1027     学生1027      289   99    87    103   
8811  S7513     学生7513      289   98    93    98    
8812  S9147     学生9147      289   98    91    100   
8813  S2631     学生2631      289   97    90    102   
8814  S7916     学生7916      289   97    86    106   
8815  S1443     学生1443      289   97    81    111   
8816  S0999     学生999       289   97    75    117   
8817  S4931     学生4931      289   95    105   89    
8818  S6826     学生6826      289   93    109   87    
8819  S9714     学生9714      289   93    91    105   
8820  S0857     学生857       289   91    100   98    
8821  S5389     学生5389      289   91    86    112   
8822  S0792     学生792       289   90    117   82    
8823  S2750     学生2750      289   90    110   89    
8824  S6708     学生6708      289   89    118   82    
8825  S6056     学生6056      289   89    104   96    
8826  S8725     学生8725      289   88    98    103   
8827  S1768     学生1768      289   88    92    109   
8828  S1753     学生1753      289   88    61    140   
8829  S1724     学生1724      289   87    110   92    
8829  S5817     学生5817      289   87    110   92    
8831  S6069     学生6069      289   86    98    105   
8832  S3811     学生3811      289   84    96    109   
8833  S6042     学生6042      289   82    94    113   
8834  S6791     学生6791      289   82    74    133   
8835  S6525     学生6525      289   80    109   100   
8836  S7952     学生7952      289   78    100   111   
8837  S2322     学生2322      289   78    93    118   
8838  S6665     学生6665      289   76    82    131   
8839  S5434     学生5434      289   72    99    118   
8840  S8208     学生8208      289   70    106   113   
8841  S8425     学生8425      289   69    134   86    
8842  S9674     学生9674      289   68    128   93    
8843  S6742     学生6742      289   67    113   109   
8844  S8668     学生8668      289   63    115   111   
8845  S7883     学生7883      289   51    120   118   
8846  S0259     学生259       288   142   93    53    
8847  S2312     学生2312      288   128   78    82    
8848  S4864     学生4864      288   122   76    90    
8849  S0356     学生356       288   121   96    71    
8850  S3423     学生3423      288   119   60    109   
8851  S5287     学生5287      288   117   78    93    
8852  S5350     学生5350      288   117   71    100   
8853  S6144     学生6144      288   114   96    78    
8854  S2845     学生2845      288   113   102   73    
8855  S7041     学生7041      288   113   84    91    
8856  S3926     学生3926      288   110   105   73    
8857  S2255     学生2255      288   109   99    80    
8858  S2764     学生2764      288   107   125   56    
8859  S7747     学生7747      288   106   95    87    
8860  S3451     学生3451      288   106   59    123   
8861  S1050     学生1050      288   105   104   79    
8862  S0174     学生174       288   105   76    107   
8863  S1729     学生1729      288   104   83    101   
8864  S1578     学生1578      288   104   70    114   
8865  S1406     学生1406      288   103   81    104   
8866  S1438     学生1438      288   102   103   83    
8867  S8070     学生8070      288   102   91    95    
8868  S2597     学生2597      288   102   83    103   
8869  S6817     学生6817      288   101   110   77    
8870  S0389     学生389       288   101   72    115   
8871  S9496     学生9496      288   100   93    95    
8872  S1788     学生1788      288   98    108   82    
8873  S2524     学生2524      288   98    89    101   
8874  S8806     学生8806      288   98    65    125   
8875  S5770     学生5770      288   97    79    112   
8876  S5456     学生5456      288   97    71    120   
8877  S0270     学生270       288   97    70    121   
8878  S2126     学生2126      288   96    102   90    
8879  S0195     学生195       288   94    104   90    
8880  S9562     学生9562      288   92    89    107   
8881  S8428     学生8428      288   91    119   78    
8882  S9815     学生9815      288   90    94    104   
8883  S8571     学生8571      288   89    119   80    
8884  S4398     学生4398      288   89    97    102   
8885  S1377     学生1377      288   88    98    102   
8886  S9374     学生9374      288   85    96    107   
8887  S4761     学生4761      288   82    108   98    
8888  S1371     学生1371      288   81    105   102   
8889  S8202     学生8202      288   71    111   106   
8890  S3275     学生3275      288   69    117   102   
8891  S2538     学生2538      288   68    127   93    
8892  S6595     学生6595      288   62    111   115   
8893  S6409     学生6409      288   62    99    127   
8894  S8140     学生8140      288   61    130   97    
8895  S1375     学生1375      287   137   70    80    
8896  S4402     学生4402      287   121   73    93    
8896  S1327     学生1327      287   121   73    93    
8898  S5439     学生5439      287   121   67    99    
8899  S9911     学生9911      287   119   110   58    
8900  S4350     学生4350      287   117   130   40    
8901  S8976     学生8976      287   116   80    91    
8902  S0313     学生313       287   112   87    88    
8903  S6891     学生6891      287   111   93    83    
8904  S8037     学生8037      287   109   112   66    
8905  S3824     学生3824      287   109   90    88    
8906  S9169     学生9169      287   108   86    93    
8907  S0537     学生537       287   108   79    100   
8908  S1757     学生1757      287   104   96    87    
8909  S3885     学生3885      287   104   95    88    
8910  S0976     学生976       287   103   115   69    
8911  S8347     学生8347      287   103   99    85    
8912  S2830     学生2830      287   103   74    110   
8913  S7521     学生7521      287   102   100   85    
8914  S8899     学生8899      287   101   95    91    
8915  S3036     学生3036      287   101   89    97    
8916  S0407     学生407       287   100   101   86    
8917  S1823     学生1823      287   100   74    113   
8918  S4288     学生4288      287   98    97    92    
8919  S2506     学生2506      287   98    95    94    
8920  S3983     学生3983      287   97    83    107   
8921  S2959     学生2959      287   95    120   72    
8922  S1118     学生1118      287   94    103   90    
8923  S2240     学生2240      287   92    105   90    
8924  S9879     学生9879      287   91    119   77    
8925  S9484     学生9484      287   91    118   78    
8926  S9577     学生9577      287   91    99    97    
8927  S2842     学生2842      287   90    110   87    
8928  S2167     学生2167      287   90    103   94    
8929  S7483     学生7483      287   90    97    100   
8930  S9367     学生9367      287   90    63    134   
8931  S8785     学生8785      287   89    78    120   
8932  S0908     学生908       287   88    113   86    
8933  S7058     学生7058      287   88    91    108   
8934  S8303     学生8303      287   88    89    110   
8935  S4051     学生4051      287   87    134   66    
8936  S2612     学生2612      287   87    92    108   
8937  S7845     学生7845      287   86    115   86    
8938  S7454     学生7454      287   85    119   83    
8939  S1593     学生1593      287   84    116   87    
8940  S5798     学生5798      287   84    91    112   
8941  S9598     学生9598      287   83    128   76    
8942  S8662     学生8662      287   83    104   100   
8943  S5854     学生5854      287   81    109   97    
8944  S7311     学生7311      287   77    112   98    
8945  S8151     学生8151      287   75    107   105   
8946  S7978     学生7978      287   71    128   88    
8947  S4256     学生4256      287   71    124   92    
8948  S3632     学生3632      287   68    89    130   
8949  S3366     学生3366      287   66    106   115   
8950  S0122     学生122       286   132   50    104   
8951  S1660     学生1660      286   125   80    81    
8952  S3622     学生3622      286   122   75    89    
8953  S1818     学生1818      286   121   74    91    
8954  S7120     学生7120      286   120   88    78    
8955  S8173     学生8173      286   118   62    106   
8956  S0345     学生345       286   117   108   61    
8957  S0042     学生42        286   117   92    77    
8958  S6792     学生6792      286   115   78    93    
8959  S2629     学生2629      286   114   98    74    
8960  S7886     学生7886      286   112   113   61    
8961  S6866     学生6866      286   112   81    93    
8962  S2710     学生2710      286   110   82    94    
8963  S8489     学生8489      286   110   71    105   
8964  S9211     学生9211      286   108   81    97    
8965  S4959     学生4959      286   107   102   77    
8966  S8675     学生8675      286   106   94    86    
8967  S7540     学生7540      286   106   82    98    
8968  S3482     学生3482      286   105   97    84    
8969  S7936     学生7936      286   105   93    88    
8970  S6985     学生6985      286   105   85    96    
8971  S2101     学生2101      286   104   100   82    
8972  S3643     学生3643      286   103   85    98    
8973  S1793     学生1793      286   102   95    89    
8974  S5691     学生5691      286   101   111   74    
8975  S7626     学生7626      286   101   95    90    
8976  S8338     学生8338      286   101   77    108   
8977  S6202     学生6202      286   101   59    126   
8978  S0028     学生28        286   100   107   79    
8979  S0621     学生621       286   100   98    88    
8980  S3208     学生3208      286   98    92    96    
8981  S5656     学生5656      286   98    73    115   
8982  S9567     学生9567      286   97    93    96    
8983  S0803     学生803       286   97    86    103   
8984  S7584     学生7584      286   96    76    114   
8985  S4063     学生4063      286   95    122   69    
8986  S2496     学生2496      286   95    117   74    
8987  S5966     学生5966      286   95    92    99    
8988  S4551     学生4551      286   94    103   89    
8989  S6747     学生6747      286   94    102   90    
8990  S6783     学生6783      286   94    99    93    
8991  S8640     学生8640      286   94    89    103   
8992  S8222     学生8222      286   93    106   87    
8993  S5901     学生5901      286   92    130   64    
8994  S8138     学生8138      286   92    69    125   
8995  S7778     学生7778      286   91    74    121   
8996  S1501     学生1501      286   89    116   81    
8997  S7130     学生7130      286   88    105   93    
8998  S8875     学生8875      286   88    99    99    
8999  S3009     学生3009      286   87    83    116   
9000  S8594     学生8594      286   86    119   81    
9001  S5135     学生5135      286   86    110   90    
9002  S0308     学生308       286   83    80    123   
9003  S3520     学生3520      286   82    90    114   
9004  S3833     学生3833      286   81    112   93    
9005  S7726     学生7726      286   79    124   83    
9006  S6227     学生6227      286   79    68    139   
9007  S0237     学生237       286   76    93    117   
9008  S2091     学生2091      286   74    105   107   
9009  S0971     学生971       286   73    130   83    
9010  S0142     学生142       286   70    121   95    
9011  S7988     学生7988      286   68    144   74    
9012  S7446     学生7446      286   64    112   110   
9013  S5360     学生5360      286   61    93    132   
9014  S1462     学生1462      285   133   86    66    
9015  S7244     学生7244      285   126   69    90    
9016  S3828     学生3828      285   117   81    87    
9017  S6700     学生6700      285   114   76    95    
9018  S5963     学生5963      285   112   101   72    
9019  S2339     学生2339      285   112   93    80    
9020  S8805     学生8805      285   111   91    83    
9021  S1832     学生1832      285   111   82    92    
9022  S1954     学生1954      285   110   81    94    
9023  S3954     学生3954      285   109   106   70    
9024  S9838     学生9838      285   109   91    85    
9025  S2943     学生2943      285   108   108   69    
9026  S8738     学生8738      285   108   68    109   
9027  S6614     学生6614      285   106   96    83    
9028  S1436     学生1436      285   105   106   74    
9029  S8678     学生8678      285   105   85    95    
9030  S4373     学生4373      285   103   121   61    
9031  S6380     学生6380      285   103   83    99    
9032  S8758     学生8758      285   102   77    106   
9033  S2332     学生2332      285   99    99    87    
9034  S9894     学生9894      285   98    92    95    
9035  S0458     学生458       285   98    90    97    
9036  S6092     学生6092      285   97    115   73    
9037  S4937     学生4937      285   97    104   84    
9038  S2216     学生2216      285   96    101   88    
9039  S6607     学生6607      285   95    80    110   
9040  S0018     学生18        285   93    81    111   
9041  S3802     学生3802      285   87    103   95    
9042  S6651     学生6651      285   86    114   85    
9043  S6254     学生6254      285   85    81    119   
9044  S2195     学生2195      285   85    70    130   
9045  S1119     学生1119      285   84    107   94    
9046  S9273     学生9273      285   84    73    128   
9047  S5641     学生5641      285   83    112   90    
9048  S6701     学生6701      285   82    96    107   
9049  S5222     学生5222      285   80    108   97    
9050  S7847     学生7847      285   78    111   96    
9051  S6274     学生6274      285   78    75    132   
9052  S5380     学生5380      285   76    130   79    
9053  S6178     学生6178      285   75    75    135   
9054  S8112     学生8112      285   74    114   97    
9055  S2313     学生2313      285   74    112   99    
9056  S8745     学生8745      285   68    114   103   
9057  S2136     学生2136      285   67    104   114   
9058  S4966     学生4966      285   67    94    124   
9059  S7003     学生7003      285   65    129   91    
9060  S0395     学生395       285   65    107   113   
9061  S6744     学生6744      285   64    106   115   
9062  S3050     学生3050      285   57    117   111   
9063  S8272     学生8272      285   54    100   131   
9064  S8048     学生8048      284   138   65    81    
9065  S7227     学生7227      284   127   93    64    
9066  S4279     学生4279      284   126   67    91    
9067  S0937     学生937       284   120   89    75    
9068  S3846     学生3846      284   117   83    84    
9069  S5093     学生5093      284   117   78    89    
9070  S3382     学生3382      284   116   107   61    
9071  S1256     学生1256      284   115   87    82    
9072  S8220     学生8220      284   111   82    91    
9073  S3391     学生3391      284   109   70    105   
9074  S7944     学生7944      284   109   44    131   
9075  S4079     学生4079      284   107   94    83    
9076  S3556     学生3556      284   105   109   70    
9077  S2898     学生2898      284   104   89    91    
9078  S7444     学生7444      284   102   86    96    
9079  S3216     学生3216      284   101   102   81    
9080  S4138     学生4138      284   98    120   66    
9081  S4507     学生4507      284   97    115   72    
9082  S1214     学生1214      284   94    97    93    
9083  S8408     学生8408      284   93    110   81    
9084  S6473     学生6473      284   92    94    98    
9085  S1142     学生1142      284   90    109   85    
9086  S8665     学生8665      284   88    105   91    
9087  S0618     学生618       284   88    88    108   
9088  S4080     学生4080      284   87    101   96    
9089  S2474     学生2474      284   86    106   92    
9090  S7942     学生7942      284   86    84    114   
9091  S9696     学生9696      284   85    120   79    
9092  S9309     学生9309      284   82    146   56    
9093  S8296     学生8296      284   82    116   86    
9094  S3393     学生3393      284   82    103   99    
9095  S3018     学生3018      284   81    95    108   
9096  S5338     学生5338      284   81    89    114   
9097  S2869     学生2869      284   80    106   98    
9098  S8977     学生8977      284   80    104   100   
9099  S6613     学生6613      284   79    103   102   
9100  S3684     学生3684      284   79    78    127   
9101  S2419     学生2419      284   77    121   86    
9102  S3576     学生3576      284   77    89    118   
9103  S0679     学生679       284   73    107   104   
9104  S3147     学生3147      284   73    88    123   
9105  S8077     学生8077      284   72    114   98    
9106  S3594     学生3594      284   68    91    125   
9107  S6735     学生6735      284   67    106   111   
9108  S4114     学生4114      284   67    87    130   
9109  S4867     学生4867      284   63    132   89    
9110  S3251     学生3251      283   139   53    91    
9111  S2896     学生2896      283   124   83    76    
9112  S1039     学生1039      283   123   61    99    
9113  S4083     学生4083      283   122   68    93    
9114  S8526     学生8526      283   121   92    70    
9115  S2637     学生2637      283   119   71    93    
9116  S1589     学生1589      283   117   94    72    
9117  S8779     学生8779      283   115   92    76    
9118  S4489     学生4489      283   113   64    106   
9119  S0942     学生942       283   112   70    101   
9120  S8293     学生8293      283   111   100   72    
9121  S6167     学生6167      283   108   97    78    
9122  S2400     学生2400      283   108   76    99    
9123  S0737     学生737       283   107   81    95    
9124  S5919     学生5919      283   104   97    82    
9125  S4520     学生4520      283   102   103   78    
9126  S2676     学生2676      283   102   100   81    
9127  S6766     学生6766      283   101   68    114   
9128  S4821     学生4821      283   100   97    86    
9129  S4787     学生4787      283   100   91    92    
9130  S0123     学生123       283   99    78    106   
9131  S2652     学生2652      283   98    103   82    
9132  S7658     学生7658      283   97    120   66    
9133  S5686     学生5686      283   96    100   87    
9134  S3155     学生3155      283   96    99    88    
9135  S3700     学生3700      283   96    85    102   
9136  S2232     学生2232      283   95    104   84    
9137  S6245     学生6245      283   94    97    92    
9138  S8933     学生8933      283   93    113   77    
9139  S5258     学生5258      283   93    97    93    
9140  S0740     学生740       283   92    86    105   
9141  S9401     学生9401      283   92    82    109   
9142  S6412     学生6412      283   91    110   82    
9143  S7699     学生7699      283   90    117   76    
9144  S5515     学生5515      283   90    93    100   
9145  S4642     学生4642      283   90    90    103   
9146  S5384     学生5384      283   89    100   94    
9147  S0408     学生408       283   88    118   77    
9148  S1490     学生1490      283   88    91    104   
9149  S6582     学生6582      283   87    90    106   
9150  S7119     学生7119      283   80    122   81    
9151  S6974     学生6974      283   76    82    125   
9152  S6770     学生6770      283   74    98    111   
9153  S9801     学生9801      283   74    88    121   
9154  S5099     学生5099      283   71    113   99    
9155  S8509     学生8509      283   71    90    122   
9156  S3743     学生3743      283   71    79    133   
9157  S9442     学生9442      283   70    74    139   
9158  S8569     学生8569      283   65    99    119   
9159  S6247     学生6247      282   138   84    60    
9160  S8880     学生8880      282   122   65    95    
9161  S0168     学生168       282   114   65    103   
9162  S0152     学生152       282   113   116   53    
9163  S5184     学生5184      282   112   88    82    
9164  S5543     学生5543      282   108   97    77    
9165  S2634     学生2634      282   107   72    103   
9166  S5571     学生5571      282   106   110   66    
9167  S6354     学生6354      282   106   90    86    
9168  S2948     学生2948      282   104   85    93    
9169  S2729     学生2729      282   104   83    95    
9170  S7877     学生7877      282   101   112   69    
9171  S9458     学生9458      282   100   92    90    
9172  S8066     学生8066      282   98    85    99    
9173  S7586     学生7586      282   97    103   82    
9174  S5635     学生5635      282   97    87    98    
9175  S6557     学生6557      282   96    100   86    
9176  S1990     学生1990      282   95    103   84    
9177  S7534     学生7534      282   94    100   88    
9178  S0689     学生689       282   94    87    101   
9179  S9749     学生9749      282   92    111   79    
9180  S9757     学生9757      282   92    75    115   
9181  S8093     学生8093      282   91    128   63    
9182  S5092     学生5092      282   91    97    94    
9183  S9873     学生9873      282   90    96    96    
9184  S4801     学生4801      282   89    99    94    
9185  S9898     学生9898      282   89    69    124   
9186  S3875     学生3875      282   88    119   75    
9187  S1404     学生1404      282   88    106   88    
9188  S1878     学生1878      282   88    104   90    
9189  S0984     学生984       282   88    88    106   
9190  S5857     学生5857      282   87    101   94    
9191  S3306     学生3306      282   86    117   79    
9192  S8754     学生8754      282   85    114   83    
9193  S5423     学生5423      282   79    108   95    
9194  S1249     学生1249      282   78    95    109   
9195  S9682     学生9682      282   77    72    133   
9196  S9413     学生9413      282   76    84    122   
9197  S9908     学生9908      282   69    102   111   
9198  S2009     学生2009      282   68    115   99    
9199  S9228     学生9228      282   63    107   112   
9200  S0082     学生82        282   58    115   109   
9201  S6687     学生6687      281   138   78    65    
9202  S9816     学生9816      281   136   69    76    
9203  S3831     学生3831      281   127   87    67    
9204  S8323     学生8323      281   124   116   41    
9205  S1271     学生1271      281   121   67    93    
9206  S7544     学生7544      281   120   91    70    
9207  S7779     学生7779      281   119   74    88    
9208  S1744     学生1744      281   114   72    95    
9209  S1536     学生1536      281   113   77    91    
9210  S9323     学生9323      281   112   96    73    
9211  S1116     学生1116      281   112   74    95    
9212  S8076     学生8076      281   111   93    77    
9213  S3346     学生3346      281   110   69    102   
9214  S9322     学生9322      281   109   69    103   
9215  S6596     学生6596      281   104   94    83    
9216  S4435     学生4435      281   102   99    80    
9217  S0188     学生188       281   102   66    113   
9218  S5293     学生5293      281   101   95    85    
9219  S9582     学生9582      281   100   80    101   
9220  S5446     学生5446      281   98    109   74    
9221  S1847     学生1847      281   97    96    88    
9222  S8287     学生8287      281   97    92    92    
9223  S1603     学生1603      281   96    119   66    
9224  S9957     学生9957      281   96    94    91    
9225  S9900     学生9900      281   95    84    102   
9226  S6778     学生6778      281   95    74    112   
9227  S8752     学生8752      281   94    110   77    
9228  S2068     学生2068      281   94    96    91    
9229  S6091     学生6091      281   93    90    98    
9230  S8497     学生8497      281   92    99    90    
9231  S2220     学生2220      281   92    92    97    
9232  S0721     学生721       281   91    113   77    
9233  S5719     学生5719      281   89    66    126   
9234  S5056     学生5056      281   88    88    105   
9235  S8017     学生8017      281   86    113   82    
9236  S1273     学生1273      281   78    107   96    
9237  S3825     学生3825      281   78    100   103   
9238  S2376     学生2376      281   75    107   99    
9239  S9540     学生9540      281   75    105   101   
9240  S9139     学生9139      281   75    100   106   
9241  S0209     学生209       281   74    109   98    
9242  S4405     学生4405      281   74    97    110   
9243  S0073     学生73        281   74    76    131   
9244  S1723     学生1723      281   73    137   71    
9245  S4910     学生4910      281   71    128   82    
9246  S6353     学生6353      281   64    124   93    
9247  S8709     学生8709      280   130   58    92    
9248  S1668     学生1668      280   130   48    102   
9249  S5059     学生5059      280   122   95    63    
9250  S4975     学生4975      280   113   78    89    
9251  S7908     学生7908      280   112   97    71    
9252  S5696     学生5696      280   111   73    96    
9253  S4349     学生4349      280   108   95    77    
9254  S3437     学生3437      280   105   78    97    
9255  S7973     学生7973      280   103   97    80    
9256  S7531     学生7531      280   103   90    87    
9257  S5806     学生5806      280   103   72    105   
9258  S5519     学生5519      280   103   64    113   
9259  S0479     学生479       280   101   104   75    
9260  S0884     学生884       280   100   93    87    
9261  S4987     学生4987      280   99    90    91    
9262  S6564     学生6564      280   97    77    106   
9263  S4324     学生4324      280   96    98    86    
9264  S8361     学生8361      280   95    82    103   
9265  S1210     学生1210      280   94    97    89    
9266  S5852     学生5852      280   92    108   80    
9267  S4100     学生4100      280   91    87    102   
9268  S5000     学生5000      280   91    83    106   
9269  S9168     学生9168      280   90    104   86    
9270  S6103     学生6103      280   88    102   90    
9271  S2471     学生2471      280   87    83    110   
9272  S4895     学生4895      280   85    117   78    
9273  S6233     学生6233      280   85    115   80    
9274  S7116     学生7116      280   82    110   88    
9275  S8133     学生8133      280   82    91    107   
9276  S6183     学生6183      280   78    61    141   
9277  S9701     学生9701      280   74    134   72    
9278  S7504     学生7504      280   73    89    118   
9279  S9110     学生9110      280   67    98    115   
9280  S4641     学生4641      280   63    82    135   
9281  S6696     学生6696      280   62    122   96    
9282  S8510     学生8510      280   61    107   112   
9283  S2278     学生2278      280   61    97    122   
9284  S4729     学生4729      279   127   72    80    
9285  S1550     学生1550      279   111   93    75    
9286  S8415     学生8415      279   109   73    97    
9287  S3075     学生3075      279   109   71    99    
9288  S4456     学生4456      279   108   88    83    
9289  S6197     学生6197      279   108   78    93    
9290  S2737     学生2737      279   108   75    96    
9291  S3187     学生3187      279   105   85    89    
9292  S2527     学生2527      279   102   83    94    
9293  S6580     学生6580      279   101   121   57    
9294  S8655     学生8655      279   98    92    89    
9295  S3843     学生3843      279   97    87    95    
9296  S6602     学生6602      279   96    75    108   
9297  S7591     学生7591      279   95    114   70    
9298  S1825     学生1825      279   94    118   67    
9299  S9753     学生9753      279   94    96    89    
9300  S5283     学生5283      279   91    103   85    
9301  S5747     学生5747      279   89    66    124   
9302  S8920     学生8920      279   88    112   79    
9303  S6439     学生6439      279   87    93    99    
9304  S4619     学生4619      279   87    89    103   
9305  S6315     学生6315      279   86    92    101   
9306  S1506     学生1506      279   83    110   86    
9307  S8923     学生8923      279   83    90    106   
9308  S1928     学生1928      279   82    86    111   
9309  S0814     学生814       279   78    89    112   
9310  S0892     学生892       279   78    81    120   
9311  S0448     学生448       279   76    106   97    
9312  S1541     学生1541      279   76    97    106   
9313  S1916     学生1916      279   76    91    112   
9314  S3608     学生3608      279   73    111   95    
9315  S0995     学生995       279   72    113   94    
9316  S1957     学生1957      279   69    75    135   
9317  S9649     学生9649      279   68    95    116   
9318  S4561     学生4561      279   63    130   86    
9319  S7580     学生7580      279   59    104   116   
9320  S5884     学生5884      278   134   55    89    
9321  S6488     学生6488      278   130   106   42    
9322  S0940     学生940       278   122   95    61    
9323  S0167     学生167       278   117   85    76    
9324  S5203     学生5203      278   117   59    102   
9325  S3765     学生3765      278   116   115   47    
9326  S5869     学生5869      278   113   98    67    
9327  S4869     学生4869      278   110   93    75    
9327  S5246     学生5246      278   110   93    75    
9329  S6390     学生6390      278   110   87    81    
9330  S9130     学生9130      278   108   91    79    
9331  S4334     学生4334      278   108   73    97    
9332  S7464     学生7464      278   105   110   63    
9333  S6467     学生6467      278   103   99    76    
9334  S4492     学生4492      278   103   90    85    
9335  S7911     学生7911      278   98    109   71    
9336  S5050     学生5050      278   97    106   75    
9337  S2158     学生2158      278   96    97    85    
9338  S4357     学生4357      278   96    87    95    
9339  S8436     学生8436      278   95    98    85    
9340  S2716     学生2716      278   94    94    90    
9341  S3618     学生3618      278   92    88    98    
9342  S3808     学生3808      278   90    102   86    
9343  S3501     学生3501      278   89    103   86    
9344  S6306     学生6306      278   88    91    99    
9345  S7160     学生7160      278   87    102   89    
9346  S4640     学生4640      278   85    64    129   
9347  S1666     学生1666      278   83    108   87    
9348  S0289     学生289       278   81    92    105   
9349  S8631     学生8631      278   78    73    127   
9350  S6061     学生6061      278   77    88    113   
9351  S1718     学生1718      278   68    113   97    
9352  S9504     学生9504      278   68    100   110   
9353  S3473     学生3473      278   63    106   109   
9354  S8641     学生8641      278   58    114   106   
9355  S9758     学生9758      277   120   78    79    
9356  S6163     学生6163      277   120   55    102   
9357  S8060     学生8060      277   117   92    68    
9358  S4200     学生4200      277   115   107   55    
9359  S0065     学生65        277   113   76    88    
9360  S6326     学生6326      277   112   101   64    
9361  S6526     学生6526      277   112   76    89    
9362  S6810     学生6810      277   106   58    113   
9363  S5615     学生5615      277   105   73    99    
9364  S7219     学生7219      277   104   88    85    
9365  S5441     学生5441      277   104   84    89    
9366  S3737     学生3737      277   104   72    101   
9367  S7865     学生7865      277   98    93    86    
9368  S8396     学生8396      277   97    93    87    
9369  S5881     学生5881      277   96    81    100   
9370  S2473     学生2473      277   94    75    108   
9371  S4261     学生4261      277   92    82    103   
9372  S1738     学生1738      277   91    111   75    
9373  S1360     学生1360      277   85    80    112   
9374  S2420     学生2420      277   82    116   79    
9375  S7841     学生7841      277   76    118   83    
9376  S1117     学生1117      277   71    129   77    
9377  S3640     学生3640      277   68    79    130   
9378  S9468     学生9468      277   55    118   104   
9379  S4582     学生4582      276   142   74    60    
9380  S8924     学生8924      276   119   82    75    
9381  S2858     学生2858      276   113   46    117   
9382  S2256     学生2256      276   112   77    87    
9383  S0876     学生876       276   105   115   56    
9384  S5495     学生5495      276   104   85    87    
9385  S2442     学生2442      276   103   101   72    
9386  S8129     学生8129      276   103   65    108   
9387  S4725     学生4725      276   101   107   68    
9388  S7376     学生7376      276   100   82    94    
9389  S4818     学生4818      276   99    82    95    
9390  S9482     学生9482      276   98    124   54    
9391  S8869     学生8869      276   98    108   70    
9392  S4891     学生4891      276   98    91    87    
9393  S9788     学生9788      276   95    114   67    
9394  S0299     学生299       276   95    98    83    
9395  S4102     学生4102      276   95    90    91    
9396  S7608     学生7608      276   94    97    85    
9397  S7331     学生7331      276   94    88    94    
9398  S5767     学生5767      276   92    84    100   
9399  S0221     学生221       276   91    106   79    
9400  S4669     学生4669      276   91    90    95    
9401  S3329     学生3329      276   90    81    105   
9402  S8700     学生8700      276   89    113   74    
9403  S4014     学生4014      276   86    100   90    
9404  S9772     学生9772      276   84    110   82    
9405  S8459     学生8459      276   83    101   92    
9406  S4225     学生4225      276   83    78    115   
9407  S4422     学生4422      276   81    112   83    
9408  S4694     学生4694      276   81    94    101   
9409  S5731     学生5731      276   81    82    113   
9410  S8104     学生8104      276   80    86    110   
9411  S7655     学生7655      276   79    91    106   
9412  S9431     学生9431      276   79    79    118   
9413  S2489     学生2489      276   77    100   99    
9414  S4001     学生4001      276   74    101   101   
9415  S5953     学生5953      275   112   66    97    
9416  S7992     学生7992      275   110   77    88    
9417  S6324     学生6324      275   110   72    93    
9418  S2257     学生2257      275   109   71    95    
9419  S4620     学生4620      275   105   64    106   
9420  S9807     学生9807      275   103   83    89    
9421  S4825     学生4825      275   102   73    100   
9422  S3166     学生3166      275   101   114   60    
9423  S7823     学生7823      275   100   84    91    
9424  S3823     学生3823      275   98    83    94    
9425  S1003     学生1003      275   96    89    90    
9426  S9012     学生9012      275   91    104   80    
9427  S3280     学生3280      275   90    106   79    
9428  S1601     学生1601      275   90    93    92    
9429  S3602     学生3602      275   89    100   86    
9430  S9636     学生9636      275   87    73    115   
9431  S2928     学生2928      275   86    86    103   
9432  S8728     学生8728      275   86    82    107   
9433  S4187     学生4187      275   85    91    99    
9434  S2755     学生2755      275   84    84    107   
9435  S1366     学生1366      275   83    87    105   
9436  S4939     学生4939      275   82    109   84    
9437  S4156     学生4156      275   78    137   60    
9438  S9366     学生9366      275   74    87    114   
9439  S2394     学生2394      275   73    94    108   
9440  S7605     学生7605      275   66    132   77    
9441  S3193     学生3193      275   61    85    129   
9442  S6578     学生6578      275   58    109   108   
9443  S2517     学生2517      275   52    111   112   
9444  S8461     学生8461      274   119   80    75    
9445  S3179     学生3179      274   114   62    98    
9446  S1981     学生1981      274   108   119   47    
9447  S6563     学生6563      274   107   89    78    
9448  S9947     学生9947      274   106   68    100   
9449  S8855     学生8855      274   104   75    95    
9450  S0614     学生614       274   104   70    100   
9451  S7802     学生7802      274   100   87    87    
9452  S8441     学生8441      274   99    100   75    
9453  S2366     学生2366      274   96    96    82    
9454  S4865     学生4865      274   92    90    92    
9455  S1925     学生1925      274   92    83    99    
9456  S7859     学生7859      274   91    78    105   
9457  S1330     学生1330      274   88    81    105   
9458  S4478     学生4478      274   88    71    115   
9459  S9435     学生9435      274   87    72    115   
9460  S9294     学生9294      274   84    103   87    
9461  S4529     学生4529      274   83    85    106   
9462  S8983     学生8983      274   80    85    109   
9463  S6954     学生6954      274   78    96    100   
9464  S2708     学生2708      274   76    98    100   
9465  S9353     学生9353      274   73    119   82    
9466  S8839     学生8839      274   70    99    105   
9467  S5648     学生5648      273   124   88    61    
9468  S6983     学生6983      273   123   79    71    
9469  S4092     学生4092      273   118   84    71    
9470  S9999     学生9999      273   118   65    90    
9471  S3821     学生3821      273   116   86    71    
9472  S5810     学生5810      273   116   77    80    
9473  S9394     学生9394      273   112   74    87    
9474  S0145     学生145       273   111   69    93    
9475  S3369     学生3369      273   110   86    77    
9476  S7103     学生7103      273   110   84    79    
9477  S9029     学生9029      273   107   64    102   
9478  S7168     学生7168      273   105   106   62    
9479  S3463     学生3463      273   105   50    118   
9480  S1617     学生1617      273   102   73    98    
9481  S1680     学生1680      273   98    94    81    
9482  S7383     学生7383      273   95    122   56    
9483  S2760     学生2760      273   95    100   78    
9484  S0358     学生358       273   93    90    90    
9485  S4958     学生4958      273   91    86    96    
9486  S1123     学生1123      273   91    76    106   
9487  S9742     学生9742      273   87    68    118   
9488  S5469     学生5469      273   86    90    97    
9489  S6856     学生6856      273   85    101   87    
9490  S4046     学生4046      273   85    88    100   
9491  S6317     学生6317      273   84    97    92    
9492  S7516     学生7516      273   81    118   74    
9493  S7248     学生7248      273   79    98    96    
9494  S1930     学生1930      273   78    97    98    
9494  S4234     学生4234      273   78    97    98    
9496  S3381     学生3381      273   77    90    106   
9497  S8381     学生8381      273   76    96    101   
9498  S3503     学生3503      273   63    121   89    
9499  S9343     学生9343      273   61    106   106   
9500  S8767     学生8767      272   103   77    92    
9501  S8046     学生8046      272   98    95    79    
9502  S7422     学生7422      272   97    94    81    
9503  S3308     学生3308      272   93    69    110   
9504  S5655     学生5655      272   92    106   74    
9505  S3332     学生3332      272   92    89    91    
9506  S4925     学生4925      272   92    87    93    
9507  S4548     学生4548      272   91    108   73    
9508  S3185     学生3185      272   91    93    88    
9509  S1092     学生1092      272   90    110   72    
9510  S3721     学生3721      272   90    84    98    
9511  S7851     学生7851      272   89    85    98    
9512  S4033     学生4033      272   87    67    118   
9513  S6062     学生6062      272   87    66    119   
9514  S7951     学生7951      272   86    115   71    
9514  S0162     学生162       272   86    115   71    
9516  S4735     学生4735      272   86    107   79    
9517  S8624     学生8624      272   78    99    95    
9518  S2405     学生2405      272   78    75    119   
9519  S1671     学生1671      272   78    62    132   
9520  S8881     学生8881      272   77    89    106   
9521  S7748     学生7748      272   75    117   80    
9522  S6986     学生6986      272   72    105   95    
9523  S4368     学生4368      272   72    73    127   
9524  S4789     学生4789      272   59    106   107   
9525  S9792     学生9792      271   127   101   43    
9526  S0756     学生756       271   122   75    74    
9527  S2746     学生2746      271   121   69    81    
9528  S9500     学生9500      271   114   87    70    
9529  S9882     学生9882      271   107   88    76    
9530  S2630     学生2630      271   107   43    121   
9531  S7002     学生7002      271   104   112   55    
9532  S0110     学生110       271   104   94    73    
9533  S9681     学生9681      271   102   76    93    
9534  S3929     学生3929      271   100   69    102   
9535  S8716     学生8716      271   100   66    105   
9536  S4316     学生4316      271   99    90    82    
9537  S8475     学生8475      271   98    71    102   
9538  S0875     学生875       271   95    100   76    
9539  S9689     学生9689      271   94    93    84    
9540  S1378     学生1378      271   88    76    107   
9541  S2998     学生2998      271   86    74    111   
9542  S5993     学生5993      271   82    108   81    
9543  S1263     学生1263      271   82    90    99    
9544  S7494     学生7494      271   82    85    104   
9545  S8007     学生8007      271   80    90    101   
9546  S0472     学生472       271   79    97    95    
9547  S4218     学生4218      271   78    96    97    
9548  S8171     学生8171      271   78    68    125   
9549  S5089     学生5089      271   73    83    115   
9550  S0734     学生734       271   71    117   83    
9551  S4282     学生4282      271   69    89    113   
9552  S4746     学生4746      271   68    83    120   
9553  S5679     学生5679      271   66    101   104   
9553  S4682     学生4682      271   66    101   104   
9555  S6657     学生6657      271   62    119   90    
9556  S1987     学生1987      270   116   87    67    
9557  S2906     学生2906      270   107   90    73    
9558  S7589     学生7589      270   106   89    75    
9559  S3276     学生3276      270   105   101   64    
9560  S8895     学生8895      270   97    98    75    
9561  S2539     学生2539      270   91    65    114   
9562  S8029     学生8029      270   88    121   61    
9563  S6802     学生6802      270   83    96    91    
9564  S6514     学生6514      270   83    91    96    
9565  S8683     学生8683      270   82    104   84    
9566  S2029     学生2029      270   81    72    117   
9567  S2336     学生2336      270   79    115   76    
9568  S8873     学生8873      270   79    102   89    
9569  S8496     学生8496      270   75    82    113   
9570  S4461     学生4461      270   71    106   93    
9571  S1180     学生1180      270   71    98    101   
9572  S7087     学生7087      270   71    97    102   
9573  S6021     学生6021      270   70    101   99    
9574  S4800     学生4800      270   65    96    109   
9575  S1830     学生1830      270   62    121   87    
9576  S6827     学生6827      270   62    98    110   
9577  S6501     学生6501      270   57    86    127   
9578  S9829     学生9829      269   128   77    64    
9579  S0001     学生1         269   111   75    83    
9580  S9592     学生9592      269   111   72    86    
9581  S8713     学生8713      269   103   88    78    
9582  S5861     学生5861      269   102   114   53    
9583  S7583     学生7583      269   101   65    103   
9584  S4776     学生4776      269   100   120   49    
9585  S5964     学生5964      269   100   109   60    
9586  S5606     学生5606      269   97    82    90    
9587  S4457     学生4457      269   93    92    84    
9588  S4006     学生4006      269   90    76    103   
9589  S4536     学生4536      269   90    73    106   
9590  S8399     学生8399      269   88    82    99    
9591  S0309     学生309       269   87    99    83    
9591  S6683     学生6683      269   87    99    83    
9593  S9038     学生9038      269   80    102   87    
9594  S3991     学生3991      269   79    118   72    
9595  S0936     学生936       269   78    85    106   
9596  S5554     学生5554      269   74    91    104   
9597  S6304     学生6304      269   72    99    98    
9598  S8418     学生8418      269   70    100   99    
9599  S8603     学生8603      268   127   51    90    
9600  S2343     学生2343      268   114   74    80    
9601  S9813     学生9813      268   113   65    90    
9602  S7022     学生7022      268   111   94    63    
9603  S7101     学生7101      268   110   75    83    
9604  S6410     学生6410      268   109   93    66    
9605  S5757     学生5757      268   105   89    74    
9606  S7766     学生7766      268   105   61    102   
9607  S4383     学生4383      268   104   102   62    
9608  S5555     学生5555      268   102   85    81    
9609  S6303     学生6303      268   102   61    105   
9610  S0574     学生574       268   102   58    108   
9611  S5333     学生5333      268   101   56    111   
9612  S5984     学生5984      268   100   80    88    
9613  S6362     学生6362      268   100   74    94    
9614  S0455     学生455       268   100   62    106   
9615  S8051     学生8051      268   94    75    99    
9616  S4820     学生4820      268   93    117   58    
9617  S0578     学生578       268   93    111   64    
9618  S2163     学生2163      268   92    86    90    
9619  S6966     学生6966      268   91    93    84    
9620  S9505     学生9505      268   90    110   68    
9621  S0965     学生965       268   88    106   74    
9622  S9563     学生9563      268   87    90    91    
9623  S0823     学生823       268   87    84    97    
9624  S2519     学生2519      268   76    80    112   
9625  S9644     学生9644      268   75    115   78    
9626  S8314     学生8314      268   74    84    110   
9627  S5927     学生5927      268   67    96    105   
9628  S3507     学生3507      268   61    91    116   
9629  S2779     学生2779      268   55    129   84    
9630  S4797     学生4797      267   123   96    48    
9631  S2939     学生2939      267   121   77    69    
9632  S8506     学生8506      267   111   99    57    
9633  S3558     学生3558      267   110   76    81    
9634  S9098     学生9098      267   108   68    91    
9635  S7499     学生7499      267   102   70    95    
9636  S2518     学生2518      267   100   89    78    
9637  S7677     学生7677      267   98    71    98    
9638  S4473     学生4473      267   96    71    100   
9639  S7594     学生7594      267   94    94    79    
9640  S1923     学生1923      267   93    82    92    
9641  S7903     学生7903      267   93    75    99    
9642  S7305     学生7305      267   91    85    91    
9643  S2678     学生2678      267   90    100   77    
9644  S6924     学生6924      267   89    92    86    
9645  S5788     学生5788      267   89    75    103   
9646  S3562     学生3562      267   88    103   76    
9647  S2535     学生2535      267   86    120   61    
9648  S6189     学生6189      267   86    111   70    
9649  S9207     学生9207      267   86    86    95    
9650  S1201     学生1201      267   84    98    85    
9651  S8997     学生8997      267   75    110   82    
9652  S7223     学生7223      267   72    81    114   
9653  S4739     学生4739      267   71    110   86    
9653  S6415     学生6415      267   71    110   86    
9655  S1800     学生1800      267   70    103   94    
9656  S9266     学生9266      267   68    87    112   
9657  S0881     学生881       267   65    83    119   
9658  S1018     学生1018      267   64    88    115   
9659  S7816     学生7816      267   55    103   109   
9660  S4719     学生4719      267   49    107   111   
9661  S6308     学生6308      266   126   63    77    
9662  S9001     学生9001      266   100   70    96    
9663  S6738     学生6738      266   97    79    90    
9664  S1844     学生1844      266   97    67    102   
9665  S6225     学生6225      266   96    100   70    
9666  S5340     学生5340      266   95    93    78    
9667  S8653     学生8653      266   95    88    83    
9668  S2317     学生2317      266   95    85    86    
9669  S6251     学生6251      266   93    79    94    
9670  S1831     学生1831      266   92    84    90    
9671  S0380     学生380       266   89    85    92    
9672  S7239     学生7239      266   89    84    93    
9673  S3211     学生3211      266   88    63    115   
9674  S2433     学生2433      266   84    91    91    
9675  S9419     学生9419      266   83    106   77    
9676  S0410     学生410       266   81    54    131   
9677  S4874     学生4874      266   80    92    94    
9678  S1284     学生1284      266   80    82    104   
9679  S8558     学生8558      266   78    91    97    
9680  S0738     学生738       266   76    84    106   
9681  S2700     学生2700      266   73    108   85    
9682  S5913     学生5913      266   72    105   89    
9683  S9352     学生9352      265   117   69    79    
9684  S5044     学生5044      265   114   79    72    
9685  S8511     学生8511      265   105   103   57    
9686  S3003     学生3003      265   105   98    62    
9687  S4075     学生4075      265   101   88    76    
9688  S4521     学生4521      265   101   87    77    
9689  S7637     学生7637      265   97    85    83    
9690  S5033     学生5033      265   90    97    78    
9691  S5837     学生5837      265   88    119   58    
9692  S0037     学生37        265   88    83    94    
9693  S7380     学生7380      265   88    70    107   
9694  S3542     学生3542      265   87    112   66    
9695  S3898     学生3898      265   87    109   69    
9696  S3322     学生3322      265   85    123   57    
9697  S2251     学生2251      265   85    97    83    
9698  S8803     学生8803      265   81    108   76    
9699  S0257     学生257       265   81    98    86    
9700  S6850     学生6850      265   78    94    93    
9701  S5173     学生5173      265   74    114   77    
9702  S3405     学生3405      265   72    83    110   
9703  S7485     学生7485      265   71    112   82    
9704  S1539     学生1539      265   71    103   91    
9705  S2350     学生2350      265   67    127   71    
9706  S7332     学生7332      265   64    90    111   
9707  S6516     学生6516      265   61    95    109   
9708  S8831     学生8831      264   127   99    38    
9709  S7057     学生7057      264   109   85    70    
9710  S3981     学生3981      264   105   82    77    
9711  S9193     学生9193      264   105   81    78    
9712  S0189     学生189       264   96    84    84    
9713  S5335     学生5335      264   95    91    78    
9714  S7208     学生7208      264   84    71    109   
9715  S3797     学生3797      264   79    116   69    
9716  S0582     学生582       264   74    112   78    
9717  S1174     学生1174      264   60    114   90    
9718  S0468     学生468       263   123   68    72    
9719  S2057     学生2057      263   117   110   36    
9720  S0948     学生948       263   112   73    78    
9721  S1194     学生1194      263   105   78    80    
9722  S5544     学生5544      263   101   99    63    
9723  S6150     学生6150      263   97    62    104   
9724  S0693     学生693       263   96    103   64    
9725  S2507     学生2507      263   96    83    84    
9726  S9844     学生9844      263   92    83    88    
9727  S6250     学生6250      263   87    83    93    
9728  S0109     学生109       263   86    70    107   
9729  S2201     学生2201      263   81    111   71    
9730  S7263     学生7263      263   81    76    106   
9731  S4543     学生4543      263   80    91    92    
9732  S7967     学生7967      263   80    86    97    
9733  S7293     学生7293      263   79    109   75    
9734  S0841     学生841       263   78    101   84    
9735  S7234     学生7234      263   78    96    89    
9736  S8945     学生8945      263   77    115   71    
9737  S3752     学生3752      263   73    94    96    
9738  S2289     学生2289      263   73    92    98    
9739  S0836     学生836       263   64    99    100   
9740  S9569     学生9569      262   120   73    69    
9741  S4396     学生4396      262   113   47    102   
9742  S0683     学生683       262   101   68    93    
9743  S4724     学生4724      262   101   59    102   
9744  S9553     学生9553      262   94    89    79    
9745  S3715     学生3715      262   93    79    90    
9746  S2111     学生2111      262   91    86    85    
9747  S3367     学生3367      262   88    101   73    
9748  S6450     学生6450      262   88    90    84    
9749  S6589     学生6589      262   85    80    97    
9750  S1582     学生1582      262   83    73    106   
9751  S0980     学生980       262   82    73    107   
9752  S4115     学生4115      262   81    86    95    
9753  S2150     学生2150      262   79    104   79    
9754  S4897     学生4897      262   77    86    99    
9755  S8973     学生8973      262   74    89    99    
9756  S9842     学生9842      262   69    109   84    
9757  S4890     学生4890      262   51    112   99    
9758  S8711     学生8711      261   129   86    46    
9759  S1727     学生1727      261   116   91    54    
9760  S7777     学生7777      261   116   74    71    
9761  S7276     学生7276      261   104   88    69    
9762  S7151     学生7151      261   98    88    75    
9763  S7649     学生7649      261   98    83    80    
9764  S9512     学生9512      261   94    85    82    
9765  S9088     学生9088      261   94    77    90    
9766  S3108     学生3108      261   86    96    79    
9767  S8340     学生8340      261   73    105   83    
9768  S0364     学生364       261   70    101   90    
9769  S7107     学生7107      261   70    100   91    
9770  S8226     学生8226      261   67    74    120   
9771  S3254     学生3254      261   62    90    109   
9772  S1914     学生1914      261   58    109   94    
9773  S9303     学生9303      261   57    106   98    
9774  S4338     学生4338      260   113   69    78    
9775  S2352     学生2352      260   107   82    71    
9776  S4125     学生4125      260   98    87    75    
9777  S0256     学生256       260   98    84    78    
9778  S0019     学生19        260   98    58    104   
9779  S4467     学生4467      260   97    67    96    
9780  S4230     学生4230      260   93    94    73    
9781  S3560     学生3560      260   91    99    70    
9782  S1588     学生1588      260   83    76    101   
9783  S7463     学生7463      260   83    71    106   
9784  S3757     学生3757      260   74    73    113   
9785  S1698     学生1698      260   68    102   90    
9786  S2171     学生2171      260   61    107   92    
9787  S6944     学生6944      260   56    108   96    
9788  S1213     学生1213      259   112   84    63    
9789  S1689     学生1689      259   107   69    83    
9790  S3977     学生3977      259   100   84    75    
9791  S4128     学生4128      259   99    96    64    
9792  S8113     学生8113      259   98    95    66    
9793  S4988     学生4988      259   91    77    91    
9794  S5241     学生5241      259   89    88    82    
9795  S8860     学生8860      259   88    91    80    
9796  S4135     学生4135      259   87    73    99    
9797  S3449     学生3449      259   87    71    101   
9798  S3748     学生3748      259   78    103   78    
9799  S6727     学生6727      258   105   106   47    
9800  S0417     学生417       258   104   71    83    
9801  S9657     学生9657      258   99    105   54    
9802  S8353     学生8353      258   95    115   48    
9803  S3624     学生3624      258   94    86    78    
9804  S5262     学生5262      258   88    92    78    
9805  S1664     学生1664      258   88    81    89    
9806  S7169     学生7169      258   86    82    90    
9807  S6718     学生6718      258   85    75    98    
9808  S0771     学生771       258   84    102   72    
9809  S5713     学生5713      258   80    100   78    
9810  S2413     学生2413      258   60    97    101   
9811  S9503     学生9503      257   100   88    69    
9812  S8669     学生8669      257   95    63    99    
9813  S3355     学生3355      257   87    79    91    
9814  S7418     学生7418      257   85    95    77    
9815  S8608     学生8608      257   85    81    91    
9816  S8358     学生8358      257   83    127   47    
9817  S7401     学生7401      257   83    83    91    
9818  S7633     学生7633      257   81    109   67    
9819  S9779     学生9779      257   80    62    115   
9820  S6904     学生6904      257   76    90    91    
9821  S7546     学生7546      257   73    109   75    
9822  S7193     学生7193      257   55    101   101   
9823  S3718     学生3718      257   53    102   102   
9824  S1324     学生1324      256   106   94    56    
9825  S4753     学生4753      256   101   91    64    
9826  S2097     学生2097      256   98    64    94    
9827  S1318     学生1318      256   91    82    83    
9828  S3851     学生3851      256   89    83    84    
9829  S7943     学生7943      256   89    81    86    
9830  S7640     学生7640      256   88    98    70    
9831  S2318     学生2318      256   85    71    100   
9832  S1866     学生1866      256   76    89    91    
9833  S0791     学生791       256   73    90    93    
9834  S0703     学生703       256   67    91    98    
9835  S5765     学生5765      256   67    73    116   
9836  S3474     学生3474      256   65    94    97    
9837  S2248     学生2248      256   60    107   89    
9838  S3497     学生3497      256   58    101   97    
9839  S2642     学生2642      255   124   62    69    
9840  S0809     学生809       255   107   54    94    
9841  S2585     学生2585      255   103   49    103   
9842  S0117     学生117       255   102   74    79    
9843  S1072     学生1072      255   101   97    57    
9844  S7739     学生7739      255   95    86    74    
9845  S8097     学生8097      255   94    94    67    
9846  S7719     学生7719      255   88    85    82    
9847  S2081     学生2081      255   86    74    95    
9848  S5516     学生5516      255   81    83    91    
9849  S7848     学生7848      255   78    97    80    
9850  S3246     学生3246      255   74    92    89    
9851  S6385     学生6385      255   69    99    87    
9852  S1986     学生1986      255   66    97    92    
9853  S2890     学生2890      255   65    89    101   
9854  S3941     学生3941      255   51    104   100   
9855  S8264     学生8264      254   105   96    53    
9856  S1674     学生1674      254   87    102   65    
9857  S9789     学生9789      254   85    63    106   
9858  S5174     学生5174      254   82    91    81    
9859  S2272     学生2272      254   80    92    82    
9860  S5739     学生5739      254   77    88    89    
9861  S1306     学生1306      254   67    88    99    
9862  S1558     学生1558      254   64    71    119   
9863  S0030     学生30        253   108   72    73    
9864  S1171     学生1171      253   102   56    95    
9865  S9449     学生9449      253   101   88    64    
9866  S3395     学生3395      253   101   68    84    
9867  S3891     学生3891      253   101   67    85    
9868  S9475     学生9475      253   96    73    84    
9869  S5610     学生5610      253   89    85    79    
9870  S1088     学生1088      253   84    72    97    
9871  S9181     学生9181      253   77    82    94    
9872  S0766     学生766       253   72    100   81    
9873  S8204     学生8204      253   65    123   65    
9874  S0628     学生628       253   61    74    118   
9875  S7209     学生7209      252   78    101   73    
9876  S4120     学生4120      252   74    107   71    
9877  S0988     学生988       252   73    61    118   
9878  S0526     学生526       252   71    82    99    
9879  S6196     学生6196      252   71    81    100   
9880  S4594     学生4594      252   58    98    96    
9881  S1340     学生1340      252   53    77    122   
9882  S0327     学生327       251   103   81    67    
9883  S9963     学生9963      251   100   94    57    
9884  S6228     学生6228      251   96    69    86    
9885  S3235     学生3235      251   94    93    64    
9886  S8063     学生8063      251   93    60    98    
9887  S4159     学生4159      251   91    59    101   
9888  S2040     学生2040      251   89    81    81    
9889  S8472     学生8472      251   85    62    104   
9890  S6634     学生6634      251   84    85    82    
9891  S3335     学生3335      251   50    93    108   
9892  S9115     学生9115      250   102   65    83    
9893  S2857     学生2857      250   99    67    84    
9894  S3038     学生3038      250   93    82    75    
9895  S5840     学生5840      250   68    114   68    
9896  S1186     学生1186      249   93    82    74    
9897  S3662     学生3662      249   91    82    76    
9898  S2268     学生2268      249   91    71    87    
9899  S6006     学生6006      249   87    102   60    
9900  S6523     学生6523      249   84    92    73    
9901  S1081     学生1081      249   84    85    80    
9902  S2543     学生2543      249   81    79    89    
9903  S3059     学生3059      249   72    92    85    
9904  S0179     学生179       249   70    57    122   
9905  S9299     学生9299      249   48    76    125   
9906  S0134     学生134       249   41    123   85    
9907  S7568     学生7568      248   103   80    65    
9908  S5721     学生5721      248   101   81    66    
9909  S5975     学生5975      248   87    80    81    
9910  S5328     学生5328      248   76    68    104   
9911  S6265     学生6265      248   55    90    103   
9912  S3617     学生3617      247   112   46    89    
9913  S7902     学生7902      247   107   88    52    
9914  S3471     学生3471      247   78    83    86    
9915  S5915     学生5915      247   76    78    93    
9916  S7639     学生7639      247   67    106   74    
9917  S3924     学生3924      247   60    72    115   
9918  S4788     学生4788      246   117   71    58    
9919  S2470     学生2470      246   105   78    63    
9920  S8747     学生8747      246   89    93    64    
9921  S2657     学生2657      246   74    53    119   
9922  S7389     学生7389      246   70    95    81    
9923  S5766     学生5766      245   108   70    67    
9924  S4763     学生4763      245   91    61    93    
9925  S6246     学生6246      245   86    81    78    
9926  S8937     学生8937      245   82    85    78    
9927  S0251     学生251       245   70    103   72    
9928  S0889     学生889       245   53    84    108   
9929  S3489     学生3489      244   105   82    57    
9930  S4393     学生4393      244   103   79    62    
9931  S5251     学生5251      244   93    57    94    
9932  S1621     学生1621      244   76    80    88    
9933  S1166     学生1166      244   75    93    76    
9934  S5189     学生5189      244   73    99    72    
9935  S4448     学生4448      244   72    55    117   
9936  S6843     学生6843      244   58    98    88    
9937  S1356     学生1356      243   103   110   30    
9938  S1891     学生1891      243   98    80    65    
9939  S6752     学生6752      243   72    94    77    
9940  S3880     学生3880      243   67    92    84    
9941  S3680     学生3680      243   55    106   82    
9942  S5989     学生5989      243   47    93    103   
9943  S1877     学生1877      242   111   74    57    
9944  S5352     学生5352      242   97    68    77    
9945  S6692     学生6692      242   90    81    71    
9946  S8233     学生8233      242   88    76    78    
9947  S9507     学生9507      242   82    69    91    
9948  S8651     学生8651      242   76    75    91    
9949  S9799     学生9799      242   66    48    128   
9950  S5907     学生5907      241   70    100   71    
9951  S6392     学生6392      240   79    83    78    
9952  S5168     学生5168      240   65    76    99    
9953  S4942     学生4942      239   97    102   40    
9954  S3170     学生3170      239   85    87    67    
9955  S5417     学生5417      239   76    72    91    
9956  S1176     学生1176      239   75    64    100   
9957  S7905     学生7905      239   63    85    91    
9958  S3817     学生3817      238   87    81    70    
9959  S1260     学生1260      238   86    75    77    
9960  S3282     学生3282      238   74    71    93    
9961  S9719     学生9719      238   72    89    77    
9962  S3874     学生3874      237   92    40    105   
9963  S6812     学生6812      237   90    56    91    
9964  S1699     学生1699      237   86    97    54    
9965  S3773     学生3773      237   69    69    99    
9966  S8939     学生8939      236   102   63    71    
9967  S0654     学生654       236   91    65    80    
9968  S1785     学生1785      236   66    59    111   
9969  S4499     学生4499      235   105   86    44    
9970  S1901     学生1901      235   81    77    77    
9971  S0862     学生862       235   80    66    89    
9972  S4630     学生4630      235   77    65    93    
9973  S7186     学生7186      235   75    109   51    
9974  S1484     学生1484      233   73    63    97    
9975  S3078     学生3078      232   95    78    59    
9976  S4685     学生4685      232   78    78    76    
9977  S5395     学生5395      232   60    89    83    
9978  S2499     学生2499      231   78    95    58    
9979  S2562     学生2562      231   42    73    116   
9980  S4752     学生4752      230   89    80    61    
9981  S4319     学生4319      230   42    89    99    
9982  S4589     学生4589      229   69    58    102   
9983  S5121     学生5121      228   91    83    54    
9984  S6116     学生6116      228   69    80    79    
9985  S0124     学生124       228   62    87    79    
9986  S1640     学生1640      227   104   38    85    
9987  S7783     学生7783      227   102   61    64    
9988  S9404     学生9404      227   82    64    81    
9989  S8731     学生8731      226   68    89    69    
9990  S2749     学生2749      225   68    71    86    
9991  S9204     学生9204      223   45    59    119   
9992  S0760     学生760       222   78    79    65    
9993  S4158     学生4158      216   54    74    88    
9994  S2252     学生2252      215   64    68    83    
9995  S1600     学生1600      213   51    85    77    
9996  S3192     学生3192      209   66    71    72    
9997  S1632     学生1632      207   86    78    43    
9998  S6205     学生6205      205   84    67    54    
9999  S3016     学生3016      205   67    78    60    
10000 S7256     学生7256      205   65    70    70    
