Copyright 1986-2016 Xilinx, Inc. All Rights Reserved.
-----------------------------------------------------------------------------------------------------------------------------------------------
| Tool Version : Vivado v.2016.2 (win64) Build 1577090 Thu Jun  2 16:32:40 MDT 2016
| Date         : Fri Jul 11 01:39:07 2025
| Host         : LAPTOP-V0AHCU9H running 64-bit major release  (build 9200)
| Command      : report_timing_summary -warn_on_violation -max_paths 10 -file top_timing_summary_routed.rpt -rpx top_timing_summary_routed.rpx
| Design       : top
| Device       : 7a100t-csg324
| Speed File   : -1  PRODUCTION 1.14 2014-09-11
-----------------------------------------------------------------------------------------------------------------------------------------------

Timing Summary Report

------------------------------------------------------------------------------------------------
| Timer Settings
| --------------
------------------------------------------------------------------------------------------------

  Enable Multi Corner Analysis               :  Yes
  Enable Pessimism Removal                   :  Yes
  Pessimism Removal Resolution               :  Nearest Common Node
  Enable Input Delay Default Clock           :  No
  Enable Preset / Clear Arcs                 :  No
  Disable Flight Delays                      :  No
  Ignore I/O Paths                           :  No
  Timing Early Launch at Borrowing Latches   :  false

  Corner  Analyze    Analyze    
  Name    Max Paths  Min Paths  
  ------  ---------  ---------  
  Slow    Yes        Yes        
  Fast    Yes        Yes        



check_timing report

Table of Contents
-----------------
1. checking no_clock
2. checking constant_clock
3. checking pulse_width_clock
4. checking unconstrained_internal_endpoints
5. checking no_input_delay
6. checking no_output_delay
7. checking multiple_clock
8. checking generated_clocks
9. checking loops
10. checking partial_input_delay
11. checking partial_output_delay
12. checking latch_loops

1. checking no_clock
--------------------
 There are 3589 register/latch pins with no clock driven by root clock pin: divider_inst/clk_out_reg/C (HIGH)

 There are 3 register/latch pins with no clock driven by root clock pin: print/cnt_reg[14]/C (HIGH)


2. checking constant_clock
--------------------------
 There are 0 register/latch pins with constant_clock.


3. checking pulse_width_clock
-----------------------------
 There are 0 register/latch pins which need pulse_width check


4. checking unconstrained_internal_endpoints
--------------------------------------------
 There are 17933 pins that are not constrained for maximum delay. (HIGH)

 There are 0 pins that are not constrained for maximum delay due to constant clock.


5. checking no_input_delay
--------------------------
 There are 0 input ports with no input delay specified.

 There are 0 input ports with no input delay but user has a false path constraint.


6. checking no_output_delay
---------------------------
 There are 0 ports with no output delay specified.

 There are 0 ports with no output delay but user has a false path constraint

 There are 0 ports with no output delay but with a timing clock defined on it or propagating through it


7. checking multiple_clock
--------------------------
 There are 0 register/latch pins with multiple clocks.


8. checking generated_clocks
----------------------------
 There are 0 generated clocks that are not connected to a clock source.


9. checking loops
-----------------
 There are 0 combinational loops in the design.


10. checking partial_input_delay
--------------------------------
 There are 0 input ports with partial input delay specified.


11. checking partial_output_delay
---------------------------------
 There are 0 ports with partial output delay specified.


12. checking latch_loops
------------------------
 There are 0 combinational latch loops in the design through latch input



------------------------------------------------------------------------------------------------
| Design Timing Summary
| ---------------------
------------------------------------------------------------------------------------------------

    WNS(ns)      TNS(ns)  TNS Failing Endpoints  TNS Total Endpoints      WHS(ns)      THS(ns)  THS Failing Endpoints  THS Total Endpoints     WPWS(ns)     TPWS(ns)  TPWS Failing Endpoints  TPWS Total Endpoints  
    -------      -------  ---------------------  -------------------      -------      -------  ---------------------  -------------------     --------     --------  ----------------------  --------------------  
     73.822        0.000                      0                  181        0.263        0.000                      0                  181       43.500        0.000                       0                    88  


All user specified timing constraints are met.


------------------------------------------------------------------------------------------------
| Clock Summary
| -------------
------------------------------------------------------------------------------------------------

Clock    Waveform(ns)       Period(ns)      Frequency(MHz)
-----    ------------       ----------      --------------
clk_pin  {0.000 44.000}     88.000          11.364          


------------------------------------------------------------------------------------------------
| Intra Clock Table
| -----------------
------------------------------------------------------------------------------------------------

Clock             WNS(ns)      TNS(ns)  TNS Failing Endpoints  TNS Total Endpoints      WHS(ns)      THS(ns)  THS Failing Endpoints  THS Total Endpoints     WPWS(ns)     TPWS(ns)  TPWS Failing Endpoints  TPWS Total Endpoints  
-----             -------      -------  ---------------------  -------------------      -------      -------  ---------------------  -------------------     --------     --------  ----------------------  --------------------  
clk_pin            74.213        0.000                      0                   94        0.263        0.000                      0                   94       43.500        0.000                       0                    88  


------------------------------------------------------------------------------------------------
| Inter Clock Table
| -----------------
------------------------------------------------------------------------------------------------

From Clock    To Clock          WNS(ns)      TNS(ns)  TNS Failing Endpoints  TNS Total Endpoints      WHS(ns)      THS(ns)  THS Failing Endpoints  THS Total Endpoints  
----------    --------          -------      -------  ---------------------  -------------------      -------      -------  ---------------------  -------------------  


------------------------------------------------------------------------------------------------
| Other Path Groups Table
| -----------------------
------------------------------------------------------------------------------------------------

Path Group         From Clock         To Clock               WNS(ns)      TNS(ns)  TNS Failing Endpoints  TNS Total Endpoints      WHS(ns)      THS(ns)  THS Failing Endpoints  THS Total Endpoints  
----------         ----------         --------               -------      -------  ---------------------  -------------------      -------      -------  ---------------------  -------------------  
**async_default**  clk_pin            clk_pin                 73.822        0.000                      0                   87        1.248        0.000                      0                   87  


------------------------------------------------------------------------------------------------
| Timing Details
| --------------
------------------------------------------------------------------------------------------------


---------------------------------------------------------------------------------------------------
From Clock:  clk_pin
  To Clock:  clk_pin

Setup :            0  Failing Endpoints,  Worst Slack       74.213ns,  Total Violation        0.000ns
Hold  :            0  Failing Endpoints,  Worst Slack        0.263ns,  Total Violation        0.000ns
PW    :            0  Failing Endpoints,  Worst Slack       43.500ns,  Total Violation        0.000ns
---------------------------------------------------------------------------------------------------


Max Delay Paths
--------------------------------------------------------------------------------------
Slack (MET) :             74.213ns  (required time - arrival time)
  Source:                 print/o_seg_r_reg[3]/C
                            (rising edge-triggered cell FDPE clocked by clk_pin  {rise@0.000ns fall@44.000ns period=88.000ns})
  Destination:            o_seg[3]
                            (output port clocked by clk_pin  {rise@0.000ns fall@44.000ns period=88.000ns})
  Path Group:             clk_pin
  Path Type:              Max at Slow Process Corner
  Requirement:            88.000ns  (clk_pin rise@88.000ns - clk_pin rise@0.000ns)
  Data Path Delay:        8.330ns  (logic 4.006ns (48.094%)  route 4.324ns (51.906%))
  Logic Levels:           1  (OBUF=1)
  Output Delay:           0.000ns
  Clock Path Skew:        -5.422ns (DCD - SCD + CPR)
    Destination Clock Delay (DCD):    0.000ns = ( 88.000 - 88.000 ) 
    Source Clock Delay      (SCD):    5.422ns
    Clock Pessimism Removal (CPR):    0.000ns
  Clock Uncertainty:      0.035ns  ((TSJ^2 + TIJ^2)^1/2 + DJ) / 2 + PE
    Total System Jitter     (TSJ):    0.071ns
    Total Input Jitter      (TIJ):    0.000ns
    Discrete Jitter          (DJ):    0.000ns
    Phase Error              (PE):    0.000ns

    Location             Delay type                Incr(ns)  Path(ns)    Netlist Resource(s)
  -------------------------------------------------------------------    -------------------
                         (clock clk_pin rise edge)    0.000     0.000 r  
    E3                                                0.000     0.000 r  clk_in (IN)
                         net (fo=0)                   0.000     0.000    clk_in
    E3                   IBUF (Prop_ibuf_I_O)         1.482     1.482 r  clk_in_IBUF_inst/O
                         net (fo=1, routed)           2.025     3.506    clk_in_IBUF
    BUFGCTRL_X0Y16       BUFG (Prop_bufg_I_O)         0.096     3.602 r  clk_in_IBUF_BUFG_inst/O
                         net (fo=87, routed)          1.819     5.422    print/clk_in_IBUF_BUFG
    SLICE_X11Y42         FDPE                                         r  print/o_seg_r_reg[3]/C
  -------------------------------------------------------------------    -------------------
    SLICE_X11Y42         FDPE (Prop_fdpe_C_Q)         0.456     5.878 r  print/o_seg_r_reg[3]/Q
                         net (fo=1, routed)           4.324    10.201    o_seg_OBUF[3]
    K13                  OBUF (Prop_obuf_I_O)         3.550    13.752 r  o_seg_OBUF[3]_inst/O
                         net (fo=0)                   0.000    13.752    o_seg[3]
    K13                                                               r  o_seg[3] (OUT)
  -------------------------------------------------------------------    -------------------

                         (clock clk_pin rise edge)   88.000    88.000 r  
                         clock pessimism              0.000    88.000    
                         clock uncertainty           -0.035    87.965    
                         output delay                -0.000    87.965    
  -------------------------------------------------------------------
                         required time                         87.965    
                         arrival time                         -13.752    
  -------------------------------------------------------------------
                         slack                                 74.213    

Slack (MET) :             75.260ns  (required time - arrival time)
  Source:                 print/o_seg_r_reg[2]/C
                            (rising edge-triggered cell FDPE clocked by clk_pin  {rise@0.000ns fall@44.000ns period=88.000ns})
  Destination:            o_seg[2]
                            (output port clocked by clk_pin  {rise@0.000ns fall@44.000ns period=88.000ns})
  Path Group:             clk_pin
  Path Type:              Max at Slow Process Corner
  Requirement:            88.000ns  (clk_pin rise@88.000ns - clk_pin rise@0.000ns)
  Data Path Delay:        7.283ns  (logic 3.949ns (54.224%)  route 3.334ns (45.776%))
  Logic Levels:           1  (OBUF=1)
  Output Delay:           0.000ns
  Clock Path Skew:        -5.422ns (DCD - SCD + CPR)
    Destination Clock Delay (DCD):    0.000ns = ( 88.000 - 88.000 ) 
    Source Clock Delay      (SCD):    5.422ns
    Clock Pessimism Removal (CPR):    0.000ns
  Clock Uncertainty:      0.035ns  ((TSJ^2 + TIJ^2)^1/2 + DJ) / 2 + PE
    Total System Jitter     (TSJ):    0.071ns
    Total Input Jitter      (TIJ):    0.000ns
    Discrete Jitter          (DJ):    0.000ns
    Phase Error              (PE):    0.000ns

    Location             Delay type                Incr(ns)  Path(ns)    Netlist Resource(s)
  -------------------------------------------------------------------    -------------------
                         (clock clk_pin rise edge)    0.000     0.000 r  
    E3                                                0.000     0.000 r  clk_in (IN)
                         net (fo=0)                   0.000     0.000    clk_in
    E3                   IBUF (Prop_ibuf_I_O)         1.482     1.482 r  clk_in_IBUF_inst/O
                         net (fo=1, routed)           2.025     3.506    clk_in_IBUF
    BUFGCTRL_X0Y16       BUFG (Prop_bufg_I_O)         0.096     3.602 r  clk_in_IBUF_BUFG_inst/O
                         net (fo=87, routed)          1.819     5.422    print/clk_in_IBUF_BUFG
    SLICE_X11Y42         FDPE                                         r  print/o_seg_r_reg[2]/C
  -------------------------------------------------------------------    -------------------
    SLICE_X11Y42         FDPE (Prop_fdpe_C_Q)         0.456     5.878 r  print/o_seg_r_reg[2]/Q
                         net (fo=1, routed)           3.334     9.211    o_seg_OBUF[2]
    K16                  OBUF (Prop_obuf_I_O)         3.493    12.705 r  o_seg_OBUF[2]_inst/O
                         net (fo=0)                   0.000    12.705    o_seg[2]
    K16                                                               r  o_seg[2] (OUT)
  -------------------------------------------------------------------    -------------------

                         (clock clk_pin rise edge)   88.000    88.000 r  
                         clock pessimism              0.000    88.000    
                         clock uncertainty           -0.035    87.965    
                         output delay                -0.000    87.965    
  -------------------------------------------------------------------
                         required time                         87.965    
                         arrival time                         -12.705    
  -------------------------------------------------------------------
                         slack                                 75.260    

Slack (MET) :             75.314ns  (required time - arrival time)
  Source:                 print/o_seg_r_reg[6]/C
                            (rising edge-triggered cell FDPE clocked by clk_pin  {rise@0.000ns fall@44.000ns period=88.000ns})
  Destination:            o_seg[6]
                            (output port clocked by clk_pin  {rise@0.000ns fall@44.000ns period=88.000ns})
  Path Group:             clk_pin
  Path Type:              Max at Slow Process Corner
  Requirement:            88.000ns  (clk_pin rise@88.000ns - clk_pin rise@0.000ns)
  Data Path Delay:        7.229ns  (logic 3.993ns (55.240%)  route 3.236ns (44.760%))
  Logic Levels:           1  (OBUF=1)
  Output Delay:           0.000ns
  Clock Path Skew:        -5.422ns (DCD - SCD + CPR)
    Destination Clock Delay (DCD):    0.000ns = ( 88.000 - 88.000 ) 
    Source Clock Delay      (SCD):    5.422ns
    Clock Pessimism Removal (CPR):    0.000ns
  Clock Uncertainty:      0.035ns  ((TSJ^2 + TIJ^2)^1/2 + DJ) / 2 + PE
    Total System Jitter     (TSJ):    0.071ns
    Total Input Jitter      (TIJ):    0.000ns
    Discrete Jitter          (DJ):    0.000ns
    Phase Error              (PE):    0.000ns

    Location             Delay type                Incr(ns)  Path(ns)    Netlist Resource(s)
  -------------------------------------------------------------------    -------------------
                         (clock clk_pin rise edge)    0.000     0.000 r  
    E3                                                0.000     0.000 r  clk_in (IN)
                         net (fo=0)                   0.000     0.000    clk_in
    E3                   IBUF (Prop_ibuf_I_O)         1.482     1.482 r  clk_in_IBUF_inst/O
                         net (fo=1, routed)           2.025     3.506    clk_in_IBUF
    BUFGCTRL_X0Y16       BUFG (Prop_bufg_I_O)         0.096     3.602 r  clk_in_IBUF_BUFG_inst/O
                         net (fo=87, routed)          1.819     5.422    print/clk_in_IBUF_BUFG
    SLICE_X11Y41         FDPE                                         r  print/o_seg_r_reg[6]/C
  -------------------------------------------------------------------    -------------------
    SLICE_X11Y41         FDPE (Prop_fdpe_C_Q)         0.456     5.878 r  print/o_seg_r_reg[6]/Q
                         net (fo=1, routed)           3.236     9.113    o_seg_OBUF[6]
    L18                  OBUF (Prop_obuf_I_O)         3.537    12.651 r  o_seg_OBUF[6]_inst/O
                         net (fo=0)                   0.000    12.651    o_seg[6]
    L18                                                               r  o_seg[6] (OUT)
  -------------------------------------------------------------------    -------------------

                         (clock clk_pin rise edge)   88.000    88.000 r  
                         clock pessimism              0.000    88.000    
                         clock uncertainty           -0.035    87.965    
                         output delay                -0.000    87.965    
  -------------------------------------------------------------------
                         required time                         87.965    
                         arrival time                         -12.651    
  -------------------------------------------------------------------
                         slack                                 75.314    

Slack (MET) :             75.602ns  (required time - arrival time)
  Source:                 print/o_seg_r_reg[4]/C
                            (rising edge-triggered cell FDPE clocked by clk_pin  {rise@0.000ns fall@44.000ns period=88.000ns})
  Destination:            o_seg[4]
                            (output port clocked by clk_pin  {rise@0.000ns fall@44.000ns period=88.000ns})
  Path Group:             clk_pin
  Path Type:              Max at Slow Process Corner
  Requirement:            88.000ns  (clk_pin rise@88.000ns - clk_pin rise@0.000ns)
  Data Path Delay:        6.940ns  (logic 3.990ns (57.487%)  route 2.950ns (42.513%))
  Logic Levels:           1  (OBUF=1)
  Output Delay:           0.000ns
  Clock Path Skew:        -5.423ns (DCD - SCD + CPR)
    Destination Clock Delay (DCD):    0.000ns = ( 88.000 - 88.000 ) 
    Source Clock Delay      (SCD):    5.423ns
    Clock Pessimism Removal (CPR):    0.000ns
  Clock Uncertainty:      0.035ns  ((TSJ^2 + TIJ^2)^1/2 + DJ) / 2 + PE
    Total System Jitter     (TSJ):    0.071ns
    Total Input Jitter      (TIJ):    0.000ns
    Discrete Jitter          (DJ):    0.000ns
    Phase Error              (PE):    0.000ns

    Location             Delay type                Incr(ns)  Path(ns)    Netlist Resource(s)
  -------------------------------------------------------------------    -------------------
                         (clock clk_pin rise edge)    0.000     0.000 r  
    E3                                                0.000     0.000 r  clk_in (IN)
                         net (fo=0)                   0.000     0.000    clk_in
    E3                   IBUF (Prop_ibuf_I_O)         1.482     1.482 r  clk_in_IBUF_inst/O
                         net (fo=1, routed)           2.025     3.506    clk_in_IBUF
    BUFGCTRL_X0Y16       BUFG (Prop_bufg_I_O)         0.096     3.602 r  clk_in_IBUF_BUFG_inst/O
                         net (fo=87, routed)          1.820     5.423    print/clk_in_IBUF_BUFG
    SLICE_X11Y43         FDPE                                         r  print/o_seg_r_reg[4]/C
  -------------------------------------------------------------------    -------------------
    SLICE_X11Y43         FDPE (Prop_fdpe_C_Q)         0.456     5.879 r  print/o_seg_r_reg[4]/Q
                         net (fo=1, routed)           2.950     8.829    o_seg_OBUF[4]
    P15                  OBUF (Prop_obuf_I_O)         3.534    12.363 r  o_seg_OBUF[4]_inst/O
                         net (fo=0)                   0.000    12.363    o_seg[4]
    P15                                                               r  o_seg[4] (OUT)
  -------------------------------------------------------------------    -------------------

                         (clock clk_pin rise edge)   88.000    88.000 r  
                         clock pessimism              0.000    88.000    
                         clock uncertainty           -0.035    87.965    
                         output delay                -0.000    87.965    
  -------------------------------------------------------------------
                         required time                         87.965    
                         arrival time                         -12.363    
  -------------------------------------------------------------------
                         slack                                 75.602    

Slack (MET) :             75.822ns  (required time - arrival time)
  Source:                 print/o_seg_r_reg[5]/C
                            (rising edge-triggered cell FDPE clocked by clk_pin  {rise@0.000ns fall@44.000ns period=88.000ns})
  Destination:            o_seg[5]
                            (output port clocked by clk_pin  {rise@0.000ns fall@44.000ns period=88.000ns})
  Path Group:             clk_pin
  Path Type:              Max at Slow Process Corner
  Requirement:            88.000ns  (clk_pin rise@88.000ns - clk_pin rise@0.000ns)
  Data Path Delay:        6.721ns  (logic 4.017ns (59.761%)  route 2.705ns (40.239%))
  Logic Levels:           1  (OBUF=1)
  Output Delay:           0.000ns
  Clock Path Skew:        -5.422ns (DCD - SCD + CPR)
    Destination Clock Delay (DCD):    0.000ns = ( 88.000 - 88.000 ) 
    Source Clock Delay      (SCD):    5.422ns
    Clock Pessimism Removal (CPR):    0.000ns
  Clock Uncertainty:      0.035ns  ((TSJ^2 + TIJ^2)^1/2 + DJ) / 2 + PE
    Total System Jitter     (TSJ):    0.071ns
    Total Input Jitter      (TIJ):    0.000ns
    Discrete Jitter          (DJ):    0.000ns
    Phase Error              (PE):    0.000ns

    Location             Delay type                Incr(ns)  Path(ns)    Netlist Resource(s)
  -------------------------------------------------------------------    -------------------
                         (clock clk_pin rise edge)    0.000     0.000 r  
    E3                                                0.000     0.000 r  clk_in (IN)
                         net (fo=0)                   0.000     0.000    clk_in
    E3                   IBUF (Prop_ibuf_I_O)         1.482     1.482 r  clk_in_IBUF_inst/O
                         net (fo=1, routed)           2.025     3.506    clk_in_IBUF
    BUFGCTRL_X0Y16       BUFG (Prop_bufg_I_O)         0.096     3.602 r  clk_in_IBUF_BUFG_inst/O
                         net (fo=87, routed)          1.819     5.422    print/clk_in_IBUF_BUFG
    SLICE_X11Y42         FDPE                                         r  print/o_seg_r_reg[5]/C
  -------------------------------------------------------------------    -------------------
    SLICE_X11Y42         FDPE (Prop_fdpe_C_Q)         0.456     5.878 r  print/o_seg_r_reg[5]/Q
                         net (fo=1, routed)           2.705     8.582    o_seg_OBUF[5]
    T11                  OBUF (Prop_obuf_I_O)         3.561    12.143 r  o_seg_OBUF[5]_inst/O
                         net (fo=0)                   0.000    12.143    o_seg[5]
    T11                                                               r  o_seg[5] (OUT)
  -------------------------------------------------------------------    -------------------

                         (clock clk_pin rise edge)   88.000    88.000 r  
                         clock pessimism              0.000    88.000    
                         clock uncertainty           -0.035    87.965    
                         output delay                -0.000    87.965    
  -------------------------------------------------------------------
                         required time                         87.965    
                         arrival time                         -12.143    
  -------------------------------------------------------------------
                         slack                                 75.822    

Slack (MET) :             76.223ns  (required time - arrival time)
  Source:                 print/o_seg_r_reg[0]/C
                            (rising edge-triggered cell FDPE clocked by clk_pin  {rise@0.000ns fall@44.000ns period=88.000ns})
  Destination:            o_seg[0]
                            (output port clocked by clk_pin  {rise@0.000ns fall@44.000ns period=88.000ns})
  Path Group:             clk_pin
  Path Type:              Max at Slow Process Corner
  Requirement:            88.000ns  (clk_pin rise@88.000ns - clk_pin rise@0.000ns)
  Data Path Delay:        6.319ns  (logic 4.033ns (63.825%)  route 2.286ns (36.175%))
  Logic Levels:           1  (OBUF=1)
  Output Delay:           0.000ns
  Clock Path Skew:        -5.423ns (DCD - SCD + CPR)
    Destination Clock Delay (DCD):    0.000ns = ( 88.000 - 88.000 ) 
    Source Clock Delay      (SCD):    5.423ns
    Clock Pessimism Removal (CPR):    0.000ns
  Clock Uncertainty:      0.035ns  ((TSJ^2 + TIJ^2)^1/2 + DJ) / 2 + PE
    Total System Jitter     (TSJ):    0.071ns
    Total Input Jitter      (TIJ):    0.000ns
    Discrete Jitter          (DJ):    0.000ns
    Phase Error              (PE):    0.000ns

    Location             Delay type                Incr(ns)  Path(ns)    Netlist Resource(s)
  -------------------------------------------------------------------    -------------------
                         (clock clk_pin rise edge)    0.000     0.000 r  
    E3                                                0.000     0.000 r  clk_in (IN)
                         net (fo=0)                   0.000     0.000    clk_in
    E3                   IBUF (Prop_ibuf_I_O)         1.482     1.482 r  clk_in_IBUF_inst/O
                         net (fo=1, routed)           2.025     3.506    clk_in_IBUF
    BUFGCTRL_X0Y16       BUFG (Prop_bufg_I_O)         0.096     3.602 r  clk_in_IBUF_BUFG_inst/O
                         net (fo=87, routed)          1.820     5.423    print/clk_in_IBUF_BUFG
    SLICE_X11Y43         FDPE                                         r  print/o_seg_r_reg[0]/C
  -------------------------------------------------------------------    -------------------
    SLICE_X11Y43         FDPE (Prop_fdpe_C_Q)         0.456     5.879 r  print/o_seg_r_reg[0]/Q
                         net (fo=1, routed)           2.286     8.165    o_seg_OBUF[0]
    T10                  OBUF (Prop_obuf_I_O)         3.577    11.742 r  o_seg_OBUF[0]_inst/O
                         net (fo=0)                   0.000    11.742    o_seg[0]
    T10                                                               r  o_seg[0] (OUT)
  -------------------------------------------------------------------    -------------------

                         (clock clk_pin rise edge)   88.000    88.000 r  
                         clock pessimism              0.000    88.000    
                         clock uncertainty           -0.035    87.965    
                         output delay                -0.000    87.965    
  -------------------------------------------------------------------
                         required time                         87.965    
                         arrival time                         -11.742    
  -------------------------------------------------------------------
                         slack                                 76.223    

Slack (MET) :             76.358ns  (required time - arrival time)
  Source:                 print/o_seg_r_reg[1]/C
                            (rising edge-triggered cell FDPE clocked by clk_pin  {rise@0.000ns fall@44.000ns period=88.000ns})
  Destination:            o_seg[1]
                            (output port clocked by clk_pin  {rise@0.000ns fall@44.000ns period=88.000ns})
  Path Group:             clk_pin
  Path Type:              Max at Slow Process Corner
  Requirement:            88.000ns  (clk_pin rise@88.000ns - clk_pin rise@0.000ns)
  Data Path Delay:        6.184ns  (logic 4.011ns (64.871%)  route 2.172ns (35.129%))
  Logic Levels:           1  (OBUF=1)
  Output Delay:           0.000ns
  Clock Path Skew:        -5.423ns (DCD - SCD + CPR)
    Destination Clock Delay (DCD):    0.000ns = ( 88.000 - 88.000 ) 
    Source Clock Delay      (SCD):    5.423ns
    Clock Pessimism Removal (CPR):    0.000ns
  Clock Uncertainty:      0.035ns  ((TSJ^2 + TIJ^2)^1/2 + DJ) / 2 + PE
    Total System Jitter     (TSJ):    0.071ns
    Total Input Jitter      (TIJ):    0.000ns
    Discrete Jitter          (DJ):    0.000ns
    Phase Error              (PE):    0.000ns

    Location             Delay type                Incr(ns)  Path(ns)    Netlist Resource(s)
  -------------------------------------------------------------------    -------------------
                         (clock clk_pin rise edge)    0.000     0.000 r  
    E3                                                0.000     0.000 r  clk_in (IN)
                         net (fo=0)                   0.000     0.000    clk_in
    E3                   IBUF (Prop_ibuf_I_O)         1.482     1.482 r  clk_in_IBUF_inst/O
                         net (fo=1, routed)           2.025     3.506    clk_in_IBUF
    BUFGCTRL_X0Y16       BUFG (Prop_bufg_I_O)         0.096     3.602 r  clk_in_IBUF_BUFG_inst/O
                         net (fo=87, routed)          1.820     5.423    print/clk_in_IBUF_BUFG
    SLICE_X11Y43         FDPE                                         r  print/o_seg_r_reg[1]/C
  -------------------------------------------------------------------    -------------------
    SLICE_X11Y43         FDPE (Prop_fdpe_C_Q)         0.456     5.879 r  print/o_seg_r_reg[1]/Q
                         net (fo=1, routed)           2.172     8.051    o_seg_OBUF[1]
    R10                  OBUF (Prop_obuf_I_O)         3.555    11.606 r  o_seg_OBUF[1]_inst/O
                         net (fo=0)                   0.000    11.606    o_seg[1]
    R10                                                               r  o_seg[1] (OUT)
  -------------------------------------------------------------------    -------------------

                         (clock clk_pin rise edge)   88.000    88.000 r  
                         clock pessimism              0.000    88.000    
                         clock uncertainty           -0.035    87.965    
                         output delay                -0.000    87.965    
  -------------------------------------------------------------------
                         required time                         87.965    
                         arrival time                         -11.606    
  -------------------------------------------------------------------
                         slack                                 76.358    

Slack (MET) :             83.165ns  (required time - arrival time)
  Source:                 divider_inst/counter_reg[15]/C
                            (rising edge-triggered cell FDCE clocked by clk_pin  {rise@0.000ns fall@44.000ns period=88.000ns})
  Destination:            divider_inst/counter_reg[4]/D
                            (rising edge-triggered cell FDCE clocked by clk_pin  {rise@0.000ns fall@44.000ns period=88.000ns})
  Path Group:             clk_pin
  Path Type:              Setup (Max at Slow Process Corner)
  Requirement:            88.000ns  (clk_pin rise@88.000ns - clk_pin rise@0.000ns)
  Data Path Delay:        4.805ns  (logic 1.076ns (22.396%)  route 3.729ns (77.604%))
  Logic Levels:           5  (LUT3=1 LUT4=1 LUT5=1 LUT6=2)
  Clock Path Skew:        -0.026ns (DCD - SCD + CPR)
    Destination Clock Delay (DCD):    4.936ns = ( 92.936 - 88.000 ) 
    Source Clock Delay      (SCD):    5.238ns
    Clock Pessimism Removal (CPR):    0.276ns
  Clock Uncertainty:      0.035ns  ((TSJ^2 + TIJ^2)^1/2 + DJ) / 2 + PE
    Total System Jitter     (TSJ):    0.071ns
    Total Input Jitter      (TIJ):    0.000ns
    Discrete Jitter          (DJ):    0.000ns
    Phase Error              (PE):    0.000ns

    Location             Delay type                Incr(ns)  Path(ns)    Netlist Resource(s)
  -------------------------------------------------------------------    -------------------
                         (clock clk_pin rise edge)    0.000     0.000 r  
    E3                                                0.000     0.000 r  clk_in (IN)
                         net (fo=0)                   0.000     0.000    clk_in
    E3                   IBUF (Prop_ibuf_I_O)         1.482     1.482 r  clk_in_IBUF_inst/O
                         net (fo=1, routed)           2.025     3.506    clk_in_IBUF
    BUFGCTRL_X0Y16       BUFG (Prop_bufg_I_O)         0.096     3.602 r  clk_in_IBUF_BUFG_inst/O
                         net (fo=87, routed)          1.635     5.238    divider_inst/clk_in_IBUF_BUFG
    SLICE_X49Y97         FDCE                                         r  divider_inst/counter_reg[15]/C
  -------------------------------------------------------------------    -------------------
    SLICE_X49Y97         FDCE (Prop_fdce_C_Q)         0.456     5.694 f  divider_inst/counter_reg[15]/Q
                         net (fo=2, routed)           0.695     6.389    divider_inst/counter[15]
    SLICE_X49Y97         LUT4 (Prop_lut4_I0_O)        0.124     6.513 r  divider_inst/counter[31]_i_9/O
                         net (fo=1, routed)           0.403     6.916    divider_inst/counter[31]_i_9_n_0
    SLICE_X49Y96         LUT5 (Prop_lut5_I4_O)        0.124     7.040 r  divider_inst/counter[31]_i_7/O
                         net (fo=1, routed)           0.641     7.681    divider_inst/counter[31]_i_7_n_0
    SLICE_X49Y94         LUT6 (Prop_lut6_I5_O)        0.124     7.805 r  divider_inst/counter[31]_i_3/O
                         net (fo=1, routed)           0.574     8.380    divider_inst/counter[31]_i_3_n_0
    SLICE_X49Y98         LUT6 (Prop_lut6_I0_O)        0.124     8.504 r  divider_inst/counter[31]_i_2/O
                         net (fo=33, routed)          1.414     9.918    divider_inst/counter[31]_i_2_n_0
    SLICE_X49Y94         LUT3 (Prop_lut3_I0_O)        0.124    10.042 r  divider_inst/counter[4]_i_1/O
                         net (fo=1, routed)           0.000    10.042    divider_inst/counter_0[4]
    SLICE_X49Y94         FDCE                                         r  divider_inst/counter_reg[4]/D
  -------------------------------------------------------------------    -------------------

                         (clock clk_pin rise edge)   88.000    88.000 r  
    E3                                                0.000    88.000 r  clk_in (IN)
                         net (fo=0)                   0.000    88.000    clk_in
    E3                   IBUF (Prop_ibuf_I_O)         1.411    89.411 r  clk_in_IBUF_inst/O
                         net (fo=1, routed)           1.920    91.331    clk_in_IBUF
    BUFGCTRL_X0Y16       BUFG (Prop_bufg_I_O)         0.091    91.422 r  clk_in_IBUF_BUFG_inst/O
                         net (fo=87, routed)          1.513    92.936    divider_inst/clk_in_IBUF_BUFG
    SLICE_X49Y94         FDCE                                         r  divider_inst/counter_reg[4]/C
                         clock pessimism              0.276    93.212    
                         clock uncertainty           -0.035    93.176    
    SLICE_X49Y94         FDCE (Setup_fdce_C_D)        0.031    93.207    divider_inst/counter_reg[4]
  -------------------------------------------------------------------
                         required time                         93.207    
                         arrival time                         -10.042    
  -------------------------------------------------------------------
                         slack                                 83.165    

Slack (MET) :             83.179ns  (required time - arrival time)
  Source:                 divider_inst/counter_reg[15]/C
                            (rising edge-triggered cell FDCE clocked by clk_pin  {rise@0.000ns fall@44.000ns period=88.000ns})
  Destination:            divider_inst/counter_reg[23]/D
                            (rising edge-triggered cell FDCE clocked by clk_pin  {rise@0.000ns fall@44.000ns period=88.000ns})
  Path Group:             clk_pin
  Path Type:              Setup (Max at Slow Process Corner)
  Requirement:            88.000ns  (clk_pin rise@88.000ns - clk_pin rise@0.000ns)
  Data Path Delay:        4.679ns  (logic 1.076ns (22.996%)  route 3.603ns (77.004%))
  Logic Levels:           5  (LUT3=1 LUT4=1 LUT5=1 LUT6=2)
  Clock Path Skew:        -0.138ns (DCD - SCD + CPR)
    Destination Clock Delay (DCD):    4.920ns = ( 92.920 - 88.000 ) 
    Source Clock Delay      (SCD):    5.238ns
    Clock Pessimism Removal (CPR):    0.180ns
  Clock Uncertainty:      0.035ns  ((TSJ^2 + TIJ^2)^1/2 + DJ) / 2 + PE
    Total System Jitter     (TSJ):    0.071ns
    Total Input Jitter      (TIJ):    0.000ns
    Discrete Jitter          (DJ):    0.000ns
    Phase Error              (PE):    0.000ns

    Location             Delay type                Incr(ns)  Path(ns)    Netlist Resource(s)
  -------------------------------------------------------------------    -------------------
                         (clock clk_pin rise edge)    0.000     0.000 r  
    E3                                                0.000     0.000 r  clk_in (IN)
                         net (fo=0)                   0.000     0.000    clk_in
    E3                   IBUF (Prop_ibuf_I_O)         1.482     1.482 r  clk_in_IBUF_inst/O
                         net (fo=1, routed)           2.025     3.506    clk_in_IBUF
    BUFGCTRL_X0Y16       BUFG (Prop_bufg_I_O)         0.096     3.602 r  clk_in_IBUF_BUFG_inst/O
                         net (fo=87, routed)          1.635     5.238    divider_inst/clk_in_IBUF_BUFG
    SLICE_X49Y97         FDCE                                         r  divider_inst/counter_reg[15]/C
  -------------------------------------------------------------------    -------------------
    SLICE_X49Y97         FDCE (Prop_fdce_C_Q)         0.456     5.694 f  divider_inst/counter_reg[15]/Q
                         net (fo=2, routed)           0.695     6.389    divider_inst/counter[15]
    SLICE_X49Y97         LUT4 (Prop_lut4_I0_O)        0.124     6.513 r  divider_inst/counter[31]_i_9/O
                         net (fo=1, routed)           0.403     6.916    divider_inst/counter[31]_i_9_n_0
    SLICE_X49Y96         LUT5 (Prop_lut5_I4_O)        0.124     7.040 r  divider_inst/counter[31]_i_7/O
                         net (fo=1, routed)           0.641     7.681    divider_inst/counter[31]_i_7_n_0
    SLICE_X49Y94         LUT6 (Prop_lut6_I5_O)        0.124     7.805 r  divider_inst/counter[31]_i_3/O
                         net (fo=1, routed)           0.574     8.380    divider_inst/counter[31]_i_3_n_0
    SLICE_X49Y98         LUT6 (Prop_lut6_I0_O)        0.124     8.504 r  divider_inst/counter[31]_i_2/O
                         net (fo=33, routed)          1.289     9.793    divider_inst/counter[31]_i_2_n_0
    SLICE_X49Y100        LUT3 (Prop_lut3_I0_O)        0.124     9.917 r  divider_inst/counter[23]_i_1/O
                         net (fo=1, routed)           0.000     9.917    divider_inst/counter_0[23]
    SLICE_X49Y100        FDCE                                         r  divider_inst/counter_reg[23]/D
  -------------------------------------------------------------------    -------------------

                         (clock clk_pin rise edge)   88.000    88.000 r  
    E3                                                0.000    88.000 r  clk_in (IN)
                         net (fo=0)                   0.000    88.000    clk_in
    E3                   IBUF (Prop_ibuf_I_O)         1.411    89.411 r  clk_in_IBUF_inst/O
                         net (fo=1, routed)           1.920    91.331    clk_in_IBUF
    BUFGCTRL_X0Y16       BUFG (Prop_bufg_I_O)         0.091    91.422 r  clk_in_IBUF_BUFG_inst/O
                         net (fo=87, routed)          1.498    92.920    divider_inst/clk_in_IBUF_BUFG
    SLICE_X49Y100        FDCE                                         r  divider_inst/counter_reg[23]/C
                         clock pessimism              0.180    93.100    
                         clock uncertainty           -0.035    93.065    
    SLICE_X49Y100        FDCE (Setup_fdce_C_D)        0.031    93.096    divider_inst/counter_reg[23]
  -------------------------------------------------------------------
                         required time                         93.096    
                         arrival time                          -9.917    
  -------------------------------------------------------------------
                         slack                                 83.179    

Slack (MET) :             83.181ns  (required time - arrival time)
  Source:                 divider_inst/counter_reg[15]/C
                            (rising edge-triggered cell FDCE clocked by clk_pin  {rise@0.000ns fall@44.000ns period=88.000ns})
  Destination:            divider_inst/counter_reg[5]/D
                            (rising edge-triggered cell FDCE clocked by clk_pin  {rise@0.000ns fall@44.000ns period=88.000ns})
  Path Group:             clk_pin
  Path Type:              Setup (Max at Slow Process Corner)
  Requirement:            88.000ns  (clk_pin rise@88.000ns - clk_pin rise@0.000ns)
  Data Path Delay:        4.833ns  (logic 1.104ns (22.845%)  route 3.729ns (77.155%))
  Logic Levels:           5  (LUT3=1 LUT4=1 LUT5=1 LUT6=2)
  Clock Path Skew:        -0.026ns (DCD - SCD + CPR)
    Destination Clock Delay (DCD):    4.936ns = ( 92.936 - 88.000 ) 
    Source Clock Delay      (SCD):    5.238ns
    Clock Pessimism Removal (CPR):    0.276ns
  Clock Uncertainty:      0.035ns  ((TSJ^2 + TIJ^2)^1/2 + DJ) / 2 + PE
    Total System Jitter     (TSJ):    0.071ns
    Total Input Jitter      (TIJ):    0.000ns
    Discrete Jitter          (DJ):    0.000ns
    Phase Error              (PE):    0.000ns

    Location             Delay type                Incr(ns)  Path(ns)    Netlist Resource(s)
  -------------------------------------------------------------------    -------------------
                         (clock clk_pin rise edge)    0.000     0.000 r  
    E3                                                0.000     0.000 r  clk_in (IN)
                         net (fo=0)                   0.000     0.000    clk_in
    E3                   IBUF (Prop_ibuf_I_O)         1.482     1.482 r  clk_in_IBUF_inst/O
                         net (fo=1, routed)           2.025     3.506    clk_in_IBUF
    BUFGCTRL_X0Y16       BUFG (Prop_bufg_I_O)         0.096     3.602 r  clk_in_IBUF_BUFG_inst/O
                         net (fo=87, routed)          1.635     5.238    divider_inst/clk_in_IBUF_BUFG
    SLICE_X49Y97         FDCE                                         r  divider_inst/counter_reg[15]/C
  -------------------------------------------------------------------    -------------------
    SLICE_X49Y97         FDCE (Prop_fdce_C_Q)         0.456     5.694 f  divider_inst/counter_reg[15]/Q
                         net (fo=2, routed)           0.695     6.389    divider_inst/counter[15]
    SLICE_X49Y97         LUT4 (Prop_lut4_I0_O)        0.124     6.513 r  divider_inst/counter[31]_i_9/O
                         net (fo=1, routed)           0.403     6.916    divider_inst/counter[31]_i_9_n_0
    SLICE_X49Y96         LUT5 (Prop_lut5_I4_O)        0.124     7.040 r  divider_inst/counter[31]_i_7/O
                         net (fo=1, routed)           0.641     7.681    divider_inst/counter[31]_i_7_n_0
    SLICE_X49Y94         LUT6 (Prop_lut6_I5_O)        0.124     7.805 r  divider_inst/counter[31]_i_3/O
                         net (fo=1, routed)           0.574     8.380    divider_inst/counter[31]_i_3_n_0
    SLICE_X49Y98         LUT6 (Prop_lut6_I0_O)        0.124     8.504 r  divider_inst/counter[31]_i_2/O
                         net (fo=33, routed)          1.414     9.918    divider_inst/counter[31]_i_2_n_0
    SLICE_X49Y94         LUT3 (Prop_lut3_I0_O)        0.152    10.070 r  divider_inst/counter[5]_i_1/O
                         net (fo=1, routed)           0.000    10.070    divider_inst/counter_0[5]
    SLICE_X49Y94         FDCE                                         r  divider_inst/counter_reg[5]/D
  -------------------------------------------------------------------    -------------------

                         (clock clk_pin rise edge)   88.000    88.000 r  
    E3                                                0.000    88.000 r  clk_in (IN)
                         net (fo=0)                   0.000    88.000    clk_in
    E3                   IBUF (Prop_ibuf_I_O)         1.411    89.411 r  clk_in_IBUF_inst/O
                         net (fo=1, routed)           1.920    91.331    clk_in_IBUF
    BUFGCTRL_X0Y16       BUFG (Prop_bufg_I_O)         0.091    91.422 r  clk_in_IBUF_BUFG_inst/O
                         net (fo=87, routed)          1.513    92.936    divider_inst/clk_in_IBUF_BUFG
    SLICE_X49Y94         FDCE                                         r  divider_inst/counter_reg[5]/C
                         clock pessimism              0.276    93.212    
                         clock uncertainty           -0.035    93.176    
    SLICE_X49Y94         FDCE (Setup_fdce_C_D)        0.075    93.251    divider_inst/counter_reg[5]
  -------------------------------------------------------------------
                         required time                         93.251    
                         arrival time                         -10.070    
  -------------------------------------------------------------------
                         slack                                 83.181    





Min Delay Paths
--------------------------------------------------------------------------------------
Slack (MET) :             0.263ns  (arrival time - required time)
  Source:                 divider_inst/clk_out_reg/C
                            (rising edge-triggered cell FDCE clocked by clk_pin  {rise@0.000ns fall@44.000ns period=88.000ns})
  Destination:            divider_inst/clk_out_reg/D
                            (rising edge-triggered cell FDCE clocked by clk_pin  {rise@0.000ns fall@44.000ns period=88.000ns})
  Path Group:             clk_pin
  Path Type:              Hold (Min at Fast Process Corner)
  Requirement:            0.000ns  (clk_pin rise@0.000ns - clk_pin rise@0.000ns)
  Data Path Delay:        0.354ns  (logic 0.186ns (52.498%)  route 0.168ns (47.502%))
  Logic Levels:           1  (LUT3=1)
  Clock Path Skew:        0.000ns (DCD - SCD - CPR)
    Destination Clock Delay (DCD):    2.002ns
    Source Clock Delay      (SCD):    1.485ns
    Clock Pessimism Removal (CPR):    0.516ns

    Location             Delay type                Incr(ns)  Path(ns)    Netlist Resource(s)
  -------------------------------------------------------------------    -------------------
                         (clock clk_pin rise edge)    0.000     0.000 r  
    E3                                                0.000     0.000 r  clk_in (IN)
                         net (fo=0)                   0.000     0.000    clk_in
    E3                   IBUF (Prop_ibuf_I_O)         0.250     0.250 r  clk_in_IBUF_inst/O
                         net (fo=1, routed)           0.644     0.894    clk_in_IBUF
    BUFGCTRL_X0Y16       BUFG (Prop_bufg_I_O)         0.026     0.920 r  clk_in_IBUF_BUFG_inst/O
                         net (fo=87, routed)          0.566     1.485    divider_inst/clk_in_IBUF_BUFG
    SLICE_X49Y96         FDCE                                         r  divider_inst/clk_out_reg/C
  -------------------------------------------------------------------    -------------------
    SLICE_X49Y96         FDCE (Prop_fdce_C_Q)         0.141     1.626 r  divider_inst/clk_out_reg/Q
                         net (fo=2, routed)           0.168     1.795    divider_inst/clk_1hz
    SLICE_X49Y96         LUT3 (Prop_lut3_I2_O)        0.045     1.840 r  divider_inst/clk_out_i_1/O
                         net (fo=1, routed)           0.000     1.840    divider_inst/clk_out_i_1_n_0
    SLICE_X49Y96         FDCE                                         r  divider_inst/clk_out_reg/D
  -------------------------------------------------------------------    -------------------

                         (clock clk_pin rise edge)    0.000     0.000 r  
    E3                                                0.000     0.000 r  clk_in (IN)
                         net (fo=0)                   0.000     0.000    clk_in
    E3                   IBUF (Prop_ibuf_I_O)         0.438     0.438 r  clk_in_IBUF_inst/O
                         net (fo=1, routed)           0.699     1.136    clk_in_IBUF
    BUFGCTRL_X0Y16       BUFG (Prop_bufg_I_O)         0.029     1.165 r  clk_in_IBUF_BUFG_inst/O
                         net (fo=87, routed)          0.837     2.002    divider_inst/clk_in_IBUF_BUFG
    SLICE_X49Y96         FDCE                                         r  divider_inst/clk_out_reg/C
                         clock pessimism             -0.516     1.485    
    SLICE_X49Y96         FDCE (Hold_fdce_C_D)         0.091     1.576    divider_inst/clk_out_reg
  -------------------------------------------------------------------
                         required time                         -1.576    
                         arrival time                           1.840    
  -------------------------------------------------------------------
                         slack                                  0.263    

Slack (MET) :             0.268ns  (arrival time - required time)
  Source:                 print/cnt_reg[10]/C
                            (rising edge-triggered cell FDCE clocked by clk_pin  {rise@0.000ns fall@44.000ns period=88.000ns})
  Destination:            print/cnt_reg[10]/D
                            (rising edge-triggered cell FDCE clocked by clk_pin  {rise@0.000ns fall@44.000ns period=88.000ns})
  Path Group:             clk_pin
  Path Type:              Hold (Min at Fast Process Corner)
  Requirement:            0.000ns  (clk_pin rise@0.000ns - clk_pin rise@0.000ns)
  Data Path Delay:        0.373ns  (logic 0.252ns (67.478%)  route 0.121ns (32.522%))
  Logic Levels:           1  (CARRY4=1)
  Clock Path Skew:        0.000ns (DCD - SCD - CPR)
    Destination Clock Delay (DCD):    2.036ns
    Source Clock Delay      (SCD):    1.519ns
    Clock Pessimism Removal (CPR):    0.516ns

    Location             Delay type                Incr(ns)  Path(ns)    Netlist Resource(s)
  -------------------------------------------------------------------    -------------------
                         (clock clk_pin rise edge)    0.000     0.000 r  
    E3                                                0.000     0.000 r  clk_in (IN)
                         net (fo=0)                   0.000     0.000    clk_in
    E3                   IBUF (Prop_ibuf_I_O)         0.250     0.250 r  clk_in_IBUF_inst/O
                         net (fo=1, routed)           0.644     0.894    clk_in_IBUF
    BUFGCTRL_X0Y16       BUFG (Prop_bufg_I_O)         0.026     0.920 r  clk_in_IBUF_BUFG_inst/O
                         net (fo=87, routed)          0.600     1.519    print/clk_in_IBUF_BUFG
    SLICE_X0Y65          FDCE                                         r  print/cnt_reg[10]/C
  -------------------------------------------------------------------    -------------------
    SLICE_X0Y65          FDCE (Prop_fdce_C_Q)         0.141     1.660 r  print/cnt_reg[10]/Q
                         net (fo=1, routed)           0.121     1.782    print/cnt_reg_n_0_[10]
    SLICE_X0Y65          CARRY4 (Prop_carry4_S[2]_O[2])
                                                      0.111     1.893 r  print/cnt_reg[8]_i_1/O[2]
                         net (fo=1, routed)           0.000     1.893    print/cnt_reg[8]_i_1_n_5
    SLICE_X0Y65          FDCE                                         r  print/cnt_reg[10]/D
  -------------------------------------------------------------------    -------------------

                         (clock clk_pin rise edge)    0.000     0.000 r  
    E3                                                0.000     0.000 r  clk_in (IN)
                         net (fo=0)                   0.000     0.000    clk_in
    E3                   IBUF (Prop_ibuf_I_O)         0.438     0.438 r  clk_in_IBUF_inst/O
                         net (fo=1, routed)           0.699     1.136    clk_in_IBUF
    BUFGCTRL_X0Y16       BUFG (Prop_bufg_I_O)         0.029     1.165 r  clk_in_IBUF_BUFG_inst/O
                         net (fo=87, routed)          0.871     2.036    print/clk_in_IBUF_BUFG
    SLICE_X0Y65          FDCE                                         r  print/cnt_reg[10]/C
                         clock pessimism             -0.516     1.519    
    SLICE_X0Y65          FDCE (Hold_fdce_C_D)         0.105     1.624    print/cnt_reg[10]
  -------------------------------------------------------------------
                         required time                         -1.624    
                         arrival time                           1.893    
  -------------------------------------------------------------------
                         slack                                  0.268    

Slack (MET) :             0.268ns  (arrival time - required time)
  Source:                 print/cnt_reg[6]/C
                            (rising edge-triggered cell FDCE clocked by clk_pin  {rise@0.000ns fall@44.000ns period=88.000ns})
  Destination:            print/cnt_reg[6]/D
                            (rising edge-triggered cell FDCE clocked by clk_pin  {rise@0.000ns fall@44.000ns period=88.000ns})
  Path Group:             clk_pin
  Path Type:              Hold (Min at Fast Process Corner)
  Requirement:            0.000ns  (clk_pin rise@0.000ns - clk_pin rise@0.000ns)
  Data Path Delay:        0.373ns  (logic 0.252ns (67.478%)  route 0.121ns (32.522%))
  Logic Levels:           1  (CARRY4=1)
  Clock Path Skew:        0.000ns (DCD - SCD - CPR)
    Destination Clock Delay (DCD):    2.037ns
    Source Clock Delay      (SCD):    1.519ns
    Clock Pessimism Removal (CPR):    0.517ns

    Location             Delay type                Incr(ns)  Path(ns)    Netlist Resource(s)
  -------------------------------------------------------------------    -------------------
                         (clock clk_pin rise edge)    0.000     0.000 r  
    E3                                                0.000     0.000 r  clk_in (IN)
                         net (fo=0)                   0.000     0.000    clk_in
    E3                   IBUF (Prop_ibuf_I_O)         0.250     0.250 r  clk_in_IBUF_inst/O
                         net (fo=1, routed)           0.644     0.894    clk_in_IBUF
    BUFGCTRL_X0Y16       BUFG (Prop_bufg_I_O)         0.026     0.920 r  clk_in_IBUF_BUFG_inst/O
                         net (fo=87, routed)          0.600     1.519    print/clk_in_IBUF_BUFG
    SLICE_X0Y64          FDCE                                         r  print/cnt_reg[6]/C
  -------------------------------------------------------------------    -------------------
    SLICE_X0Y64          FDCE (Prop_fdce_C_Q)         0.141     1.660 r  print/cnt_reg[6]/Q
                         net (fo=1, routed)           0.121     1.782    print/cnt_reg_n_0_[6]
    SLICE_X0Y64          CARRY4 (Prop_carry4_S[2]_O[2])
                                                      0.111     1.893 r  print/cnt_reg[4]_i_1/O[2]
                         net (fo=1, routed)           0.000     1.893    print/cnt_reg[4]_i_1_n_5
    SLICE_X0Y64          FDCE                                         r  print/cnt_reg[6]/D
  -------------------------------------------------------------------    -------------------

                         (clock clk_pin rise edge)    0.000     0.000 r  
    E3                                                0.000     0.000 r  clk_in (IN)
                         net (fo=0)                   0.000     0.000    clk_in
    E3                   IBUF (Prop_ibuf_I_O)         0.438     0.438 r  clk_in_IBUF_inst/O
                         net (fo=1, routed)           0.699     1.136    clk_in_IBUF
    BUFGCTRL_X0Y16       BUFG (Prop_bufg_I_O)         0.029     1.165 r  clk_in_IBUF_BUFG_inst/O
                         net (fo=87, routed)          0.872     2.037    print/clk_in_IBUF_BUFG
    SLICE_X0Y64          FDCE                                         r  print/cnt_reg[6]/C
                         clock pessimism             -0.517     1.519    
    SLICE_X0Y64          FDCE (Hold_fdce_C_D)         0.105     1.624    print/cnt_reg[6]
  -------------------------------------------------------------------
                         required time                         -1.624    
                         arrival time                           1.893    
  -------------------------------------------------------------------
                         slack                                  0.268    

Slack (MET) :             0.281ns  (arrival time - required time)
  Source:                 print/cnt_reg[14]/C
                            (rising edge-triggered cell FDCE clocked by clk_pin  {rise@0.000ns fall@44.000ns period=88.000ns})
  Destination:            print/cnt_reg[14]/D
                            (rising edge-triggered cell FDCE clocked by clk_pin  {rise@0.000ns fall@44.000ns period=88.000ns})
  Path Group:             clk_pin
  Path Type:              Hold (Min at Fast Process Corner)
  Requirement:            0.000ns  (clk_pin rise@0.000ns - clk_pin rise@0.000ns)
  Data Path Delay:        0.386ns  (logic 0.252ns (65.343%)  route 0.134ns (34.657%))
  Logic Levels:           1  (CARRY4=1)
  Clock Path Skew:        0.000ns (DCD - SCD - CPR)
    Destination Clock Delay (DCD):    2.035ns
    Source Clock Delay      (SCD):    1.518ns
    Clock Pessimism Removal (CPR):    0.516ns

    Location             Delay type                Incr(ns)  Path(ns)    Netlist Resource(s)
  -------------------------------------------------------------------    -------------------
                         (clock clk_pin rise edge)    0.000     0.000 r  
    E3                                                0.000     0.000 r  clk_in (IN)
                         net (fo=0)                   0.000     0.000    clk_in
    E3                   IBUF (Prop_ibuf_I_O)         0.250     0.250 r  clk_in_IBUF_inst/O
                         net (fo=1, routed)           0.644     0.894    clk_in_IBUF
    BUFGCTRL_X0Y16       BUFG (Prop_bufg_I_O)         0.026     0.920 r  clk_in_IBUF_BUFG_inst/O
                         net (fo=87, routed)          0.599     1.518    print/clk_in_IBUF_BUFG
    SLICE_X0Y66          FDCE                                         r  print/cnt_reg[14]/C
  -------------------------------------------------------------------    -------------------
    SLICE_X0Y66          FDCE (Prop_fdce_C_Q)         0.141     1.659 r  print/cnt_reg[14]/Q
                         net (fo=4, routed)           0.134     1.793    print/seg7_clk
    SLICE_X0Y66          CARRY4 (Prop_carry4_S[2]_O[2])
                                                      0.111     1.904 r  print/cnt_reg[12]_i_1/O[2]
                         net (fo=1, routed)           0.000     1.904    print/cnt_reg[12]_i_1_n_5
    SLICE_X0Y66          FDCE                                         r  print/cnt_reg[14]/D
  -------------------------------------------------------------------    -------------------

                         (clock clk_pin rise edge)    0.000     0.000 r  
    E3                                                0.000     0.000 r  clk_in (IN)
                         net (fo=0)                   0.000     0.000    clk_in
    E3                   IBUF (Prop_ibuf_I_O)         0.438     0.438 r  clk_in_IBUF_inst/O
                         net (fo=1, routed)           0.699     1.136    clk_in_IBUF
    BUFGCTRL_X0Y16       BUFG (Prop_bufg_I_O)         0.029     1.165 r  clk_in_IBUF_BUFG_inst/O
                         net (fo=87, routed)          0.870     2.035    print/clk_in_IBUF_BUFG
    SLICE_X0Y66          FDCE                                         r  print/cnt_reg[14]/C
                         clock pessimism             -0.516     1.518    
    SLICE_X0Y66          FDCE (Hold_fdce_C_D)         0.105     1.623    print/cnt_reg[14]
  -------------------------------------------------------------------
                         required time                         -1.623    
                         arrival time                           1.904    
  -------------------------------------------------------------------
                         slack                                  0.281    

Slack (MET) :             0.286ns  (arrival time - required time)
  Source:                 divider_inst/counter_reg[0]/C
                            (rising edge-triggered cell FDCE clocked by clk_pin  {rise@0.000ns fall@44.000ns period=88.000ns})
  Destination:            divider_inst/counter_reg[28]/D
                            (rising edge-triggered cell FDCE clocked by clk_pin  {rise@0.000ns fall@44.000ns period=88.000ns})
  Path Group:             clk_pin
  Path Type:              Hold (Min at Fast Process Corner)
  Requirement:            0.000ns  (clk_pin rise@0.000ns - clk_pin rise@0.000ns)
  Data Path Delay:        0.658ns  (logic 0.187ns (28.418%)  route 0.471ns (71.582%))
  Logic Levels:           1  (LUT3=1)
  Clock Path Skew:        0.265ns (DCD - SCD - CPR)
    Destination Clock Delay (DCD):    1.997ns
    Source Clock Delay      (SCD):    1.486ns
    Clock Pessimism Removal (CPR):    0.245ns

    Location             Delay type                Incr(ns)  Path(ns)    Netlist Resource(s)
  -------------------------------------------------------------------    -------------------
                         (clock clk_pin rise edge)    0.000     0.000 r  
    E3                                                0.000     0.000 r  clk_in (IN)
                         net (fo=0)                   0.000     0.000    clk_in
    E3                   IBUF (Prop_ibuf_I_O)         0.250     0.250 r  clk_in_IBUF_inst/O
                         net (fo=1, routed)           0.644     0.894    clk_in_IBUF
    BUFGCTRL_X0Y16       BUFG (Prop_bufg_I_O)         0.026     0.920 r  clk_in_IBUF_BUFG_inst/O
                         net (fo=87, routed)          0.567     1.486    divider_inst/clk_in_IBUF_BUFG
    SLICE_X49Y97         FDCE                                         r  divider_inst/counter_reg[0]/C
  -------------------------------------------------------------------    -------------------
    SLICE_X49Y97         FDCE (Prop_fdce_C_Q)         0.141     1.627 r  divider_inst/counter_reg[0]/Q
                         net (fo=34, routed)          0.471     2.098    divider_inst/counter[0]
    SLICE_X49Y100        LUT3 (Prop_lut3_I1_O)        0.046     2.144 r  divider_inst/counter[28]_i_1/O
                         net (fo=1, routed)           0.000     2.144    divider_inst/counter_0[28]
    SLICE_X49Y100        FDCE                                         r  divider_inst/counter_reg[28]/D
  -------------------------------------------------------------------    -------------------

                         (clock clk_pin rise edge)    0.000     0.000 r  
    E3                                                0.000     0.000 r  clk_in (IN)
                         net (fo=0)                   0.000     0.000    clk_in
    E3                   IBUF (Prop_ibuf_I_O)         0.438     0.438 r  clk_in_IBUF_inst/O
                         net (fo=1, routed)           0.699     1.136    clk_in_IBUF
    BUFGCTRL_X0Y16       BUFG (Prop_bufg_I_O)         0.029     1.165 r  clk_in_IBUF_BUFG_inst/O
                         net (fo=87, routed)          0.832     1.997    divider_inst/clk_in_IBUF_BUFG
    SLICE_X49Y100        FDCE                                         r  divider_inst/counter_reg[28]/C
                         clock pessimism             -0.245     1.751    
    SLICE_X49Y100        FDCE (Hold_fdce_C_D)         0.107     1.858    divider_inst/counter_reg[28]
  -------------------------------------------------------------------
                         required time                         -1.858    
                         arrival time                           2.144    
  -------------------------------------------------------------------
                         slack                                  0.286    

Slack (MET) :             0.301ns  (arrival time - required time)
  Source:                 divider_inst/counter_reg[0]/C
                            (rising edge-triggered cell FDCE clocked by clk_pin  {rise@0.000ns fall@44.000ns period=88.000ns})
  Destination:            divider_inst/counter_reg[18]/D
                            (rising edge-triggered cell FDCE clocked by clk_pin  {rise@0.000ns fall@44.000ns period=88.000ns})
  Path Group:             clk_pin
  Path Type:              Hold (Min at Fast Process Corner)
  Requirement:            0.000ns  (clk_pin rise@0.000ns - clk_pin rise@0.000ns)
  Data Path Delay:        0.657ns  (logic 0.186ns (28.309%)  route 0.471ns (71.691%))
  Logic Levels:           1  (LUT3=1)
  Clock Path Skew:        0.265ns (DCD - SCD - CPR)
    Destination Clock Delay (DCD):    1.997ns
    Source Clock Delay      (SCD):    1.486ns
    Clock Pessimism Removal (CPR):    0.245ns

    Location             Delay type                Incr(ns)  Path(ns)    Netlist Resource(s)
  -------------------------------------------------------------------    -------------------
                         (clock clk_pin rise edge)    0.000     0.000 r  
    E3                                                0.000     0.000 r  clk_in (IN)
                         net (fo=0)                   0.000     0.000    clk_in
    E3                   IBUF (Prop_ibuf_I_O)         0.250     0.250 r  clk_in_IBUF_inst/O
                         net (fo=1, routed)           0.644     0.894    clk_in_IBUF
    BUFGCTRL_X0Y16       BUFG (Prop_bufg_I_O)         0.026     0.920 r  clk_in_IBUF_BUFG_inst/O
                         net (fo=87, routed)          0.567     1.486    divider_inst/clk_in_IBUF_BUFG
    SLICE_X49Y97         FDCE                                         r  divider_inst/counter_reg[0]/C
  -------------------------------------------------------------------    -------------------
    SLICE_X49Y97         FDCE (Prop_fdce_C_Q)         0.141     1.627 r  divider_inst/counter_reg[0]/Q
                         net (fo=34, routed)          0.471     2.098    divider_inst/counter[0]
    SLICE_X49Y100        LUT3 (Prop_lut3_I1_O)        0.045     2.143 r  divider_inst/counter[18]_i_1/O
                         net (fo=1, routed)           0.000     2.143    divider_inst/counter_0[18]
    SLICE_X49Y100        FDCE                                         r  divider_inst/counter_reg[18]/D
  -------------------------------------------------------------------    -------------------

                         (clock clk_pin rise edge)    0.000     0.000 r  
    E3                                                0.000     0.000 r  clk_in (IN)
                         net (fo=0)                   0.000     0.000    clk_in
    E3                   IBUF (Prop_ibuf_I_O)         0.438     0.438 r  clk_in_IBUF_inst/O
                         net (fo=1, routed)           0.699     1.136    clk_in_IBUF
    BUFGCTRL_X0Y16       BUFG (Prop_bufg_I_O)         0.029     1.165 r  clk_in_IBUF_BUFG_inst/O
                         net (fo=87, routed)          0.832     1.997    divider_inst/clk_in_IBUF_BUFG
    SLICE_X49Y100        FDCE                                         r  divider_inst/counter_reg[18]/C
                         clock pessimism             -0.245     1.751    
    SLICE_X49Y100        FDCE (Hold_fdce_C_D)         0.091     1.842    divider_inst/counter_reg[18]
  -------------------------------------------------------------------
                         required time                         -1.842    
                         arrival time                           2.143    
  -------------------------------------------------------------------
                         slack                                  0.301    

Slack (MET) :             0.301ns  (arrival time - required time)
  Source:                 print/cnt_reg[10]/C
                            (rising edge-triggered cell FDCE clocked by clk_pin  {rise@0.000ns fall@44.000ns period=88.000ns})
  Destination:            print/cnt_reg[11]/D
                            (rising edge-triggered cell FDCE clocked by clk_pin  {rise@0.000ns fall@44.000ns period=88.000ns})
  Path Group:             clk_pin
  Path Type:              Hold (Min at Fast Process Corner)
  Requirement:            0.000ns  (clk_pin rise@0.000ns - clk_pin rise@0.000ns)
  Data Path Delay:        0.406ns  (logic 0.285ns (70.118%)  route 0.121ns (29.882%))
  Logic Levels:           1  (CARRY4=1)
  Clock Path Skew:        0.000ns (DCD - SCD - CPR)
    Destination Clock Delay (DCD):    2.036ns
    Source Clock Delay      (SCD):    1.519ns
    Clock Pessimism Removal (CPR):    0.516ns

    Location             Delay type                Incr(ns)  Path(ns)    Netlist Resource(s)
  -------------------------------------------------------------------    -------------------
                         (clock clk_pin rise edge)    0.000     0.000 r  
    E3                                                0.000     0.000 r  clk_in (IN)
                         net (fo=0)                   0.000     0.000    clk_in
    E3                   IBUF (Prop_ibuf_I_O)         0.250     0.250 r  clk_in_IBUF_inst/O
                         net (fo=1, routed)           0.644     0.894    clk_in_IBUF
    BUFGCTRL_X0Y16       BUFG (Prop_bufg_I_O)         0.026     0.920 r  clk_in_IBUF_BUFG_inst/O
                         net (fo=87, routed)          0.600     1.519    print/clk_in_IBUF_BUFG
    SLICE_X0Y65          FDCE                                         r  print/cnt_reg[10]/C
  -------------------------------------------------------------------    -------------------
    SLICE_X0Y65          FDCE (Prop_fdce_C_Q)         0.141     1.660 r  print/cnt_reg[10]/Q
                         net (fo=1, routed)           0.121     1.782    print/cnt_reg_n_0_[10]
    SLICE_X0Y65          CARRY4 (Prop_carry4_S[2]_O[3])
                                                      0.144     1.926 r  print/cnt_reg[8]_i_1/O[3]
                         net (fo=1, routed)           0.000     1.926    print/cnt_reg[8]_i_1_n_4
    SLICE_X0Y65          FDCE                                         r  print/cnt_reg[11]/D
  -------------------------------------------------------------------    -------------------

                         (clock clk_pin rise edge)    0.000     0.000 r  
    E3                                                0.000     0.000 r  clk_in (IN)
                         net (fo=0)                   0.000     0.000    clk_in
    E3                   IBUF (Prop_ibuf_I_O)         0.438     0.438 r  clk_in_IBUF_inst/O
                         net (fo=1, routed)           0.699     1.136    clk_in_IBUF
    BUFGCTRL_X0Y16       BUFG (Prop_bufg_I_O)         0.029     1.165 r  clk_in_IBUF_BUFG_inst/O
                         net (fo=87, routed)          0.871     2.036    print/clk_in_IBUF_BUFG
    SLICE_X0Y65          FDCE                                         r  print/cnt_reg[11]/C
                         clock pessimism             -0.516     1.519    
    SLICE_X0Y65          FDCE (Hold_fdce_C_D)         0.105     1.624    print/cnt_reg[11]
  -------------------------------------------------------------------
                         required time                         -1.624    
                         arrival time                           1.926    
  -------------------------------------------------------------------
                         slack                                  0.301    

Slack (MET) :             0.301ns  (arrival time - required time)
  Source:                 print/cnt_reg[6]/C
                            (rising edge-triggered cell FDCE clocked by clk_pin  {rise@0.000ns fall@44.000ns period=88.000ns})
  Destination:            print/cnt_reg[7]/D
                            (rising edge-triggered cell FDCE clocked by clk_pin  {rise@0.000ns fall@44.000ns period=88.000ns})
  Path Group:             clk_pin
  Path Type:              Hold (Min at Fast Process Corner)
  Requirement:            0.000ns  (clk_pin rise@0.000ns - clk_pin rise@0.000ns)
  Data Path Delay:        0.406ns  (logic 0.285ns (70.118%)  route 0.121ns (29.882%))
  Logic Levels:           1  (CARRY4=1)
  Clock Path Skew:        0.000ns (DCD - SCD - CPR)
    Destination Clock Delay (DCD):    2.037ns
    Source Clock Delay      (SCD):    1.519ns
    Clock Pessimism Removal (CPR):    0.517ns

    Location             Delay type                Incr(ns)  Path(ns)    Netlist Resource(s)
  -------------------------------------------------------------------    -------------------
                         (clock clk_pin rise edge)    0.000     0.000 r  
    E3                                                0.000     0.000 r  clk_in (IN)
                         net (fo=0)                   0.000     0.000    clk_in
    E3                   IBUF (Prop_ibuf_I_O)         0.250     0.250 r  clk_in_IBUF_inst/O
                         net (fo=1, routed)           0.644     0.894    clk_in_IBUF
    BUFGCTRL_X0Y16       BUFG (Prop_bufg_I_O)         0.026     0.920 r  clk_in_IBUF_BUFG_inst/O
                         net (fo=87, routed)          0.600     1.519    print/clk_in_IBUF_BUFG
    SLICE_X0Y64          FDCE                                         r  print/cnt_reg[6]/C
  -------------------------------------------------------------------    -------------------
    SLICE_X0Y64          FDCE (Prop_fdce_C_Q)         0.141     1.660 r  print/cnt_reg[6]/Q
                         net (fo=1, routed)           0.121     1.782    print/cnt_reg_n_0_[6]
    SLICE_X0Y64          CARRY4 (Prop_carry4_S[2]_O[3])
                                                      0.144     1.926 r  print/cnt_reg[4]_i_1/O[3]
                         net (fo=1, routed)           0.000     1.926    print/cnt_reg[4]_i_1_n_4
    SLICE_X0Y64          FDCE                                         r  print/cnt_reg[7]/D
  -------------------------------------------------------------------    -------------------

                         (clock clk_pin rise edge)    0.000     0.000 r  
    E3                                                0.000     0.000 r  clk_in (IN)
                         net (fo=0)                   0.000     0.000    clk_in
    E3                   IBUF (Prop_ibuf_I_O)         0.438     0.438 r  clk_in_IBUF_inst/O
                         net (fo=1, routed)           0.699     1.136    clk_in_IBUF
    BUFGCTRL_X0Y16       BUFG (Prop_bufg_I_O)         0.029     1.165 r  clk_in_IBUF_BUFG_inst/O
                         net (fo=87, routed)          0.872     2.037    print/clk_in_IBUF_BUFG
    SLICE_X0Y64          FDCE                                         r  print/cnt_reg[7]/C
                         clock pessimism             -0.517     1.519    
    SLICE_X0Y64          FDCE (Hold_fdce_C_D)         0.105     1.624    print/cnt_reg[7]
  -------------------------------------------------------------------
                         required time                         -1.624    
                         arrival time                           1.926    
  -------------------------------------------------------------------
                         slack                                  0.301    

Slack (MET) :             0.305ns  (arrival time - required time)
  Source:                 divider_inst/counter_reg[21]/C
                            (rising edge-triggered cell FDCE clocked by clk_pin  {rise@0.000ns fall@44.000ns period=88.000ns})
  Destination:            divider_inst/counter_reg[0]/D
                            (rising edge-triggered cell FDCE clocked by clk_pin  {rise@0.000ns fall@44.000ns period=88.000ns})
  Path Group:             clk_pin
  Path Type:              Hold (Min at Fast Process Corner)
  Requirement:            0.000ns  (clk_pin rise@0.000ns - clk_pin rise@0.000ns)
  Data Path Delay:        0.674ns  (logic 0.276ns (40.939%)  route 0.398ns (59.061%))
  Logic Levels:           3  (LUT2=1 LUT5=1 LUT6=1)
  Clock Path Skew:        0.277ns (DCD - SCD - CPR)
    Destination Clock Delay (DCD):    2.003ns
    Source Clock Delay      (SCD):    1.480ns
    Clock Pessimism Removal (CPR):    0.245ns

    Location             Delay type                Incr(ns)  Path(ns)    Netlist Resource(s)
  -------------------------------------------------------------------    -------------------
                         (clock clk_pin rise edge)    0.000     0.000 r  
    E3                                                0.000     0.000 r  clk_in (IN)
                         net (fo=0)                   0.000     0.000    clk_in
    E3                   IBUF (Prop_ibuf_I_O)         0.250     0.250 r  clk_in_IBUF_inst/O
                         net (fo=1, routed)           0.644     0.894    clk_in_IBUF
    BUFGCTRL_X0Y16       BUFG (Prop_bufg_I_O)         0.026     0.920 r  clk_in_IBUF_BUFG_inst/O
                         net (fo=87, routed)          0.561     1.480    divider_inst/clk_in_IBUF_BUFG
    SLICE_X49Y100        FDCE                                         r  divider_inst/counter_reg[21]/C
  -------------------------------------------------------------------    -------------------
    SLICE_X49Y100        FDCE (Prop_fdce_C_Q)         0.141     1.621 f  divider_inst/counter_reg[21]/Q
                         net (fo=2, routed)           0.126     1.747    divider_inst/counter[21]
    SLICE_X49Y98         LUT5 (Prop_lut5_I1_O)        0.045     1.792 r  divider_inst/counter[31]_i_5/O
                         net (fo=1, routed)           0.082     1.874    divider_inst/counter[31]_i_5_n_0
    SLICE_X49Y98         LUT6 (Prop_lut6_I5_O)        0.045     1.919 r  divider_inst/counter[31]_i_2/O
                         net (fo=33, routed)          0.190     2.110    divider_inst/counter[31]_i_2_n_0
    SLICE_X49Y97         LUT2 (Prop_lut2_I0_O)        0.045     2.155 r  divider_inst/counter[0]_i_1/O
                         net (fo=1, routed)           0.000     2.155    divider_inst/counter_0[0]
    SLICE_X49Y97         FDCE                                         r  divider_inst/counter_reg[0]/D
  -------------------------------------------------------------------    -------------------

                         (clock clk_pin rise edge)    0.000     0.000 r  
    E3                                                0.000     0.000 r  clk_in (IN)
                         net (fo=0)                   0.000     0.000    clk_in
    E3                   IBUF (Prop_ibuf_I_O)         0.438     0.438 r  clk_in_IBUF_inst/O
                         net (fo=1, routed)           0.699     1.136    clk_in_IBUF
    BUFGCTRL_X0Y16       BUFG (Prop_bufg_I_O)         0.029     1.165 r  clk_in_IBUF_BUFG_inst/O
                         net (fo=87, routed)          0.838     2.003    divider_inst/clk_in_IBUF_BUFG
    SLICE_X49Y97         FDCE                                         r  divider_inst/counter_reg[0]/C
                         clock pessimism             -0.245     1.757    
    SLICE_X49Y97         FDCE (Hold_fdce_C_D)         0.092     1.849    divider_inst/counter_reg[0]
  -------------------------------------------------------------------
                         required time                         -1.849    
                         arrival time                           2.155    
  -------------------------------------------------------------------
                         slack                                  0.305    

Slack (MET) :             0.311ns  (arrival time - required time)
  Source:                 print/i_data_store_reg[29]/C
                            (rising edge-triggered cell FDCE clocked by clk_pin  {rise@0.000ns fall@44.000ns period=88.000ns})
  Destination:            print/o_seg_r_reg[4]/D
                            (rising edge-triggered cell FDPE clocked by clk_pin  {rise@0.000ns fall@44.000ns period=88.000ns})
  Path Group:             clk_pin
  Path Type:              Hold (Min at Fast Process Corner)
  Requirement:            0.000ns  (clk_pin rise@0.000ns - clk_pin rise@0.000ns)
  Data Path Delay:        0.441ns  (logic 0.231ns (52.402%)  route 0.210ns (47.598%))
  Logic Levels:           2  (LUT6=2)
  Clock Path Skew:        0.038ns (DCD - SCD - CPR)
    Destination Clock Delay (DCD):    2.081ns
    Source Clock Delay      (SCD):    1.560ns
    Clock Pessimism Removal (CPR):    0.483ns

    Location             Delay type                Incr(ns)  Path(ns)    Netlist Resource(s)
  -------------------------------------------------------------------    -------------------
                         (clock clk_pin rise edge)    0.000     0.000 r  
    E3                                                0.000     0.000 r  clk_in (IN)
                         net (fo=0)                   0.000     0.000    clk_in
    E3                   IBUF (Prop_ibuf_I_O)         0.250     0.250 r  clk_in_IBUF_inst/O
                         net (fo=1, routed)           0.644     0.894    clk_in_IBUF
    BUFGCTRL_X0Y16       BUFG (Prop_bufg_I_O)         0.026     0.920 r  clk_in_IBUF_BUFG_inst/O
                         net (fo=87, routed)          0.640     1.560    print/clk_in_IBUF_BUFG
    SLICE_X9Y42          FDCE                                         r  print/i_data_store_reg[29]/C
  -------------------------------------------------------------------    -------------------
    SLICE_X9Y42          FDCE (Prop_fdce_C_Q)         0.141     1.701 f  print/i_data_store_reg[29]/Q
                         net (fo=7, routed)           0.101     1.802    print/i_data_store[29]
    SLICE_X8Y42          LUT6 (Prop_lut6_I3_O)        0.045     1.847 r  print/o_seg_r[4]_i_2/O
                         net (fo=1, routed)           0.109     1.956    print/o_seg_r[4]_i_2_n_0
    SLICE_X11Y43         LUT6 (Prop_lut6_I0_O)        0.045     2.001 r  print/o_seg_r[4]_i_1/O
                         net (fo=1, routed)           0.000     2.001    print/p_1_in[4]
    SLICE_X11Y43         FDPE                                         r  print/o_seg_r_reg[4]/D
  -------------------------------------------------------------------    -------------------

                         (clock clk_pin rise edge)    0.000     0.000 r  
    E3                                                0.000     0.000 r  clk_in (IN)
                         net (fo=0)                   0.000     0.000    clk_in
    E3                   IBUF (Prop_ibuf_I_O)         0.438     0.438 r  clk_in_IBUF_inst/O
                         net (fo=1, routed)           0.699     1.136    clk_in_IBUF
    BUFGCTRL_X0Y16       BUFG (Prop_bufg_I_O)         0.029     1.165 r  clk_in_IBUF_BUFG_inst/O
                         net (fo=87, routed)          0.916     2.081    print/clk_in_IBUF_BUFG
    SLICE_X11Y43         FDPE                                         r  print/o_seg_r_reg[4]/C
                         clock pessimism             -0.483     1.598    
    SLICE_X11Y43         FDPE (Hold_fdpe_C_D)         0.092     1.690    print/o_seg_r_reg[4]
  -------------------------------------------------------------------
                         required time                         -1.690    
                         arrival time                           2.001    
  -------------------------------------------------------------------
                         slack                                  0.311    





Pulse Width Checks
--------------------------------------------------------------------------------------
Clock Name:         clk_pin
Waveform(ns):       { 0.000 44.000 }
Period(ns):         88.000
Sources:            { clk_in }

Check Type        Corner  Lib Pin  Reference Pin  Required(ns)  Actual(ns)  Slack(ns)  Location        Pin
Min Period        n/a     BUFG/I   n/a            2.155         88.000      85.845     BUFGCTRL_X0Y16  clk_in_IBUF_BUFG_inst/I
Min Period        n/a     FDCE/C   n/a            1.000         88.000      87.000     SLICE_X49Y96    divider_inst/clk_out_reg/C
Min Period        n/a     FDCE/C   n/a            1.000         88.000      87.000     SLICE_X49Y97    divider_inst/counter_reg[0]/C
Min Period        n/a     FDCE/C   n/a            1.000         88.000      87.000     SLICE_X49Y96    divider_inst/counter_reg[10]/C
Min Period        n/a     FDCE/C   n/a            1.000         88.000      87.000     SLICE_X49Y96    divider_inst/counter_reg[11]/C
Min Period        n/a     FDCE/C   n/a            1.000         88.000      87.000     SLICE_X49Y95    divider_inst/counter_reg[12]/C
Min Period        n/a     FDCE/C   n/a            1.000         88.000      87.000     SLICE_X49Y96    divider_inst/counter_reg[13]/C
Min Period        n/a     FDCE/C   n/a            1.000         88.000      87.000     SLICE_X49Y97    divider_inst/counter_reg[14]/C
Min Period        n/a     FDCE/C   n/a            1.000         88.000      87.000     SLICE_X49Y97    divider_inst/counter_reg[15]/C
Min Period        n/a     FDCE/C   n/a            1.000         88.000      87.000     SLICE_X49Y97    divider_inst/counter_reg[16]/C
Low Pulse Width   Fast    FDCE/C   n/a            0.500         44.000      43.500     SLICE_X0Y63     print/cnt_reg[0]/C
Low Pulse Width   Fast    FDCE/C   n/a            0.500         44.000      43.500     SLICE_X0Y63     print/cnt_reg[1]/C
Low Pulse Width   Fast    FDCE/C   n/a            0.500         44.000      43.500     SLICE_X0Y63     print/cnt_reg[2]/C
Low Pulse Width   Fast    FDCE/C   n/a            0.500         44.000      43.500     SLICE_X0Y63     print/cnt_reg[3]/C
Low Pulse Width   Fast    FDCE/C   n/a            0.500         44.000      43.500     SLICE_X0Y64     print/cnt_reg[4]/C
Low Pulse Width   Fast    FDCE/C   n/a            0.500         44.000      43.500     SLICE_X0Y64     print/cnt_reg[5]/C
Low Pulse Width   Fast    FDCE/C   n/a            0.500         44.000      43.500     SLICE_X0Y64     print/cnt_reg[6]/C
Low Pulse Width   Fast    FDCE/C   n/a            0.500         44.000      43.500     SLICE_X0Y64     print/cnt_reg[7]/C
Low Pulse Width   Fast    FDCE/C   n/a            0.500         44.000      43.500     SLICE_X49Y96    divider_inst/clk_out_reg/C
Low Pulse Width   Fast    FDCE/C   n/a            0.500         44.000      43.500     SLICE_X49Y96    divider_inst/counter_reg[10]/C
High Pulse Width  Slow    FDCE/C   n/a            0.500         44.000      43.500     SLICE_X22Y40    print/i_data_store_reg[16]/C
High Pulse Width  Slow    FDCE/C   n/a            0.500         44.000      43.500     SLICE_X22Y40    print/i_data_store_reg[1]/C
High Pulse Width  Slow    FDCE/C   n/a            0.500         44.000      43.500     SLICE_X22Y40    print/i_data_store_reg[2]/C
High Pulse Width  Slow    FDCE/C   n/a            0.500         44.000      43.500     SLICE_X22Y40    print/i_data_store_reg[3]/C
High Pulse Width  Slow    FDCE/C   n/a            0.500         44.000      43.500     SLICE_X49Y96    divider_inst/clk_out_reg/C
High Pulse Width  Slow    FDCE/C   n/a            0.500         44.000      43.500     SLICE_X49Y97    divider_inst/counter_reg[0]/C
High Pulse Width  Fast    FDCE/C   n/a            0.500         44.000      43.500     SLICE_X49Y97    divider_inst/counter_reg[0]/C
High Pulse Width  Slow    FDCE/C   n/a            0.500         44.000      43.500     SLICE_X49Y96    divider_inst/counter_reg[10]/C
High Pulse Width  Slow    FDCE/C   n/a            0.500         44.000      43.500     SLICE_X49Y96    divider_inst/counter_reg[11]/C
High Pulse Width  Slow    FDCE/C   n/a            0.500         44.000      43.500     SLICE_X49Y95    divider_inst/counter_reg[12]/C



---------------------------------------------------------------------------------------------------
Path Group:  **async_default**
From Clock:  clk_pin
  To Clock:  clk_pin

Setup :            0  Failing Endpoints,  Worst Slack       73.822ns,  Total Violation        0.000ns
Hold  :            0  Failing Endpoints,  Worst Slack        1.248ns,  Total Violation        0.000ns
---------------------------------------------------------------------------------------------------


Max Delay Paths
--------------------------------------------------------------------------------------
Slack (MET) :             73.822ns  (required time - arrival time)
  Source:                 reset
                            (input port clocked by clk_pin  {rise@0.000ns fall@44.000ns period=88.000ns})
  Destination:            divider_inst/counter_reg[18]/CLR
                            (recovery check against rising-edge clock clk_pin  {rise@0.000ns fall@44.000ns period=88.000ns})
  Path Group:             **async_default**
  Path Type:              Recovery (Max at Slow Process Corner)
  Requirement:            88.000ns  (clk_pin rise@88.000ns - clk_pin rise@0.000ns)
  Data Path Delay:        17.658ns  (logic 1.477ns (8.362%)  route 16.181ns (91.638%))
  Logic Levels:           1  (IBUF=1)
  Input Delay:            1.000ns
  Clock Path Skew:        4.920ns (DCD - SCD + CPR)
    Destination Clock Delay (DCD):    4.920ns = ( 92.920 - 88.000 ) 
    Source Clock Delay      (SCD):    0.000ns
    Clock Pessimism Removal (CPR):    0.000ns
  Clock Uncertainty:      0.035ns  ((TSJ^2 + TIJ^2)^1/2 + DJ) / 2 + PE
    Total System Jitter     (TSJ):    0.071ns
    Total Input Jitter      (TIJ):    0.000ns
    Discrete Jitter          (DJ):    0.000ns
    Phase Error              (PE):    0.000ns

    Location             Delay type                Incr(ns)  Path(ns)    Netlist Resource(s)
  -------------------------------------------------------------------    -------------------
                         (clock clk_pin rise edge)    0.000     0.000 r  
                         input delay                  1.000     1.000    
    N17                                               0.000     1.000 f  reset (IN)
                         net (fo=0)                   0.000     1.000    reset
    N17                  IBUF (Prop_ibuf_I_O)         1.477     2.477 f  reset_IBUF_inst/O
                         net (fo=2655, routed)       16.181    18.658    divider_inst/reset_IBUF
    SLICE_X49Y100        FDCE                                         f  divider_inst/counter_reg[18]/CLR
  -------------------------------------------------------------------    -------------------

                         (clock clk_pin rise edge)   88.000    88.000 r  
    E3                                                0.000    88.000 r  clk_in (IN)
                         net (fo=0)                   0.000    88.000    clk_in
    E3                   IBUF (Prop_ibuf_I_O)         1.411    89.411 r  clk_in_IBUF_inst/O
                         net (fo=1, routed)           1.920    91.331    clk_in_IBUF
    BUFGCTRL_X0Y16       BUFG (Prop_bufg_I_O)         0.091    91.422 r  clk_in_IBUF_BUFG_inst/O
                         net (fo=87, routed)          1.498    92.920    divider_inst/clk_in_IBUF_BUFG
    SLICE_X49Y100        FDCE                                         r  divider_inst/counter_reg[18]/C
                         clock pessimism              0.000    92.920    
                         clock uncertainty           -0.035    92.885    
    SLICE_X49Y100        FDCE (Recov_fdce_C_CLR)     -0.405    92.480    divider_inst/counter_reg[18]
  -------------------------------------------------------------------
                         required time                         92.480    
                         arrival time                         -18.658    
  -------------------------------------------------------------------
                         slack                                 73.822    

Slack (MET) :             73.822ns  (required time - arrival time)
  Source:                 reset
                            (input port clocked by clk_pin  {rise@0.000ns fall@44.000ns period=88.000ns})
  Destination:            divider_inst/counter_reg[21]/CLR
                            (recovery check against rising-edge clock clk_pin  {rise@0.000ns fall@44.000ns period=88.000ns})
  Path Group:             **async_default**
  Path Type:              Recovery (Max at Slow Process Corner)
  Requirement:            88.000ns  (clk_pin rise@88.000ns - clk_pin rise@0.000ns)
  Data Path Delay:        17.658ns  (logic 1.477ns (8.362%)  route 16.181ns (91.638%))
  Logic Levels:           1  (IBUF=1)
  Input Delay:            1.000ns
  Clock Path Skew:        4.920ns (DCD - SCD + CPR)
    Destination Clock Delay (DCD):    4.920ns = ( 92.920 - 88.000 ) 
    Source Clock Delay      (SCD):    0.000ns
    Clock Pessimism Removal (CPR):    0.000ns
  Clock Uncertainty:      0.035ns  ((TSJ^2 + TIJ^2)^1/2 + DJ) / 2 + PE
    Total System Jitter     (TSJ):    0.071ns
    Total Input Jitter      (TIJ):    0.000ns
    Discrete Jitter          (DJ):    0.000ns
    Phase Error              (PE):    0.000ns

    Location             Delay type                Incr(ns)  Path(ns)    Netlist Resource(s)
  -------------------------------------------------------------------    -------------------
                         (clock clk_pin rise edge)    0.000     0.000 r  
                         input delay                  1.000     1.000    
    N17                                               0.000     1.000 f  reset (IN)
                         net (fo=0)                   0.000     1.000    reset
    N17                  IBUF (Prop_ibuf_I_O)         1.477     2.477 f  reset_IBUF_inst/O
                         net (fo=2655, routed)       16.181    18.658    divider_inst/reset_IBUF
    SLICE_X49Y100        FDCE                                         f  divider_inst/counter_reg[21]/CLR
  -------------------------------------------------------------------    -------------------

                         (clock clk_pin rise edge)   88.000    88.000 r  
    E3                                                0.000    88.000 r  clk_in (IN)
                         net (fo=0)                   0.000    88.000    clk_in
    E3                   IBUF (Prop_ibuf_I_O)         1.411    89.411 r  clk_in_IBUF_inst/O
                         net (fo=1, routed)           1.920    91.331    clk_in_IBUF
    BUFGCTRL_X0Y16       BUFG (Prop_bufg_I_O)         0.091    91.422 r  clk_in_IBUF_BUFG_inst/O
                         net (fo=87, routed)          1.498    92.920    divider_inst/clk_in_IBUF_BUFG
    SLICE_X49Y100        FDCE                                         r  divider_inst/counter_reg[21]/C
                         clock pessimism              0.000    92.920    
                         clock uncertainty           -0.035    92.885    
    SLICE_X49Y100        FDCE (Recov_fdce_C_CLR)     -0.405    92.480    divider_inst/counter_reg[21]
  -------------------------------------------------------------------
                         required time                         92.480    
                         arrival time                         -18.658    
  -------------------------------------------------------------------
                         slack                                 73.822    

Slack (MET) :             73.822ns  (required time - arrival time)
  Source:                 reset
                            (input port clocked by clk_pin  {rise@0.000ns fall@44.000ns period=88.000ns})
  Destination:            divider_inst/counter_reg[23]/CLR
                            (recovery check against rising-edge clock clk_pin  {rise@0.000ns fall@44.000ns period=88.000ns})
  Path Group:             **async_default**
  Path Type:              Recovery (Max at Slow Process Corner)
  Requirement:            88.000ns  (clk_pin rise@88.000ns - clk_pin rise@0.000ns)
  Data Path Delay:        17.658ns  (logic 1.477ns (8.362%)  route 16.181ns (91.638%))
  Logic Levels:           1  (IBUF=1)
  Input Delay:            1.000ns
  Clock Path Skew:        4.920ns (DCD - SCD + CPR)
    Destination Clock Delay (DCD):    4.920ns = ( 92.920 - 88.000 ) 
    Source Clock Delay      (SCD):    0.000ns
    Clock Pessimism Removal (CPR):    0.000ns
  Clock Uncertainty:      0.035ns  ((TSJ^2 + TIJ^2)^1/2 + DJ) / 2 + PE
    Total System Jitter     (TSJ):    0.071ns
    Total Input Jitter      (TIJ):    0.000ns
    Discrete Jitter          (DJ):    0.000ns
    Phase Error              (PE):    0.000ns

    Location             Delay type                Incr(ns)  Path(ns)    Netlist Resource(s)
  -------------------------------------------------------------------    -------------------
                         (clock clk_pin rise edge)    0.000     0.000 r  
                         input delay                  1.000     1.000    
    N17                                               0.000     1.000 f  reset (IN)
                         net (fo=0)                   0.000     1.000    reset
    N17                  IBUF (Prop_ibuf_I_O)         1.477     2.477 f  reset_IBUF_inst/O
                         net (fo=2655, routed)       16.181    18.658    divider_inst/reset_IBUF
    SLICE_X49Y100        FDCE                                         f  divider_inst/counter_reg[23]/CLR
  -------------------------------------------------------------------    -------------------

                         (clock clk_pin rise edge)   88.000    88.000 r  
    E3                                                0.000    88.000 r  clk_in (IN)
                         net (fo=0)                   0.000    88.000    clk_in
    E3                   IBUF (Prop_ibuf_I_O)         1.411    89.411 r  clk_in_IBUF_inst/O
                         net (fo=1, routed)           1.920    91.331    clk_in_IBUF
    BUFGCTRL_X0Y16       BUFG (Prop_bufg_I_O)         0.091    91.422 r  clk_in_IBUF_BUFG_inst/O
                         net (fo=87, routed)          1.498    92.920    divider_inst/clk_in_IBUF_BUFG
    SLICE_X49Y100        FDCE                                         r  divider_inst/counter_reg[23]/C
                         clock pessimism              0.000    92.920    
                         clock uncertainty           -0.035    92.885    
    SLICE_X49Y100        FDCE (Recov_fdce_C_CLR)     -0.405    92.480    divider_inst/counter_reg[23]
  -------------------------------------------------------------------
                         required time                         92.480    
                         arrival time                         -18.658    
  -------------------------------------------------------------------
                         slack                                 73.822    

Slack (MET) :             73.822ns  (required time - arrival time)
  Source:                 reset
                            (input port clocked by clk_pin  {rise@0.000ns fall@44.000ns period=88.000ns})
  Destination:            divider_inst/counter_reg[26]/CLR
                            (recovery check against rising-edge clock clk_pin  {rise@0.000ns fall@44.000ns period=88.000ns})
  Path Group:             **async_default**
  Path Type:              Recovery (Max at Slow Process Corner)
  Requirement:            88.000ns  (clk_pin rise@88.000ns - clk_pin rise@0.000ns)
  Data Path Delay:        17.658ns  (logic 1.477ns (8.362%)  route 16.181ns (91.638%))
  Logic Levels:           1  (IBUF=1)
  Input Delay:            1.000ns
  Clock Path Skew:        4.920ns (DCD - SCD + CPR)
    Destination Clock Delay (DCD):    4.920ns = ( 92.920 - 88.000 ) 
    Source Clock Delay      (SCD):    0.000ns
    Clock Pessimism Removal (CPR):    0.000ns
  Clock Uncertainty:      0.035ns  ((TSJ^2 + TIJ^2)^1/2 + DJ) / 2 + PE
    Total System Jitter     (TSJ):    0.071ns
    Total Input Jitter      (TIJ):    0.000ns
    Discrete Jitter          (DJ):    0.000ns
    Phase Error              (PE):    0.000ns

    Location             Delay type                Incr(ns)  Path(ns)    Netlist Resource(s)
  -------------------------------------------------------------------    -------------------
                         (clock clk_pin rise edge)    0.000     0.000 r  
                         input delay                  1.000     1.000    
    N17                                               0.000     1.000 f  reset (IN)
                         net (fo=0)                   0.000     1.000    reset
    N17                  IBUF (Prop_ibuf_I_O)         1.477     2.477 f  reset_IBUF_inst/O
                         net (fo=2655, routed)       16.181    18.658    divider_inst/reset_IBUF
    SLICE_X49Y100        FDCE                                         f  divider_inst/counter_reg[26]/CLR
  -------------------------------------------------------------------    -------------------

                         (clock clk_pin rise edge)   88.000    88.000 r  
    E3                                                0.000    88.000 r  clk_in (IN)
                         net (fo=0)                   0.000    88.000    clk_in
    E3                   IBUF (Prop_ibuf_I_O)         1.411    89.411 r  clk_in_IBUF_inst/O
                         net (fo=1, routed)           1.920    91.331    clk_in_IBUF
    BUFGCTRL_X0Y16       BUFG (Prop_bufg_I_O)         0.091    91.422 r  clk_in_IBUF_BUFG_inst/O
                         net (fo=87, routed)          1.498    92.920    divider_inst/clk_in_IBUF_BUFG
    SLICE_X49Y100        FDCE                                         r  divider_inst/counter_reg[26]/C
                         clock pessimism              0.000    92.920    
                         clock uncertainty           -0.035    92.885    
    SLICE_X49Y100        FDCE (Recov_fdce_C_CLR)     -0.405    92.480    divider_inst/counter_reg[26]
  -------------------------------------------------------------------
                         required time                         92.480    
                         arrival time                         -18.658    
  -------------------------------------------------------------------
                         slack                                 73.822    

Slack (MET) :             73.822ns  (required time - arrival time)
  Source:                 reset
                            (input port clocked by clk_pin  {rise@0.000ns fall@44.000ns period=88.000ns})
  Destination:            divider_inst/counter_reg[28]/CLR
                            (recovery check against rising-edge clock clk_pin  {rise@0.000ns fall@44.000ns period=88.000ns})
  Path Group:             **async_default**
  Path Type:              Recovery (Max at Slow Process Corner)
  Requirement:            88.000ns  (clk_pin rise@88.000ns - clk_pin rise@0.000ns)
  Data Path Delay:        17.658ns  (logic 1.477ns (8.362%)  route 16.181ns (91.638%))
  Logic Levels:           1  (IBUF=1)
  Input Delay:            1.000ns
  Clock Path Skew:        4.920ns (DCD - SCD + CPR)
    Destination Clock Delay (DCD):    4.920ns = ( 92.920 - 88.000 ) 
    Source Clock Delay      (SCD):    0.000ns
    Clock Pessimism Removal (CPR):    0.000ns
  Clock Uncertainty:      0.035ns  ((TSJ^2 + TIJ^2)^1/2 + DJ) / 2 + PE
    Total System Jitter     (TSJ):    0.071ns
    Total Input Jitter      (TIJ):    0.000ns
    Discrete Jitter          (DJ):    0.000ns
    Phase Error              (PE):    0.000ns

    Location             Delay type                Incr(ns)  Path(ns)    Netlist Resource(s)
  -------------------------------------------------------------------    -------------------
                         (clock clk_pin rise edge)    0.000     0.000 r  
                         input delay                  1.000     1.000    
    N17                                               0.000     1.000 f  reset (IN)
                         net (fo=0)                   0.000     1.000    reset
    N17                  IBUF (Prop_ibuf_I_O)         1.477     2.477 f  reset_IBUF_inst/O
                         net (fo=2655, routed)       16.181    18.658    divider_inst/reset_IBUF
    SLICE_X49Y100        FDCE                                         f  divider_inst/counter_reg[28]/CLR
  -------------------------------------------------------------------    -------------------

                         (clock clk_pin rise edge)   88.000    88.000 r  
    E3                                                0.000    88.000 r  clk_in (IN)
                         net (fo=0)                   0.000    88.000    clk_in
    E3                   IBUF (Prop_ibuf_I_O)         1.411    89.411 r  clk_in_IBUF_inst/O
                         net (fo=1, routed)           1.920    91.331    clk_in_IBUF
    BUFGCTRL_X0Y16       BUFG (Prop_bufg_I_O)         0.091    91.422 r  clk_in_IBUF_BUFG_inst/O
                         net (fo=87, routed)          1.498    92.920    divider_inst/clk_in_IBUF_BUFG
    SLICE_X49Y100        FDCE                                         r  divider_inst/counter_reg[28]/C
                         clock pessimism              0.000    92.920    
                         clock uncertainty           -0.035    92.885    
    SLICE_X49Y100        FDCE (Recov_fdce_C_CLR)     -0.405    92.480    divider_inst/counter_reg[28]
  -------------------------------------------------------------------
                         required time                         92.480    
                         arrival time                         -18.658    
  -------------------------------------------------------------------
                         slack                                 73.822    

Slack (MET) :             73.822ns  (required time - arrival time)
  Source:                 reset
                            (input port clocked by clk_pin  {rise@0.000ns fall@44.000ns period=88.000ns})
  Destination:            divider_inst/counter_reg[29]/CLR
                            (recovery check against rising-edge clock clk_pin  {rise@0.000ns fall@44.000ns period=88.000ns})
  Path Group:             **async_default**
  Path Type:              Recovery (Max at Slow Process Corner)
  Requirement:            88.000ns  (clk_pin rise@88.000ns - clk_pin rise@0.000ns)
  Data Path Delay:        17.658ns  (logic 1.477ns (8.362%)  route 16.181ns (91.638%))
  Logic Levels:           1  (IBUF=1)
  Input Delay:            1.000ns
  Clock Path Skew:        4.920ns (DCD - SCD + CPR)
    Destination Clock Delay (DCD):    4.920ns = ( 92.920 - 88.000 ) 
    Source Clock Delay      (SCD):    0.000ns
    Clock Pessimism Removal (CPR):    0.000ns
  Clock Uncertainty:      0.035ns  ((TSJ^2 + TIJ^2)^1/2 + DJ) / 2 + PE
    Total System Jitter     (TSJ):    0.071ns
    Total Input Jitter      (TIJ):    0.000ns
    Discrete Jitter          (DJ):    0.000ns
    Phase Error              (PE):    0.000ns

    Location             Delay type                Incr(ns)  Path(ns)    Netlist Resource(s)
  -------------------------------------------------------------------    -------------------
                         (clock clk_pin rise edge)    0.000     0.000 r  
                         input delay                  1.000     1.000    
    N17                                               0.000     1.000 f  reset (IN)
                         net (fo=0)                   0.000     1.000    reset
    N17                  IBUF (Prop_ibuf_I_O)         1.477     2.477 f  reset_IBUF_inst/O
                         net (fo=2655, routed)       16.181    18.658    divider_inst/reset_IBUF
    SLICE_X49Y100        FDCE                                         f  divider_inst/counter_reg[29]/CLR
  -------------------------------------------------------------------    -------------------

                         (clock clk_pin rise edge)   88.000    88.000 r  
    E3                                                0.000    88.000 r  clk_in (IN)
                         net (fo=0)                   0.000    88.000    clk_in
    E3                   IBUF (Prop_ibuf_I_O)         1.411    89.411 r  clk_in_IBUF_inst/O
                         net (fo=1, routed)           1.920    91.331    clk_in_IBUF
    BUFGCTRL_X0Y16       BUFG (Prop_bufg_I_O)         0.091    91.422 r  clk_in_IBUF_BUFG_inst/O
                         net (fo=87, routed)          1.498    92.920    divider_inst/clk_in_IBUF_BUFG
    SLICE_X49Y100        FDCE                                         r  divider_inst/counter_reg[29]/C
                         clock pessimism              0.000    92.920    
                         clock uncertainty           -0.035    92.885    
    SLICE_X49Y100        FDCE (Recov_fdce_C_CLR)     -0.405    92.480    divider_inst/counter_reg[29]
  -------------------------------------------------------------------
                         required time                         92.480    
                         arrival time                         -18.658    
  -------------------------------------------------------------------
                         slack                                 73.822    

Slack (MET) :             73.924ns  (required time - arrival time)
  Source:                 reset
                            (input port clocked by clk_pin  {rise@0.000ns fall@44.000ns period=88.000ns})
  Destination:            divider_inst/clk_out_reg/CLR
                            (recovery check against rising-edge clock clk_pin  {rise@0.000ns fall@44.000ns period=88.000ns})
  Path Group:             **async_default**
  Path Type:              Recovery (Max at Slow Process Corner)
  Requirement:            88.000ns  (clk_pin rise@88.000ns - clk_pin rise@0.000ns)
  Data Path Delay:        17.572ns  (logic 1.477ns (8.403%)  route 16.095ns (91.597%))
  Logic Levels:           1  (IBUF=1)
  Input Delay:            1.000ns
  Clock Path Skew:        4.936ns (DCD - SCD + CPR)
    Destination Clock Delay (DCD):    4.936ns = ( 92.936 - 88.000 ) 
    Source Clock Delay      (SCD):    0.000ns
    Clock Pessimism Removal (CPR):    0.000ns
  Clock Uncertainty:      0.035ns  ((TSJ^2 + TIJ^2)^1/2 + DJ) / 2 + PE
    Total System Jitter     (TSJ):    0.071ns
    Total Input Jitter      (TIJ):    0.000ns
    Discrete Jitter          (DJ):    0.000ns
    Phase Error              (PE):    0.000ns

    Location             Delay type                Incr(ns)  Path(ns)    Netlist Resource(s)
  -------------------------------------------------------------------    -------------------
                         (clock clk_pin rise edge)    0.000     0.000 r  
                         input delay                  1.000     1.000    
    N17                                               0.000     1.000 f  reset (IN)
                         net (fo=0)                   0.000     1.000    reset
    N17                  IBUF (Prop_ibuf_I_O)         1.477     2.477 f  reset_IBUF_inst/O
                         net (fo=2655, routed)       16.095    18.572    divider_inst/reset_IBUF
    SLICE_X49Y96         FDCE                                         f  divider_inst/clk_out_reg/CLR
  -------------------------------------------------------------------    -------------------

                         (clock clk_pin rise edge)   88.000    88.000 r  
    E3                                                0.000    88.000 r  clk_in (IN)
                         net (fo=0)                   0.000    88.000    clk_in
    E3                   IBUF (Prop_ibuf_I_O)         1.411    89.411 r  clk_in_IBUF_inst/O
                         net (fo=1, routed)           1.920    91.331    clk_in_IBUF
    BUFGCTRL_X0Y16       BUFG (Prop_bufg_I_O)         0.091    91.422 r  clk_in_IBUF_BUFG_inst/O
                         net (fo=87, routed)          1.513    92.936    divider_inst/clk_in_IBUF_BUFG
    SLICE_X49Y96         FDCE                                         r  divider_inst/clk_out_reg/C
                         clock pessimism              0.000    92.936    
                         clock uncertainty           -0.035    92.900    
    SLICE_X49Y96         FDCE (Recov_fdce_C_CLR)     -0.405    92.495    divider_inst/clk_out_reg
  -------------------------------------------------------------------
                         required time                         92.495    
                         arrival time                         -18.572    
  -------------------------------------------------------------------
                         slack                                 73.924    

Slack (MET) :             73.924ns  (required time - arrival time)
  Source:                 reset
                            (input port clocked by clk_pin  {rise@0.000ns fall@44.000ns period=88.000ns})
  Destination:            divider_inst/counter_reg[10]/CLR
                            (recovery check against rising-edge clock clk_pin  {rise@0.000ns fall@44.000ns period=88.000ns})
  Path Group:             **async_default**
  Path Type:              Recovery (Max at Slow Process Corner)
  Requirement:            88.000ns  (clk_pin rise@88.000ns - clk_pin rise@0.000ns)
  Data Path Delay:        17.572ns  (logic 1.477ns (8.403%)  route 16.095ns (91.597%))
  Logic Levels:           1  (IBUF=1)
  Input Delay:            1.000ns
  Clock Path Skew:        4.936ns (DCD - SCD + CPR)
    Destination Clock Delay (DCD):    4.936ns = ( 92.936 - 88.000 ) 
    Source Clock Delay      (SCD):    0.000ns
    Clock Pessimism Removal (CPR):    0.000ns
  Clock Uncertainty:      0.035ns  ((TSJ^2 + TIJ^2)^1/2 + DJ) / 2 + PE
    Total System Jitter     (TSJ):    0.071ns
    Total Input Jitter      (TIJ):    0.000ns
    Discrete Jitter          (DJ):    0.000ns
    Phase Error              (PE):    0.000ns

    Location             Delay type                Incr(ns)  Path(ns)    Netlist Resource(s)
  -------------------------------------------------------------------    -------------------
                         (clock clk_pin rise edge)    0.000     0.000 r  
                         input delay                  1.000     1.000    
    N17                                               0.000     1.000 f  reset (IN)
                         net (fo=0)                   0.000     1.000    reset
    N17                  IBUF (Prop_ibuf_I_O)         1.477     2.477 f  reset_IBUF_inst/O
                         net (fo=2655, routed)       16.095    18.572    divider_inst/reset_IBUF
    SLICE_X49Y96         FDCE                                         f  divider_inst/counter_reg[10]/CLR
  -------------------------------------------------------------------    -------------------

                         (clock clk_pin rise edge)   88.000    88.000 r  
    E3                                                0.000    88.000 r  clk_in (IN)
                         net (fo=0)                   0.000    88.000    clk_in
    E3                   IBUF (Prop_ibuf_I_O)         1.411    89.411 r  clk_in_IBUF_inst/O
                         net (fo=1, routed)           1.920    91.331    clk_in_IBUF
    BUFGCTRL_X0Y16       BUFG (Prop_bufg_I_O)         0.091    91.422 r  clk_in_IBUF_BUFG_inst/O
                         net (fo=87, routed)          1.513    92.936    divider_inst/clk_in_IBUF_BUFG
    SLICE_X49Y96         FDCE                                         r  divider_inst/counter_reg[10]/C
                         clock pessimism              0.000    92.936    
                         clock uncertainty           -0.035    92.900    
    SLICE_X49Y96         FDCE (Recov_fdce_C_CLR)     -0.405    92.495    divider_inst/counter_reg[10]
  -------------------------------------------------------------------
                         required time                         92.495    
                         arrival time                         -18.572    
  -------------------------------------------------------------------
                         slack                                 73.924    

Slack (MET) :             73.924ns  (required time - arrival time)
  Source:                 reset
                            (input port clocked by clk_pin  {rise@0.000ns fall@44.000ns period=88.000ns})
  Destination:            divider_inst/counter_reg[11]/CLR
                            (recovery check against rising-edge clock clk_pin  {rise@0.000ns fall@44.000ns period=88.000ns})
  Path Group:             **async_default**
  Path Type:              Recovery (Max at Slow Process Corner)
  Requirement:            88.000ns  (clk_pin rise@88.000ns - clk_pin rise@0.000ns)
  Data Path Delay:        17.572ns  (logic 1.477ns (8.403%)  route 16.095ns (91.597%))
  Logic Levels:           1  (IBUF=1)
  Input Delay:            1.000ns
  Clock Path Skew:        4.936ns (DCD - SCD + CPR)
    Destination Clock Delay (DCD):    4.936ns = ( 92.936 - 88.000 ) 
    Source Clock Delay      (SCD):    0.000ns
    Clock Pessimism Removal (CPR):    0.000ns
  Clock Uncertainty:      0.035ns  ((TSJ^2 + TIJ^2)^1/2 + DJ) / 2 + PE
    Total System Jitter     (TSJ):    0.071ns
    Total Input Jitter      (TIJ):    0.000ns
    Discrete Jitter          (DJ):    0.000ns
    Phase Error              (PE):    0.000ns

    Location             Delay type                Incr(ns)  Path(ns)    Netlist Resource(s)
  -------------------------------------------------------------------    -------------------
                         (clock clk_pin rise edge)    0.000     0.000 r  
                         input delay                  1.000     1.000    
    N17                                               0.000     1.000 f  reset (IN)
                         net (fo=0)                   0.000     1.000    reset
    N17                  IBUF (Prop_ibuf_I_O)         1.477     2.477 f  reset_IBUF_inst/O
                         net (fo=2655, routed)       16.095    18.572    divider_inst/reset_IBUF
    SLICE_X49Y96         FDCE                                         f  divider_inst/counter_reg[11]/CLR
  -------------------------------------------------------------------    -------------------

                         (clock clk_pin rise edge)   88.000    88.000 r  
    E3                                                0.000    88.000 r  clk_in (IN)
                         net (fo=0)                   0.000    88.000    clk_in
    E3                   IBUF (Prop_ibuf_I_O)         1.411    89.411 r  clk_in_IBUF_inst/O
                         net (fo=1, routed)           1.920    91.331    clk_in_IBUF
    BUFGCTRL_X0Y16       BUFG (Prop_bufg_I_O)         0.091    91.422 r  clk_in_IBUF_BUFG_inst/O
                         net (fo=87, routed)          1.513    92.936    divider_inst/clk_in_IBUF_BUFG
    SLICE_X49Y96         FDCE                                         r  divider_inst/counter_reg[11]/C
                         clock pessimism              0.000    92.936    
                         clock uncertainty           -0.035    92.900    
    SLICE_X49Y96         FDCE (Recov_fdce_C_CLR)     -0.405    92.495    divider_inst/counter_reg[11]
  -------------------------------------------------------------------
                         required time                         92.495    
                         arrival time                         -18.572    
  -------------------------------------------------------------------
                         slack                                 73.924    

Slack (MET) :             73.924ns  (required time - arrival time)
  Source:                 reset
                            (input port clocked by clk_pin  {rise@0.000ns fall@44.000ns period=88.000ns})
  Destination:            divider_inst/counter_reg[13]/CLR
                            (recovery check against rising-edge clock clk_pin  {rise@0.000ns fall@44.000ns period=88.000ns})
  Path Group:             **async_default**
  Path Type:              Recovery (Max at Slow Process Corner)
  Requirement:            88.000ns  (clk_pin rise@88.000ns - clk_pin rise@0.000ns)
  Data Path Delay:        17.572ns  (logic 1.477ns (8.403%)  route 16.095ns (91.597%))
  Logic Levels:           1  (IBUF=1)
  Input Delay:            1.000ns
  Clock Path Skew:        4.936ns (DCD - SCD + CPR)
    Destination Clock Delay (DCD):    4.936ns = ( 92.936 - 88.000 ) 
    Source Clock Delay      (SCD):    0.000ns
    Clock Pessimism Removal (CPR):    0.000ns
  Clock Uncertainty:      0.035ns  ((TSJ^2 + TIJ^2)^1/2 + DJ) / 2 + PE
    Total System Jitter     (TSJ):    0.071ns
    Total Input Jitter      (TIJ):    0.000ns
    Discrete Jitter          (DJ):    0.000ns
    Phase Error              (PE):    0.000ns

    Location             Delay type                Incr(ns)  Path(ns)    Netlist Resource(s)
  -------------------------------------------------------------------    -------------------
                         (clock clk_pin rise edge)    0.000     0.000 r  
                         input delay                  1.000     1.000    
    N17                                               0.000     1.000 f  reset (IN)
                         net (fo=0)                   0.000     1.000    reset
    N17                  IBUF (Prop_ibuf_I_O)         1.477     2.477 f  reset_IBUF_inst/O
                         net (fo=2655, routed)       16.095    18.572    divider_inst/reset_IBUF
    SLICE_X49Y96         FDCE                                         f  divider_inst/counter_reg[13]/CLR
  -------------------------------------------------------------------    -------------------

                         (clock clk_pin rise edge)   88.000    88.000 r  
    E3                                                0.000    88.000 r  clk_in (IN)
                         net (fo=0)                   0.000    88.000    clk_in
    E3                   IBUF (Prop_ibuf_I_O)         1.411    89.411 r  clk_in_IBUF_inst/O
                         net (fo=1, routed)           1.920    91.331    clk_in_IBUF
    BUFGCTRL_X0Y16       BUFG (Prop_bufg_I_O)         0.091    91.422 r  clk_in_IBUF_BUFG_inst/O
                         net (fo=87, routed)          1.513    92.936    divider_inst/clk_in_IBUF_BUFG
    SLICE_X49Y96         FDCE                                         r  divider_inst/counter_reg[13]/C
                         clock pessimism              0.000    92.936    
                         clock uncertainty           -0.035    92.900    
    SLICE_X49Y96         FDCE (Recov_fdce_C_CLR)     -0.405    92.495    divider_inst/counter_reg[13]
  -------------------------------------------------------------------
                         required time                         92.495    
                         arrival time                         -18.572    
  -------------------------------------------------------------------
                         slack                                 73.924    





Min Delay Paths
--------------------------------------------------------------------------------------
Slack (MET) :             1.248ns  (arrival time - required time)
  Source:                 reset
                            (input port clocked by clk_pin  {rise@0.000ns fall@44.000ns period=88.000ns})
  Destination:            print/cnt_reg[4]/CLR
                            (removal check against rising-edge clock clk_pin  {rise@0.000ns fall@44.000ns period=88.000ns})
  Path Group:             **async_default**
  Path Type:              Removal (Min at Fast Process Corner)
  Requirement:            0.000ns  (clk_pin rise@0.000ns - clk_pin rise@0.000ns)
  Data Path Delay:        2.193ns  (logic 0.244ns (11.147%)  route 1.949ns (88.853%))
  Logic Levels:           1  (IBUF=1)
  Input Delay:            1.000ns
  Clock Path Skew:        2.037ns (DCD - SCD - CPR)
    Destination Clock Delay (DCD):    2.037ns
    Source Clock Delay      (SCD):    0.000ns
    Clock Pessimism Removal (CPR):    -0.000ns

    Location             Delay type                Incr(ns)  Path(ns)    Netlist Resource(s)
  -------------------------------------------------------------------    -------------------
                         (clock clk_pin rise edge)    0.000     0.000 r  
                         input delay                  1.000     1.000    
    N17                                               0.000     1.000 f  reset (IN)
                         net (fo=0)                   0.000     1.000    reset
    N17                  IBUF (Prop_ibuf_I_O)         0.244     1.244 f  reset_IBUF_inst/O
                         net (fo=2655, routed)        1.949     3.193    print/reset_IBUF
    SLICE_X0Y64          FDCE                                         f  print/cnt_reg[4]/CLR
  -------------------------------------------------------------------    -------------------

                         (clock clk_pin rise edge)    0.000     0.000 r  
    E3                                                0.000     0.000 r  clk_in (IN)
                         net (fo=0)                   0.000     0.000    clk_in
    E3                   IBUF (Prop_ibuf_I_O)         0.438     0.438 r  clk_in_IBUF_inst/O
                         net (fo=1, routed)           0.699     1.136    clk_in_IBUF
    BUFGCTRL_X0Y16       BUFG (Prop_bufg_I_O)         0.029     1.165 r  clk_in_IBUF_BUFG_inst/O
                         net (fo=87, routed)          0.872     2.037    print/clk_in_IBUF_BUFG
    SLICE_X0Y64          FDCE                                         r  print/cnt_reg[4]/C
                         clock pessimism              0.000     2.037    
    SLICE_X0Y64          FDCE (Remov_fdce_C_CLR)     -0.092     1.945    print/cnt_reg[4]
  -------------------------------------------------------------------
                         required time                         -1.945    
                         arrival time                           3.193    
  -------------------------------------------------------------------
                         slack                                  1.248    

Slack (MET) :             1.248ns  (arrival time - required time)
  Source:                 reset
                            (input port clocked by clk_pin  {rise@0.000ns fall@44.000ns period=88.000ns})
  Destination:            print/cnt_reg[5]/CLR
                            (removal check against rising-edge clock clk_pin  {rise@0.000ns fall@44.000ns period=88.000ns})
  Path Group:             **async_default**
  Path Type:              Removal (Min at Fast Process Corner)
  Requirement:            0.000ns  (clk_pin rise@0.000ns - clk_pin rise@0.000ns)
  Data Path Delay:        2.193ns  (logic 0.244ns (11.147%)  route 1.949ns (88.853%))
  Logic Levels:           1  (IBUF=1)
  Input Delay:            1.000ns
  Clock Path Skew:        2.037ns (DCD - SCD - CPR)
    Destination Clock Delay (DCD):    2.037ns
    Source Clock Delay      (SCD):    0.000ns
    Clock Pessimism Removal (CPR):    -0.000ns

    Location             Delay type                Incr(ns)  Path(ns)    Netlist Resource(s)
  -------------------------------------------------------------------    -------------------
                         (clock clk_pin rise edge)    0.000     0.000 r  
                         input delay                  1.000     1.000    
    N17                                               0.000     1.000 f  reset (IN)
                         net (fo=0)                   0.000     1.000    reset
    N17                  IBUF (Prop_ibuf_I_O)         0.244     1.244 f  reset_IBUF_inst/O
                         net (fo=2655, routed)        1.949     3.193    print/reset_IBUF
    SLICE_X0Y64          FDCE                                         f  print/cnt_reg[5]/CLR
  -------------------------------------------------------------------    -------------------

                         (clock clk_pin rise edge)    0.000     0.000 r  
    E3                                                0.000     0.000 r  clk_in (IN)
                         net (fo=0)                   0.000     0.000    clk_in
    E3                   IBUF (Prop_ibuf_I_O)         0.438     0.438 r  clk_in_IBUF_inst/O
                         net (fo=1, routed)           0.699     1.136    clk_in_IBUF
    BUFGCTRL_X0Y16       BUFG (Prop_bufg_I_O)         0.029     1.165 r  clk_in_IBUF_BUFG_inst/O
                         net (fo=87, routed)          0.872     2.037    print/clk_in_IBUF_BUFG
    SLICE_X0Y64          FDCE                                         r  print/cnt_reg[5]/C
                         clock pessimism              0.000     2.037    
    SLICE_X0Y64          FDCE (Remov_fdce_C_CLR)     -0.092     1.945    print/cnt_reg[5]
  -------------------------------------------------------------------
                         required time                         -1.945    
                         arrival time                           3.193    
  -------------------------------------------------------------------
                         slack                                  1.248    

Slack (MET) :             1.248ns  (arrival time - required time)
  Source:                 reset
                            (input port clocked by clk_pin  {rise@0.000ns fall@44.000ns period=88.000ns})
  Destination:            print/cnt_reg[6]/CLR
                            (removal check against rising-edge clock clk_pin  {rise@0.000ns fall@44.000ns period=88.000ns})
  Path Group:             **async_default**
  Path Type:              Removal (Min at Fast Process Corner)
  Requirement:            0.000ns  (clk_pin rise@0.000ns - clk_pin rise@0.000ns)
  Data Path Delay:        2.193ns  (logic 0.244ns (11.147%)  route 1.949ns (88.853%))
  Logic Levels:           1  (IBUF=1)
  Input Delay:            1.000ns
  Clock Path Skew:        2.037ns (DCD - SCD - CPR)
    Destination Clock Delay (DCD):    2.037ns
    Source Clock Delay      (SCD):    0.000ns
    Clock Pessimism Removal (CPR):    -0.000ns

    Location             Delay type                Incr(ns)  Path(ns)    Netlist Resource(s)
  -------------------------------------------------------------------    -------------------
                         (clock clk_pin rise edge)    0.000     0.000 r  
                         input delay                  1.000     1.000    
    N17                                               0.000     1.000 f  reset (IN)
                         net (fo=0)                   0.000     1.000    reset
    N17                  IBUF (Prop_ibuf_I_O)         0.244     1.244 f  reset_IBUF_inst/O
                         net (fo=2655, routed)        1.949     3.193    print/reset_IBUF
    SLICE_X0Y64          FDCE                                         f  print/cnt_reg[6]/CLR
  -------------------------------------------------------------------    -------------------

                         (clock clk_pin rise edge)    0.000     0.000 r  
    E3                                                0.000     0.000 r  clk_in (IN)
                         net (fo=0)                   0.000     0.000    clk_in
    E3                   IBUF (Prop_ibuf_I_O)         0.438     0.438 r  clk_in_IBUF_inst/O
                         net (fo=1, routed)           0.699     1.136    clk_in_IBUF
    BUFGCTRL_X0Y16       BUFG (Prop_bufg_I_O)         0.029     1.165 r  clk_in_IBUF_BUFG_inst/O
                         net (fo=87, routed)          0.872     2.037    print/clk_in_IBUF_BUFG
    SLICE_X0Y64          FDCE                                         r  print/cnt_reg[6]/C
                         clock pessimism              0.000     2.037    
    SLICE_X0Y64          FDCE (Remov_fdce_C_CLR)     -0.092     1.945    print/cnt_reg[6]
  -------------------------------------------------------------------
                         required time                         -1.945    
                         arrival time                           3.193    
  -------------------------------------------------------------------
                         slack                                  1.248    

Slack (MET) :             1.248ns  (arrival time - required time)
  Source:                 reset
                            (input port clocked by clk_pin  {rise@0.000ns fall@44.000ns period=88.000ns})
  Destination:            print/cnt_reg[7]/CLR
                            (removal check against rising-edge clock clk_pin  {rise@0.000ns fall@44.000ns period=88.000ns})
  Path Group:             **async_default**
  Path Type:              Removal (Min at Fast Process Corner)
  Requirement:            0.000ns  (clk_pin rise@0.000ns - clk_pin rise@0.000ns)
  Data Path Delay:        2.193ns  (logic 0.244ns (11.147%)  route 1.949ns (88.853%))
  Logic Levels:           1  (IBUF=1)
  Input Delay:            1.000ns
  Clock Path Skew:        2.037ns (DCD - SCD - CPR)
    Destination Clock Delay (DCD):    2.037ns
    Source Clock Delay      (SCD):    0.000ns
    Clock Pessimism Removal (CPR):    -0.000ns

    Location             Delay type                Incr(ns)  Path(ns)    Netlist Resource(s)
  -------------------------------------------------------------------    -------------------
                         (clock clk_pin rise edge)    0.000     0.000 r  
                         input delay                  1.000     1.000    
    N17                                               0.000     1.000 f  reset (IN)
                         net (fo=0)                   0.000     1.000    reset
    N17                  IBUF (Prop_ibuf_I_O)         0.244     1.244 f  reset_IBUF_inst/O
                         net (fo=2655, routed)        1.949     3.193    print/reset_IBUF
    SLICE_X0Y64          FDCE                                         f  print/cnt_reg[7]/CLR
  -------------------------------------------------------------------    -------------------

                         (clock clk_pin rise edge)    0.000     0.000 r  
    E3                                                0.000     0.000 r  clk_in (IN)
                         net (fo=0)                   0.000     0.000    clk_in
    E3                   IBUF (Prop_ibuf_I_O)         0.438     0.438 r  clk_in_IBUF_inst/O
                         net (fo=1, routed)           0.699     1.136    clk_in_IBUF
    BUFGCTRL_X0Y16       BUFG (Prop_bufg_I_O)         0.029     1.165 r  clk_in_IBUF_BUFG_inst/O
                         net (fo=87, routed)          0.872     2.037    print/clk_in_IBUF_BUFG
    SLICE_X0Y64          FDCE                                         r  print/cnt_reg[7]/C
                         clock pessimism              0.000     2.037    
    SLICE_X0Y64          FDCE (Remov_fdce_C_CLR)     -0.092     1.945    print/cnt_reg[7]
  -------------------------------------------------------------------
                         required time                         -1.945    
                         arrival time                           3.193    
  -------------------------------------------------------------------
                         slack                                  1.248    

Slack (MET) :             1.303ns  (arrival time - required time)
  Source:                 reset
                            (input port clocked by clk_pin  {rise@0.000ns fall@44.000ns period=88.000ns})
  Destination:            print/cnt_reg[0]/CLR
                            (removal check against rising-edge clock clk_pin  {rise@0.000ns fall@44.000ns period=88.000ns})
  Path Group:             **async_default**
  Path Type:              Removal (Min at Fast Process Corner)
  Requirement:            0.000ns  (clk_pin rise@0.000ns - clk_pin rise@0.000ns)
  Data Path Delay:        2.247ns  (logic 0.244ns (10.877%)  route 2.003ns (89.123%))
  Logic Levels:           1  (IBUF=1)
  Input Delay:            1.000ns
  Clock Path Skew:        2.037ns (DCD - SCD - CPR)
    Destination Clock Delay (DCD):    2.037ns
    Source Clock Delay      (SCD):    0.000ns
    Clock Pessimism Removal (CPR):    -0.000ns

    Location             Delay type                Incr(ns)  Path(ns)    Netlist Resource(s)
  -------------------------------------------------------------------    -------------------
                         (clock clk_pin rise edge)    0.000     0.000 r  
                         input delay                  1.000     1.000    
    N17                                               0.000     1.000 f  reset (IN)
                         net (fo=0)                   0.000     1.000    reset
    N17                  IBUF (Prop_ibuf_I_O)         0.244     1.244 f  reset_IBUF_inst/O
                         net (fo=2655, routed)        2.003     3.247    print/reset_IBUF
    SLICE_X0Y63          FDCE                                         f  print/cnt_reg[0]/CLR
  -------------------------------------------------------------------    -------------------

                         (clock clk_pin rise edge)    0.000     0.000 r  
    E3                                                0.000     0.000 r  clk_in (IN)
                         net (fo=0)                   0.000     0.000    clk_in
    E3                   IBUF (Prop_ibuf_I_O)         0.438     0.438 r  clk_in_IBUF_inst/O
                         net (fo=1, routed)           0.699     1.136    clk_in_IBUF
    BUFGCTRL_X0Y16       BUFG (Prop_bufg_I_O)         0.029     1.165 r  clk_in_IBUF_BUFG_inst/O
                         net (fo=87, routed)          0.872     2.037    print/clk_in_IBUF_BUFG
    SLICE_X0Y63          FDCE                                         r  print/cnt_reg[0]/C
                         clock pessimism              0.000     2.037    
    SLICE_X0Y63          FDCE (Remov_fdce_C_CLR)     -0.092     1.945    print/cnt_reg[0]
  -------------------------------------------------------------------
                         required time                         -1.945    
                         arrival time                           3.247    
  -------------------------------------------------------------------
                         slack                                  1.303    

Slack (MET) :             1.303ns  (arrival time - required time)
  Source:                 reset
                            (input port clocked by clk_pin  {rise@0.000ns fall@44.000ns period=88.000ns})
  Destination:            print/cnt_reg[1]/CLR
                            (removal check against rising-edge clock clk_pin  {rise@0.000ns fall@44.000ns period=88.000ns})
  Path Group:             **async_default**
  Path Type:              Removal (Min at Fast Process Corner)
  Requirement:            0.000ns  (clk_pin rise@0.000ns - clk_pin rise@0.000ns)
  Data Path Delay:        2.247ns  (logic 0.244ns (10.877%)  route 2.003ns (89.123%))
  Logic Levels:           1  (IBUF=1)
  Input Delay:            1.000ns
  Clock Path Skew:        2.037ns (DCD - SCD - CPR)
    Destination Clock Delay (DCD):    2.037ns
    Source Clock Delay      (SCD):    0.000ns
    Clock Pessimism Removal (CPR):    -0.000ns

    Location             Delay type                Incr(ns)  Path(ns)    Netlist Resource(s)
  -------------------------------------------------------------------    -------------------
                         (clock clk_pin rise edge)    0.000     0.000 r  
                         input delay                  1.000     1.000    
    N17                                               0.000     1.000 f  reset (IN)
                         net (fo=0)                   0.000     1.000    reset
    N17                  IBUF (Prop_ibuf_I_O)         0.244     1.244 f  reset_IBUF_inst/O
                         net (fo=2655, routed)        2.003     3.247    print/reset_IBUF
    SLICE_X0Y63          FDCE                                         f  print/cnt_reg[1]/CLR
  -------------------------------------------------------------------    -------------------

                         (clock clk_pin rise edge)    0.000     0.000 r  
    E3                                                0.000     0.000 r  clk_in (IN)
                         net (fo=0)                   0.000     0.000    clk_in
    E3                   IBUF (Prop_ibuf_I_O)         0.438     0.438 r  clk_in_IBUF_inst/O
                         net (fo=1, routed)           0.699     1.136    clk_in_IBUF
    BUFGCTRL_X0Y16       BUFG (Prop_bufg_I_O)         0.029     1.165 r  clk_in_IBUF_BUFG_inst/O
                         net (fo=87, routed)          0.872     2.037    print/clk_in_IBUF_BUFG
    SLICE_X0Y63          FDCE                                         r  print/cnt_reg[1]/C
                         clock pessimism              0.000     2.037    
    SLICE_X0Y63          FDCE (Remov_fdce_C_CLR)     -0.092     1.945    print/cnt_reg[1]
  -------------------------------------------------------------------
                         required time                         -1.945    
                         arrival time                           3.247    
  -------------------------------------------------------------------
                         slack                                  1.303    

Slack (MET) :             1.303ns  (arrival time - required time)
  Source:                 reset
                            (input port clocked by clk_pin  {rise@0.000ns fall@44.000ns period=88.000ns})
  Destination:            print/cnt_reg[2]/CLR
                            (removal check against rising-edge clock clk_pin  {rise@0.000ns fall@44.000ns period=88.000ns})
  Path Group:             **async_default**
  Path Type:              Removal (Min at Fast Process Corner)
  Requirement:            0.000ns  (clk_pin rise@0.000ns - clk_pin rise@0.000ns)
  Data Path Delay:        2.247ns  (logic 0.244ns (10.877%)  route 2.003ns (89.123%))
  Logic Levels:           1  (IBUF=1)
  Input Delay:            1.000ns
  Clock Path Skew:        2.037ns (DCD - SCD - CPR)
    Destination Clock Delay (DCD):    2.037ns
    Source Clock Delay      (SCD):    0.000ns
    Clock Pessimism Removal (CPR):    -0.000ns

    Location             Delay type                Incr(ns)  Path(ns)    Netlist Resource(s)
  -------------------------------------------------------------------    -------------------
                         (clock clk_pin rise edge)    0.000     0.000 r  
                         input delay                  1.000     1.000    
    N17                                               0.000     1.000 f  reset (IN)
                         net (fo=0)                   0.000     1.000    reset
    N17                  IBUF (Prop_ibuf_I_O)         0.244     1.244 f  reset_IBUF_inst/O
                         net (fo=2655, routed)        2.003     3.247    print/reset_IBUF
    SLICE_X0Y63          FDCE                                         f  print/cnt_reg[2]/CLR
  -------------------------------------------------------------------    -------------------

                         (clock clk_pin rise edge)    0.000     0.000 r  
    E3                                                0.000     0.000 r  clk_in (IN)
                         net (fo=0)                   0.000     0.000    clk_in
    E3                   IBUF (Prop_ibuf_I_O)         0.438     0.438 r  clk_in_IBUF_inst/O
                         net (fo=1, routed)           0.699     1.136    clk_in_IBUF
    BUFGCTRL_X0Y16       BUFG (Prop_bufg_I_O)         0.029     1.165 r  clk_in_IBUF_BUFG_inst/O
                         net (fo=87, routed)          0.872     2.037    print/clk_in_IBUF_BUFG
    SLICE_X0Y63          FDCE                                         r  print/cnt_reg[2]/C
                         clock pessimism              0.000     2.037    
    SLICE_X0Y63          FDCE (Remov_fdce_C_CLR)     -0.092     1.945    print/cnt_reg[2]
  -------------------------------------------------------------------
                         required time                         -1.945    
                         arrival time                           3.247    
  -------------------------------------------------------------------
                         slack                                  1.303    

Slack (MET) :             1.303ns  (arrival time - required time)
  Source:                 reset
                            (input port clocked by clk_pin  {rise@0.000ns fall@44.000ns period=88.000ns})
  Destination:            print/cnt_reg[3]/CLR
                            (removal check against rising-edge clock clk_pin  {rise@0.000ns fall@44.000ns period=88.000ns})
  Path Group:             **async_default**
  Path Type:              Removal (Min at Fast Process Corner)
  Requirement:            0.000ns  (clk_pin rise@0.000ns - clk_pin rise@0.000ns)
  Data Path Delay:        2.247ns  (logic 0.244ns (10.877%)  route 2.003ns (89.123%))
  Logic Levels:           1  (IBUF=1)
  Input Delay:            1.000ns
  Clock Path Skew:        2.037ns (DCD - SCD - CPR)
    Destination Clock Delay (DCD):    2.037ns
    Source Clock Delay      (SCD):    0.000ns
    Clock Pessimism Removal (CPR):    -0.000ns

    Location             Delay type                Incr(ns)  Path(ns)    Netlist Resource(s)
  -------------------------------------------------------------------    -------------------
                         (clock clk_pin rise edge)    0.000     0.000 r  
                         input delay                  1.000     1.000    
    N17                                               0.000     1.000 f  reset (IN)
                         net (fo=0)                   0.000     1.000    reset
    N17                  IBUF (Prop_ibuf_I_O)         0.244     1.244 f  reset_IBUF_inst/O
                         net (fo=2655, routed)        2.003     3.247    print/reset_IBUF
    SLICE_X0Y63          FDCE                                         f  print/cnt_reg[3]/CLR
  -------------------------------------------------------------------    -------------------

                         (clock clk_pin rise edge)    0.000     0.000 r  
    E3                                                0.000     0.000 r  clk_in (IN)
                         net (fo=0)                   0.000     0.000    clk_in
    E3                   IBUF (Prop_ibuf_I_O)         0.438     0.438 r  clk_in_IBUF_inst/O
                         net (fo=1, routed)           0.699     1.136    clk_in_IBUF
    BUFGCTRL_X0Y16       BUFG (Prop_bufg_I_O)         0.029     1.165 r  clk_in_IBUF_BUFG_inst/O
                         net (fo=87, routed)          0.872     2.037    print/clk_in_IBUF_BUFG
    SLICE_X0Y63          FDCE                                         r  print/cnt_reg[3]/C
                         clock pessimism              0.000     2.037    
    SLICE_X0Y63          FDCE (Remov_fdce_C_CLR)     -0.092     1.945    print/cnt_reg[3]
  -------------------------------------------------------------------
                         required time                         -1.945    
                         arrival time                           3.247    
  -------------------------------------------------------------------
                         slack                                  1.303    

Slack (MET) :             1.312ns  (arrival time - required time)
  Source:                 reset
                            (input port clocked by clk_pin  {rise@0.000ns fall@44.000ns period=88.000ns})
  Destination:            print/cnt_reg[10]/CLR
                            (removal check against rising-edge clock clk_pin  {rise@0.000ns fall@44.000ns period=88.000ns})
  Path Group:             **async_default**
  Path Type:              Removal (Min at Fast Process Corner)
  Requirement:            0.000ns  (clk_pin rise@0.000ns - clk_pin rise@0.000ns)
  Data Path Delay:        2.256ns  (logic 0.244ns (10.834%)  route 2.012ns (89.166%))
  Logic Levels:           1  (IBUF=1)
  Input Delay:            1.000ns
  Clock Path Skew:        2.036ns (DCD - SCD - CPR)
    Destination Clock Delay (DCD):    2.036ns
    Source Clock Delay      (SCD):    0.000ns
    Clock Pessimism Removal (CPR):    -0.000ns

    Location             Delay type                Incr(ns)  Path(ns)    Netlist Resource(s)
  -------------------------------------------------------------------    -------------------
                         (clock clk_pin rise edge)    0.000     0.000 r  
                         input delay                  1.000     1.000    
    N17                                               0.000     1.000 f  reset (IN)
                         net (fo=0)                   0.000     1.000    reset
    N17                  IBUF (Prop_ibuf_I_O)         0.244     1.244 f  reset_IBUF_inst/O
                         net (fo=2655, routed)        2.012     3.256    print/reset_IBUF
    SLICE_X0Y65          FDCE                                         f  print/cnt_reg[10]/CLR
  -------------------------------------------------------------------    -------------------

                         (clock clk_pin rise edge)    0.000     0.000 r  
    E3                                                0.000     0.000 r  clk_in (IN)
                         net (fo=0)                   0.000     0.000    clk_in
    E3                   IBUF (Prop_ibuf_I_O)         0.438     0.438 r  clk_in_IBUF_inst/O
                         net (fo=1, routed)           0.699     1.136    clk_in_IBUF
    BUFGCTRL_X0Y16       BUFG (Prop_bufg_I_O)         0.029     1.165 r  clk_in_IBUF_BUFG_inst/O
                         net (fo=87, routed)          0.871     2.036    print/clk_in_IBUF_BUFG
    SLICE_X0Y65          FDCE                                         r  print/cnt_reg[10]/C
                         clock pessimism              0.000     2.036    
    SLICE_X0Y65          FDCE (Remov_fdce_C_CLR)     -0.092     1.944    print/cnt_reg[10]
  -------------------------------------------------------------------
                         required time                         -1.944    
                         arrival time                           3.256    
  -------------------------------------------------------------------
                         slack                                  1.312    

Slack (MET) :             1.312ns  (arrival time - required time)
  Source:                 reset
                            (input port clocked by clk_pin  {rise@0.000ns fall@44.000ns period=88.000ns})
  Destination:            print/cnt_reg[11]/CLR
                            (removal check against rising-edge clock clk_pin  {rise@0.000ns fall@44.000ns period=88.000ns})
  Path Group:             **async_default**
  Path Type:              Removal (Min at Fast Process Corner)
  Requirement:            0.000ns  (clk_pin rise@0.000ns - clk_pin rise@0.000ns)
  Data Path Delay:        2.256ns  (logic 0.244ns (10.834%)  route 2.012ns (89.166%))
  Logic Levels:           1  (IBUF=1)
  Input Delay:            1.000ns
  Clock Path Skew:        2.036ns (DCD - SCD - CPR)
    Destination Clock Delay (DCD):    2.036ns
    Source Clock Delay      (SCD):    0.000ns
    Clock Pessimism Removal (CPR):    -0.000ns

    Location             Delay type                Incr(ns)  Path(ns)    Netlist Resource(s)
  -------------------------------------------------------------------    -------------------
                         (clock clk_pin rise edge)    0.000     0.000 r  
                         input delay                  1.000     1.000    
    N17                                               0.000     1.000 f  reset (IN)
                         net (fo=0)                   0.000     1.000    reset
    N17                  IBUF (Prop_ibuf_I_O)         0.244     1.244 f  reset_IBUF_inst/O
                         net (fo=2655, routed)        2.012     3.256    print/reset_IBUF
    SLICE_X0Y65          FDCE                                         f  print/cnt_reg[11]/CLR
  -------------------------------------------------------------------    -------------------

                         (clock clk_pin rise edge)    0.000     0.000 r  
    E3                                                0.000     0.000 r  clk_in (IN)
                         net (fo=0)                   0.000     0.000    clk_in
    E3                   IBUF (Prop_ibuf_I_O)         0.438     0.438 r  clk_in_IBUF_inst/O
                         net (fo=1, routed)           0.699     1.136    clk_in_IBUF
    BUFGCTRL_X0Y16       BUFG (Prop_bufg_I_O)         0.029     1.165 r  clk_in_IBUF_BUFG_inst/O
                         net (fo=87, routed)          0.871     2.036    print/clk_in_IBUF_BUFG
    SLICE_X0Y65          FDCE                                         r  print/cnt_reg[11]/C
                         clock pessimism              0.000     2.036    
    SLICE_X0Y65          FDCE (Remov_fdce_C_CLR)     -0.092     1.944    print/cnt_reg[11]
  -------------------------------------------------------------------
                         required time                         -1.944    
                         arrival time                           3.256    
  -------------------------------------------------------------------
                         slack                                  1.312    





