Copyright 1986-2016 Xilinx, Inc. All Rights Reserved.
-----------------------------------------------------------------------------------------------------------------------------------------------------------
| Tool Version : Vivado v.2016.2 (win64) Build 1577090 Thu Jun  2 16:32:40 MDT 2016
| Date         : Wed Dec 24 09:58:00 2025
| Host         : LAPTOP-V0AHCU9H running 64-bit major release  (build 9200)
| Command      : report_timing_summary -warn_on_violation -max_paths 10 -file top_board_timing_summary_routed.rpt -rpx top_board_timing_summary_routed.rpx
| Design       : top_board
| Device       : 7a100t-csg324
| Speed File   : -1  PRODUCTION 1.14 2014-09-11
-----------------------------------------------------------------------------------------------------------------------------------------------------------

Timing Summary Report

------------------------------------------------------------------------------------------------
| Timer Settings
| --------------
------------------------------------------------------------------------------------------------

  Enable Multi Corner Analysis               :  Yes
  Enable Pessimism Removal                   :  Yes
  Pessimism Removal Resolution               :  Nearest Common Node
  Enable Input Delay Default Clock           :  No
  Enable Preset / Clear Arcs                 :  No
  Disable Flight Delays                      :  No
  Ignore I/O Paths                           :  No
  Timing Early Launch at Borrowing Latches   :  false

  Corner  Analyze    Analyze    
  Name    Max Paths  Min Paths  
  ------  ---------  ---------  
  Slow    Yes        Yes        
  Fast    Yes        Yes        



check_timing report

Table of Contents
-----------------
1. checking no_clock
2. checking constant_clock
3. checking pulse_width_clock
4. checking unconstrained_internal_endpoints
5. checking no_input_delay
6. checking no_output_delay
7. checking multiple_clock
8. checking generated_clocks
9. checking loops
10. checking partial_input_delay
11. checking partial_output_delay
12. checking latch_loops

1. checking no_clock
--------------------
 There are 1624 register/latch pins with no clock driven by root clock pin: divider_cpu/clk_out_reg/C (HIGH)

 There are 3 register/latch pins with no clock driven by root clock pin: seg7_display/cnt_reg[14]/C (HIGH)


2. checking constant_clock
--------------------------
 There are 0 register/latch pins with constant_clock.


3. checking pulse_width_clock
-----------------------------
 There are 0 register/latch pins which need pulse_width check


4. checking unconstrained_internal_endpoints
--------------------------------------------
 There are 5774 pins that are not constrained for maximum delay. (HIGH)

 There are 0 pins that are not constrained for maximum delay due to constant clock.


5. checking no_input_delay
--------------------------
 There are 2 input ports with no input delay specified. (HIGH)

 There are 0 input ports with no input delay but user has a false path constraint.


6. checking no_output_delay
---------------------------
 There are 0 ports with no output delay specified.

 There are 0 ports with no output delay but user has a false path constraint

 There are 0 ports with no output delay but with a timing clock defined on it or propagating through it


7. checking multiple_clock
--------------------------
 There are 0 register/latch pins with multiple clocks.


8. checking generated_clocks
----------------------------
 There are 0 generated clocks that are not connected to a clock source.


9. checking loops
-----------------
 There are 0 combinational loops in the design.


10. checking partial_input_delay
--------------------------------
 There are 0 input ports with partial input delay specified.


11. checking partial_output_delay
---------------------------------
 There are 0 ports with partial output delay specified.


12. checking latch_loops
------------------------
 There are 0 combinational latch loops in the design through latch input



------------------------------------------------------------------------------------------------
| Design Timing Summary
| ---------------------
------------------------------------------------------------------------------------------------

    WNS(ns)      TNS(ns)  TNS Failing Endpoints  TNS Total Endpoints      WHS(ns)      THS(ns)  THS Failing Endpoints  THS Total Endpoints     WPWS(ns)     TPWS(ns)  TPWS Failing Endpoints  TPWS Total Endpoints  
    -------      -------  ---------------------  -------------------      -------      -------  ---------------------  -------------------     --------     --------  ----------------------  --------------------  
      0.666        0.000                      0                  149        0.213        0.000                      0                  149        5.500        0.000                       0                    88  


All user specified timing constraints are met.


------------------------------------------------------------------------------------------------
| Clock Summary
| -------------
------------------------------------------------------------------------------------------------

Clock    Waveform(ns)       Period(ns)      Frequency(MHz)
-----    ------------       ----------      --------------
clk_pin  {0.000 6.000}      12.000          83.333          


------------------------------------------------------------------------------------------------
| Intra Clock Table
| -----------------
------------------------------------------------------------------------------------------------

Clock             WNS(ns)      TNS(ns)  TNS Failing Endpoints  TNS Total Endpoints      WHS(ns)      THS(ns)  THS Failing Endpoints  THS Total Endpoints     WPWS(ns)     TPWS(ns)  TPWS Failing Endpoints  TPWS Total Endpoints  
-----             -------      -------  ---------------------  -------------------      -------      -------  ---------------------  -------------------     --------     --------  ----------------------  --------------------  
clk_pin             0.666        0.000                      0                   62        0.213        0.000                      0                   62        5.500        0.000                       0                    88  


------------------------------------------------------------------------------------------------
| Inter Clock Table
| -----------------
------------------------------------------------------------------------------------------------

From Clock    To Clock          WNS(ns)      TNS(ns)  TNS Failing Endpoints  TNS Total Endpoints      WHS(ns)      THS(ns)  THS Failing Endpoints  THS Total Endpoints  
----------    --------          -------      -------  ---------------------  -------------------      -------      -------  ---------------------  -------------------  


------------------------------------------------------------------------------------------------
| Other Path Groups Table
| -----------------------
------------------------------------------------------------------------------------------------

Path Group         From Clock         To Clock               WNS(ns)      TNS(ns)  TNS Failing Endpoints  TNS Total Endpoints      WHS(ns)      THS(ns)  THS Failing Endpoints  THS Total Endpoints  
----------         ----------         --------               -------      -------  ---------------------  -------------------      -------      -------  ---------------------  -------------------  
**async_default**  clk_pin            clk_pin                  0.806        0.000                      0                   87        5.426        0.000                      0                   87  


------------------------------------------------------------------------------------------------
| Timing Details
| --------------
------------------------------------------------------------------------------------------------


---------------------------------------------------------------------------------------------------
From Clock:  clk_pin
  To Clock:  clk_pin

Setup :            0  Failing Endpoints,  Worst Slack        0.666ns,  Total Violation        0.000ns
Hold  :            0  Failing Endpoints,  Worst Slack        0.213ns,  Total Violation        0.000ns
PW    :            0  Failing Endpoints,  Worst Slack        5.500ns,  Total Violation        0.000ns
---------------------------------------------------------------------------------------------------


Max Delay Paths
--------------------------------------------------------------------------------------
Slack (MET) :             0.666ns  (required time - arrival time)
  Source:                 seg7_display/o_seg_r_reg[0]/C
                            (rising edge-triggered cell FDPE clocked by clk_pin  {rise@0.000ns fall@6.000ns period=12.000ns})
  Destination:            seg[0]
                            (output port clocked by clk_pin  {rise@0.000ns fall@6.000ns period=12.000ns})
  Path Group:             clk_pin
  Path Type:              Max at Slow Process Corner
  Requirement:            12.000ns  (clk_pin rise@12.000ns - clk_pin rise@0.000ns)
  Data Path Delay:        5.976ns  (logic 4.033ns (67.489%)  route 1.943ns (32.511%))
  Logic Levels:           1  (OBUF=1)
  Output Delay:           0.000ns
  Clock Path Skew:        -5.323ns (DCD - SCD + CPR)
    Destination Clock Delay (DCD):    0.000ns = ( 12.000 - 12.000 ) 
    Source Clock Delay      (SCD):    5.323ns
    Clock Pessimism Removal (CPR):    0.000ns
  Clock Uncertainty:      0.035ns  ((TSJ^2 + TIJ^2)^1/2 + DJ) / 2 + PE
    Total System Jitter     (TSJ):    0.071ns
    Total Input Jitter      (TIJ):    0.000ns
    Discrete Jitter          (DJ):    0.000ns
    Phase Error              (PE):    0.000ns

    Location             Delay type                Incr(ns)  Path(ns)    Netlist Resource(s)
  -------------------------------------------------------------------    -------------------
                         (clock clk_pin rise edge)    0.000     0.000 r  
    E3                                                0.000     0.000 r  clk (IN)
                         net (fo=0)                   0.000     0.000    clk
    E3                   IBUF (Prop_ibuf_I_O)         1.482     1.482 r  clk_IBUF_inst/O
                         net (fo=1, routed)           2.025     3.506    clk_IBUF
    BUFGCTRL_X0Y16       BUFG (Prop_bufg_I_O)         0.096     3.602 r  clk_IBUF_BUFG_inst/O
                         net (fo=87, routed)          1.720     5.323    seg7_display/clk_IBUF_BUFG
    SLICE_X0Y63          FDPE                                         r  seg7_display/o_seg_r_reg[0]/C
  -------------------------------------------------------------------    -------------------
    SLICE_X0Y63          FDPE (Prop_fdpe_C_Q)         0.456     5.779 r  seg7_display/o_seg_r_reg[0]/Q
                         net (fo=1, routed)           1.943     7.721    seg_OBUF[0]
    T10                  OBUF (Prop_obuf_I_O)         3.577    11.298 r  seg_OBUF[0]_inst/O
                         net (fo=0)                   0.000    11.298    seg[0]
    T10                                                               r  seg[0] (OUT)
  -------------------------------------------------------------------    -------------------

                         (clock clk_pin rise edge)   12.000    12.000 r  
                         clock pessimism              0.000    12.000    
                         clock uncertainty           -0.035    11.965    
                         output delay                -0.000    11.965    
  -------------------------------------------------------------------
                         required time                         11.965    
                         arrival time                         -11.298    
  -------------------------------------------------------------------
                         slack                                  0.666    

Slack (MET) :             0.765ns  (required time - arrival time)
  Source:                 seg7_display/o_seg_r_reg[2]/C
                            (rising edge-triggered cell FDPE clocked by clk_pin  {rise@0.000ns fall@6.000ns period=12.000ns})
  Destination:            seg[2]
                            (output port clocked by clk_pin  {rise@0.000ns fall@6.000ns period=12.000ns})
  Path Group:             clk_pin
  Path Type:              Max at Slow Process Corner
  Requirement:            12.000ns  (clk_pin rise@12.000ns - clk_pin rise@0.000ns)
  Data Path Delay:        5.872ns  (logic 4.011ns (68.309%)  route 1.861ns (31.691%))
  Logic Levels:           1  (OBUF=1)
  Output Delay:           0.000ns
  Clock Path Skew:        -5.328ns (DCD - SCD + CPR)
    Destination Clock Delay (DCD):    0.000ns = ( 12.000 - 12.000 ) 
    Source Clock Delay      (SCD):    5.328ns
    Clock Pessimism Removal (CPR):    0.000ns
  Clock Uncertainty:      0.035ns  ((TSJ^2 + TIJ^2)^1/2 + DJ) / 2 + PE
    Total System Jitter     (TSJ):    0.071ns
    Total Input Jitter      (TIJ):    0.000ns
    Discrete Jitter          (DJ):    0.000ns
    Phase Error              (PE):    0.000ns

    Location             Delay type                Incr(ns)  Path(ns)    Netlist Resource(s)
  -------------------------------------------------------------------    -------------------
                         (clock clk_pin rise edge)    0.000     0.000 r  
    E3                                                0.000     0.000 r  clk (IN)
                         net (fo=0)                   0.000     0.000    clk
    E3                   IBUF (Prop_ibuf_I_O)         1.482     1.482 r  clk_IBUF_inst/O
                         net (fo=1, routed)           2.025     3.506    clk_IBUF
    BUFGCTRL_X0Y16       BUFG (Prop_bufg_I_O)         0.096     3.602 r  clk_IBUF_BUFG_inst/O
                         net (fo=87, routed)          1.725     5.328    seg7_display/clk_IBUF_BUFG
    SLICE_X2Y95          FDPE                                         r  seg7_display/o_seg_r_reg[2]/C
  -------------------------------------------------------------------    -------------------
    SLICE_X2Y95          FDPE (Prop_fdpe_C_Q)         0.518     5.846 r  seg7_display/o_seg_r_reg[2]/Q
                         net (fo=1, routed)           1.861     7.707    seg_OBUF[2]
    K16                  OBUF (Prop_obuf_I_O)         3.493    11.200 r  seg_OBUF[2]_inst/O
                         net (fo=0)                   0.000    11.200    seg[2]
    K16                                                               r  seg[2] (OUT)
  -------------------------------------------------------------------    -------------------

                         (clock clk_pin rise edge)   12.000    12.000 r  
                         clock pessimism              0.000    12.000    
                         clock uncertainty           -0.035    11.965    
                         output delay                -0.000    11.965    
  -------------------------------------------------------------------
                         required time                         11.965    
                         arrival time                         -11.200    
  -------------------------------------------------------------------
                         slack                                  0.765    

Slack (MET) :             0.829ns  (required time - arrival time)
  Source:                 seg7_display/o_seg_r_reg[6]/C
                            (rising edge-triggered cell FDPE clocked by clk_pin  {rise@0.000ns fall@6.000ns period=12.000ns})
  Destination:            seg[6]
                            (output port clocked by clk_pin  {rise@0.000ns fall@6.000ns period=12.000ns})
  Path Group:             clk_pin
  Path Type:              Max at Slow Process Corner
  Requirement:            12.000ns  (clk_pin rise@12.000ns - clk_pin rise@0.000ns)
  Data Path Delay:        5.808ns  (logic 3.993ns (68.757%)  route 1.815ns (31.243%))
  Logic Levels:           1  (OBUF=1)
  Output Delay:           0.000ns
  Clock Path Skew:        -5.328ns (DCD - SCD + CPR)
    Destination Clock Delay (DCD):    0.000ns = ( 12.000 - 12.000 ) 
    Source Clock Delay      (SCD):    5.328ns
    Clock Pessimism Removal (CPR):    0.000ns
  Clock Uncertainty:      0.035ns  ((TSJ^2 + TIJ^2)^1/2 + DJ) / 2 + PE
    Total System Jitter     (TSJ):    0.071ns
    Total Input Jitter      (TIJ):    0.000ns
    Discrete Jitter          (DJ):    0.000ns
    Phase Error              (PE):    0.000ns

    Location             Delay type                Incr(ns)  Path(ns)    Netlist Resource(s)
  -------------------------------------------------------------------    -------------------
                         (clock clk_pin rise edge)    0.000     0.000 r  
    E3                                                0.000     0.000 r  clk (IN)
                         net (fo=0)                   0.000     0.000    clk
    E3                   IBUF (Prop_ibuf_I_O)         1.482     1.482 r  clk_IBUF_inst/O
                         net (fo=1, routed)           2.025     3.506    clk_IBUF
    BUFGCTRL_X0Y16       BUFG (Prop_bufg_I_O)         0.096     3.602 r  clk_IBUF_BUFG_inst/O
                         net (fo=87, routed)          1.725     5.328    seg7_display/clk_IBUF_BUFG
    SLICE_X1Y95          FDPE                                         r  seg7_display/o_seg_r_reg[6]/C
  -------------------------------------------------------------------    -------------------
    SLICE_X1Y95          FDPE (Prop_fdpe_C_Q)         0.456     5.784 r  seg7_display/o_seg_r_reg[6]/Q
                         net (fo=1, routed)           1.815     7.598    seg_OBUF[6]
    L18                  OBUF (Prop_obuf_I_O)         3.537    11.136 r  seg_OBUF[6]_inst/O
                         net (fo=0)                   0.000    11.136    seg[6]
    L18                                                               r  seg[6] (OUT)
  -------------------------------------------------------------------    -------------------

                         (clock clk_pin rise edge)   12.000    12.000 r  
                         clock pessimism              0.000    12.000    
                         clock uncertainty           -0.035    11.965    
                         output delay                -0.000    11.965    
  -------------------------------------------------------------------
                         required time                         11.965    
                         arrival time                         -11.136    
  -------------------------------------------------------------------
                         slack                                  0.829    

Slack (MET) :             1.091ns  (required time - arrival time)
  Source:                 seg7_display/o_seg_r_reg[1]/C
                            (rising edge-triggered cell FDPE clocked by clk_pin  {rise@0.000ns fall@6.000ns period=12.000ns})
  Destination:            seg[1]
                            (output port clocked by clk_pin  {rise@0.000ns fall@6.000ns period=12.000ns})
  Path Group:             clk_pin
  Path Type:              Max at Slow Process Corner
  Requirement:            12.000ns  (clk_pin rise@12.000ns - clk_pin rise@0.000ns)
  Data Path Delay:        5.545ns  (logic 4.011ns (72.349%)  route 1.533ns (27.651%))
  Logic Levels:           1  (OBUF=1)
  Output Delay:           0.000ns
  Clock Path Skew:        -5.329ns (DCD - SCD + CPR)
    Destination Clock Delay (DCD):    0.000ns = ( 12.000 - 12.000 ) 
    Source Clock Delay      (SCD):    5.329ns
    Clock Pessimism Removal (CPR):    0.000ns
  Clock Uncertainty:      0.035ns  ((TSJ^2 + TIJ^2)^1/2 + DJ) / 2 + PE
    Total System Jitter     (TSJ):    0.071ns
    Total Input Jitter      (TIJ):    0.000ns
    Discrete Jitter          (DJ):    0.000ns
    Phase Error              (PE):    0.000ns

    Location             Delay type                Incr(ns)  Path(ns)    Netlist Resource(s)
  -------------------------------------------------------------------    -------------------
                         (clock clk_pin rise edge)    0.000     0.000 r  
    E3                                                0.000     0.000 r  clk (IN)
                         net (fo=0)                   0.000     0.000    clk
    E3                   IBUF (Prop_ibuf_I_O)         1.482     1.482 r  clk_IBUF_inst/O
                         net (fo=1, routed)           2.025     3.506    clk_IBUF
    BUFGCTRL_X0Y16       BUFG (Prop_bufg_I_O)         0.096     3.602 r  clk_IBUF_BUFG_inst/O
                         net (fo=87, routed)          1.726     5.329    seg7_display/clk_IBUF_BUFG
    SLICE_X0Y50          FDPE                                         r  seg7_display/o_seg_r_reg[1]/C
  -------------------------------------------------------------------    -------------------
    SLICE_X0Y50          FDPE (Prop_fdpe_C_Q)         0.456     5.785 r  seg7_display/o_seg_r_reg[1]/Q
                         net (fo=1, routed)           1.533     7.318    seg_OBUF[1]
    R10                  OBUF (Prop_obuf_I_O)         3.555    10.873 r  seg_OBUF[1]_inst/O
                         net (fo=0)                   0.000    10.873    seg[1]
    R10                                                               r  seg[1] (OUT)
  -------------------------------------------------------------------    -------------------

                         (clock clk_pin rise edge)   12.000    12.000 r  
                         clock pessimism              0.000    12.000    
                         clock uncertainty           -0.035    11.965    
                         output delay                -0.000    11.965    
  -------------------------------------------------------------------
                         required time                         11.965    
                         arrival time                         -10.873    
  -------------------------------------------------------------------
                         slack                                  1.091    

Slack (MET) :             1.095ns  (required time - arrival time)
  Source:                 seg7_display/o_seg_r_reg[5]/C
                            (rising edge-triggered cell FDPE clocked by clk_pin  {rise@0.000ns fall@6.000ns period=12.000ns})
  Destination:            seg[5]
                            (output port clocked by clk_pin  {rise@0.000ns fall@6.000ns period=12.000ns})
  Path Group:             clk_pin
  Path Type:              Max at Slow Process Corner
  Requirement:            12.000ns  (clk_pin rise@12.000ns - clk_pin rise@0.000ns)
  Data Path Delay:        5.546ns  (logic 4.017ns (72.422%)  route 1.530ns (27.578%))
  Logic Levels:           1  (OBUF=1)
  Output Delay:           0.000ns
  Clock Path Skew:        -5.324ns (DCD - SCD + CPR)
    Destination Clock Delay (DCD):    0.000ns = ( 12.000 - 12.000 ) 
    Source Clock Delay      (SCD):    5.324ns
    Clock Pessimism Removal (CPR):    0.000ns
  Clock Uncertainty:      0.035ns  ((TSJ^2 + TIJ^2)^1/2 + DJ) / 2 + PE
    Total System Jitter     (TSJ):    0.071ns
    Total Input Jitter      (TIJ):    0.000ns
    Discrete Jitter          (DJ):    0.000ns
    Phase Error              (PE):    0.000ns

    Location             Delay type                Incr(ns)  Path(ns)    Netlist Resource(s)
  -------------------------------------------------------------------    -------------------
                         (clock clk_pin rise edge)    0.000     0.000 r  
    E3                                                0.000     0.000 r  clk (IN)
                         net (fo=0)                   0.000     0.000    clk
    E3                   IBUF (Prop_ibuf_I_O)         1.482     1.482 r  clk_IBUF_inst/O
                         net (fo=1, routed)           2.025     3.506    clk_IBUF
    BUFGCTRL_X0Y16       BUFG (Prop_bufg_I_O)         0.096     3.602 r  clk_IBUF_BUFG_inst/O
                         net (fo=87, routed)          1.721     5.324    seg7_display/clk_IBUF_BUFG
    SLICE_X1Y62          FDPE                                         r  seg7_display/o_seg_r_reg[5]/C
  -------------------------------------------------------------------    -------------------
    SLICE_X1Y62          FDPE (Prop_fdpe_C_Q)         0.456     5.780 r  seg7_display/o_seg_r_reg[5]/Q
                         net (fo=1, routed)           1.530     7.309    seg_OBUF[5]
    T11                  OBUF (Prop_obuf_I_O)         3.561    10.870 r  seg_OBUF[5]_inst/O
                         net (fo=0)                   0.000    10.870    seg[5]
    T11                                                               r  seg[5] (OUT)
  -------------------------------------------------------------------    -------------------

                         (clock clk_pin rise edge)   12.000    12.000 r  
                         clock pessimism              0.000    12.000    
                         clock uncertainty           -0.035    11.965    
                         output delay                -0.000    11.965    
  -------------------------------------------------------------------
                         required time                         11.965    
                         arrival time                         -10.870    
  -------------------------------------------------------------------
                         slack                                  1.095    

Slack (MET) :             1.122ns  (required time - arrival time)
  Source:                 seg7_display/o_seg_r_reg[3]/C
                            (rising edge-triggered cell FDPE clocked by clk_pin  {rise@0.000ns fall@6.000ns period=12.000ns})
  Destination:            seg[3]
                            (output port clocked by clk_pin  {rise@0.000ns fall@6.000ns period=12.000ns})
  Path Group:             clk_pin
  Path Type:              Max at Slow Process Corner
  Requirement:            12.000ns  (clk_pin rise@12.000ns - clk_pin rise@0.000ns)
  Data Path Delay:        5.539ns  (logic 4.006ns (72.323%)  route 1.533ns (27.677%))
  Logic Levels:           1  (OBUF=1)
  Output Delay:           0.000ns
  Clock Path Skew:        -5.303ns (DCD - SCD + CPR)
    Destination Clock Delay (DCD):    0.000ns = ( 12.000 - 12.000 ) 
    Source Clock Delay      (SCD):    5.303ns
    Clock Pessimism Removal (CPR):    0.000ns
  Clock Uncertainty:      0.035ns  ((TSJ^2 + TIJ^2)^1/2 + DJ) / 2 + PE
    Total System Jitter     (TSJ):    0.071ns
    Total Input Jitter      (TIJ):    0.000ns
    Discrete Jitter          (DJ):    0.000ns
    Phase Error              (PE):    0.000ns

    Location             Delay type                Incr(ns)  Path(ns)    Netlist Resource(s)
  -------------------------------------------------------------------    -------------------
                         (clock clk_pin rise edge)    0.000     0.000 r  
    E3                                                0.000     0.000 r  clk (IN)
                         net (fo=0)                   0.000     0.000    clk
    E3                   IBUF (Prop_ibuf_I_O)         1.482     1.482 r  clk_IBUF_inst/O
                         net (fo=1, routed)           2.025     3.506    clk_IBUF
    BUFGCTRL_X0Y16       BUFG (Prop_bufg_I_O)         0.096     3.602 r  clk_IBUF_BUFG_inst/O
                         net (fo=87, routed)          1.701     5.303    seg7_display/clk_IBUF_BUFG
    SLICE_X0Y116         FDPE                                         r  seg7_display/o_seg_r_reg[3]/C
  -------------------------------------------------------------------    -------------------
    SLICE_X0Y116         FDPE (Prop_fdpe_C_Q)         0.456     5.759 r  seg7_display/o_seg_r_reg[3]/Q
                         net (fo=1, routed)           1.533     7.292    seg_OBUF[3]
    K13                  OBUF (Prop_obuf_I_O)         3.550    10.843 r  seg_OBUF[3]_inst/O
                         net (fo=0)                   0.000    10.843    seg[3]
    K13                                                               r  seg[3] (OUT)
  -------------------------------------------------------------------    -------------------

                         (clock clk_pin rise edge)   12.000    12.000 r  
                         clock pessimism              0.000    12.000    
                         clock uncertainty           -0.035    11.965    
                         output delay                -0.000    11.965    
  -------------------------------------------------------------------
                         required time                         11.965    
                         arrival time                         -10.843    
  -------------------------------------------------------------------
                         slack                                  1.122    

Slack (MET) :             1.138ns  (required time - arrival time)
  Source:                 seg7_display/o_seg_r_reg[4]/C
                            (rising edge-triggered cell FDPE clocked by clk_pin  {rise@0.000ns fall@6.000ns period=12.000ns})
  Destination:            seg[4]
                            (output port clocked by clk_pin  {rise@0.000ns fall@6.000ns period=12.000ns})
  Path Group:             clk_pin
  Path Type:              Max at Slow Process Corner
  Requirement:            12.000ns  (clk_pin rise@12.000ns - clk_pin rise@0.000ns)
  Data Path Delay:        5.519ns  (logic 3.990ns (72.286%)  route 1.530ns (27.714%))
  Logic Levels:           1  (OBUF=1)
  Output Delay:           0.000ns
  Clock Path Skew:        -5.308ns (DCD - SCD + CPR)
    Destination Clock Delay (DCD):    0.000ns = ( 12.000 - 12.000 ) 
    Source Clock Delay      (SCD):    5.308ns
    Clock Pessimism Removal (CPR):    0.000ns
  Clock Uncertainty:      0.035ns  ((TSJ^2 + TIJ^2)^1/2 + DJ) / 2 + PE
    Total System Jitter     (TSJ):    0.071ns
    Total Input Jitter      (TIJ):    0.000ns
    Discrete Jitter          (DJ):    0.000ns
    Phase Error              (PE):    0.000ns

    Location             Delay type                Incr(ns)  Path(ns)    Netlist Resource(s)
  -------------------------------------------------------------------    -------------------
                         (clock clk_pin rise edge)    0.000     0.000 r  
    E3                                                0.000     0.000 r  clk (IN)
                         net (fo=0)                   0.000     0.000    clk
    E3                   IBUF (Prop_ibuf_I_O)         1.482     1.482 r  clk_IBUF_inst/O
                         net (fo=1, routed)           2.025     3.506    clk_IBUF
    BUFGCTRL_X0Y16       BUFG (Prop_bufg_I_O)         0.096     3.602 r  clk_IBUF_BUFG_inst/O
                         net (fo=87, routed)          1.705     5.308    seg7_display/clk_IBUF_BUFG
    SLICE_X1Y74          FDPE                                         r  seg7_display/o_seg_r_reg[4]/C
  -------------------------------------------------------------------    -------------------
    SLICE_X1Y74          FDPE (Prop_fdpe_C_Q)         0.456     5.764 r  seg7_display/o_seg_r_reg[4]/Q
                         net (fo=1, routed)           1.530     7.293    seg_OBUF[4]
    P15                  OBUF (Prop_obuf_I_O)         3.534    10.827 r  seg_OBUF[4]_inst/O
                         net (fo=0)                   0.000    10.827    seg[4]
    P15                                                               r  seg[4] (OUT)
  -------------------------------------------------------------------    -------------------

                         (clock clk_pin rise edge)   12.000    12.000 r  
                         clock pessimism              0.000    12.000    
                         clock uncertainty           -0.035    11.965    
                         output delay                -0.000    11.965    
  -------------------------------------------------------------------
                         required time                         11.965    
                         arrival time                         -10.827    
  -------------------------------------------------------------------
                         slack                                  1.138    

Slack (MET) :             6.985ns  (required time - arrival time)
  Source:                 seg7_display/i_data_store_reg[13]/C
                            (rising edge-triggered cell FDCE clocked by clk_pin  {rise@0.000ns fall@6.000ns period=12.000ns})
  Destination:            seg7_display/o_seg_r_reg[1]/D
                            (rising edge-triggered cell FDPE clocked by clk_pin  {rise@0.000ns fall@6.000ns period=12.000ns})
  Path Group:             clk_pin
  Path Type:              Setup (Max at Slow Process Corner)
  Requirement:            12.000ns  (clk_pin rise@12.000ns - clk_pin rise@0.000ns)
  Data Path Delay:        4.968ns  (logic 0.828ns (16.666%)  route 4.140ns (83.334%))
  Logic Levels:           3  (LUT4=1 LUT6=2)
  Clock Path Skew:        -0.040ns (DCD - SCD + CPR)
    Destination Clock Delay (DCD):    5.029ns = ( 17.029 - 12.000 ) 
    Source Clock Delay      (SCD):    5.328ns
    Clock Pessimism Removal (CPR):    0.259ns
  Clock Uncertainty:      0.035ns  ((TSJ^2 + TIJ^2)^1/2 + DJ) / 2 + PE
    Total System Jitter     (TSJ):    0.071ns
    Total Input Jitter      (TIJ):    0.000ns
    Discrete Jitter          (DJ):    0.000ns
    Phase Error              (PE):    0.000ns

    Location             Delay type                Incr(ns)  Path(ns)    Netlist Resource(s)
  -------------------------------------------------------------------    -------------------
                         (clock clk_pin rise edge)    0.000     0.000 r  
    E3                                                0.000     0.000 r  clk (IN)
                         net (fo=0)                   0.000     0.000    clk
    E3                   IBUF (Prop_ibuf_I_O)         1.482     1.482 r  clk_IBUF_inst/O
                         net (fo=1, routed)           2.025     3.506    clk_IBUF
    BUFGCTRL_X0Y16       BUFG (Prop_bufg_I_O)         0.096     3.602 r  clk_IBUF_BUFG_inst/O
                         net (fo=87, routed)          1.725     5.328    seg7_display/clk_IBUF_BUFG
    SLICE_X3Y96          FDCE                                         r  seg7_display/i_data_store_reg[13]/C
  -------------------------------------------------------------------    -------------------
    SLICE_X3Y96          FDCE (Prop_fdce_C_Q)         0.456     5.784 r  seg7_display/i_data_store_reg[13]/Q
                         net (fo=7, routed)           0.975     6.759    seg7_display/i_data_store[13]
    SLICE_X3Y94          LUT4 (Prop_lut4_I2_O)        0.124     6.883 r  seg7_display/o_seg_r[1]_i_6/O
                         net (fo=1, routed)           0.590     7.473    seg7_display/o_seg_r[1]_i_6_n_0
    SLICE_X2Y95          LUT6 (Prop_lut6_I5_O)        0.124     7.597 r  seg7_display/o_seg_r[1]_i_2/O
                         net (fo=1, routed)           2.575    10.172    seg7_display/o_seg_r[1]_i_2_n_0
    SLICE_X0Y50          LUT6 (Prop_lut6_I0_O)        0.124    10.296 r  seg7_display/o_seg_r[1]_i_1/O
                         net (fo=1, routed)           0.000    10.296    seg7_display/p_1_in[1]
    SLICE_X0Y50          FDPE                                         r  seg7_display/o_seg_r_reg[1]/D
  -------------------------------------------------------------------    -------------------

                         (clock clk_pin rise edge)   12.000    12.000 r  
    E3                                                0.000    12.000 r  clk (IN)
                         net (fo=0)                   0.000    12.000    clk
    E3                   IBUF (Prop_ibuf_I_O)         1.411    13.411 r  clk_IBUF_inst/O
                         net (fo=1, routed)           1.920    15.331    clk_IBUF
    BUFGCTRL_X0Y16       BUFG (Prop_bufg_I_O)         0.091    15.422 r  clk_IBUF_BUFG_inst/O
                         net (fo=87, routed)          1.606    17.029    seg7_display/clk_IBUF_BUFG
    SLICE_X0Y50          FDPE                                         r  seg7_display/o_seg_r_reg[1]/C
                         clock pessimism              0.259    17.288    
                         clock uncertainty           -0.035    17.252    
    SLICE_X0Y50          FDPE (Setup_fdpe_C_D)        0.029    17.281    seg7_display/o_seg_r_reg[1]
  -------------------------------------------------------------------
                         required time                         17.281    
                         arrival time                         -10.296    
  -------------------------------------------------------------------
                         slack                                  6.985    

Slack (MET) :             7.040ns  (required time - arrival time)
  Source:                 seg7_display/i_data_store_reg[1]/C
                            (rising edge-triggered cell FDCE clocked by clk_pin  {rise@0.000ns fall@6.000ns period=12.000ns})
  Destination:            seg7_display/o_seg_r_reg[0]/D
                            (rising edge-triggered cell FDPE clocked by clk_pin  {rise@0.000ns fall@6.000ns period=12.000ns})
  Path Group:             clk_pin
  Path Type:              Setup (Max at Slow Process Corner)
  Requirement:            12.000ns  (clk_pin rise@12.000ns - clk_pin rise@0.000ns)
  Data Path Delay:        4.906ns  (logic 0.890ns (18.140%)  route 4.016ns (81.860%))
  Logic Levels:           3  (LUT4=1 LUT6=2)
  Clock Path Skew:        -0.047ns (DCD - SCD + CPR)
    Destination Clock Delay (DCD):    5.023ns = ( 17.023 - 12.000 ) 
    Source Clock Delay      (SCD):    5.329ns
    Clock Pessimism Removal (CPR):    0.259ns
  Clock Uncertainty:      0.035ns  ((TSJ^2 + TIJ^2)^1/2 + DJ) / 2 + PE
    Total System Jitter     (TSJ):    0.071ns
    Total Input Jitter      (TIJ):    0.000ns
    Discrete Jitter          (DJ):    0.000ns
    Phase Error              (PE):    0.000ns

    Location             Delay type                Incr(ns)  Path(ns)    Netlist Resource(s)
  -------------------------------------------------------------------    -------------------
                         (clock clk_pin rise edge)    0.000     0.000 r  
    E3                                                0.000     0.000 r  clk (IN)
                         net (fo=0)                   0.000     0.000    clk
    E3                   IBUF (Prop_ibuf_I_O)         1.482     1.482 r  clk_IBUF_inst/O
                         net (fo=1, routed)           2.025     3.506    clk_IBUF
    BUFGCTRL_X0Y16       BUFG (Prop_bufg_I_O)         0.096     3.602 r  clk_IBUF_BUFG_inst/O
                         net (fo=87, routed)          1.726     5.329    seg7_display/clk_IBUF_BUFG
    SLICE_X2Y97          FDCE                                         r  seg7_display/i_data_store_reg[1]/C
  -------------------------------------------------------------------    -------------------
    SLICE_X2Y97          FDCE (Prop_fdce_C_Q)         0.518     5.847 r  seg7_display/i_data_store_reg[1]/Q
                         net (fo=7, routed)           0.958     6.805    seg7_display/i_data_store[1]
    SLICE_X1Y96          LUT4 (Prop_lut4_I1_O)        0.124     6.929 r  seg7_display/o_seg_r[0]_i_9/O
                         net (fo=1, routed)           1.125     8.054    seg7_display/o_seg_r[0]_i_9_n_0
    SLICE_X0Y92          LUT6 (Prop_lut6_I5_O)        0.124     8.178 r  seg7_display/o_seg_r[0]_i_5/O
                         net (fo=1, routed)           1.933    10.111    seg7_display/o_seg_r[0]_i_5_n_0
    SLICE_X0Y63          LUT6 (Prop_lut6_I4_O)        0.124    10.235 r  seg7_display/o_seg_r[0]_i_1/O
                         net (fo=1, routed)           0.000    10.235    seg7_display/p_1_in[0]
    SLICE_X0Y63          FDPE                                         r  seg7_display/o_seg_r_reg[0]/D
  -------------------------------------------------------------------    -------------------

                         (clock clk_pin rise edge)   12.000    12.000 r  
    E3                                                0.000    12.000 r  clk (IN)
                         net (fo=0)                   0.000    12.000    clk
    E3                   IBUF (Prop_ibuf_I_O)         1.411    13.411 r  clk_IBUF_inst/O
                         net (fo=1, routed)           1.920    15.331    clk_IBUF
    BUFGCTRL_X0Y16       BUFG (Prop_bufg_I_O)         0.091    15.422 r  clk_IBUF_BUFG_inst/O
                         net (fo=87, routed)          1.600    17.023    seg7_display/clk_IBUF_BUFG
    SLICE_X0Y63          FDPE                                         r  seg7_display/o_seg_r_reg[0]/C
                         clock pessimism              0.259    17.282    
                         clock uncertainty           -0.035    17.246    
    SLICE_X0Y63          FDPE (Setup_fdpe_C_D)        0.029    17.275    seg7_display/o_seg_r_reg[0]
  -------------------------------------------------------------------
                         required time                         17.275    
                         arrival time                         -10.235    
  -------------------------------------------------------------------
                         slack                                  7.040    

Slack (MET) :             7.138ns  (required time - arrival time)
  Source:                 divider_cpu/counter_reg[25]/C
                            (rising edge-triggered cell FDCE clocked by clk_pin  {rise@0.000ns fall@6.000ns period=12.000ns})
  Destination:            divider_cpu/counter_reg[2]/D
                            (rising edge-triggered cell FDCE clocked by clk_pin  {rise@0.000ns fall@6.000ns period=12.000ns})
  Path Group:             clk_pin
  Path Type:              Setup (Max at Slow Process Corner)
  Requirement:            12.000ns  (clk_pin rise@12.000ns - clk_pin rise@0.000ns)
  Data Path Delay:        4.804ns  (logic 1.090ns (22.690%)  route 3.714ns (77.310%))
  Logic Levels:           4  (LUT3=1 LUT4=1 LUT5=1 LUT6=1)
  Clock Path Skew:        -0.104ns (DCD - SCD + CPR)
    Destination Clock Delay (DCD):    4.928ns = ( 16.928 - 12.000 ) 
    Source Clock Delay      (SCD):    5.211ns
    Clock Pessimism Removal (CPR):    0.180ns
  Clock Uncertainty:      0.035ns  ((TSJ^2 + TIJ^2)^1/2 + DJ) / 2 + PE
    Total System Jitter     (TSJ):    0.071ns
    Total Input Jitter      (TIJ):    0.000ns
    Discrete Jitter          (DJ):    0.000ns
    Phase Error              (PE):    0.000ns

    Location             Delay type                Incr(ns)  Path(ns)    Netlist Resource(s)
  -------------------------------------------------------------------    -------------------
                         (clock clk_pin rise edge)    0.000     0.000 r  
    E3                                                0.000     0.000 r  clk (IN)
                         net (fo=0)                   0.000     0.000    clk
    E3                   IBUF (Prop_ibuf_I_O)         1.482     1.482 r  clk_IBUF_inst/O
                         net (fo=1, routed)           2.025     3.506    clk_IBUF
    BUFGCTRL_X0Y16       BUFG (Prop_bufg_I_O)         0.096     3.602 r  clk_IBUF_BUFG_inst/O
                         net (fo=87, routed)          1.609     5.211    divider_cpu/clk_IBUF_BUFG
    SLICE_X53Y103        FDCE                                         r  divider_cpu/counter_reg[25]/C
  -------------------------------------------------------------------    -------------------
    SLICE_X53Y103        FDCE (Prop_fdce_C_Q)         0.419     5.630 f  divider_cpu/counter_reg[25]/Q
                         net (fo=2, routed)           1.114     6.744    divider_cpu/counter[25]
    SLICE_X55Y106        LUT4 (Prop_lut4_I2_O)        0.299     7.043 r  divider_cpu/counter[31]_i_8/O
                         net (fo=1, routed)           0.783     7.827    divider_cpu/counter[31]_i_8_n_0
    SLICE_X53Y103        LUT5 (Prop_lut5_I4_O)        0.124     7.951 r  divider_cpu/counter[31]_i_5/O
                         net (fo=1, routed)           0.263     8.213    divider_cpu/counter[31]_i_5_n_0
    SLICE_X53Y103        LUT6 (Prop_lut6_I5_O)        0.124     8.337 r  divider_cpu/counter[31]_i_2/O
                         net (fo=33, routed)          1.554     9.891    divider_cpu/counter[31]_i_2_n_0
    SLICE_X54Y98         LUT3 (Prop_lut3_I0_O)        0.124    10.015 r  divider_cpu/counter[2]_i_1/O
                         net (fo=1, routed)           0.000    10.015    divider_cpu/counter_0[2]
    SLICE_X54Y98         FDCE                                         r  divider_cpu/counter_reg[2]/D
  -------------------------------------------------------------------    -------------------

                         (clock clk_pin rise edge)   12.000    12.000 r  
    E3                                                0.000    12.000 r  clk (IN)
                         net (fo=0)                   0.000    12.000    clk
    E3                   IBUF (Prop_ibuf_I_O)         1.411    13.411 r  clk_IBUF_inst/O
                         net (fo=1, routed)           1.920    15.331    clk_IBUF
    BUFGCTRL_X0Y16       BUFG (Prop_bufg_I_O)         0.091    15.422 r  clk_IBUF_BUFG_inst/O
                         net (fo=87, routed)          1.505    16.928    divider_cpu/clk_IBUF_BUFG
    SLICE_X54Y98         FDCE                                         r  divider_cpu/counter_reg[2]/C
                         clock pessimism              0.180    17.108    
                         clock uncertainty           -0.035    17.072    
    SLICE_X54Y98         FDCE (Setup_fdce_C_D)        0.081    17.153    divider_cpu/counter_reg[2]
  -------------------------------------------------------------------
                         required time                         17.153    
                         arrival time                         -10.015    
  -------------------------------------------------------------------
                         slack                                  7.138    





Min Delay Paths
--------------------------------------------------------------------------------------
Slack (MET) :             0.213ns  (arrival time - required time)
  Source:                 divider_cpu/counter_reg[0]/C
                            (rising edge-triggered cell FDCE clocked by clk_pin  {rise@0.000ns fall@6.000ns period=12.000ns})
  Destination:            divider_cpu/counter_reg[17]/D
                            (rising edge-triggered cell FDCE clocked by clk_pin  {rise@0.000ns fall@6.000ns period=12.000ns})
  Path Group:             clk_pin
  Path Type:              Hold (Min at Fast Process Corner)
  Requirement:            0.000ns  (clk_pin rise@0.000ns - clk_pin rise@0.000ns)
  Data Path Delay:        0.333ns  (logic 0.189ns (56.696%)  route 0.144ns (43.304%))
  Logic Levels:           1  (LUT3=1)
  Clock Path Skew:        0.013ns (DCD - SCD - CPR)
    Destination Clock Delay (DCD):    1.994ns
    Source Clock Delay      (SCD):    1.478ns
    Clock Pessimism Removal (CPR):    0.502ns

    Location             Delay type                Incr(ns)  Path(ns)    Netlist Resource(s)
  -------------------------------------------------------------------    -------------------
                         (clock clk_pin rise edge)    0.000     0.000 r  
    E3                                                0.000     0.000 r  clk (IN)
                         net (fo=0)                   0.000     0.000    clk
    E3                   IBUF (Prop_ibuf_I_O)         0.250     0.250 r  clk_IBUF_inst/O
                         net (fo=1, routed)           0.644     0.894    clk_IBUF
    BUFGCTRL_X0Y16       BUFG (Prop_bufg_I_O)         0.026     0.920 r  clk_IBUF_BUFG_inst/O
                         net (fo=87, routed)          0.559     1.478    divider_cpu/clk_IBUF_BUFG
    SLICE_X52Y102        FDCE                                         r  divider_cpu/counter_reg[0]/C
  -------------------------------------------------------------------    -------------------
    SLICE_X52Y102        FDCE (Prop_fdce_C_Q)         0.141     1.619 r  divider_cpu/counter_reg[0]/Q
                         net (fo=34, routed)          0.144     1.764    divider_cpu/counter[0]
    SLICE_X53Y102        LUT3 (Prop_lut3_I1_O)        0.048     1.812 r  divider_cpu/counter[17]_i_1/O
                         net (fo=1, routed)           0.000     1.812    divider_cpu/counter_0[17]
    SLICE_X53Y102        FDCE                                         r  divider_cpu/counter_reg[17]/D
  -------------------------------------------------------------------    -------------------

                         (clock clk_pin rise edge)    0.000     0.000 r  
    E3                                                0.000     0.000 r  clk (IN)
                         net (fo=0)                   0.000     0.000    clk
    E3                   IBUF (Prop_ibuf_I_O)         0.438     0.438 r  clk_IBUF_inst/O
                         net (fo=1, routed)           0.699     1.136    clk_IBUF
    BUFGCTRL_X0Y16       BUFG (Prop_bufg_I_O)         0.029     1.165 r  clk_IBUF_BUFG_inst/O
                         net (fo=87, routed)          0.828     1.994    divider_cpu/clk_IBUF_BUFG
    SLICE_X53Y102        FDCE                                         r  divider_cpu/counter_reg[17]/C
                         clock pessimism             -0.502     1.491    
    SLICE_X53Y102        FDCE (Hold_fdce_C_D)         0.107     1.598    divider_cpu/counter_reg[17]
  -------------------------------------------------------------------
                         required time                         -1.598    
                         arrival time                           1.812    
  -------------------------------------------------------------------
                         slack                                  0.213    

Slack (MET) :             0.215ns  (arrival time - required time)
  Source:                 divider_cpu/counter_reg[0]/C
                            (rising edge-triggered cell FDCE clocked by clk_pin  {rise@0.000ns fall@6.000ns period=12.000ns})
  Destination:            divider_cpu/counter_reg[16]/D
                            (rising edge-triggered cell FDCE clocked by clk_pin  {rise@0.000ns fall@6.000ns period=12.000ns})
  Path Group:             clk_pin
  Path Type:              Hold (Min at Fast Process Corner)
  Requirement:            0.000ns  (clk_pin rise@0.000ns - clk_pin rise@0.000ns)
  Data Path Delay:        0.335ns  (logic 0.190ns (56.656%)  route 0.145ns (43.344%))
  Logic Levels:           1  (LUT3=1)
  Clock Path Skew:        0.013ns (DCD - SCD - CPR)
    Destination Clock Delay (DCD):    1.994ns
    Source Clock Delay      (SCD):    1.478ns
    Clock Pessimism Removal (CPR):    0.502ns

    Location             Delay type                Incr(ns)  Path(ns)    Netlist Resource(s)
  -------------------------------------------------------------------    -------------------
                         (clock clk_pin rise edge)    0.000     0.000 r  
    E3                                                0.000     0.000 r  clk (IN)
                         net (fo=0)                   0.000     0.000    clk
    E3                   IBUF (Prop_ibuf_I_O)         0.250     0.250 r  clk_IBUF_inst/O
                         net (fo=1, routed)           0.644     0.894    clk_IBUF
    BUFGCTRL_X0Y16       BUFG (Prop_bufg_I_O)         0.026     0.920 r  clk_IBUF_BUFG_inst/O
                         net (fo=87, routed)          0.559     1.478    divider_cpu/clk_IBUF_BUFG
    SLICE_X52Y102        FDCE                                         r  divider_cpu/counter_reg[0]/C
  -------------------------------------------------------------------    -------------------
    SLICE_X52Y102        FDCE (Prop_fdce_C_Q)         0.141     1.619 r  divider_cpu/counter_reg[0]/Q
                         net (fo=34, routed)          0.145     1.765    divider_cpu/counter[0]
    SLICE_X53Y102        LUT3 (Prop_lut3_I1_O)        0.049     1.814 r  divider_cpu/counter[16]_i_1/O
                         net (fo=1, routed)           0.000     1.814    divider_cpu/counter_0[16]
    SLICE_X53Y102        FDCE                                         r  divider_cpu/counter_reg[16]/D
  -------------------------------------------------------------------    -------------------

                         (clock clk_pin rise edge)    0.000     0.000 r  
    E3                                                0.000     0.000 r  clk (IN)
                         net (fo=0)                   0.000     0.000    clk
    E3                   IBUF (Prop_ibuf_I_O)         0.438     0.438 r  clk_IBUF_inst/O
                         net (fo=1, routed)           0.699     1.136    clk_IBUF
    BUFGCTRL_X0Y16       BUFG (Prop_bufg_I_O)         0.029     1.165 r  clk_IBUF_BUFG_inst/O
                         net (fo=87, routed)          0.828     1.994    divider_cpu/clk_IBUF_BUFG
    SLICE_X53Y102        FDCE                                         r  divider_cpu/counter_reg[16]/C
                         clock pessimism             -0.502     1.491    
    SLICE_X53Y102        FDCE (Hold_fdce_C_D)         0.107     1.598    divider_cpu/counter_reg[16]
  -------------------------------------------------------------------
                         required time                         -1.598    
                         arrival time                           1.814    
  -------------------------------------------------------------------
                         slack                                  0.215    

Slack (MET) :             0.226ns  (arrival time - required time)
  Source:                 divider_cpu/counter_reg[0]/C
                            (rising edge-triggered cell FDCE clocked by clk_pin  {rise@0.000ns fall@6.000ns period=12.000ns})
  Destination:            divider_cpu/counter_reg[14]/D
                            (rising edge-triggered cell FDCE clocked by clk_pin  {rise@0.000ns fall@6.000ns period=12.000ns})
  Path Group:             clk_pin
  Path Type:              Hold (Min at Fast Process Corner)
  Requirement:            0.000ns  (clk_pin rise@0.000ns - clk_pin rise@0.000ns)
  Data Path Delay:        0.330ns  (logic 0.186ns (56.303%)  route 0.144ns (43.697%))
  Logic Levels:           1  (LUT3=1)
  Clock Path Skew:        0.013ns (DCD - SCD - CPR)
    Destination Clock Delay (DCD):    1.994ns
    Source Clock Delay      (SCD):    1.478ns
    Clock Pessimism Removal (CPR):    0.502ns

    Location             Delay type                Incr(ns)  Path(ns)    Netlist Resource(s)
  -------------------------------------------------------------------    -------------------
                         (clock clk_pin rise edge)    0.000     0.000 r  
    E3                                                0.000     0.000 r  clk (IN)
                         net (fo=0)                   0.000     0.000    clk
    E3                   IBUF (Prop_ibuf_I_O)         0.250     0.250 r  clk_IBUF_inst/O
                         net (fo=1, routed)           0.644     0.894    clk_IBUF
    BUFGCTRL_X0Y16       BUFG (Prop_bufg_I_O)         0.026     0.920 r  clk_IBUF_BUFG_inst/O
                         net (fo=87, routed)          0.559     1.478    divider_cpu/clk_IBUF_BUFG
    SLICE_X52Y102        FDCE                                         r  divider_cpu/counter_reg[0]/C
  -------------------------------------------------------------------    -------------------
    SLICE_X52Y102        FDCE (Prop_fdce_C_Q)         0.141     1.619 r  divider_cpu/counter_reg[0]/Q
                         net (fo=34, routed)          0.144     1.764    divider_cpu/counter[0]
    SLICE_X53Y102        LUT3 (Prop_lut3_I1_O)        0.045     1.809 r  divider_cpu/counter[14]_i_1/O
                         net (fo=1, routed)           0.000     1.809    divider_cpu/counter_0[14]
    SLICE_X53Y102        FDCE                                         r  divider_cpu/counter_reg[14]/D
  -------------------------------------------------------------------    -------------------

                         (clock clk_pin rise edge)    0.000     0.000 r  
    E3                                                0.000     0.000 r  clk (IN)
                         net (fo=0)                   0.000     0.000    clk
    E3                   IBUF (Prop_ibuf_I_O)         0.438     0.438 r  clk_IBUF_inst/O
                         net (fo=1, routed)           0.699     1.136    clk_IBUF
    BUFGCTRL_X0Y16       BUFG (Prop_bufg_I_O)         0.029     1.165 r  clk_IBUF_BUFG_inst/O
                         net (fo=87, routed)          0.828     1.994    divider_cpu/clk_IBUF_BUFG
    SLICE_X53Y102        FDCE                                         r  divider_cpu/counter_reg[14]/C
                         clock pessimism             -0.502     1.491    
    SLICE_X53Y102        FDCE (Hold_fdce_C_D)         0.091     1.582    divider_cpu/counter_reg[14]
  -------------------------------------------------------------------
                         required time                         -1.582    
                         arrival time                           1.809    
  -------------------------------------------------------------------
                         slack                                  0.226    

Slack (MET) :             0.226ns  (arrival time - required time)
  Source:                 divider_cpu/counter_reg[0]/C
                            (rising edge-triggered cell FDCE clocked by clk_pin  {rise@0.000ns fall@6.000ns period=12.000ns})
  Destination:            divider_cpu/counter_reg[15]/D
                            (rising edge-triggered cell FDCE clocked by clk_pin  {rise@0.000ns fall@6.000ns period=12.000ns})
  Path Group:             clk_pin
  Path Type:              Hold (Min at Fast Process Corner)
  Requirement:            0.000ns  (clk_pin rise@0.000ns - clk_pin rise@0.000ns)
  Data Path Delay:        0.331ns  (logic 0.186ns (56.133%)  route 0.145ns (43.867%))
  Logic Levels:           1  (LUT3=1)
  Clock Path Skew:        0.013ns (DCD - SCD - CPR)
    Destination Clock Delay (DCD):    1.994ns
    Source Clock Delay      (SCD):    1.478ns
    Clock Pessimism Removal (CPR):    0.502ns

    Location             Delay type                Incr(ns)  Path(ns)    Netlist Resource(s)
  -------------------------------------------------------------------    -------------------
                         (clock clk_pin rise edge)    0.000     0.000 r  
    E3                                                0.000     0.000 r  clk (IN)
                         net (fo=0)                   0.000     0.000    clk
    E3                   IBUF (Prop_ibuf_I_O)         0.250     0.250 r  clk_IBUF_inst/O
                         net (fo=1, routed)           0.644     0.894    clk_IBUF
    BUFGCTRL_X0Y16       BUFG (Prop_bufg_I_O)         0.026     0.920 r  clk_IBUF_BUFG_inst/O
                         net (fo=87, routed)          0.559     1.478    divider_cpu/clk_IBUF_BUFG
    SLICE_X52Y102        FDCE                                         r  divider_cpu/counter_reg[0]/C
  -------------------------------------------------------------------    -------------------
    SLICE_X52Y102        FDCE (Prop_fdce_C_Q)         0.141     1.619 r  divider_cpu/counter_reg[0]/Q
                         net (fo=34, routed)          0.145     1.765    divider_cpu/counter[0]
    SLICE_X53Y102        LUT3 (Prop_lut3_I1_O)        0.045     1.810 r  divider_cpu/counter[15]_i_1/O
                         net (fo=1, routed)           0.000     1.810    divider_cpu/counter_0[15]
    SLICE_X53Y102        FDCE                                         r  divider_cpu/counter_reg[15]/D
  -------------------------------------------------------------------    -------------------

                         (clock clk_pin rise edge)    0.000     0.000 r  
    E3                                                0.000     0.000 r  clk (IN)
                         net (fo=0)                   0.000     0.000    clk
    E3                   IBUF (Prop_ibuf_I_O)         0.438     0.438 r  clk_IBUF_inst/O
                         net (fo=1, routed)           0.699     1.136    clk_IBUF
    BUFGCTRL_X0Y16       BUFG (Prop_bufg_I_O)         0.029     1.165 r  clk_IBUF_BUFG_inst/O
                         net (fo=87, routed)          0.828     1.994    divider_cpu/clk_IBUF_BUFG
    SLICE_X53Y102        FDCE                                         r  divider_cpu/counter_reg[15]/C
                         clock pessimism             -0.502     1.491    
    SLICE_X53Y102        FDCE (Hold_fdce_C_D)         0.092     1.583    divider_cpu/counter_reg[15]
  -------------------------------------------------------------------
                         required time                         -1.583    
                         arrival time                           1.810    
  -------------------------------------------------------------------
                         slack                                  0.226    

Slack (MET) :             0.262ns  (arrival time - required time)
  Source:                 divider_cpu/counter_reg[0]/C
                            (rising edge-triggered cell FDCE clocked by clk_pin  {rise@0.000ns fall@6.000ns period=12.000ns})
  Destination:            divider_cpu/counter_reg[3]/D
                            (rising edge-triggered cell FDCE clocked by clk_pin  {rise@0.000ns fall@6.000ns period=12.000ns})
  Path Group:             clk_pin
  Path Type:              Hold (Min at Fast Process Corner)
  Requirement:            0.000ns  (clk_pin rise@0.000ns - clk_pin rise@0.000ns)
  Data Path Delay:        0.669ns  (logic 0.184ns (27.514%)  route 0.485ns (72.486%))
  Logic Levels:           1  (LUT3=1)
  Clock Path Skew:        0.276ns (DCD - SCD - CPR)
    Destination Clock Delay (DCD):    2.000ns
    Source Clock Delay      (SCD):    1.478ns
    Clock Pessimism Removal (CPR):    0.245ns

    Location             Delay type                Incr(ns)  Path(ns)    Netlist Resource(s)
  -------------------------------------------------------------------    -------------------
                         (clock clk_pin rise edge)    0.000     0.000 r  
    E3                                                0.000     0.000 r  clk (IN)
                         net (fo=0)                   0.000     0.000    clk
    E3                   IBUF (Prop_ibuf_I_O)         0.250     0.250 r  clk_IBUF_inst/O
                         net (fo=1, routed)           0.644     0.894    clk_IBUF
    BUFGCTRL_X0Y16       BUFG (Prop_bufg_I_O)         0.026     0.920 r  clk_IBUF_BUFG_inst/O
                         net (fo=87, routed)          0.559     1.478    divider_cpu/clk_IBUF_BUFG
    SLICE_X52Y102        FDCE                                         r  divider_cpu/counter_reg[0]/C
  -------------------------------------------------------------------    -------------------
    SLICE_X52Y102        FDCE (Prop_fdce_C_Q)         0.141     1.619 r  divider_cpu/counter_reg[0]/Q
                         net (fo=34, routed)          0.485     2.104    divider_cpu/counter[0]
    SLICE_X54Y98         LUT3 (Prop_lut3_I1_O)        0.043     2.147 r  divider_cpu/counter[3]_i_1/O
                         net (fo=1, routed)           0.000     2.147    divider_cpu/counter_0[3]
    SLICE_X54Y98         FDCE                                         r  divider_cpu/counter_reg[3]/D
  -------------------------------------------------------------------    -------------------

                         (clock clk_pin rise edge)    0.000     0.000 r  
    E3                                                0.000     0.000 r  clk (IN)
                         net (fo=0)                   0.000     0.000    clk
    E3                   IBUF (Prop_ibuf_I_O)         0.438     0.438 r  clk_IBUF_inst/O
                         net (fo=1, routed)           0.699     1.136    clk_IBUF
    BUFGCTRL_X0Y16       BUFG (Prop_bufg_I_O)         0.029     1.165 r  clk_IBUF_BUFG_inst/O
                         net (fo=87, routed)          0.835     2.000    divider_cpu/clk_IBUF_BUFG
    SLICE_X54Y98         FDCE                                         r  divider_cpu/counter_reg[3]/C
                         clock pessimism             -0.245     1.754    
    SLICE_X54Y98         FDCE (Hold_fdce_C_D)         0.131     1.885    divider_cpu/counter_reg[3]
  -------------------------------------------------------------------
                         required time                         -1.885    
                         arrival time                           2.147    
  -------------------------------------------------------------------
                         slack                                  0.262    

Slack (MET) :             0.264ns  (arrival time - required time)
  Source:                 divider_cpu/clk_out_reg/C
                            (rising edge-triggered cell FDCE clocked by clk_pin  {rise@0.000ns fall@6.000ns period=12.000ns})
  Destination:            divider_cpu/clk_out_reg/D
                            (rising edge-triggered cell FDCE clocked by clk_pin  {rise@0.000ns fall@6.000ns period=12.000ns})
  Path Group:             clk_pin
  Path Type:              Hold (Min at Fast Process Corner)
  Requirement:            0.000ns  (clk_pin rise@0.000ns - clk_pin rise@0.000ns)
  Data Path Delay:        0.384ns  (logic 0.209ns (54.384%)  route 0.175ns (45.616%))
  Logic Levels:           1  (LUT3=1)
  Clock Path Skew:        0.000ns (DCD - SCD - CPR)
    Destination Clock Delay (DCD):    2.000ns
    Source Clock Delay      (SCD):    1.484ns
    Clock Pessimism Removal (CPR):    0.515ns

    Location             Delay type                Incr(ns)  Path(ns)    Netlist Resource(s)
  -------------------------------------------------------------------    -------------------
                         (clock clk_pin rise edge)    0.000     0.000 r  
    E3                                                0.000     0.000 r  clk (IN)
                         net (fo=0)                   0.000     0.000    clk
    E3                   IBUF (Prop_ibuf_I_O)         0.250     0.250 r  clk_IBUF_inst/O
                         net (fo=1, routed)           0.644     0.894    clk_IBUF
    BUFGCTRL_X0Y16       BUFG (Prop_bufg_I_O)         0.026     0.920 r  clk_IBUF_BUFG_inst/O
                         net (fo=87, routed)          0.565     1.484    divider_cpu/clk_IBUF_BUFG
    SLICE_X54Y98         FDCE                                         r  divider_cpu/clk_out_reg/C
  -------------------------------------------------------------------    -------------------
    SLICE_X54Y98         FDCE (Prop_fdce_C_Q)         0.164     1.648 r  divider_cpu/clk_out_reg/Q
                         net (fo=2, routed)           0.175     1.824    divider_cpu/clk_cpu
    SLICE_X54Y98         LUT3 (Prop_lut3_I2_O)        0.045     1.869 r  divider_cpu/clk_out_i_1/O
                         net (fo=1, routed)           0.000     1.869    divider_cpu/clk_out_i_1_n_0
    SLICE_X54Y98         FDCE                                         r  divider_cpu/clk_out_reg/D
  -------------------------------------------------------------------    -------------------

                         (clock clk_pin rise edge)    0.000     0.000 r  
    E3                                                0.000     0.000 r  clk (IN)
                         net (fo=0)                   0.000     0.000    clk
    E3                   IBUF (Prop_ibuf_I_O)         0.438     0.438 r  clk_IBUF_inst/O
                         net (fo=1, routed)           0.699     1.136    clk_IBUF
    BUFGCTRL_X0Y16       BUFG (Prop_bufg_I_O)         0.029     1.165 r  clk_IBUF_BUFG_inst/O
                         net (fo=87, routed)          0.835     2.000    divider_cpu/clk_IBUF_BUFG
    SLICE_X54Y98         FDCE                                         r  divider_cpu/clk_out_reg/C
                         clock pessimism             -0.515     1.484    
    SLICE_X54Y98         FDCE (Hold_fdce_C_D)         0.120     1.604    divider_cpu/clk_out_reg
  -------------------------------------------------------------------
                         required time                         -1.604    
                         arrival time                           1.869    
  -------------------------------------------------------------------
                         slack                                  0.264    

Slack (MET) :             0.268ns  (arrival time - required time)
  Source:                 seg7_display/cnt_reg[10]/C
                            (rising edge-triggered cell FDCE clocked by clk_pin  {rise@0.000ns fall@6.000ns period=12.000ns})
  Destination:            seg7_display/cnt_reg[10]/D
                            (rising edge-triggered cell FDCE clocked by clk_pin  {rise@0.000ns fall@6.000ns period=12.000ns})
  Path Group:             clk_pin
  Path Type:              Hold (Min at Fast Process Corner)
  Requirement:            0.000ns  (clk_pin rise@0.000ns - clk_pin rise@0.000ns)
  Data Path Delay:        0.373ns  (logic 0.252ns (67.478%)  route 0.121ns (32.522%))
  Logic Levels:           1  (CARRY4=1)
  Clock Path Skew:        0.000ns (DCD - SCD - CPR)
    Destination Clock Delay (DCD):    2.040ns
    Source Clock Delay      (SCD):    1.521ns
    Clock Pessimism Removal (CPR):    0.518ns

    Location             Delay type                Incr(ns)  Path(ns)    Netlist Resource(s)
  -------------------------------------------------------------------    -------------------
                         (clock clk_pin rise edge)    0.000     0.000 r  
    E3                                                0.000     0.000 r  clk (IN)
                         net (fo=0)                   0.000     0.000    clk
    E3                   IBUF (Prop_ibuf_I_O)         0.250     0.250 r  clk_IBUF_inst/O
                         net (fo=1, routed)           0.644     0.894    clk_IBUF
    BUFGCTRL_X0Y16       BUFG (Prop_bufg_I_O)         0.026     0.920 r  clk_IBUF_BUFG_inst/O
                         net (fo=87, routed)          0.602     1.521    seg7_display/clk_IBUF_BUFG
    SLICE_X0Y61          FDCE                                         r  seg7_display/cnt_reg[10]/C
  -------------------------------------------------------------------    -------------------
    SLICE_X0Y61          FDCE (Prop_fdce_C_Q)         0.141     1.662 r  seg7_display/cnt_reg[10]/Q
                         net (fo=1, routed)           0.121     1.784    seg7_display/cnt_reg_n_0_[10]
    SLICE_X0Y61          CARRY4 (Prop_carry4_S[2]_O[2])
                                                      0.111     1.895 r  seg7_display/cnt_reg[8]_i_1/O[2]
                         net (fo=1, routed)           0.000     1.895    seg7_display/cnt_reg[8]_i_1_n_5
    SLICE_X0Y61          FDCE                                         r  seg7_display/cnt_reg[10]/D
  -------------------------------------------------------------------    -------------------

                         (clock clk_pin rise edge)    0.000     0.000 r  
    E3                                                0.000     0.000 r  clk (IN)
                         net (fo=0)                   0.000     0.000    clk
    E3                   IBUF (Prop_ibuf_I_O)         0.438     0.438 r  clk_IBUF_inst/O
                         net (fo=1, routed)           0.699     1.136    clk_IBUF
    BUFGCTRL_X0Y16       BUFG (Prop_bufg_I_O)         0.029     1.165 r  clk_IBUF_BUFG_inst/O
                         net (fo=87, routed)          0.875     2.040    seg7_display/clk_IBUF_BUFG
    SLICE_X0Y61          FDCE                                         r  seg7_display/cnt_reg[10]/C
                         clock pessimism             -0.518     1.521    
    SLICE_X0Y61          FDCE (Hold_fdce_C_D)         0.105     1.626    seg7_display/cnt_reg[10]
  -------------------------------------------------------------------
                         required time                         -1.626    
                         arrival time                           1.895    
  -------------------------------------------------------------------
                         slack                                  0.268    

Slack (MET) :             0.268ns  (arrival time - required time)
  Source:                 seg7_display/cnt_reg[6]/C
                            (rising edge-triggered cell FDCE clocked by clk_pin  {rise@0.000ns fall@6.000ns period=12.000ns})
  Destination:            seg7_display/cnt_reg[6]/D
                            (rising edge-triggered cell FDCE clocked by clk_pin  {rise@0.000ns fall@6.000ns period=12.000ns})
  Path Group:             clk_pin
  Path Type:              Hold (Min at Fast Process Corner)
  Requirement:            0.000ns  (clk_pin rise@0.000ns - clk_pin rise@0.000ns)
  Data Path Delay:        0.373ns  (logic 0.252ns (67.478%)  route 0.121ns (32.522%))
  Logic Levels:           1  (CARRY4=1)
  Clock Path Skew:        0.000ns (DCD - SCD - CPR)
    Destination Clock Delay (DCD):    2.040ns
    Source Clock Delay      (SCD):    1.521ns
    Clock Pessimism Removal (CPR):    0.518ns

    Location             Delay type                Incr(ns)  Path(ns)    Netlist Resource(s)
  -------------------------------------------------------------------    -------------------
                         (clock clk_pin rise edge)    0.000     0.000 r  
    E3                                                0.000     0.000 r  clk (IN)
                         net (fo=0)                   0.000     0.000    clk
    E3                   IBUF (Prop_ibuf_I_O)         0.250     0.250 r  clk_IBUF_inst/O
                         net (fo=1, routed)           0.644     0.894    clk_IBUF
    BUFGCTRL_X0Y16       BUFG (Prop_bufg_I_O)         0.026     0.920 r  clk_IBUF_BUFG_inst/O
                         net (fo=87, routed)          0.602     1.521    seg7_display/clk_IBUF_BUFG
    SLICE_X0Y60          FDCE                                         r  seg7_display/cnt_reg[6]/C
  -------------------------------------------------------------------    -------------------
    SLICE_X0Y60          FDCE (Prop_fdce_C_Q)         0.141     1.662 r  seg7_display/cnt_reg[6]/Q
                         net (fo=1, routed)           0.121     1.784    seg7_display/cnt_reg_n_0_[6]
    SLICE_X0Y60          CARRY4 (Prop_carry4_S[2]_O[2])
                                                      0.111     1.895 r  seg7_display/cnt_reg[4]_i_1/O[2]
                         net (fo=1, routed)           0.000     1.895    seg7_display/cnt_reg[4]_i_1_n_5
    SLICE_X0Y60          FDCE                                         r  seg7_display/cnt_reg[6]/D
  -------------------------------------------------------------------    -------------------

                         (clock clk_pin rise edge)    0.000     0.000 r  
    E3                                                0.000     0.000 r  clk (IN)
                         net (fo=0)                   0.000     0.000    clk
    E3                   IBUF (Prop_ibuf_I_O)         0.438     0.438 r  clk_IBUF_inst/O
                         net (fo=1, routed)           0.699     1.136    clk_IBUF
    BUFGCTRL_X0Y16       BUFG (Prop_bufg_I_O)         0.029     1.165 r  clk_IBUF_BUFG_inst/O
                         net (fo=87, routed)          0.875     2.040    seg7_display/clk_IBUF_BUFG
    SLICE_X0Y60          FDCE                                         r  seg7_display/cnt_reg[6]/C
                         clock pessimism             -0.518     1.521    
    SLICE_X0Y60          FDCE (Hold_fdce_C_D)         0.105     1.626    seg7_display/cnt_reg[6]
  -------------------------------------------------------------------
                         required time                         -1.626    
                         arrival time                           1.895    
  -------------------------------------------------------------------
                         slack                                  0.268    

Slack (MET) :             0.274ns  (arrival time - required time)
  Source:                 divider_cpu/counter_reg[0]/C
                            (rising edge-triggered cell FDCE clocked by clk_pin  {rise@0.000ns fall@6.000ns period=12.000ns})
  Destination:            divider_cpu/counter_reg[2]/D
                            (rising edge-triggered cell FDCE clocked by clk_pin  {rise@0.000ns fall@6.000ns period=12.000ns})
  Path Group:             clk_pin
  Path Type:              Hold (Min at Fast Process Corner)
  Requirement:            0.000ns  (clk_pin rise@0.000ns - clk_pin rise@0.000ns)
  Data Path Delay:        0.671ns  (logic 0.186ns (27.730%)  route 0.485ns (72.270%))
  Logic Levels:           1  (LUT3=1)
  Clock Path Skew:        0.276ns (DCD - SCD - CPR)
    Destination Clock Delay (DCD):    2.000ns
    Source Clock Delay      (SCD):    1.478ns
    Clock Pessimism Removal (CPR):    0.245ns

    Location             Delay type                Incr(ns)  Path(ns)    Netlist Resource(s)
  -------------------------------------------------------------------    -------------------
                         (clock clk_pin rise edge)    0.000     0.000 r  
    E3                                                0.000     0.000 r  clk (IN)
                         net (fo=0)                   0.000     0.000    clk
    E3                   IBUF (Prop_ibuf_I_O)         0.250     0.250 r  clk_IBUF_inst/O
                         net (fo=1, routed)           0.644     0.894    clk_IBUF
    BUFGCTRL_X0Y16       BUFG (Prop_bufg_I_O)         0.026     0.920 r  clk_IBUF_BUFG_inst/O
                         net (fo=87, routed)          0.559     1.478    divider_cpu/clk_IBUF_BUFG
    SLICE_X52Y102        FDCE                                         r  divider_cpu/counter_reg[0]/C
  -------------------------------------------------------------------    -------------------
    SLICE_X52Y102        FDCE (Prop_fdce_C_Q)         0.141     1.619 r  divider_cpu/counter_reg[0]/Q
                         net (fo=34, routed)          0.485     2.104    divider_cpu/counter[0]
    SLICE_X54Y98         LUT3 (Prop_lut3_I1_O)        0.045     2.149 r  divider_cpu/counter[2]_i_1/O
                         net (fo=1, routed)           0.000     2.149    divider_cpu/counter_0[2]
    SLICE_X54Y98         FDCE                                         r  divider_cpu/counter_reg[2]/D
  -------------------------------------------------------------------    -------------------

                         (clock clk_pin rise edge)    0.000     0.000 r  
    E3                                                0.000     0.000 r  clk (IN)
                         net (fo=0)                   0.000     0.000    clk
    E3                   IBUF (Prop_ibuf_I_O)         0.438     0.438 r  clk_IBUF_inst/O
                         net (fo=1, routed)           0.699     1.136    clk_IBUF
    BUFGCTRL_X0Y16       BUFG (Prop_bufg_I_O)         0.029     1.165 r  clk_IBUF_BUFG_inst/O
                         net (fo=87, routed)          0.835     2.000    divider_cpu/clk_IBUF_BUFG
    SLICE_X54Y98         FDCE                                         r  divider_cpu/counter_reg[2]/C
                         clock pessimism             -0.245     1.754    
    SLICE_X54Y98         FDCE (Hold_fdce_C_D)         0.121     1.875    divider_cpu/counter_reg[2]
  -------------------------------------------------------------------
                         required time                         -1.875    
                         arrival time                           2.149    
  -------------------------------------------------------------------
                         slack                                  0.274    

Slack (MET) :             0.281ns  (arrival time - required time)
  Source:                 seg7_display/cnt_reg[14]/C
                            (rising edge-triggered cell FDCE clocked by clk_pin  {rise@0.000ns fall@6.000ns period=12.000ns})
  Destination:            seg7_display/cnt_reg[14]/D
                            (rising edge-triggered cell FDCE clocked by clk_pin  {rise@0.000ns fall@6.000ns period=12.000ns})
  Path Group:             clk_pin
  Path Type:              Hold (Min at Fast Process Corner)
  Requirement:            0.000ns  (clk_pin rise@0.000ns - clk_pin rise@0.000ns)
  Data Path Delay:        0.386ns  (logic 0.252ns (65.343%)  route 0.134ns (34.657%))
  Logic Levels:           1  (CARRY4=1)
  Clock Path Skew:        0.000ns (DCD - SCD - CPR)
    Destination Clock Delay (DCD):    2.038ns
    Source Clock Delay      (SCD):    1.520ns
    Clock Pessimism Removal (CPR):    0.517ns

    Location             Delay type                Incr(ns)  Path(ns)    Netlist Resource(s)
  -------------------------------------------------------------------    -------------------
                         (clock clk_pin rise edge)    0.000     0.000 r  
    E3                                                0.000     0.000 r  clk (IN)
                         net (fo=0)                   0.000     0.000    clk
    E3                   IBUF (Prop_ibuf_I_O)         0.250     0.250 r  clk_IBUF_inst/O
                         net (fo=1, routed)           0.644     0.894    clk_IBUF
    BUFGCTRL_X0Y16       BUFG (Prop_bufg_I_O)         0.026     0.920 r  clk_IBUF_BUFG_inst/O
                         net (fo=87, routed)          0.601     1.520    seg7_display/clk_IBUF_BUFG
    SLICE_X0Y62          FDCE                                         r  seg7_display/cnt_reg[14]/C
  -------------------------------------------------------------------    -------------------
    SLICE_X0Y62          FDCE (Prop_fdce_C_Q)         0.141     1.661 r  seg7_display/cnt_reg[14]/Q
                         net (fo=4, routed)           0.134     1.795    seg7_display/seg7_clk
    SLICE_X0Y62          CARRY4 (Prop_carry4_S[2]_O[2])
                                                      0.111     1.906 r  seg7_display/cnt_reg[12]_i_1/O[2]
                         net (fo=1, routed)           0.000     1.906    seg7_display/cnt_reg[12]_i_1_n_5
    SLICE_X0Y62          FDCE                                         r  seg7_display/cnt_reg[14]/D
  -------------------------------------------------------------------    -------------------

                         (clock clk_pin rise edge)    0.000     0.000 r  
    E3                                                0.000     0.000 r  clk (IN)
                         net (fo=0)                   0.000     0.000    clk
    E3                   IBUF (Prop_ibuf_I_O)         0.438     0.438 r  clk_IBUF_inst/O
                         net (fo=1, routed)           0.699     1.136    clk_IBUF
    BUFGCTRL_X0Y16       BUFG (Prop_bufg_I_O)         0.029     1.165 r  clk_IBUF_BUFG_inst/O
                         net (fo=87, routed)          0.873     2.038    seg7_display/clk_IBUF_BUFG
    SLICE_X0Y62          FDCE                                         r  seg7_display/cnt_reg[14]/C
                         clock pessimism             -0.517     1.520    
    SLICE_X0Y62          FDCE (Hold_fdce_C_D)         0.105     1.625    seg7_display/cnt_reg[14]
  -------------------------------------------------------------------
                         required time                         -1.625    
                         arrival time                           1.906    
  -------------------------------------------------------------------
                         slack                                  0.281    





Pulse Width Checks
--------------------------------------------------------------------------------------
Clock Name:         clk_pin
Waveform(ns):       { 0.000 6.000 }
Period(ns):         12.000
Sources:            { clk }

Check Type        Corner  Lib Pin  Reference Pin  Required(ns)  Actual(ns)  Slack(ns)  Location        Pin
Min Period        n/a     BUFG/I   n/a            2.155         12.000      9.845      BUFGCTRL_X0Y16  clk_IBUF_BUFG_inst/I
Min Period        n/a     FDCE/C   n/a            1.000         12.000      11.000     SLICE_X54Y98    divider_cpu/clk_out_reg/C
Min Period        n/a     FDCE/C   n/a            1.000         12.000      11.000     SLICE_X52Y102   divider_cpu/counter_reg[0]/C
Min Period        n/a     FDCE/C   n/a            1.000         12.000      11.000     SLICE_X53Y101   divider_cpu/counter_reg[10]/C
Min Period        n/a     FDCE/C   n/a            1.000         12.000      11.000     SLICE_X53Y101   divider_cpu/counter_reg[11]/C
Min Period        n/a     FDCE/C   n/a            1.000         12.000      11.000     SLICE_X53Y101   divider_cpu/counter_reg[12]/C
Min Period        n/a     FDCE/C   n/a            1.000         12.000      11.000     SLICE_X53Y101   divider_cpu/counter_reg[13]/C
Min Period        n/a     FDCE/C   n/a            1.000         12.000      11.000     SLICE_X53Y102   divider_cpu/counter_reg[14]/C
Min Period        n/a     FDCE/C   n/a            1.000         12.000      11.000     SLICE_X53Y102   divider_cpu/counter_reg[15]/C
Min Period        n/a     FDCE/C   n/a            1.000         12.000      11.000     SLICE_X53Y102   divider_cpu/counter_reg[16]/C
Low Pulse Width   Fast    FDPE/C   n/a            0.500         6.000       5.500      SLICE_X0Y116    seg7_display/o_seg_r_reg[3]/C
Low Pulse Width   Slow    FDCE/C   n/a            0.500         6.000       5.500      SLICE_X54Y98    divider_cpu/clk_out_reg/C
Low Pulse Width   Slow    FDCE/C   n/a            0.500         6.000       5.500      SLICE_X54Y98    divider_cpu/counter_reg[1]/C
Low Pulse Width   Slow    FDCE/C   n/a            0.500         6.000       5.500      SLICE_X54Y98    divider_cpu/counter_reg[2]/C
Low Pulse Width   Slow    FDCE/C   n/a            0.500         6.000       5.500      SLICE_X54Y98    divider_cpu/counter_reg[3]/C
Low Pulse Width   Slow    FDCE/C   n/a            0.500         6.000       5.500      SLICE_X0Y61     seg7_display/cnt_reg[10]/C
Low Pulse Width   Slow    FDCE/C   n/a            0.500         6.000       5.500      SLICE_X0Y61     seg7_display/cnt_reg[11]/C
Low Pulse Width   Slow    FDCE/C   n/a            0.500         6.000       5.500      SLICE_X0Y62     seg7_display/cnt_reg[12]/C
Low Pulse Width   Slow    FDCE/C   n/a            0.500         6.000       5.500      SLICE_X0Y62     seg7_display/cnt_reg[13]/C
Low Pulse Width   Slow    FDCE/C   n/a            0.500         6.000       5.500      SLICE_X0Y62     seg7_display/cnt_reg[14]/C
High Pulse Width  Fast    FDCE/C   n/a            0.500         6.000       5.500      SLICE_X54Y98    divider_cpu/clk_out_reg/C
High Pulse Width  Slow    FDCE/C   n/a            0.500         6.000       5.500      SLICE_X52Y102   divider_cpu/counter_reg[0]/C
High Pulse Width  Fast    FDCE/C   n/a            0.500         6.000       5.500      SLICE_X52Y102   divider_cpu/counter_reg[0]/C
High Pulse Width  Slow    FDCE/C   n/a            0.500         6.000       5.500      SLICE_X53Y101   divider_cpu/counter_reg[10]/C
High Pulse Width  Fast    FDCE/C   n/a            0.500         6.000       5.500      SLICE_X53Y101   divider_cpu/counter_reg[10]/C
High Pulse Width  Slow    FDCE/C   n/a            0.500         6.000       5.500      SLICE_X53Y101   divider_cpu/counter_reg[11]/C
High Pulse Width  Fast    FDCE/C   n/a            0.500         6.000       5.500      SLICE_X53Y101   divider_cpu/counter_reg[11]/C
High Pulse Width  Slow    FDCE/C   n/a            0.500         6.000       5.500      SLICE_X53Y101   divider_cpu/counter_reg[12]/C
High Pulse Width  Fast    FDCE/C   n/a            0.500         6.000       5.500      SLICE_X53Y101   divider_cpu/counter_reg[12]/C
High Pulse Width  Slow    FDCE/C   n/a            0.500         6.000       5.500      SLICE_X53Y101   divider_cpu/counter_reg[13]/C



---------------------------------------------------------------------------------------------------
Path Group:  **async_default**
From Clock:  clk_pin
  To Clock:  clk_pin

Setup :            0  Failing Endpoints,  Worst Slack        0.806ns,  Total Violation        0.000ns
Hold  :            0  Failing Endpoints,  Worst Slack        5.426ns,  Total Violation        0.000ns
---------------------------------------------------------------------------------------------------


Max Delay Paths
--------------------------------------------------------------------------------------
Slack (MET) :             0.806ns  (required time - arrival time)
  Source:                 rst
                            (input port clocked by clk_pin  {rise@0.000ns fall@6.000ns period=12.000ns})
  Destination:            divider_cpu/counter_reg[1]/CLR
                            (recovery check against rising-edge clock clk_pin  {rise@0.000ns fall@6.000ns period=12.000ns})
  Path Group:             **async_default**
  Path Type:              Recovery (Max at Slow Process Corner)
  Requirement:            12.000ns  (clk_pin rise@12.000ns - clk_pin rise@0.000ns)
  Data Path Delay:        7.725ns  (logic 1.477ns (19.114%)  route 6.249ns (80.886%))
  Logic Levels:           1  (IBUF=1)
  Input Delay:            8.000ns
  Clock Path Skew:        4.928ns (DCD - SCD + CPR)
    Destination Clock Delay (DCD):    4.928ns = ( 16.928 - 12.000 ) 
    Source Clock Delay      (SCD):    0.000ns
    Clock Pessimism Removal (CPR):    0.000ns
  Clock Uncertainty:      0.035ns  ((TSJ^2 + TIJ^2)^1/2 + DJ) / 2 + PE
    Total System Jitter     (TSJ):    0.071ns
    Total Input Jitter      (TIJ):    0.000ns
    Discrete Jitter          (DJ):    0.000ns
    Phase Error              (PE):    0.000ns

    Location             Delay type                Incr(ns)  Path(ns)    Netlist Resource(s)
  -------------------------------------------------------------------    -------------------
                         (clock clk_pin rise edge)    0.000     0.000 r  
                         input delay                  8.000     8.000    
    N17                                               0.000     8.000 f  rst (IN)
                         net (fo=0)                   0.000     8.000    rst
    N17                  IBUF (Prop_ibuf_I_O)         1.477     9.477 f  rst_IBUF_inst/O
                         net (fo=1586, routed)        6.249    15.725    divider_cpu/AR[0]
    SLICE_X54Y98         FDCE                                         f  divider_cpu/counter_reg[1]/CLR
  -------------------------------------------------------------------    -------------------

                         (clock clk_pin rise edge)   12.000    12.000 r  
    E3                                                0.000    12.000 r  clk (IN)
                         net (fo=0)                   0.000    12.000    clk
    E3                   IBUF (Prop_ibuf_I_O)         1.411    13.411 r  clk_IBUF_inst/O
                         net (fo=1, routed)           1.920    15.331    clk_IBUF
    BUFGCTRL_X0Y16       BUFG (Prop_bufg_I_O)         0.091    15.422 r  clk_IBUF_BUFG_inst/O
                         net (fo=87, routed)          1.505    16.928    divider_cpu/clk_IBUF_BUFG
    SLICE_X54Y98         FDCE                                         r  divider_cpu/counter_reg[1]/C
                         clock pessimism              0.000    16.928    
                         clock uncertainty           -0.035    16.892    
    SLICE_X54Y98         FDCE (Recov_fdce_C_CLR)     -0.361    16.531    divider_cpu/counter_reg[1]
  -------------------------------------------------------------------
                         required time                         16.531    
                         arrival time                         -15.725    
  -------------------------------------------------------------------
                         slack                                  0.806    

Slack (MET) :             0.806ns  (required time - arrival time)
  Source:                 rst
                            (input port clocked by clk_pin  {rise@0.000ns fall@6.000ns period=12.000ns})
  Destination:            divider_cpu/counter_reg[3]/CLR
                            (recovery check against rising-edge clock clk_pin  {rise@0.000ns fall@6.000ns period=12.000ns})
  Path Group:             **async_default**
  Path Type:              Recovery (Max at Slow Process Corner)
  Requirement:            12.000ns  (clk_pin rise@12.000ns - clk_pin rise@0.000ns)
  Data Path Delay:        7.725ns  (logic 1.477ns (19.114%)  route 6.249ns (80.886%))
  Logic Levels:           1  (IBUF=1)
  Input Delay:            8.000ns
  Clock Path Skew:        4.928ns (DCD - SCD + CPR)
    Destination Clock Delay (DCD):    4.928ns = ( 16.928 - 12.000 ) 
    Source Clock Delay      (SCD):    0.000ns
    Clock Pessimism Removal (CPR):    0.000ns
  Clock Uncertainty:      0.035ns  ((TSJ^2 + TIJ^2)^1/2 + DJ) / 2 + PE
    Total System Jitter     (TSJ):    0.071ns
    Total Input Jitter      (TIJ):    0.000ns
    Discrete Jitter          (DJ):    0.000ns
    Phase Error              (PE):    0.000ns

    Location             Delay type                Incr(ns)  Path(ns)    Netlist Resource(s)
  -------------------------------------------------------------------    -------------------
                         (clock clk_pin rise edge)    0.000     0.000 r  
                         input delay                  8.000     8.000    
    N17                                               0.000     8.000 f  rst (IN)
                         net (fo=0)                   0.000     8.000    rst
    N17                  IBUF (Prop_ibuf_I_O)         1.477     9.477 f  rst_IBUF_inst/O
                         net (fo=1586, routed)        6.249    15.725    divider_cpu/AR[0]
    SLICE_X54Y98         FDCE                                         f  divider_cpu/counter_reg[3]/CLR
  -------------------------------------------------------------------    -------------------

                         (clock clk_pin rise edge)   12.000    12.000 r  
    E3                                                0.000    12.000 r  clk (IN)
                         net (fo=0)                   0.000    12.000    clk
    E3                   IBUF (Prop_ibuf_I_O)         1.411    13.411 r  clk_IBUF_inst/O
                         net (fo=1, routed)           1.920    15.331    clk_IBUF
    BUFGCTRL_X0Y16       BUFG (Prop_bufg_I_O)         0.091    15.422 r  clk_IBUF_BUFG_inst/O
                         net (fo=87, routed)          1.505    16.928    divider_cpu/clk_IBUF_BUFG
    SLICE_X54Y98         FDCE                                         r  divider_cpu/counter_reg[3]/C
                         clock pessimism              0.000    16.928    
                         clock uncertainty           -0.035    16.892    
    SLICE_X54Y98         FDCE (Recov_fdce_C_CLR)     -0.361    16.531    divider_cpu/counter_reg[3]
  -------------------------------------------------------------------
                         required time                         16.531    
                         arrival time                         -15.725    
  -------------------------------------------------------------------
                         slack                                  0.806    

Slack (MET) :             0.808ns  (required time - arrival time)
  Source:                 rst
                            (input port clocked by clk_pin  {rise@0.000ns fall@6.000ns period=12.000ns})
  Destination:            divider_cpu/counter_reg[18]/CLR
                            (recovery check against rising-edge clock clk_pin  {rise@0.000ns fall@6.000ns period=12.000ns})
  Path Group:             **async_default**
  Path Type:              Recovery (Max at Slow Process Corner)
  Requirement:            12.000ns  (clk_pin rise@12.000ns - clk_pin rise@0.000ns)
  Data Path Delay:        7.662ns  (logic 1.477ns (19.272%)  route 6.185ns (80.728%))
  Logic Levels:           1  (IBUF=1)
  Input Delay:            8.000ns
  Clock Path Skew:        4.910ns (DCD - SCD + CPR)
    Destination Clock Delay (DCD):    4.910ns = ( 16.910 - 12.000 ) 
    Source Clock Delay      (SCD):    0.000ns
    Clock Pessimism Removal (CPR):    0.000ns
  Clock Uncertainty:      0.035ns  ((TSJ^2 + TIJ^2)^1/2 + DJ) / 2 + PE
    Total System Jitter     (TSJ):    0.071ns
    Total Input Jitter      (TIJ):    0.000ns
    Discrete Jitter          (DJ):    0.000ns
    Phase Error              (PE):    0.000ns

    Location             Delay type                Incr(ns)  Path(ns)    Netlist Resource(s)
  -------------------------------------------------------------------    -------------------
                         (clock clk_pin rise edge)    0.000     0.000 r  
                         input delay                  8.000     8.000    
    N17                                               0.000     8.000 f  rst (IN)
                         net (fo=0)                   0.000     8.000    rst
    N17                  IBUF (Prop_ibuf_I_O)         1.477     9.477 f  rst_IBUF_inst/O
                         net (fo=1586, routed)        6.185    15.662    divider_cpu/AR[0]
    SLICE_X52Y103        FDCE                                         f  divider_cpu/counter_reg[18]/CLR
  -------------------------------------------------------------------    -------------------

                         (clock clk_pin rise edge)   12.000    12.000 r  
    E3                                                0.000    12.000 r  clk (IN)
                         net (fo=0)                   0.000    12.000    clk
    E3                   IBUF (Prop_ibuf_I_O)         1.411    13.411 r  clk_IBUF_inst/O
                         net (fo=1, routed)           1.920    15.331    clk_IBUF
    BUFGCTRL_X0Y16       BUFG (Prop_bufg_I_O)         0.091    15.422 r  clk_IBUF_BUFG_inst/O
                         net (fo=87, routed)          1.488    16.910    divider_cpu/clk_IBUF_BUFG
    SLICE_X52Y103        FDCE                                         r  divider_cpu/counter_reg[18]/C
                         clock pessimism              0.000    16.910    
                         clock uncertainty           -0.035    16.875    
    SLICE_X52Y103        FDCE (Recov_fdce_C_CLR)     -0.405    16.470    divider_cpu/counter_reg[18]
  -------------------------------------------------------------------
                         required time                         16.470    
                         arrival time                         -15.662    
  -------------------------------------------------------------------
                         slack                                  0.808    

Slack (MET) :             0.808ns  (required time - arrival time)
  Source:                 rst
                            (input port clocked by clk_pin  {rise@0.000ns fall@6.000ns period=12.000ns})
  Destination:            divider_cpu/counter_reg[28]/CLR
                            (recovery check against rising-edge clock clk_pin  {rise@0.000ns fall@6.000ns period=12.000ns})
  Path Group:             **async_default**
  Path Type:              Recovery (Max at Slow Process Corner)
  Requirement:            12.000ns  (clk_pin rise@12.000ns - clk_pin rise@0.000ns)
  Data Path Delay:        7.662ns  (logic 1.477ns (19.272%)  route 6.185ns (80.728%))
  Logic Levels:           1  (IBUF=1)
  Input Delay:            8.000ns
  Clock Path Skew:        4.910ns (DCD - SCD + CPR)
    Destination Clock Delay (DCD):    4.910ns = ( 16.910 - 12.000 ) 
    Source Clock Delay      (SCD):    0.000ns
    Clock Pessimism Removal (CPR):    0.000ns
  Clock Uncertainty:      0.035ns  ((TSJ^2 + TIJ^2)^1/2 + DJ) / 2 + PE
    Total System Jitter     (TSJ):    0.071ns
    Total Input Jitter      (TIJ):    0.000ns
    Discrete Jitter          (DJ):    0.000ns
    Phase Error              (PE):    0.000ns

    Location             Delay type                Incr(ns)  Path(ns)    Netlist Resource(s)
  -------------------------------------------------------------------    -------------------
                         (clock clk_pin rise edge)    0.000     0.000 r  
                         input delay                  8.000     8.000    
    N17                                               0.000     8.000 f  rst (IN)
                         net (fo=0)                   0.000     8.000    rst
    N17                  IBUF (Prop_ibuf_I_O)         1.477     9.477 f  rst_IBUF_inst/O
                         net (fo=1586, routed)        6.185    15.662    divider_cpu/AR[0]
    SLICE_X52Y103        FDCE                                         f  divider_cpu/counter_reg[28]/CLR
  -------------------------------------------------------------------    -------------------

                         (clock clk_pin rise edge)   12.000    12.000 r  
    E3                                                0.000    12.000 r  clk (IN)
                         net (fo=0)                   0.000    12.000    clk
    E3                   IBUF (Prop_ibuf_I_O)         1.411    13.411 r  clk_IBUF_inst/O
                         net (fo=1, routed)           1.920    15.331    clk_IBUF
    BUFGCTRL_X0Y16       BUFG (Prop_bufg_I_O)         0.091    15.422 r  clk_IBUF_BUFG_inst/O
                         net (fo=87, routed)          1.488    16.910    divider_cpu/clk_IBUF_BUFG
    SLICE_X52Y103        FDCE                                         r  divider_cpu/counter_reg[28]/C
                         clock pessimism              0.000    16.910    
                         clock uncertainty           -0.035    16.875    
    SLICE_X52Y103        FDCE (Recov_fdce_C_CLR)     -0.405    16.470    divider_cpu/counter_reg[28]
  -------------------------------------------------------------------
                         required time                         16.470    
                         arrival time                         -15.662    
  -------------------------------------------------------------------
                         slack                                  0.808    

Slack (MET) :             0.812ns  (required time - arrival time)
  Source:                 rst
                            (input port clocked by clk_pin  {rise@0.000ns fall@6.000ns period=12.000ns})
  Destination:            divider_cpu/counter_reg[0]/CLR
                            (recovery check against rising-edge clock clk_pin  {rise@0.000ns fall@6.000ns period=12.000ns})
  Path Group:             **async_default**
  Path Type:              Recovery (Max at Slow Process Corner)
  Requirement:            12.000ns  (clk_pin rise@12.000ns - clk_pin rise@0.000ns)
  Data Path Delay:        7.659ns  (logic 1.477ns (19.279%)  route 6.182ns (80.721%))
  Logic Levels:           1  (IBUF=1)
  Input Delay:            8.000ns
  Clock Path Skew:        4.911ns (DCD - SCD + CPR)
    Destination Clock Delay (DCD):    4.911ns = ( 16.911 - 12.000 ) 
    Source Clock Delay      (SCD):    0.000ns
    Clock Pessimism Removal (CPR):    0.000ns
  Clock Uncertainty:      0.035ns  ((TSJ^2 + TIJ^2)^1/2 + DJ) / 2 + PE
    Total System Jitter     (TSJ):    0.071ns
    Total Input Jitter      (TIJ):    0.000ns
    Discrete Jitter          (DJ):    0.000ns
    Phase Error              (PE):    0.000ns

    Location             Delay type                Incr(ns)  Path(ns)    Netlist Resource(s)
  -------------------------------------------------------------------    -------------------
                         (clock clk_pin rise edge)    0.000     0.000 r  
                         input delay                  8.000     8.000    
    N17                                               0.000     8.000 f  rst (IN)
                         net (fo=0)                   0.000     8.000    rst
    N17                  IBUF (Prop_ibuf_I_O)         1.477     9.477 f  rst_IBUF_inst/O
                         net (fo=1586, routed)        6.182    15.659    divider_cpu/AR[0]
    SLICE_X52Y102        FDCE                                         f  divider_cpu/counter_reg[0]/CLR
  -------------------------------------------------------------------    -------------------

                         (clock clk_pin rise edge)   12.000    12.000 r  
    E3                                                0.000    12.000 r  clk (IN)
                         net (fo=0)                   0.000    12.000    clk
    E3                   IBUF (Prop_ibuf_I_O)         1.411    13.411 r  clk_IBUF_inst/O
                         net (fo=1, routed)           1.920    15.331    clk_IBUF
    BUFGCTRL_X0Y16       BUFG (Prop_bufg_I_O)         0.091    15.422 r  clk_IBUF_BUFG_inst/O
                         net (fo=87, routed)          1.489    16.911    divider_cpu/clk_IBUF_BUFG
    SLICE_X52Y102        FDCE                                         r  divider_cpu/counter_reg[0]/C
                         clock pessimism              0.000    16.911    
                         clock uncertainty           -0.035    16.876    
    SLICE_X52Y102        FDCE (Recov_fdce_C_CLR)     -0.405    16.471    divider_cpu/counter_reg[0]
  -------------------------------------------------------------------
                         required time                         16.471    
                         arrival time                         -15.659    
  -------------------------------------------------------------------
                         slack                                  0.812    

Slack (MET) :             0.812ns  (required time - arrival time)
  Source:                 rst
                            (input port clocked by clk_pin  {rise@0.000ns fall@6.000ns period=12.000ns})
  Destination:            divider_cpu/counter_reg[19]/CLR
                            (recovery check against rising-edge clock clk_pin  {rise@0.000ns fall@6.000ns period=12.000ns})
  Path Group:             **async_default**
  Path Type:              Recovery (Max at Slow Process Corner)
  Requirement:            12.000ns  (clk_pin rise@12.000ns - clk_pin rise@0.000ns)
  Data Path Delay:        7.658ns  (logic 1.477ns (19.283%)  route 6.181ns (80.717%))
  Logic Levels:           1  (IBUF=1)
  Input Delay:            8.000ns
  Clock Path Skew:        4.910ns (DCD - SCD + CPR)
    Destination Clock Delay (DCD):    4.910ns = ( 16.910 - 12.000 ) 
    Source Clock Delay      (SCD):    0.000ns
    Clock Pessimism Removal (CPR):    0.000ns
  Clock Uncertainty:      0.035ns  ((TSJ^2 + TIJ^2)^1/2 + DJ) / 2 + PE
    Total System Jitter     (TSJ):    0.071ns
    Total Input Jitter      (TIJ):    0.000ns
    Discrete Jitter          (DJ):    0.000ns
    Phase Error              (PE):    0.000ns

    Location             Delay type                Incr(ns)  Path(ns)    Netlist Resource(s)
  -------------------------------------------------------------------    -------------------
                         (clock clk_pin rise edge)    0.000     0.000 r  
                         input delay                  8.000     8.000    
    N17                                               0.000     8.000 f  rst (IN)
                         net (fo=0)                   0.000     8.000    rst
    N17                  IBUF (Prop_ibuf_I_O)         1.477     9.477 f  rst_IBUF_inst/O
                         net (fo=1586, routed)        6.181    15.658    divider_cpu/AR[0]
    SLICE_X53Y103        FDCE                                         f  divider_cpu/counter_reg[19]/CLR
  -------------------------------------------------------------------    -------------------

                         (clock clk_pin rise edge)   12.000    12.000 r  
    E3                                                0.000    12.000 r  clk (IN)
                         net (fo=0)                   0.000    12.000    clk
    E3                   IBUF (Prop_ibuf_I_O)         1.411    13.411 r  clk_IBUF_inst/O
                         net (fo=1, routed)           1.920    15.331    clk_IBUF
    BUFGCTRL_X0Y16       BUFG (Prop_bufg_I_O)         0.091    15.422 r  clk_IBUF_BUFG_inst/O
                         net (fo=87, routed)          1.488    16.910    divider_cpu/clk_IBUF_BUFG
    SLICE_X53Y103        FDCE                                         r  divider_cpu/counter_reg[19]/C
                         clock pessimism              0.000    16.910    
                         clock uncertainty           -0.035    16.875    
    SLICE_X53Y103        FDCE (Recov_fdce_C_CLR)     -0.405    16.470    divider_cpu/counter_reg[19]
  -------------------------------------------------------------------
                         required time                         16.470    
                         arrival time                         -15.658    
  -------------------------------------------------------------------
                         slack                                  0.812    

Slack (MET) :             0.812ns  (required time - arrival time)
  Source:                 rst
                            (input port clocked by clk_pin  {rise@0.000ns fall@6.000ns period=12.000ns})
  Destination:            divider_cpu/counter_reg[20]/CLR
                            (recovery check against rising-edge clock clk_pin  {rise@0.000ns fall@6.000ns period=12.000ns})
  Path Group:             **async_default**
  Path Type:              Recovery (Max at Slow Process Corner)
  Requirement:            12.000ns  (clk_pin rise@12.000ns - clk_pin rise@0.000ns)
  Data Path Delay:        7.658ns  (logic 1.477ns (19.283%)  route 6.181ns (80.717%))
  Logic Levels:           1  (IBUF=1)
  Input Delay:            8.000ns
  Clock Path Skew:        4.910ns (DCD - SCD + CPR)
    Destination Clock Delay (DCD):    4.910ns = ( 16.910 - 12.000 ) 
    Source Clock Delay      (SCD):    0.000ns
    Clock Pessimism Removal (CPR):    0.000ns
  Clock Uncertainty:      0.035ns  ((TSJ^2 + TIJ^2)^1/2 + DJ) / 2 + PE
    Total System Jitter     (TSJ):    0.071ns
    Total Input Jitter      (TIJ):    0.000ns
    Discrete Jitter          (DJ):    0.000ns
    Phase Error              (PE):    0.000ns

    Location             Delay type                Incr(ns)  Path(ns)    Netlist Resource(s)
  -------------------------------------------------------------------    -------------------
                         (clock clk_pin rise edge)    0.000     0.000 r  
                         input delay                  8.000     8.000    
    N17                                               0.000     8.000 f  rst (IN)
                         net (fo=0)                   0.000     8.000    rst
    N17                  IBUF (Prop_ibuf_I_O)         1.477     9.477 f  rst_IBUF_inst/O
                         net (fo=1586, routed)        6.181    15.658    divider_cpu/AR[0]
    SLICE_X53Y103        FDCE                                         f  divider_cpu/counter_reg[20]/CLR
  -------------------------------------------------------------------    -------------------

                         (clock clk_pin rise edge)   12.000    12.000 r  
    E3                                                0.000    12.000 r  clk (IN)
                         net (fo=0)                   0.000    12.000    clk
    E3                   IBUF (Prop_ibuf_I_O)         1.411    13.411 r  clk_IBUF_inst/O
                         net (fo=1, routed)           1.920    15.331    clk_IBUF
    BUFGCTRL_X0Y16       BUFG (Prop_bufg_I_O)         0.091    15.422 r  clk_IBUF_BUFG_inst/O
                         net (fo=87, routed)          1.488    16.910    divider_cpu/clk_IBUF_BUFG
    SLICE_X53Y103        FDCE                                         r  divider_cpu/counter_reg[20]/C
                         clock pessimism              0.000    16.910    
                         clock uncertainty           -0.035    16.875    
    SLICE_X53Y103        FDCE (Recov_fdce_C_CLR)     -0.405    16.470    divider_cpu/counter_reg[20]
  -------------------------------------------------------------------
                         required time                         16.470    
                         arrival time                         -15.658    
  -------------------------------------------------------------------
                         slack                                  0.812    

Slack (MET) :             0.812ns  (required time - arrival time)
  Source:                 rst
                            (input port clocked by clk_pin  {rise@0.000ns fall@6.000ns period=12.000ns})
  Destination:            divider_cpu/counter_reg[25]/CLR
                            (recovery check against rising-edge clock clk_pin  {rise@0.000ns fall@6.000ns period=12.000ns})
  Path Group:             **async_default**
  Path Type:              Recovery (Max at Slow Process Corner)
  Requirement:            12.000ns  (clk_pin rise@12.000ns - clk_pin rise@0.000ns)
  Data Path Delay:        7.658ns  (logic 1.477ns (19.283%)  route 6.181ns (80.717%))
  Logic Levels:           1  (IBUF=1)
  Input Delay:            8.000ns
  Clock Path Skew:        4.910ns (DCD - SCD + CPR)
    Destination Clock Delay (DCD):    4.910ns = ( 16.910 - 12.000 ) 
    Source Clock Delay      (SCD):    0.000ns
    Clock Pessimism Removal (CPR):    0.000ns
  Clock Uncertainty:      0.035ns  ((TSJ^2 + TIJ^2)^1/2 + DJ) / 2 + PE
    Total System Jitter     (TSJ):    0.071ns
    Total Input Jitter      (TIJ):    0.000ns
    Discrete Jitter          (DJ):    0.000ns
    Phase Error              (PE):    0.000ns

    Location             Delay type                Incr(ns)  Path(ns)    Netlist Resource(s)
  -------------------------------------------------------------------    -------------------
                         (clock clk_pin rise edge)    0.000     0.000 r  
                         input delay                  8.000     8.000    
    N17                                               0.000     8.000 f  rst (IN)
                         net (fo=0)                   0.000     8.000    rst
    N17                  IBUF (Prop_ibuf_I_O)         1.477     9.477 f  rst_IBUF_inst/O
                         net (fo=1586, routed)        6.181    15.658    divider_cpu/AR[0]
    SLICE_X53Y103        FDCE                                         f  divider_cpu/counter_reg[25]/CLR
  -------------------------------------------------------------------    -------------------

                         (clock clk_pin rise edge)   12.000    12.000 r  
    E3                                                0.000    12.000 r  clk (IN)
                         net (fo=0)                   0.000    12.000    clk
    E3                   IBUF (Prop_ibuf_I_O)         1.411    13.411 r  clk_IBUF_inst/O
                         net (fo=1, routed)           1.920    15.331    clk_IBUF
    BUFGCTRL_X0Y16       BUFG (Prop_bufg_I_O)         0.091    15.422 r  clk_IBUF_BUFG_inst/O
                         net (fo=87, routed)          1.488    16.910    divider_cpu/clk_IBUF_BUFG
    SLICE_X53Y103        FDCE                                         r  divider_cpu/counter_reg[25]/C
                         clock pessimism              0.000    16.910    
                         clock uncertainty           -0.035    16.875    
    SLICE_X53Y103        FDCE (Recov_fdce_C_CLR)     -0.405    16.470    divider_cpu/counter_reg[25]
  -------------------------------------------------------------------
                         required time                         16.470    
                         arrival time                         -15.658    
  -------------------------------------------------------------------
                         slack                                  0.812    

Slack (MET) :             0.812ns  (required time - arrival time)
  Source:                 rst
                            (input port clocked by clk_pin  {rise@0.000ns fall@6.000ns period=12.000ns})
  Destination:            divider_cpu/counter_reg[27]/CLR
                            (recovery check against rising-edge clock clk_pin  {rise@0.000ns fall@6.000ns period=12.000ns})
  Path Group:             **async_default**
  Path Type:              Recovery (Max at Slow Process Corner)
  Requirement:            12.000ns  (clk_pin rise@12.000ns - clk_pin rise@0.000ns)
  Data Path Delay:        7.658ns  (logic 1.477ns (19.283%)  route 6.181ns (80.717%))
  Logic Levels:           1  (IBUF=1)
  Input Delay:            8.000ns
  Clock Path Skew:        4.910ns (DCD - SCD + CPR)
    Destination Clock Delay (DCD):    4.910ns = ( 16.910 - 12.000 ) 
    Source Clock Delay      (SCD):    0.000ns
    Clock Pessimism Removal (CPR):    0.000ns
  Clock Uncertainty:      0.035ns  ((TSJ^2 + TIJ^2)^1/2 + DJ) / 2 + PE
    Total System Jitter     (TSJ):    0.071ns
    Total Input Jitter      (TIJ):    0.000ns
    Discrete Jitter          (DJ):    0.000ns
    Phase Error              (PE):    0.000ns

    Location             Delay type                Incr(ns)  Path(ns)    Netlist Resource(s)
  -------------------------------------------------------------------    -------------------
                         (clock clk_pin rise edge)    0.000     0.000 r  
                         input delay                  8.000     8.000    
    N17                                               0.000     8.000 f  rst (IN)
                         net (fo=0)                   0.000     8.000    rst
    N17                  IBUF (Prop_ibuf_I_O)         1.477     9.477 f  rst_IBUF_inst/O
                         net (fo=1586, routed)        6.181    15.658    divider_cpu/AR[0]
    SLICE_X53Y103        FDCE                                         f  divider_cpu/counter_reg[27]/CLR
  -------------------------------------------------------------------    -------------------

                         (clock clk_pin rise edge)   12.000    12.000 r  
    E3                                                0.000    12.000 r  clk (IN)
                         net (fo=0)                   0.000    12.000    clk
    E3                   IBUF (Prop_ibuf_I_O)         1.411    13.411 r  clk_IBUF_inst/O
                         net (fo=1, routed)           1.920    15.331    clk_IBUF
    BUFGCTRL_X0Y16       BUFG (Prop_bufg_I_O)         0.091    15.422 r  clk_IBUF_BUFG_inst/O
                         net (fo=87, routed)          1.488    16.910    divider_cpu/clk_IBUF_BUFG
    SLICE_X53Y103        FDCE                                         r  divider_cpu/counter_reg[27]/C
                         clock pessimism              0.000    16.910    
                         clock uncertainty           -0.035    16.875    
    SLICE_X53Y103        FDCE (Recov_fdce_C_CLR)     -0.405    16.470    divider_cpu/counter_reg[27]
  -------------------------------------------------------------------
                         required time                         16.470    
                         arrival time                         -15.658    
  -------------------------------------------------------------------
                         slack                                  0.812    

Slack (MET) :             0.816ns  (required time - arrival time)
  Source:                 rst
                            (input port clocked by clk_pin  {rise@0.000ns fall@6.000ns period=12.000ns})
  Destination:            divider_cpu/counter_reg[14]/CLR
                            (recovery check against rising-edge clock clk_pin  {rise@0.000ns fall@6.000ns period=12.000ns})
  Path Group:             **async_default**
  Path Type:              Recovery (Max at Slow Process Corner)
  Requirement:            12.000ns  (clk_pin rise@12.000ns - clk_pin rise@0.000ns)
  Data Path Delay:        7.655ns  (logic 1.477ns (19.290%)  route 6.178ns (80.710%))
  Logic Levels:           1  (IBUF=1)
  Input Delay:            8.000ns
  Clock Path Skew:        4.911ns (DCD - SCD + CPR)
    Destination Clock Delay (DCD):    4.911ns = ( 16.911 - 12.000 ) 
    Source Clock Delay      (SCD):    0.000ns
    Clock Pessimism Removal (CPR):    0.000ns
  Clock Uncertainty:      0.035ns  ((TSJ^2 + TIJ^2)^1/2 + DJ) / 2 + PE
    Total System Jitter     (TSJ):    0.071ns
    Total Input Jitter      (TIJ):    0.000ns
    Discrete Jitter          (DJ):    0.000ns
    Phase Error              (PE):    0.000ns

    Location             Delay type                Incr(ns)  Path(ns)    Netlist Resource(s)
  -------------------------------------------------------------------    -------------------
                         (clock clk_pin rise edge)    0.000     0.000 r  
                         input delay                  8.000     8.000    
    N17                                               0.000     8.000 f  rst (IN)
                         net (fo=0)                   0.000     8.000    rst
    N17                  IBUF (Prop_ibuf_I_O)         1.477     9.477 f  rst_IBUF_inst/O
                         net (fo=1586, routed)        6.178    15.655    divider_cpu/AR[0]
    SLICE_X53Y102        FDCE                                         f  divider_cpu/counter_reg[14]/CLR
  -------------------------------------------------------------------    -------------------

                         (clock clk_pin rise edge)   12.000    12.000 r  
    E3                                                0.000    12.000 r  clk (IN)
                         net (fo=0)                   0.000    12.000    clk
    E3                   IBUF (Prop_ibuf_I_O)         1.411    13.411 r  clk_IBUF_inst/O
                         net (fo=1, routed)           1.920    15.331    clk_IBUF
    BUFGCTRL_X0Y16       BUFG (Prop_bufg_I_O)         0.091    15.422 r  clk_IBUF_BUFG_inst/O
                         net (fo=87, routed)          1.489    16.911    divider_cpu/clk_IBUF_BUFG
    SLICE_X53Y102        FDCE                                         r  divider_cpu/counter_reg[14]/C
                         clock pessimism              0.000    16.911    
                         clock uncertainty           -0.035    16.876    
    SLICE_X53Y102        FDCE (Recov_fdce_C_CLR)     -0.405    16.471    divider_cpu/counter_reg[14]
  -------------------------------------------------------------------
                         required time                         16.471    
                         arrival time                         -15.655    
  -------------------------------------------------------------------
                         slack                                  0.816    





Min Delay Paths
--------------------------------------------------------------------------------------
Slack (MET) :             5.426ns  (arrival time - required time)
  Source:                 rst
                            (input port clocked by clk_pin  {rise@0.000ns fall@6.000ns period=12.000ns})
  Destination:            seg7_display/o_seg_r_reg[4]/PRE
                            (removal check against rising-edge clock clk_pin  {rise@0.000ns fall@6.000ns period=12.000ns})
  Path Group:             **async_default**
  Path Type:              Removal (Min at Slow Process Corner)
  Requirement:            0.000ns  (clk_pin rise@0.000ns - clk_pin rise@0.000ns)
  Data Path Delay:        2.526ns  (logic 1.406ns (55.660%)  route 1.120ns (44.340%))
  Logic Levels:           1  (IBUF=1)
  Input Delay:            8.000ns
  Clock Path Skew:        5.308ns (DCD - SCD - CPR)
    Destination Clock Delay (DCD):    5.308ns
    Source Clock Delay      (SCD):    0.000ns
    Clock Pessimism Removal (CPR):    -0.000ns

    Location             Delay type                Incr(ns)  Path(ns)    Netlist Resource(s)
  -------------------------------------------------------------------    -------------------
                         (clock clk_pin rise edge)    0.000     0.000 r  
                         input delay                  8.000     8.000    
    N17                                               0.000     8.000 f  rst (IN)
                         net (fo=0)                   0.000     8.000    rst
    N17                  IBUF (Prop_ibuf_I_O)         1.406     9.406 f  rst_IBUF_inst/O
                         net (fo=1586, routed)        1.120    10.526    seg7_display/AR[0]
    SLICE_X1Y74          FDPE                                         f  seg7_display/o_seg_r_reg[4]/PRE
  -------------------------------------------------------------------    -------------------

                         (clock clk_pin rise edge)    0.000     0.000 r  
    E3                                                0.000     0.000 r  clk (IN)
                         net (fo=0)                   0.000     0.000    clk
    E3                   IBUF (Prop_ibuf_I_O)         1.482     1.482 r  clk_IBUF_inst/O
                         net (fo=1, routed)           2.025     3.506    clk_IBUF
    BUFGCTRL_X0Y16       BUFG (Prop_bufg_I_O)         0.096     3.602 r  clk_IBUF_BUFG_inst/O
                         net (fo=87, routed)          1.705     5.308    seg7_display/clk_IBUF_BUFG
    SLICE_X1Y74          FDPE                                         r  seg7_display/o_seg_r_reg[4]/C
                         clock pessimism              0.000     5.308    
    SLICE_X1Y74          FDPE (Remov_fdpe_C_PRE)     -0.208     5.100    seg7_display/o_seg_r_reg[4]
  -------------------------------------------------------------------
                         required time                         -5.100    
                         arrival time                          10.526    
  -------------------------------------------------------------------
                         slack                                  5.426    

Slack (MET) :             5.800ns  (arrival time - required time)
  Source:                 rst
                            (input port clocked by clk_pin  {rise@0.000ns fall@6.000ns period=12.000ns})
  Destination:            seg7_display/o_seg_r_reg[5]/PRE
                            (removal check against rising-edge clock clk_pin  {rise@0.000ns fall@6.000ns period=12.000ns})
  Path Group:             **async_default**
  Path Type:              Removal (Min at Slow Process Corner)
  Requirement:            0.000ns  (clk_pin rise@0.000ns - clk_pin rise@0.000ns)
  Data Path Delay:        2.916ns  (logic 1.406ns (48.225%)  route 1.510ns (51.775%))
  Logic Levels:           1  (IBUF=1)
  Input Delay:            8.000ns
  Clock Path Skew:        5.324ns (DCD - SCD - CPR)
    Destination Clock Delay (DCD):    5.324ns
    Source Clock Delay      (SCD):    0.000ns
    Clock Pessimism Removal (CPR):    -0.000ns

    Location             Delay type                Incr(ns)  Path(ns)    Netlist Resource(s)
  -------------------------------------------------------------------    -------------------
                         (clock clk_pin rise edge)    0.000     0.000 r  
                         input delay                  8.000     8.000    
    N17                                               0.000     8.000 f  rst (IN)
                         net (fo=0)                   0.000     8.000    rst
    N17                  IBUF (Prop_ibuf_I_O)         1.406     9.406 f  rst_IBUF_inst/O
                         net (fo=1586, routed)        1.510    10.916    seg7_display/AR[0]
    SLICE_X1Y62          FDPE                                         f  seg7_display/o_seg_r_reg[5]/PRE
  -------------------------------------------------------------------    -------------------

                         (clock clk_pin rise edge)    0.000     0.000 r  
    E3                                                0.000     0.000 r  clk (IN)
                         net (fo=0)                   0.000     0.000    clk
    E3                   IBUF (Prop_ibuf_I_O)         1.482     1.482 r  clk_IBUF_inst/O
                         net (fo=1, routed)           2.025     3.506    clk_IBUF
    BUFGCTRL_X0Y16       BUFG (Prop_bufg_I_O)         0.096     3.602 r  clk_IBUF_BUFG_inst/O
                         net (fo=87, routed)          1.721     5.324    seg7_display/clk_IBUF_BUFG
    SLICE_X1Y62          FDPE                                         r  seg7_display/o_seg_r_reg[5]/C
                         clock pessimism              0.000     5.324    
    SLICE_X1Y62          FDPE (Remov_fdpe_C_PRE)     -0.208     5.116    seg7_display/o_seg_r_reg[5]
  -------------------------------------------------------------------
                         required time                         -5.116    
                         arrival time                          10.916    
  -------------------------------------------------------------------
                         slack                                  5.800    

Slack (MET) :             5.804ns  (arrival time - required time)
  Source:                 rst
                            (input port clocked by clk_pin  {rise@0.000ns fall@6.000ns period=12.000ns})
  Destination:            seg7_display/cnt_reg[12]/CLR
                            (removal check against rising-edge clock clk_pin  {rise@0.000ns fall@6.000ns period=12.000ns})
  Path Group:             **async_default**
  Path Type:              Removal (Min at Slow Process Corner)
  Requirement:            0.000ns  (clk_pin rise@0.000ns - clk_pin rise@0.000ns)
  Data Path Delay:        2.920ns  (logic 1.406ns (48.153%)  route 1.514ns (51.847%))
  Logic Levels:           1  (IBUF=1)
  Input Delay:            8.000ns
  Clock Path Skew:        5.324ns (DCD - SCD - CPR)
    Destination Clock Delay (DCD):    5.324ns
    Source Clock Delay      (SCD):    0.000ns
    Clock Pessimism Removal (CPR):    -0.000ns

    Location             Delay type                Incr(ns)  Path(ns)    Netlist Resource(s)
  -------------------------------------------------------------------    -------------------
                         (clock clk_pin rise edge)    0.000     0.000 r  
                         input delay                  8.000     8.000    
    N17                                               0.000     8.000 f  rst (IN)
                         net (fo=0)                   0.000     8.000    rst
    N17                  IBUF (Prop_ibuf_I_O)         1.406     9.406 f  rst_IBUF_inst/O
                         net (fo=1586, routed)        1.514    10.920    seg7_display/AR[0]
    SLICE_X0Y62          FDCE                                         f  seg7_display/cnt_reg[12]/CLR
  -------------------------------------------------------------------    -------------------

                         (clock clk_pin rise edge)    0.000     0.000 r  
    E3                                                0.000     0.000 r  clk (IN)
                         net (fo=0)                   0.000     0.000    clk
    E3                   IBUF (Prop_ibuf_I_O)         1.482     1.482 r  clk_IBUF_inst/O
                         net (fo=1, routed)           2.025     3.506    clk_IBUF
    BUFGCTRL_X0Y16       BUFG (Prop_bufg_I_O)         0.096     3.602 r  clk_IBUF_BUFG_inst/O
                         net (fo=87, routed)          1.721     5.324    seg7_display/clk_IBUF_BUFG
    SLICE_X0Y62          FDCE                                         r  seg7_display/cnt_reg[12]/C
                         clock pessimism              0.000     5.324    
    SLICE_X0Y62          FDCE (Remov_fdce_C_CLR)     -0.208     5.116    seg7_display/cnt_reg[12]
  -------------------------------------------------------------------
                         required time                         -5.116    
                         arrival time                          10.920    
  -------------------------------------------------------------------
                         slack                                  5.804    

Slack (MET) :             5.804ns  (arrival time - required time)
  Source:                 rst
                            (input port clocked by clk_pin  {rise@0.000ns fall@6.000ns period=12.000ns})
  Destination:            seg7_display/cnt_reg[13]/CLR
                            (removal check against rising-edge clock clk_pin  {rise@0.000ns fall@6.000ns period=12.000ns})
  Path Group:             **async_default**
  Path Type:              Removal (Min at Slow Process Corner)
  Requirement:            0.000ns  (clk_pin rise@0.000ns - clk_pin rise@0.000ns)
  Data Path Delay:        2.920ns  (logic 1.406ns (48.153%)  route 1.514ns (51.847%))
  Logic Levels:           1  (IBUF=1)
  Input Delay:            8.000ns
  Clock Path Skew:        5.324ns (DCD - SCD - CPR)
    Destination Clock Delay (DCD):    5.324ns
    Source Clock Delay      (SCD):    0.000ns
    Clock Pessimism Removal (CPR):    -0.000ns

    Location             Delay type                Incr(ns)  Path(ns)    Netlist Resource(s)
  -------------------------------------------------------------------    -------------------
                         (clock clk_pin rise edge)    0.000     0.000 r  
                         input delay                  8.000     8.000    
    N17                                               0.000     8.000 f  rst (IN)
                         net (fo=0)                   0.000     8.000    rst
    N17                  IBUF (Prop_ibuf_I_O)         1.406     9.406 f  rst_IBUF_inst/O
                         net (fo=1586, routed)        1.514    10.920    seg7_display/AR[0]
    SLICE_X0Y62          FDCE                                         f  seg7_display/cnt_reg[13]/CLR
  -------------------------------------------------------------------    -------------------

                         (clock clk_pin rise edge)    0.000     0.000 r  
    E3                                                0.000     0.000 r  clk (IN)
                         net (fo=0)                   0.000     0.000    clk
    E3                   IBUF (Prop_ibuf_I_O)         1.482     1.482 r  clk_IBUF_inst/O
                         net (fo=1, routed)           2.025     3.506    clk_IBUF
    BUFGCTRL_X0Y16       BUFG (Prop_bufg_I_O)         0.096     3.602 r  clk_IBUF_BUFG_inst/O
                         net (fo=87, routed)          1.721     5.324    seg7_display/clk_IBUF_BUFG
    SLICE_X0Y62          FDCE                                         r  seg7_display/cnt_reg[13]/C
                         clock pessimism              0.000     5.324    
    SLICE_X0Y62          FDCE (Remov_fdce_C_CLR)     -0.208     5.116    seg7_display/cnt_reg[13]
  -------------------------------------------------------------------
                         required time                         -5.116    
                         arrival time                          10.920    
  -------------------------------------------------------------------
                         slack                                  5.804    

Slack (MET) :             5.804ns  (arrival time - required time)
  Source:                 rst
                            (input port clocked by clk_pin  {rise@0.000ns fall@6.000ns period=12.000ns})
  Destination:            seg7_display/cnt_reg[14]/CLR
                            (removal check against rising-edge clock clk_pin  {rise@0.000ns fall@6.000ns period=12.000ns})
  Path Group:             **async_default**
  Path Type:              Removal (Min at Slow Process Corner)
  Requirement:            0.000ns  (clk_pin rise@0.000ns - clk_pin rise@0.000ns)
  Data Path Delay:        2.920ns  (logic 1.406ns (48.153%)  route 1.514ns (51.847%))
  Logic Levels:           1  (IBUF=1)
  Input Delay:            8.000ns
  Clock Path Skew:        5.324ns (DCD - SCD - CPR)
    Destination Clock Delay (DCD):    5.324ns
    Source Clock Delay      (SCD):    0.000ns
    Clock Pessimism Removal (CPR):    -0.000ns

    Location             Delay type                Incr(ns)  Path(ns)    Netlist Resource(s)
  -------------------------------------------------------------------    -------------------
                         (clock clk_pin rise edge)    0.000     0.000 r  
                         input delay                  8.000     8.000    
    N17                                               0.000     8.000 f  rst (IN)
                         net (fo=0)                   0.000     8.000    rst
    N17                  IBUF (Prop_ibuf_I_O)         1.406     9.406 f  rst_IBUF_inst/O
                         net (fo=1586, routed)        1.514    10.920    seg7_display/AR[0]
    SLICE_X0Y62          FDCE                                         f  seg7_display/cnt_reg[14]/CLR
  -------------------------------------------------------------------    -------------------

                         (clock clk_pin rise edge)    0.000     0.000 r  
    E3                                                0.000     0.000 r  clk (IN)
                         net (fo=0)                   0.000     0.000    clk
    E3                   IBUF (Prop_ibuf_I_O)         1.482     1.482 r  clk_IBUF_inst/O
                         net (fo=1, routed)           2.025     3.506    clk_IBUF
    BUFGCTRL_X0Y16       BUFG (Prop_bufg_I_O)         0.096     3.602 r  clk_IBUF_BUFG_inst/O
                         net (fo=87, routed)          1.721     5.324    seg7_display/clk_IBUF_BUFG
    SLICE_X0Y62          FDCE                                         r  seg7_display/cnt_reg[14]/C
                         clock pessimism              0.000     5.324    
    SLICE_X0Y62          FDCE (Remov_fdce_C_CLR)     -0.208     5.116    seg7_display/cnt_reg[14]
  -------------------------------------------------------------------
                         required time                         -5.116    
                         arrival time                          10.920    
  -------------------------------------------------------------------
                         slack                                  5.804    

Slack (MET) :             5.906ns  (arrival time - required time)
  Source:                 rst
                            (input port clocked by clk_pin  {rise@0.000ns fall@6.000ns period=12.000ns})
  Destination:            seg7_display/cnt_reg[10]/CLR
                            (removal check against rising-edge clock clk_pin  {rise@0.000ns fall@6.000ns period=12.000ns})
  Path Group:             **async_default**
  Path Type:              Removal (Min at Slow Process Corner)
  Requirement:            0.000ns  (clk_pin rise@0.000ns - clk_pin rise@0.000ns)
  Data Path Delay:        3.023ns  (logic 1.406ns (46.512%)  route 1.617ns (53.488%))
  Logic Levels:           1  (IBUF=1)
  Input Delay:            8.000ns
  Clock Path Skew:        5.325ns (DCD - SCD - CPR)
    Destination Clock Delay (DCD):    5.325ns
    Source Clock Delay      (SCD):    0.000ns
    Clock Pessimism Removal (CPR):    -0.000ns

    Location             Delay type                Incr(ns)  Path(ns)    Netlist Resource(s)
  -------------------------------------------------------------------    -------------------
                         (clock clk_pin rise edge)    0.000     0.000 r  
                         input delay                  8.000     8.000    
    N17                                               0.000     8.000 f  rst (IN)
                         net (fo=0)                   0.000     8.000    rst
    N17                  IBUF (Prop_ibuf_I_O)         1.406     9.406 f  rst_IBUF_inst/O
                         net (fo=1586, routed)        1.617    11.023    seg7_display/AR[0]
    SLICE_X0Y61          FDCE                                         f  seg7_display/cnt_reg[10]/CLR
  -------------------------------------------------------------------    -------------------

                         (clock clk_pin rise edge)    0.000     0.000 r  
    E3                                                0.000     0.000 r  clk (IN)
                         net (fo=0)                   0.000     0.000    clk
    E3                   IBUF (Prop_ibuf_I_O)         1.482     1.482 r  clk_IBUF_inst/O
                         net (fo=1, routed)           2.025     3.506    clk_IBUF
    BUFGCTRL_X0Y16       BUFG (Prop_bufg_I_O)         0.096     3.602 r  clk_IBUF_BUFG_inst/O
                         net (fo=87, routed)          1.722     5.325    seg7_display/clk_IBUF_BUFG
    SLICE_X0Y61          FDCE                                         r  seg7_display/cnt_reg[10]/C
                         clock pessimism              0.000     5.325    
    SLICE_X0Y61          FDCE (Remov_fdce_C_CLR)     -0.208     5.117    seg7_display/cnt_reg[10]
  -------------------------------------------------------------------
                         required time                         -5.117    
                         arrival time                          11.023    
  -------------------------------------------------------------------
                         slack                                  5.906    

Slack (MET) :             5.906ns  (arrival time - required time)
  Source:                 rst
                            (input port clocked by clk_pin  {rise@0.000ns fall@6.000ns period=12.000ns})
  Destination:            seg7_display/cnt_reg[11]/CLR
                            (removal check against rising-edge clock clk_pin  {rise@0.000ns fall@6.000ns period=12.000ns})
  Path Group:             **async_default**
  Path Type:              Removal (Min at Slow Process Corner)
  Requirement:            0.000ns  (clk_pin rise@0.000ns - clk_pin rise@0.000ns)
  Data Path Delay:        3.023ns  (logic 1.406ns (46.512%)  route 1.617ns (53.488%))
  Logic Levels:           1  (IBUF=1)
  Input Delay:            8.000ns
  Clock Path Skew:        5.325ns (DCD - SCD - CPR)
    Destination Clock Delay (DCD):    5.325ns
    Source Clock Delay      (SCD):    0.000ns
    Clock Pessimism Removal (CPR):    -0.000ns

    Location             Delay type                Incr(ns)  Path(ns)    Netlist Resource(s)
  -------------------------------------------------------------------    -------------------
                         (clock clk_pin rise edge)    0.000     0.000 r  
                         input delay                  8.000     8.000    
    N17                                               0.000     8.000 f  rst (IN)
                         net (fo=0)                   0.000     8.000    rst
    N17                  IBUF (Prop_ibuf_I_O)         1.406     9.406 f  rst_IBUF_inst/O
                         net (fo=1586, routed)        1.617    11.023    seg7_display/AR[0]
    SLICE_X0Y61          FDCE                                         f  seg7_display/cnt_reg[11]/CLR
  -------------------------------------------------------------------    -------------------

                         (clock clk_pin rise edge)    0.000     0.000 r  
    E3                                                0.000     0.000 r  clk (IN)
                         net (fo=0)                   0.000     0.000    clk
    E3                   IBUF (Prop_ibuf_I_O)         1.482     1.482 r  clk_IBUF_inst/O
                         net (fo=1, routed)           2.025     3.506    clk_IBUF
    BUFGCTRL_X0Y16       BUFG (Prop_bufg_I_O)         0.096     3.602 r  clk_IBUF_BUFG_inst/O
                         net (fo=87, routed)          1.722     5.325    seg7_display/clk_IBUF_BUFG
    SLICE_X0Y61          FDCE                                         r  seg7_display/cnt_reg[11]/C
                         clock pessimism              0.000     5.325    
    SLICE_X0Y61          FDCE (Remov_fdce_C_CLR)     -0.208     5.117    seg7_display/cnt_reg[11]
  -------------------------------------------------------------------
                         required time                         -5.117    
                         arrival time                          11.023    
  -------------------------------------------------------------------
                         slack                                  5.906    

Slack (MET) :             5.906ns  (arrival time - required time)
  Source:                 rst
                            (input port clocked by clk_pin  {rise@0.000ns fall@6.000ns period=12.000ns})
  Destination:            seg7_display/cnt_reg[8]/CLR
                            (removal check against rising-edge clock clk_pin  {rise@0.000ns fall@6.000ns period=12.000ns})
  Path Group:             **async_default**
  Path Type:              Removal (Min at Slow Process Corner)
  Requirement:            0.000ns  (clk_pin rise@0.000ns - clk_pin rise@0.000ns)
  Data Path Delay:        3.023ns  (logic 1.406ns (46.512%)  route 1.617ns (53.488%))
  Logic Levels:           1  (IBUF=1)
  Input Delay:            8.000ns
  Clock Path Skew:        5.325ns (DCD - SCD - CPR)
    Destination Clock Delay (DCD):    5.325ns
    Source Clock Delay      (SCD):    0.000ns
    Clock Pessimism Removal (CPR):    -0.000ns

    Location             Delay type                Incr(ns)  Path(ns)    Netlist Resource(s)
  -------------------------------------------------------------------    -------------------
                         (clock clk_pin rise edge)    0.000     0.000 r  
                         input delay                  8.000     8.000    
    N17                                               0.000     8.000 f  rst (IN)
                         net (fo=0)                   0.000     8.000    rst
    N17                  IBUF (Prop_ibuf_I_O)         1.406     9.406 f  rst_IBUF_inst/O
                         net (fo=1586, routed)        1.617    11.023    seg7_display/AR[0]
    SLICE_X0Y61          FDCE                                         f  seg7_display/cnt_reg[8]/CLR
  -------------------------------------------------------------------    -------------------

                         (clock clk_pin rise edge)    0.000     0.000 r  
    E3                                                0.000     0.000 r  clk (IN)
                         net (fo=0)                   0.000     0.000    clk
    E3                   IBUF (Prop_ibuf_I_O)         1.482     1.482 r  clk_IBUF_inst/O
                         net (fo=1, routed)           2.025     3.506    clk_IBUF
    BUFGCTRL_X0Y16       BUFG (Prop_bufg_I_O)         0.096     3.602 r  clk_IBUF_BUFG_inst/O
                         net (fo=87, routed)          1.722     5.325    seg7_display/clk_IBUF_BUFG
    SLICE_X0Y61          FDCE                                         r  seg7_display/cnt_reg[8]/C
                         clock pessimism              0.000     5.325    
    SLICE_X0Y61          FDCE (Remov_fdce_C_CLR)     -0.208     5.117    seg7_display/cnt_reg[8]
  -------------------------------------------------------------------
                         required time                         -5.117    
                         arrival time                          11.023    
  -------------------------------------------------------------------
                         slack                                  5.906    

Slack (MET) :             5.906ns  (arrival time - required time)
  Source:                 rst
                            (input port clocked by clk_pin  {rise@0.000ns fall@6.000ns period=12.000ns})
  Destination:            seg7_display/cnt_reg[9]/CLR
                            (removal check against rising-edge clock clk_pin  {rise@0.000ns fall@6.000ns period=12.000ns})
  Path Group:             **async_default**
  Path Type:              Removal (Min at Slow Process Corner)
  Requirement:            0.000ns  (clk_pin rise@0.000ns - clk_pin rise@0.000ns)
  Data Path Delay:        3.023ns  (logic 1.406ns (46.512%)  route 1.617ns (53.488%))
  Logic Levels:           1  (IBUF=1)
  Input Delay:            8.000ns
  Clock Path Skew:        5.325ns (DCD - SCD - CPR)
    Destination Clock Delay (DCD):    5.325ns
    Source Clock Delay      (SCD):    0.000ns
    Clock Pessimism Removal (CPR):    -0.000ns

    Location             Delay type                Incr(ns)  Path(ns)    Netlist Resource(s)
  -------------------------------------------------------------------    -------------------
                         (clock clk_pin rise edge)    0.000     0.000 r  
                         input delay                  8.000     8.000    
    N17                                               0.000     8.000 f  rst (IN)
                         net (fo=0)                   0.000     8.000    rst
    N17                  IBUF (Prop_ibuf_I_O)         1.406     9.406 f  rst_IBUF_inst/O
                         net (fo=1586, routed)        1.617    11.023    seg7_display/AR[0]
    SLICE_X0Y61          FDCE                                         f  seg7_display/cnt_reg[9]/CLR
  -------------------------------------------------------------------    -------------------

                         (clock clk_pin rise edge)    0.000     0.000 r  
    E3                                                0.000     0.000 r  clk (IN)
                         net (fo=0)                   0.000     0.000    clk
    E3                   IBUF (Prop_ibuf_I_O)         1.482     1.482 r  clk_IBUF_inst/O
                         net (fo=1, routed)           2.025     3.506    clk_IBUF
    BUFGCTRL_X0Y16       BUFG (Prop_bufg_I_O)         0.096     3.602 r  clk_IBUF_BUFG_inst/O
                         net (fo=87, routed)          1.722     5.325    seg7_display/clk_IBUF_BUFG
    SLICE_X0Y61          FDCE                                         r  seg7_display/cnt_reg[9]/C
                         clock pessimism              0.000     5.325    
    SLICE_X0Y61          FDCE (Remov_fdce_C_CLR)     -0.208     5.117    seg7_display/cnt_reg[9]
  -------------------------------------------------------------------
                         required time                         -5.117    
                         arrival time                          11.023    
  -------------------------------------------------------------------
                         slack                                  5.906    

Slack (MET) :             5.921ns  (arrival time - required time)
  Source:                 rst
                            (input port clocked by clk_pin  {rise@0.000ns fall@6.000ns period=12.000ns})
  Destination:            seg7_display/o_seg_r_reg[0]/PRE
                            (removal check against rising-edge clock clk_pin  {rise@0.000ns fall@6.000ns period=12.000ns})
  Path Group:             **async_default**
  Path Type:              Removal (Min at Slow Process Corner)
  Requirement:            0.000ns  (clk_pin rise@0.000ns - clk_pin rise@0.000ns)
  Data Path Delay:        3.035ns  (logic 1.406ns (46.322%)  route 1.629ns (53.678%))
  Logic Levels:           1  (IBUF=1)
  Input Delay:            8.000ns
  Clock Path Skew:        5.323ns (DCD - SCD - CPR)
    Destination Clock Delay (DCD):    5.323ns
    Source Clock Delay      (SCD):    0.000ns
    Clock Pessimism Removal (CPR):    -0.000ns

    Location             Delay type                Incr(ns)  Path(ns)    Netlist Resource(s)
  -------------------------------------------------------------------    -------------------
                         (clock clk_pin rise edge)    0.000     0.000 r  
                         input delay                  8.000     8.000    
    N17                                               0.000     8.000 f  rst (IN)
                         net (fo=0)                   0.000     8.000    rst
    N17                  IBUF (Prop_ibuf_I_O)         1.406     9.406 f  rst_IBUF_inst/O
                         net (fo=1586, routed)        1.629    11.035    seg7_display/AR[0]
    SLICE_X0Y63          FDPE                                         f  seg7_display/o_seg_r_reg[0]/PRE
  -------------------------------------------------------------------    -------------------

                         (clock clk_pin rise edge)    0.000     0.000 r  
    E3                                                0.000     0.000 r  clk (IN)
                         net (fo=0)                   0.000     0.000    clk
    E3                   IBUF (Prop_ibuf_I_O)         1.482     1.482 r  clk_IBUF_inst/O
                         net (fo=1, routed)           2.025     3.506    clk_IBUF
    BUFGCTRL_X0Y16       BUFG (Prop_bufg_I_O)         0.096     3.602 r  clk_IBUF_BUFG_inst/O
                         net (fo=87, routed)          1.720     5.323    seg7_display/clk_IBUF_BUFG
    SLICE_X0Y63          FDPE                                         r  seg7_display/o_seg_r_reg[0]/C
                         clock pessimism              0.000     5.323    
    SLICE_X0Y63          FDPE (Remov_fdpe_C_PRE)     -0.208     5.115    seg7_display/o_seg_r_reg[0]
  -------------------------------------------------------------------
                         required time                         -5.115    
                         arrival time                          11.035    
  -------------------------------------------------------------------
                         slack                                  5.921    





