Date,MSFT,ORCL,SBUX,EA,ADBE
2010-01-04,23.13005256652832,20.069944381713867,8.607037544250488,17.64713478088379,37.09000015258789
2010-01-05,23.137529373168945,20.045717239379883,8.808676719665527,18.143001556396484,37.70000076293945
2010-01-06,22.995534896850586,19.754968643188477,8.745196342468262,17.676300048828125,37.619998931884766
2010-01-07,22.756385803222656,19.69035530090332,8.722794532775879,17.54018211364746,36.88999938964844
2010-01-08,22.913328170776367,19.93264389038086,8.692917823791504,17.890207290649414,36.689998626708984
2010-01-11,22.62186622619629,19.940732955932617,8.666781425476074,17.76380729675293,36.209999084472656
2010-01-12,22.472402572631836,19.835729598999023,8.521150588989258,16.383155822753906,35.65999984741211
2010-01-13,22.681659698486328,20.029565811157227,8.730260848999023,16.694290161132812,36.279998779296875
2010-01-14,23.137529373168945,20.507038116455078,8.793739318847656,16.70401382446289,35.900001525878906
2010-01-15,23.062795639038086,20.426101684570312,8.689186096191406,16.558162689208984,35.869998931884766
2010-01-19,23.242151260375977,20.49894905090332,8.804943084716797,16.694290161132812,36.95000076293945
2010-01-20,22.861019134521484,20.280441284179688,8.69665813446045,16.73317527770996,36.4900016784668
2010-01-21,22.427562713623047,20.094308853149414,8.842278480529785,16.898469924926758,35.81999969482422
2010-01-22,21.642854690551758,19.543994903564453,8.55475902557373,16.305370330810547,34.380001068115234
2010-01-25,21.911897659301758,19.446895599365234,8.364319801330566,16.363706588745117,34.15999984741211
2010-01-26,22.046417236328125,19.32549285888672,8.41659927368164,16.276195526123047,33.939998626708984
2010-01-27,22.1734676361084,19.309309005737305,8.368054389953613,16.6553897857666,33.13999938964844
2010-01-28,21.79232406616211,18.993688583374023,8.244831085205078,16.305370330810547,32.88999938964844
2010-01-29,21.059934616088867,18.661882400512695,8.136539459228516,15.828946113586426,32.29999923706055
2010-02-01,21.231821060180664,18.791372299194336,8.3008394241333,16.276195526123047,32.47999954223633
2010-02-02,21.269187927246094,19.228391647338867,8.38299560546875,16.59705924987793,32.97999954223633
2010-02-03,21.396236419677734,19.22028160095215,8.375526428222656,16.791515350341797,32.97999954223633
2010-02-04,20.805845260620117,18.702356338500977,8.144011497497559,16.509552001953125,32.2400016784668
2010-02-05,20.940359115600586,19.058429718017578,8.102932929992676,16.781789779663086,32.77000045776367
2010-02-08,20.71615982055664,18.710433959960938,8.181350708007812,17.005422592163086,32.04999923706055
2010-02-09,20.93288230895996,19.02606964111328,8.285906791687012,15.51780891418457,32.310001373291016
2010-02-10,20.91794204711914,18.702356338500977,8.353119850158691,15.498363494873047,32.7599983215332
2010-02-11,21.015085220336914,18.896581649780273,8.424065589904785,15.673378944396973,32.63999938964844
2010-02-12,20.87310028076172,18.94513702392578,8.439002990722656,15.615039825439453,31.450000762939453
2010-02-16,21.286056518554688,19.268850326538086,8.543560028076172,15.858113288879395,31.809999465942383
2010-02-17,21.466257095336914,19.568288803100586,8.644373893737793,16.169248580932617,32.33000183105469
2010-02-18,21.751569747924805,19.843433380126953,8.68545150756836,16.130355834960938,33.2400016784668
2010-02-19,21.601408004760742,19.68157196044922,8.722794532775879,16.28592300415039,33.880001068115234
2010-02-22,21.571369171142578,20.078123092651367,8.551024436950684,16.130355834960938,33.70000076293945
2010-02-23,21.27103614807129,19.81106185913086,8.468875885009766,15.858113288879395,33.439998626708984
2010-02-24,21.496292114257812,20.045753479003906,8.618236541748047,16.06229019165039,34.54999923706055
2010-02-25,21.4737606048584,20.126678466796875,8.551024436950684,16.10118865966797,34.560001373291016
2010-02-26,21.526323318481445,19.948637008666992,8.55475902557373,16.120630264282227,34.650001525878906
2010-03-01,21.78911018371582,20.021474838256836,8.69665813446045,16.402597427368164,34.88999938964844
2010-03-02,21.36864471435547,19.891992568969727,8.711588859558105,16.276195526123047,34.7400016784668
2010-03-03,21.36864471435547,19.82724952697754,8.61076545715332,16.34425926208496,34.81999969482422
2010-03-04,21.496292114257812,20.037649154663086,8.558496475219727,16.35398292541504,34.939998626708984
2010-03-05,21.466257095336914,20.19141387939453,8.726529121398926,16.645671844482422,35.15999984741211
2010-03-08,21.496292114257812,19.98909568786621,8.707853317260742,16.80124282836914,35.060001373291016
2010-03-09,21.62392807006836,20.13477325439453,8.819881439208984,17.09292984008789,35.119998931884766
2010-03-10,21.751569747924805,20.126678466796875,9.047656059265137,17.39434051513672,35.150001525878906
2010-03-11,21.90924072265625,20.345182418823242,9.062590599060059,17.40406036376953,35.220001220703125
2010-03-12,21.976821899414062,20.272350311279297,9.066324234008789,17.27766227722168,35.15999984741211
2010-03-15,21.99183464050293,20.458477020263672,9.118603706359863,17.374897003173828,35.4900016784668
2010-03-16,22.051902770996094,20.40182876586914,9.443467140197754,17.423507690429688,35.02000045776367
2010-03-17,22.247121810913086,20.612245559692383,9.544290542602539,17.637405395507812,35.4900016784668
2010-03-18,22.232099533081055,20.539405822753906,9.342650413513184,18.016603469848633,35.75
2010-03-19,22.217086791992188,20.385650634765625,9.32397747039795,17.909656524658203,34.66999816894531
2010-03-22,22.224594116210938,20.685075759887695,9.424798965454102,18.045774459838867,34.95000076293945
2010-03-23,22.43482780456543,21.03307342529297,9.488276481628418,18.00688362121582,35.220001220703125
2010-03-24,22.26213836669922,20.846935272216797,9.443467140197754,18.016603469848633,36.5099983215332
2010-03-25,22.53244400024414,21.073530197143555,9.04018497467041,18.045774459838867,35.869998931884766
2010-03-26,22.269643783569336,20.790283203125,9.182080268859863,18.327739715576172,35.5099983215332
2010-03-29,22.217086791992188,20.693172454833984,9.18954849243164,18.16244888305664,35.7400016784668
2010-03-30,22.352243423461914,20.668893814086914,9.170884132385254,18.269399642944336,35.68000030517578
2010-03-31,21.99183464050293,20.806467056274414,9.062590599060059,18.143001556396484,35.369998931884766
2010-04-01,21.894224166870117,20.604150772094727,9.0513916015625,18.318017959594727,35.7400016784668
2010-04-05,21.976821899414062,20.701265335083008,9.227616310119629,18.57080841064453,35.9900016784668
2010-04-06,22.01436424255371,20.903583526611328,9.223868370056152,18.580537796020508,35.70000076293945
2010-04-07,22.036882400512695,20.96832275390625,9.340106964111328,18.648595809936523,35.060001373291016
2010-04-08,22.464860916137695,20.903583526611328,9.310108184814453,18.658321380615234,34.939998626708984
2010-04-09,22.78021240234375,21.1463680267334,9.268863677978516,18.823610305786133,35.470001220703125
2010-04-12,22.765195846557617,21.243667602539062,9.182621955871582,18.86250114440918,35.02000045776367
2010-04-13,22.862802505493164,21.36528778076172,9.272612571716309,18.784717559814453,34.75
2010-04-14,23.140600204467773,21.389612197875977,9.313858985900879,19.193078994750977,35.02000045776367
2010-04-15,23.178152084350586,21.243667602539062,9.422597885131836,18.911117553710938,34.38999938964844
2010-04-16,23.027976989746094,21.040956497192383,9.358855247497559,19.02779197692871,34.0
2010-04-19,23.305795669555664,21.23555564880371,9.33635425567627,19.163909912109375,33.81999969482422
2010-04-20,23.546052932739258,21.2031192779541,9.471341133117676,19.41670799255371,34.93000030517578
2010-04-21,23.52353286743164,21.316638946533203,9.52008056640625,19.202802658081055,34.91999816894531
2010-04-22,23.568571090698242,21.276098251342773,10.217495918273926,19.29030990600586,35.970001220703125
2010-04-23,23.245723724365234,21.47069549560547,10.221247673034668,19.41670799255371,36.25
2010-04-26,23.358346939086914,21.462587356567383,10.269989013671875,19.348648071289062,36.150001525878906
2010-04-27,23.163131713867188,21.065277099609375,9.947529792785645,19.222248077392578,35.34000015258789
2010-04-28,23.208181381225586,20.967979431152344,9.831293106079102,19.086130142211914,35.470001220703125
2010-04-29,23.2757568359375,21.057174682617188,9.973777770996094,19.25141716003418,34.959999084472656
2010-04-30,22.930368423461914,20.97609519958496,9.741307258605957,18.833337783813477,33.599998474121094
2010-05-03,23.17064094543457,21.08960723876953,10.191250801086426,19.17363739013672,33.59000015258789
2010-05-04,22.622529983520508,20.24635124206543,9.760051727294922,18.541645050048828,33.13999938964844
2010-05-05,22.41230010986328,20.222026824951172,9.831293106079102,18.765274047851562,32.959999084472656
2010-05-06,21.759078979492188,19.386871337890625,9.602570533752441,17.676300048828125,32.4900016784668
2010-05-07,21.180932998657227,18.981454849243164,9.542582511901855,17.141542434692383,32.41999816894531
2010-05-10,21.72904396057129,19.776065826416016,10.138757705688477,17.734636306762695,34.279998779296875
2010-05-11,21.683988571166992,19.613901138305664,10.011271476745605,18.279123306274414,33.79999923706055
2010-05-12,22.10445785522461,19.946338653564453,10.442469596862793,17.219322204589844,34.79999923706055
2010-05-13,21.95429039001465,19.654447555541992,10.288735389709473,17.588794708251953,34.40999984741211
2010-05-14,21.721540451049805,19.281455993652344,9.940032005310059,16.937362670898438,33.720001220703125
2010-05-17,21.72904396057129,19.249025344848633,10.090012550354004,17.2679386138916,33.810001373291016
2010-05-18,21.57065773010254,18.99767303466797,9.966276168823242,17.054035186767578,33.279998779296875
2010-05-19,21.299144744873047,18.803075790405273,9.820045471191406,16.645671844482422,32.880001068115234
2010-05-20,20.446880340576172,18.121980667114258,9.411344528198242,15.916452407836914,31.739999771118164
2010-05-21,20.24323081970215,17.967924118041992,9.482587814331055,16.237306594848633,32.18000030517578
2010-05-24,19.813329696655273,18.065227508544922,9.400097846984863,15.828946113586426,31.6299991607666
2010-05-25,19.662485122680664,18.00035858154297,9.343856811523438,15.790053367614746,31.549999237060547
2010-05-26,18.86301612854004,17.765222549438477,9.26511287689209,15.809497833251953,30.940000534057617
2010-05-27,19.609695434570312,18.308467864990234,9.756304740905762,16.256757736206055,32.20000076293945
2010-05-28,19.45884895324707,18.300363540649414,9.707555770874023,16.052574157714844,32.08000183105469
2010-06-01,19.5267276763916,18.00035858154297,9.636319160461426,15.644208908081055,32.130001068115234
2010-06-02,19.95663070678711,18.35712242126465,9.966276168823242,15.916452407836914,32.939998626708984
2010-06-03,20.258317947387695,18.5192813873291,10.071266174316406,16.266475677490234,32.900001525878906
2010-06-04,19.4512996673584,17.943592071533203,9.805048942565918,15.371968269348145,31.59000015258789
2010-06-07,19.074193954467773,17.59494400024414,9.576327323913574,14.93443489074707,31.059999465942383
2010-06-08,18.938434600830078,17.643596649169922,9.69256591796875,15.060830116271973,31.0
2010-06-09,18.697092056274414,17.465211868286133,9.865038871765137,14.788591384887695,30.729999542236328
2010-06-10,18.855466842651367,18.00035858154297,10.11625862121582,15.478919982910156,31.719999313354492
2010-06-11,19.353248596191406,18.397655487060547,10.180001258850098,15.867840766906738,31.729999542236328
2010-06-14,19.232582092285156,18.397655487060547,10.296236991882324,15.90672779083252,31.700000762939453
2010-06-15,20.047138214111328,18.811185836791992,10.472464561462402,15.858113288879395,32.5099983215332
2010-06-16,19.851043701171875,18.794971466064453,10.494963645935059,15.566425323486328,32.439998626708984
2010-06-17,19.888748168945312,18.70577621459961,10.491212844848633,15.721993446350098,33.119998931884766
2010-06-18,19.941553115844727,18.811185836791992,10.532459259033203,15.585871696472168,33.52000045776367
2010-06-21,19.57198715209961,18.72199249267578,10.506210327148438,15.342796325683594,33.130001068115234
2010-06-22,19.43622589111328,18.55982780456543,10.210000038146973,14.89554214477539,32.7599983215332
2010-06-23,19.089279174804688,18.38955307006836,10.243742942810059,14.866372108459473,30.3799991607666
2010-06-24,18.855466842651367,18.016572952270508,10.000022888183594,14.623298645019531,30.260000228881836
2010-06-25,18.500988006591797,18.373336791992188,10.052515983581543,14.720528602600098,29.850000381469727
2010-06-28,18.33506202697754,18.203065872192383,9.895037651062012,14.671914100646973,28.719999313354492
2010-06-29,17.580835342407227,17.635482788085938,9.37759780883789,14.24410343170166,26.899999618530273
2010-06-30,17.354581832885742,17.400344848632812,9.1113862991333,14.001029968261719,26.43000030517578
2010-07-01,17.467714309692383,17.473318099975586,9.246368408203125,13.932971000671387,26.65999984741211
2010-07-02,17.55068016052246,17.70034408569336,9.130130767822266,14.195490837097168,26.729999542236328
2010-07-06,17.965492248535156,18.097652435302734,8.852667808532715,14.03019905090332,26.34000015258789
2010-07-07,18.3275146484375,18.72199249267578,9.148876190185547,14.53579330444336,26.790000915527344
2010-07-08,18.41048240661621,18.827394485473633,9.313858985900879,14.351059913635254,26.850000381469727
2010-07-09,18.304895401000977,18.94902801513672,9.486336708068848,14.428839683532715,27.200000762939453
2010-07-12,18.72725486755371,18.99777603149414,9.475090980529785,14.399672508239746,27.09000015258789
2010-07-13,18.953516006469727,19.265928268432617,9.72630786895752,14.720528602600098,28.110000610351562
2010-07-14,19.187328338623047,19.45281219482422,9.748805046081543,14.953878402709961,28.030000686645508
2010-07-15,19.24012565612793,19.363431930541992,9.797547340393066,15.060830116271973,28.219999313354492
2010-07-16,18.772506713867188,18.908401489257812,9.505085945129395,14.380228042602539,27.389999389648438
2010-07-19,19.028942108154297,19.168415069580078,9.557579040527344,14.671914100646973,27.670000076293945
2010-07-20,19.217496871948242,19.436567306518555,9.662567138671875,14.93443489074707,27.8700008392334
2010-07-21,18.94597625732422,19.144039154052734,9.437589645385742,14.45801067352295,27.670000076293945
2010-07-22,19.489013671875,19.753459930419922,9.430093765258789,15.158061027526855,28.579999923706055
2010-07-23,19.466384887695312,19.907852172851562,9.51633358001709,15.440028190612793,29.229999542236328
2010-07-26,19.685117721557617,20.0216064453125,9.52008056640625,15.935896873474121,29.170000076293945
2010-07-27,19.730365753173828,19.964733123779297,9.441343307495117,16.06229019165039,29.219999313354492
2010-07-28,19.57198715209961,19.729089736938477,9.370100975036621,15.712270736694336,28.690000534057617
2010-07-29,19.6323184967041,19.25779914855957,9.30635929107666,15.566425323486328,28.700000762939453
2010-07-30,19.466384887695312,19.20905113220215,9.317607879638672,15.488643646240234,28.719999313354492
2010-08-02,19.85858726501465,19.737215042114258,9.302532196044922,16.04285430908203,29.600000381469727
2010-08-03,19.730365753173828,19.67220115661621,9.317606925964355,15.73171615600586,29.1200008392334
2010-08-04,19.406047821044922,19.89972496032715,9.49099349975586,16.898469924926758,29.700000762939453
2010-08-05,19.134532928466797,19.737215042114258,9.49099349975586,16.75262451171875,29.440000534057617
2010-08-06,19.270278930664062,19.810338973999023,9.547533988952637,16.59705924987793,29.229999542236328
2010-08-09,19.31553840637207,19.71283721923828,9.671919822692871,16.674837112426758,29.520000457763672
2010-08-10,18.90826416015625,19.737215042114258,9.573918342590332,16.247026443481445,29.170000076293945
2010-08-11,18.7498836517334,19.225297927856445,9.294989585876465,15.634486198425293,28.25
2010-08-12,18.470823287963867,18.64025115966797,9.21960735321045,15.32335090637207,28.079999923706055
2010-08-13,18.4029483795166,18.412731170654297,9.042448043823242,15.235844612121582,28.010000228881836
2010-08-16,18.478368759155273,18.461477279663086,8.978372573852539,15.605317115783691,27.360000610351562
2010-08-17,18.736164093017578,18.729633331298828,9.15929889678955,15.702546119689941,27.959999084472656
2010-08-18,18.819576263427734,18.76213264465332,9.234687805175781,15.877556800842285,28.100000381469727
2010-08-19,18.531442642211914,18.689002990722656,9.061297416687012,15.624762535095215,27.690000534057617
2010-08-20,18.372209548950195,18.70525550842285,9.065068244934082,15.352518081665039,27.920000076293945
2010-08-23,18.410120010375977,18.558990478515625,8.9256010055542,15.031662940979004,27.81999969482422
2010-08-24,18.2281436920166,18.20958709716797,8.601449012756348,14.613576889038086,27.93000030517578
2010-08-25,18.273639678955078,18.217716217041016,8.804990768432617,14.876094818115234,27.479999542236328
2010-08-26,18.061325073242188,18.07958221435547,8.771066665649414,14.846928596496582,27.3799991607666
2010-08-27,18.144739151000977,18.29084587097168,8.846449851989746,15.119170188903809,27.979999542236328
2010-08-30,17.92484474182129,17.89269256591797,8.83137321472168,14.856651306152344,27.790000915527344
2010-08-31,17.795944213867188,17.746429443359375,8.661752700805664,14.808036804199219,27.700000762939453
2010-09-01,18.12198257446289,18.380226135253906,8.9256010055542,15.663653373718262,28.850000381469727
2010-09-02,18.152311325073242,18.26647186279297,9.294989585876465,15.90672779083252,29.420000076293945
2010-09-03,18.417709350585938,18.62400245666504,9.449532508850098,16.00395393371582,29.489999771118164
2010-09-07,18.167482376098633,19.71283721923828,9.374144554138184,15.615039825439453,29.170000076293945
2010-09-08,18.144739151000977,19.615320205688477,9.34022331237793,15.799775123596191,29.309999465942383
2010-09-09,18.205400466918945,19.769712448120117,9.359070777893066,15.828946113586426,32.86000061035156
2010-09-10,18.084077835083008,20.354764938354492,9.573918342590332,15.790053367614746,32.20000076293945
2010-09-13,19.039461135864258,20.40351676940918,9.705840110778809,16.072011947631836,32.2400016784668
2010-09-14,18.978801727294922,20.622909545898438,9.717144966125488,16.247026443481445,32.470001220703125
2010-09-15,19.04703712463379,20.915435791015625,9.705840110778809,16.17896842956543,32.7599983215332
2010-09-16,19.20627784729004,20.606651306152344,9.698305130004883,15.926175117492676,32.849998474121094
2010-09-17,19.122861862182617,22.329294204711914,9.622916221618652,15.809497833251953,32.779998779296875
2010-09-20,19.282094955444336,22.337417602539062,9.905609130859375,15.897004127502441,33.11000061035156
2010-09-21,19.06978416442871,21.79300308227539,9.860381126403809,15.838666915893555,32.939998626708984
2010-09-22,18.660341262817383,22.101774215698242,9.773686408996582,15.702546119689941,26.670000076293945
2010-09-23,18.523860931396484,22.036779403686523,9.592765808105469,15.712270736694336,26.40999984741211
2010-09-24,18.78924560546875,21.90675926208496,9.84907054901123,16.00395393371582,26.8799991607666
2010-09-27,18.751327514648438,21.898635864257812,9.856613159179688,16.110910415649414,26.8799991607666
2010-09-28,18.71341896057129,22.093652725219727,9.852839469909668,16.091461181640625,26.280000686645508
2010-09-29,18.576929092407227,22.0773983001709,9.724688529968262,15.780325889587402,26.040000915527344
2010-09-30,18.569355010986328,21.81737518310547,9.630454063415527,15.994236946105957,26.149999618530273
2010-10-01,18.485942840576172,22.134281158447266,9.777458190917969,15.984515190124512,26.270000457763672
2010-10-04,18.129568099975586,21.89820671081543,9.6832275390625,16.49010467529297,25.600000381469727
2010-10-05,18.463191986083984,22.22382354736328,9.894307136535645,17.326276779174805,25.770000457763672
2010-10-06,18.523860931396484,22.45176887512207,9.837767601013184,16.92763900756836,25.729999542236328
2010-10-07,18.59968376159668,22.54131317138672,9.826457023620605,17.09292984008789,28.690000534057617
2010-10-08,18.6300106048584,22.793670654296875,9.826457023620605,17.160987854003906,26.989999771118164
2010-10-11,18.645177841186523,22.671566009521484,9.796305656433105,17.170705795288086,27.25
2010-10-12,18.8271484375,22.752965927124023,10.229768753051758,16.149803161621094,27.65999984741211
2010-10-13,19.213855743408203,23.2821044921875,10.274999618530273,16.29564666748047,27.709999084472656
2010-10-14,19.130447387695312,23.06230926513672,10.339073181152344,16.06229019165039,27.489999771118164
2010-10-15,19.36549949645996,23.52631950378418,10.380537033081055,15.51780891418457,28.079999923706055
2010-10-18,19.57781219482422,23.794967651367188,10.308923721313477,15.333078384399414,28.059999465942383
2010-10-19,19.031879425048828,23.71355628967285,10.207152366638184,15.148337364196777,27.579999923706055
2010-10-20,19.191112518310547,23.314672470092773,10.346614837646484,14.973325729370117,28.209999084472656
2010-10-21,19.27451515197754,23.46119499206543,10.286309242248535,15.138616561889648,27.700000762939453
2010-10-22,19.244186401367188,23.59958839416504,10.73861312866211,15.177507400512695,28.209999084472656
2010-10-25,19.100116729736328,23.47747230529785,10.700928688049316,15.187231063842773,28.200000762939453
2010-10-26,19.63846778869629,23.306520462036133,10.753695487976074,15.371968269348145,28.139999389648438
2010-10-27,19.752206802368164,23.36351203918457,10.651925086975098,15.352518081665039,28.170000076293945
2010-10-28,19.926605224609375,23.900789260864258,10.640618324279785,15.196952819824219,28.100000381469727
2010-10-29,20.22232437133789,23.917070388793945,10.765000343322754,15.391412734985352,28.149999618530273
2010-11-01,20.434635162353516,23.71355628967285,10.859236717224121,15.362245559692383,28.219999313354492
2010-11-02,20.768253326416016,24.0391788482666,10.885619163513184,15.751163482666016,29.020000457763672
2010-11-03,20.495288848876953,23.770544052124023,10.968542098999023,15.07055377960205,28.799999237060547
2010-11-04,20.57869529724121,23.99032974243164,11.213546752929688,15.410859107971191,29.459999084472656
2010-11-05,20.358806610107422,23.811246871948242,11.635702133178711,15.887280464172363,29.139999389648438
2010-11-08,20.328479766845703,23.640295028686523,11.545238494873047,16.072011947631836,29.290000915527344
2010-11-09,20.434635162353516,23.396072387695312,11.371857643127441,15.887280464172363,29.489999771118164
2010-11-10,20.427045822143555,23.35536766052246,11.484931945800781,15.73171615600586,29.790000915527344
2010-11-11,20.22990608215332,23.25768280029297,11.586701393127441,15.55670166015625,29.940000534057617
2010-11-12,19.919023513793945,23.054176330566406,11.379392623901367,15.391412734985352,29.540000915527344
2010-11-15,19.86594581604004,23.119291305541992,11.605548858642578,15.245569229125977,29.510000228881836
2010-11-16,19.69047737121582,22.45176887512207,11.29515552520752,14.963604927062988,29.020000457763672
2010-11-17,19.507381439208984,22.720407485961914,11.351937294006348,14.99277400970459,28.899999618530273
2010-11-18,19.713369369506836,23.046030044555664,11.575265884399414,15.10944652557373,28.68000030517578
2010-11-19,19.59893035888672,22.9157772064209,11.643401145935059,14.92470932006836,28.860000610351562
2010-11-22,19.629444122314453,22.83437156677246,11.685037612915039,14.983046531677246,29.18000030517578
2010-11-23,19.16407012939453,22.134279251098633,11.507131576538086,14.438565254211426,28.190000534057617
2010-11-24,19.354793548583984,22.582008361816406,11.915934562683105,14.564961433410645,28.399999618530273
2010-11-26,19.263254165649414,22.378496170043945,11.787238121032715,14.409398078918457,28.719999313354492
2010-11-29,19.30902862548828,22.158706665039062,11.654755592346191,14.594131469726562,28.360000610351562
2010-11-30,19.270889282226562,22.020309448242188,11.582839012145996,14.496902465820312,27.799999237060547
2010-12-01,19.865947723388672,22.508758544921875,11.999214172363281,14.63302230834961,28.3700008392334
2010-12-02,20.5144100189209,22.875076293945312,12.400449752807617,14.662192344665527,29.100000381469727
2010-12-03,20.613590240478516,23.45305633544922,12.385308265686035,14.759424209594727,29.139999389648438
2010-12-06,20.476261138916016,23.38792610168457,12.385308265686035,15.002493858337402,29.229999542236328
2010-12-07,20.4991512298584,23.6484317779541,12.408016204833984,15.080278396606445,29.020000457763672
2010-12-08,20.773805618286133,23.794967651367188,12.332315444946289,15.313629150390625,29.209999084472656
2010-12-09,20.659366607666016,23.819377899169922,12.264177322387695,15.313629150390625,28.600000381469727
2010-12-10,20.85772132873535,24.372941970825195,12.336095809936523,15.38169002532959,28.709999084472656
2010-12-13,20.78905487060547,24.76369285583496,12.108983993530273,15.32335090637207,27.809999465942383
2010-12-14,21.071327209472656,24.83695411682129,12.154406547546387,15.352518081665039,28.149999618530273
2010-12-15,21.24679946899414,24.8206787109375,12.063562393188477,15.274740219116211,27.719999313354492
2010-12-16,21.353601455688477,24.64158058166504,12.336095809936523,15.430304527282715,28.520000457763672
2010-12-17,21.28494644165039,25.61031150817871,12.411805152893066,15.469194412231445,28.790000915527344
2010-12-20,21.21628189086914,25.78127098083496,12.464799880981445,15.410859107971191,29.18000030517578
2010-12-21,21.414634704589844,25.85452651977539,12.438302993774414,15.488643646240234,30.93000030517578
2010-12-22,21.50618553161621,25.77311897277832,12.464799880981445,15.537256240844727,30.649999618530273
2010-12-23,21.5900936126709,25.675439834594727,12.351239204406738,15.498363494873047,30.850000381469727
2010-12-27,21.414634704589844,25.77311897277832,12.29067611694336,15.683096885681152,30.950000762939453
2010-12-28,21.368860244750977,25.699865341186523,12.260390281677246,15.702546119689941,30.920000076293945
2010-12-29,21.338342666625977,25.642868041992188,12.305816650390625,16.091461181640625,30.969999313354492
2010-12-30,21.24679946899414,25.471923828125,12.267964363098145,16.159523010253906,30.56999969482422
2010-12-31,21.292566299438477,25.48006820678711,12.161977767944336,15.926175117492676,30.780000686645508
2011-01-03,21.345977783203125,25.74056053161621,12.58592414855957,15.926175117492676,31.290000915527344
2011-01-04,21.429893493652344,25.626598358154297,12.29446029663086,15.926175117492676,31.510000228881836
2011-01-05,21.361221313476562,25.268407821655273,12.245251655578613,15.828946113586426,32.220001220703125
2011-01-06,21.986812591552734,25.374235153198242,12.097628593444824,15.780325889587402,32.27000045776367
2011-01-07,21.818971633911133,25.260272979736328,12.408016204833984,15.605317115783691,32.040000915527344
2011-01-10,21.529069900512695,25.268407821655273,12.4042329788208,15.566425323486328,32.959999084472656
2011-01-11,21.445146560668945,25.22770881652832,12.21118450164795,15.55670166015625,32.97999954223633
2011-01-12,21.780826568603516,25.187007904052734,12.1884765625,15.585871696472168,33.56999969482422
2011-01-13,21.50618553161621,25.382375717163086,12.267964363098145,15.595596313476562,33.380001068115234
2011-01-14,21.5900936126709,25.480226516723633,12.377735137939453,15.508087158203125,33.790000915527344
2011-01-18,21.86474609375,25.708515167236328,12.491296768188477,15.55670166015625,34.18000030517578
2011-01-19,21.71979522705078,25.765600204467773,12.495079040527344,15.40113639831543,33.90999984741211
2011-01-20,21.62824058532715,26.344512939453125,12.559425354003906,15.32335090637207,33.4900016784668
2011-01-21,21.376495361328125,26.50758171081543,12.566999435424805,14.710805892944336,33.27000045776367
2011-01-24,21.651134490966797,26.417898178100586,12.676773071289062,14.866372108459473,34.029998779296875
2011-01-25,21.704532623291016,26.328201293945312,12.73733901977539,14.953878402709961,33.560001373291016
2011-01-26,21.956289291381836,26.548357009887695,12.517790794372559,14.914989471435547,33.52000045776367
2011-01-27,22.024959564208984,26.841886520385742,12.502650260925293,14.662192344665527,33.849998474121094
2011-01-28,21.17050552368164,26.091747283935547,12.010565757751465,14.5844087600708,32.4900016784668
2011-01-31,21.155250549316406,26.1162109375,11.934864044189453,15.158061027526855,33.04999923706055
2011-02-01,21.353601455688477,27.102800369262695,12.207398414611816,15.187231063842773,33.5099983215332
2011-02-02,21.31545639038086,27.021268844604492,12.1884765625,17.588794708251953,33.43000030517578
2011-02-03,21.094213485717773,26.898967742919922,12.249037742614746,17.60824203491211,33.529998779296875
2011-02-04,21.18576431274414,26.597274780273438,12.332315444946289,17.72491455078125,33.36000061035156
2011-02-07,21.513809204101562,26.89080047607422,12.294305801391602,17.773530960083008,33.560001373291016
2011-02-08,21.574848175048828,26.931575775146484,12.586941719055176,17.792972564697266,33.56999969482422
2011-02-09,21.338342666625977,26.817419052124023,12.5375337600708,17.530458450317383,33.0099983215332
2011-02-10,20.97978401184082,27.119112014770508,12.602144241333008,17.69574737548828,33.56999969482422
2011-02-11,20.78905487060547,27.29033088684082,12.674351692199707,17.70547103881836,33.66999816894531
2011-02-14,20.773805618286133,27.14357566833496,12.761763572692871,17.890207290649414,33.86000061035156
2011-02-15,20.689380645751953,26.71143341064453,12.6097412109375,18.016603469848633,33.939998626708984
2011-02-16,20.73542594909668,26.996807098388672,12.757959365844727,18.4055233001709,34.689998626708984
2011-02-17,20.88123321533203,26.91526985168457,12.731353759765625,18.823610305786133,34.97999954223633
2011-02-18,20.766124725341797,27.461570739746094,12.921379089355469,18.745826721191406,35.38999938964844
2011-02-22,20.405439376831055,26.523887634277344,12.453927040100098,18.347187042236328,33.7400016784668
2011-02-23,20.405439376831055,26.238515853881836,12.127093315124512,18.33746337890625,33.380001068115234
2011-02-24,20.5435733795166,26.29558563232422,12.127093315124512,18.279123306274414,33.45000076293945
2011-02-25,20.374744415283203,26.866344451904297,12.351313591003418,18.648595809936523,34.630001068115234
2011-02-28,20.397769927978516,26.825584411621094,12.533736228942871,18.279123306274414,34.5
2011-03-01,20.075450897216797,25.822675704956055,12.309510231018066,17.890207290649414,33.970001220703125
2011-03-02,20.014060974121094,26.189592361450195,12.24490737915039,18.191621780395508,34.47999954223633
2011-03-03,20.106151580810547,26.931575775146484,12.545135498046875,18.4346923828125,35.04999923706055
2011-03-04,19.91429901123047,26.71143341064453,12.586941719055176,18.269399642944336,35.27000045776367
2011-03-07,19.737794876098633,26.17327880859375,12.769360542297363,17.93882179260254,34.720001220703125
2011-03-08,19.883602142333984,26.695117950439453,12.925177574157715,18.230506896972656,35.290000915527344
2011-03-09,19.868261337280273,26.735883712768555,13.12660026550293,18.104110717773438,35.130001068115234
2011-03-10,19.499900817871094,25.928678512573242,14.430136680603027,18.016603469848633,34.86000061035156
2011-03-11,19.70709800720215,26.01836585998535,13.894283294677734,18.026329040527344,34.61000061035156
2011-03-14,19.714773178100586,25.757448196411133,13.578852653503418,18.084667205810547,34.08000183105469
2011-03-15,19.484548568725586,25.41499137878418,13.575044631958008,17.86104393005371,33.040000915527344
2011-03-16,19.024105072021484,24.62409019470215,13.301419258117676,17.70547103881836,32.09000015258789
2011-03-17,19.016429901123047,24.90945816040039,13.335624694824219,18.152727127075195,31.84000015258789
2011-03-18,19.031776428222656,25.080698013305664,13.286211967468262,18.07494354248047,31.989999771118164
2011-03-21,19.438505172729492,25.618831634521484,13.419232368469238,18.415246963500977,32.34000015258789
2011-03-22,19.415481567382812,25.382375717163086,13.282419204711914,18.298574447631836,32.880001068115234
2011-03-23,19.599658966064453,25.61067771911621,13.943679809570312,18.57080841064453,31.68000030517578
2011-03-24,19.80686378479004,26.20589828491211,14.281919479370117,19.29030990600586,32.59000015258789
2011-03-25,19.661052703857422,26.61357879638672,14.023494720458984,19.15418815612793,32.63999938964844
2011-03-28,19.499900817871094,26.548357009887695,14.015892028808594,19.163909912109375,32.43000030517578
2011-03-29,19.561290740966797,27.037567138671875,14.008295059204102,19.11530113220215,32.619998931884766
2011-03-30,19.653379440307617,26.947877883911133,13.955086708068848,19.134742736816406,32.95000076293945
2011-03-31,19.484548568725586,27.257728576660156,14.04249382019043,18.988901138305664,33.15999984741211
2011-04-01,19.553613662719727,27.738788604736328,14.156506538391113,19.183359146118164,34.15999984741211
2011-04-04,19.607332229614258,27.83662986755371,13.958893775939941,19.144466400146484,34.369998931884766
2011-04-05,19.78383445739746,27.657257080078125,13.83346939086914,19.47504997253418,34.18000030517578
2011-04-06,20.067779541015625,27.380027770996094,13.829676628112793,19.68895149230957,34.2400016784668
2011-04-07,20.106151580810547,27.494184494018555,13.643457412719727,19.68895149230957,34.47999954223633
2011-04-08,20.00638771057129,27.347415924072266,13.594053268432617,19.30975914001465,34.150001525878906
2011-04-11,19.93732261657715,27.592456817626953,13.487638473510742,19.30003547668457,34.380001068115234
2011-04-12,19.676395416259766,27.28207015991211,13.594053268432617,19.193078994750977,34.09000015258789
2011-04-13,19.66872215270996,27.527114868164062,13.60925006866455,19.33892250061035,34.209999084472656
2011-04-14,19.507564544677734,27.60879135131836,13.67005729675293,19.397258758544922,34.33000183105469
2011-04-15,19.469194412231445,27.91919708251953,13.825876235961914,19.572275161743164,34.5099983215332
2011-04-18,19.246652603149414,27.469932556152344,13.60925006866455,19.31947898864746,33.849998474121094
2011-04-19,19.300365447998047,27.50261116027832,13.742263793945312,19.436155319213867,33.650001525878906
2011-04-20,19.76848793029785,27.862009048461914,14.019697189331055,19.93202781677246,33.689998626708984
2011-04-21,19.584308624267578,28.38479995727539,14.061493873596191,19.84451675415039,33.47999954223633
2011-04-25,19.653379440307617,28.45012855529785,14.012097358703613,19.970918655395508,33.22999954223633
2011-04-26,20.098478317260742,28.564496994018555,13.909477233886719,19.669504165649414,33.130001068115234
2011-04-27,20.244285583496094,28.793197631835938,14.13370418548584,19.67922592163086,33.650001525878906
2011-04-28,20.497529983520508,28.825876235961914,14.015892028808594,19.922304153442383,34.02000045776367
2011-04-29,19.891279220581055,29.373153686523438,13.757468223571777,19.620891571044922,33.54999923706055
2011-05-02,19.69175148010254,29.708053588867188,13.9398832321167,19.737565994262695,33.54999923706055
2011-05-03,19.80686378479004,29.520170211791992,13.795469284057617,19.601442337036133,33.4900016784668
2011-05-04,19.998706817626953,28.793197631835938,13.898079872131348,19.368093490600586,33.220001220703125
2011-05-05,19.791521072387695,28.31943702697754,13.871476173400879,21.079330444335938,32.939998626708984
2011-05-06,19.852903366088867,28.482810974121094,13.882878303527832,21.147390365600586,33.400001525878906
2011-05-09,19.82221221923828,28.75235366821289,13.77608585357666,21.429359436035156,33.970001220703125
2011-05-10,19.699420928955078,29.095430374145508,13.818038940429688,22.12940788269043,34.75
2011-05-11,19.461528778076172,28.57265853881836,13.650226593017578,21.983564376831055,35.400001525878906
2011-05-12,19.430824279785156,29.185264587402344,13.901947021484375,22.24608039855957,35.86000061035156
2011-05-13,19.208274841308594,28.74418830871582,13.787528038024902,23.043365478515625,35.33000183105469
2011-05-16,18.855274200439453,27.91919708251953,13.409947395324707,22.469715118408203,34.38999938964844
2011-05-17,18.940231323242188,27.72315216064453,13.46334171295166,22.732227325439453,34.720001220703125
2011-05-18,19.071548461914062,27.698644638061523,13.962974548339844,23.06281089782715,34.869998931884766
2011-05-19,19.094728469848633,28.18058204650879,14.165117263793945,23.12114715576172,35.40999984741211
2011-05-20,18.917062759399414,27.992706298828125,13.962974548339844,22.985027313232422,35.310001373291016
2011-05-23,18.669885635375977,27.08601951599121,13.898138046264648,22.70306396484375,34.43000030517578
2011-05-24,18.654438018798828,26.98800277709961,13.840923309326172,22.547496795654297,34.13999938964844
2011-05-25,18.68533706665039,26.947174072265625,13.77608585357666,23.091978073120117,34.130001068115234
2011-05-26,19.056100845336914,27.28207015991211,13.898138046264648,22.91696548461914,34.540000915527344
2011-05-27,19.125629425048828,27.527114868164062,13.905759811401367,23.23781967163086,34.290000915527344
2011-05-31,19.318737030029297,27.951866149902344,14.031620979309082,23.733694076538086,34.630001068115234
2011-06-01,18.8707275390625,26.857324600219727,13.722694396972656,23.74341583251953,34.119998931884766
2011-06-02,18.708505630493164,26.726625442504883,13.699803352355957,23.568403244018555,34.2599983215332
2011-06-03,18.469051361083984,26.408056259155273,13.409947395324707,23.364221572875977,33.27000045776367
2011-06-06,18.546297073364258,26.293699264526367,13.631155014038086,23.140594482421875,32.84000015258789
2011-06-07,18.58491325378418,26.007816314697266,13.703624725341797,22.70306396484375,33.0099983215332
2011-06-08,18.492223739624023,25.5258846282959,13.631155014038086,22.090517044067383,32.2400016784668
2011-06-09,18.507667541503906,25.83627700805664,13.551066398620605,22.459989547729492,32.220001220703125
2011-06-10,18.314559936523438,25.468706130981445,13.39468765258789,22.178024291992188,31.670000076293945
2011-06-13,18.56947135925293,25.83627700805664,13.310782432556152,22.15858268737793,31.65999984741211
2011-06-14,18.708505630493164,26.203853607177734,13.451900482177734,22.557218551635742,32.09000015258789
2011-06-15,18.337739944458008,25.45237159729004,13.295522689819336,22.090517044067383,31.1299991607666
2011-06-16,18.538578033447266,25.158315658569336,13.402316093444824,21.798830032348633,30.799999237060547
2011-06-17,18.73940086364746,25.468706130981445,13.516735076904297,21.623815536499023,30.469999313354492
2011-06-20,18.9016170501709,26.06499481201172,13.665487289428711,21.740493774414062,30.950000762939453
2011-06-21,19.125629425048828,26.669452667236328,14.008745193481445,22.051624298095703,32.0099983215332
2011-06-22,19.04065704345703,26.3018741607666,14.218507766723633,21.91550636291504,30.010000228881836
2011-06-23,19.025203704833984,26.514251708984375,14.390137672424316,21.293235778808594,30.440000534057617
2011-06-24,18.770301818847656,25.43603515625,14.24520206451416,21.166839599609375,29.969999313354492
2011-06-27,19.465497970581055,25.795442581176758,14.489304542541504,21.10849952697754,30.889999389648438
2011-06-28,19.928956985473633,26.416229248046875,14.96986198425293,21.92522621154785,30.790000915527344
2011-06-29,19.78993034362793,26.489742279052734,15.03851318359375,22.95585823059082,31.149999618530273
2011-06-30,20.083459854125977,26.881820678710938,15.061400413513184,22.946136474609375,31.450000762939453
2011-07-01,20.09890365600586,26.996173858642578,15.328375816345215,23.519784927368164,31.530000686645508
2011-07-05,20.106624603271484,27.004352569580078,15.618242263793945,23.646188735961914,31.520000457763672
2011-07-06,20.338359832763672,27.126863479614258,15.416099548339844,23.675355911254883,31.649999618530273
2011-07-07,20.678226470947266,27.845678329467773,15.37795639038086,24.142053604125977,32.06999969482422
2011-07-08,20.79410171508789,27.72315216064453,15.389402389526367,24.355960845947266,31.540000915527344
2011-07-11,20.570083618164062,27.11763572692871,15.156746864318848,23.71424674987793,30.979999542236328
2011-07-12,20.500574111938477,26.675762176513672,15.091906547546387,23.500341415405273,30.350000381469727
2011-07-13,20.570083618164062,26.749404907226562,15.095725059509277,23.247549057006836,30.06999969482422
2011-07-14,20.446491241455078,26.225709915161133,14.924093246459961,22.85862922668457,29.350000381469727
2011-07-15,20.685958862304688,26.25844383239746,15.179633140563965,22.946136474609375,29.290000915527344
2011-07-18,20.5391902923584,25.767480850219727,15.027064323425293,22.95585823059082,28.770000457763672
2011-07-19,21.27301597595215,26.708486557006836,15.37795639038086,23.43228530883789,29.399999618530273
2011-07-20,20.902236938476562,26.250259399414062,15.19107723236084,23.34478187561035,29.15999984741211
2011-07-21,20.93314552307129,26.56938934326172,15.400842666625977,23.22810173034668,29.559999465942383
2011-07-22,21.265291213989258,26.63485336303711,15.389402389526367,23.266998291015625,29.719999313354492
2011-07-25,21.558815002441406,26.356630325317383,15.408474922180176,23.403114318847656,29.649999618530273
2011-07-26,21.69012451171875,26.307533264160156,15.324562072753906,23.150320053100586,29.6299991607666
2011-07-27,21.110801696777344,25.129222869873047,14.863073348999023,22.333589553833008,28.5
2011-07-28,21.41204833984375,25.09649085998535,15.248285293579102,21.934947967529297,28.020000457763672
2011-07-29,21.16486358642578,25.022842407226562,15.290243148803711,21.6335391998291,27.709999084472656
2011-08-01,21.064456939697266,24.63825798034668,15.179633140563965,21.34185028076172,27.670000076293945
2011-08-02,20.70140266418457,24.180017471313477,14.725768089294434,20.62234878540039,27.030000686645508
2011-08-03,20.79410171508789,24.70372200012207,14.981303215026855,20.748750686645508,27.3700008392334
2011-08-04,20.037105560302734,23.63178062438965,14.073577880859375,19.591724395751953,26.149999618530273
2011-08-05,19.836275100708008,23.198097229003906,14.004925727844238,19.44587516784668,25.6200008392334
2011-08-08,18.90934944152832,21.291507720947266,13.032729148864746,17.64713478088379,23.90999984741211
2011-08-09,19.7590274810791,22.584394454956055,13.794411659240723,18.084667205810547,24.809999465942383
2011-08-10,18.69306182861328,21.66791534423828,13.304485321044922,17.131818771362305,22.799999237060547
2011-08-11,19.457778930664062,22.666208267211914,14.203953742980957,18.619428634643555,24.0
2011-08-12,19.38825225830078,22.412548065185547,14.299641609191895,19.377819061279297,24.100000381469727
2011-08-15,19.704954147338867,22.61711883544922,14.705362319946289,19.698673248291016,24.649999618530273
2011-08-16,19.7049617767334,22.559839248657227,14.885258674621582,19.465328216552734,24.6299991607666
2011-08-17,19.627229690551758,22.478012084960938,14.812539100646973,19.35837173461914,24.559999465942383
2011-08-18,19.176380157470703,20.612346649169922,13.30066204071045,18.347187042236328,23.280000686645508
2011-08-19,18.69445037841797,20.276844024658203,13.434618949890137,18.774993896484375,22.690000534057617
2011-08-22,18.64002799987793,20.50596809387207,13.354241371154785,19.056961059570312,23.170000076293945
2011-08-23,19.215242385864258,21.438804626464844,14.058517456054688,19.74728775024414,23.780000686645508
2011-08-24,19.35516357421875,21.831575393676758,14.303473472595215,19.77645492553711,24.100000381469727
2011-08-25,19.09865379333496,21.193321228027344,13.939854621887207,19.834793090820312,23.8700008392334
2011-08-26,19.627229690551758,21.807024002075195,14.311129570007324,20.904319763183594,24.540000915527344
2011-08-29,20.085844039916992,22.838058471679688,14.563741683959961,21.662710189819336,25.520000457763672
2011-08-30,20.388992309570312,22.80531883239746,14.735981941223145,21.934947967529297,25.190000534057617
2011-08-31,20.676599502563477,22.968978881835938,14.78191089630127,21.95439910888672,25.239999771118164
2011-09-01,20.373449325561523,22.78076934814453,14.617332458496094,21.351573944091797,24.770000457763672
2011-09-02,20.054744720458984,22.068864822387695,14.349406242370605,21.380741119384766,24.149999618530273
2011-09-06,19.82932472229004,21.676105499267578,14.448918342590332,21.283512115478516,23.739999771118164
2011-09-07,20.210220336914062,22.608932495117188,14.996256828308105,21.92522621154785,25.299999237060547
2011-09-08,20.3812198638916,21.864309310913086,14.896738052368164,21.46824836730957,24.989999771118164
2011-09-09,20.00811004638672,21.275142669677734,14.280503273010254,20.768198013305664,24.639999389648438
2011-09-12,20.124711990356445,21.88884925842285,14.41064453125,21.458526611328125,25.200000762939453
2011-09-13,20.241300582885742,22.682579040527344,14.617332458496094,21.497417449951172,25.18000030517578
2011-09-14,20.598875045776367,23.034439086914062,14.755117416381836,22.051624298095703,25.760000228881836
2011-09-15,20.97975730895996,23.689056396484375,14.954158782958984,22.333589553833008,26.1200008392334
2011-09-16,21.080812454223633,23.918176651000977,15.003912925720215,22.372480392456055,25.520000457763672
2011-09-19,21.1507625579834,23.746334075927734,15.754110336303711,22.23636245727539,25.270000457763672
2011-09-20,20.971973419189453,23.198097229003906,15.723483085632324,22.275249481201172,24.639999389648438
2011-09-21,20.202438354492188,24.171838760375977,15.271839141845703,21.34185028076172,24.889999389648438
2011-09-22,19.479534149169922,23.18990707397461,14.778084754943848,20.1848201751709,24.309999465942383
2011-09-23,19.479534149169922,23.648141860961914,14.816363334655762,20.661239624023438,24.8799991607666
2011-09-26,19.774911880493164,24.310951232910156,15.114908218383789,21.157115936279297,25.1299991607666
2011-09-27,19.95369529724121,24.654619216918945,15.252697944641113,21.312685012817383,25.559999465942383
2011-09-28,19.883737564086914,24.098196029663086,15.091944694519043,20.427894592285156,25.110000610351562
2011-09-29,19.782686233520508,24.26185417175293,14.609675407409668,20.04869842529297,24.989999771118164
2011-09-30,19.347394943237305,23.5172119140625,14.272847175598145,19.883411407470703,24.170000076293945
2011-10-03,19.067564010620117,22.862598419189453,13.8556547164917,19.2125301361084,23.260000228881836
2011-10-04,19.697181701660156,23.476308822631836,14.257545471191406,19.708398818969727,24.040000915527344
2011-10-05,20.124711990356445,24.147294998168945,14.563741683959961,20.379281997680664,24.68000030517578
2011-10-06,20.474498748779297,24.605531692504883,14.735981941223145,21.934947967529297,25.329999923706055
2011-10-07,20.404541015625,24.52353286743164,15.026877403259277,21.759933471679688,25.280000686645508
2011-10-10,20.94089126586914,25.392642974853516,15.662246704101562,22.936416625976562,25.760000228881836
2011-10-11,20.987525939941406,25.359844207763672,15.819172859191895,22.85862922668457,25.84000015258789
2011-10-12,20.95642852783203,25.507423400878906,15.888070106506348,23.072534561157227,25.8799991607666
2011-10-13,21.127445220947266,25.532032012939453,15.727313041687012,23.16976547241211,25.799999237060547
2011-10-14,21.197406768798828,26.11416244506836,16.15981674194336,23.860095977783203,26.809999465942383
2011-10-17,20.971973419189453,25.60582160949707,15.754110336303711,23.16976547241211,26.239999771118164
2011-10-18,21.228498458862305,26.13875961303711,16.247854232788086,23.830921173095703,26.760000228881836
2011-10-19,21.088571548461914,25.81899070739746,15.662246704101562,22.9655818939209,26.020000457763672
2011-10-20,21.01862144470215,25.85178565979004,15.689047813415527,22.761396408081055,26.079999923706055
2011-10-21,21.111900329589844,26.335538864135742,16.110071182250977,22.92668914794922,27.299999237060547
2011-10-24,21.135225296020508,26.950469970703125,16.28230094909668,24.24901008605957,28.200000762939453
2011-10-25,20.839841842651367,26.54051971435547,15.800037384033203,23.79203224182129,27.850000381469727
2011-10-26,20.668827056884766,26.565113067626953,15.845972061157227,23.71424674987793,27.809999465942383
2011-10-27,21.181854248046875,27.598190307617188,16.48516273498535,23.821205139160156,28.34000015258789
2011-10-28,20.971973419189453,27.622804641723633,16.266992568969727,23.43228530883789,29.020000457763672
2011-10-31,20.699926376342773,26.868486404418945,16.21340560913086,22.70306396484375,29.40999984741211
2011-11-01,20.202438354492188,25.982975006103516,15.780898094177246,21.83772087097168,28.59000015258789
2011-11-02,20.21798324584961,26.46671485900879,15.761759757995605,22.8294620513916,29.350000381469727
2011-11-03,20.6221866607666,27.147247314453125,15.845972061157227,23.704526901245117,30.15999984741211
2011-11-04,20.404541015625,26.688100814819336,16.91384506225586,24.50180435180664,29.790000915527344
2011-11-07,20.832061767578125,26.950469970703125,16.929157257080078,23.811477661132812,29.920000076293945
2011-11-08,21.111900329589844,27.557205200195312,16.97891616821289,23.568403244018555,30.420000076293945
2011-11-09,20.365671157836914,25.90097999572754,16.439237594604492,22.39193344116211,28.079999923706055
2011-11-10,20.4278621673584,26.015769958496094,16.65740203857422,22.91696548461914,28.030000686645508
2011-11-11,20.91756820678711,26.54051971435547,16.97126007080078,23.23781967163086,28.43000030517578
2011-11-14,20.80097007751465,26.48311996459961,16.703325271606445,23.091978073120117,28.239999771118164
2011-11-15,20.941940307617188,27.024259567260742,16.91851043701172,23.150320053100586,28.469999313354492
2011-11-16,20.417221069335938,26.22895050048828,16.530427932739258,22.421098709106445,28.540000915527344
2011-11-17,20.00213050842285,25.269657135009766,16.150014877319336,21.70159912109375,27.690000534057617
2011-11-18,19.814172744750977,25.08927345275879,16.14617347717285,21.380741119384766,27.18000030517578
2011-11-21,19.579227447509766,24.52353286743164,16.01552963256836,21.030715942382812,26.6299991607666
2011-11-22,19.41476058959961,24.441545486450195,16.24607276916504,21.254343032836914,26.329999923706055
2011-11-23,19.164148330688477,23.777414321899414,15.850296974182129,20.35983657836914,25.940000534057617
2011-11-25,19.031009674072266,23.564231872558594,15.692761421203613,20.25288200378418,25.829999923706055
2011-11-28,19.477420806884766,24.490734100341797,16.08085060119629,21.47797203063965,26.6200008392334
2011-11-29,19.45391845703125,24.3841495513916,16.219181060791016,21.089052200317383,26.06999969482422
2011-11-30,20.033462524414062,25.704206466674805,16.707172393798828,22.547496795654297,27.420000076293945
2011-12-01,19.79851531982422,25.96657943725586,16.74944496154785,22.68361473083496,27.139999389648438
2011-12-02,19.75152015686035,25.581220626831055,16.87240219116211,22.36275863647461,27.110000610351562
2011-12-05,20.12744903564453,26.155160903930664,16.98383331298828,22.10024070739746,27.90999984741211
2011-12-06,20.09610939025879,26.015769958496094,16.80324363708496,22.508602142333984,27.959999084472656
2011-12-07,20.049129486083984,25.859989166259766,16.86087417602539,21.964120864868164,27.860000610351562
2011-12-08,19.892494201660156,25.204065322875977,16.468942642211914,20.894594192504883,27.3799991607666
2011-12-09,20.12744903564453,25.982975006103516,16.89161491394043,21.380741119384766,28.040000915527344
2011-12-12,19.978647232055664,25.679607391357422,16.90699005126953,21.079330444335938,27.389999389648438
2011-12-13,20.1744327545166,25.277856826782227,16.757125854492188,20.28205108642578,26.989999771118164
2011-12-14,20.041288375854492,24.490734100341797,16.557313919067383,19.77645492553711,26.520000457763672
2011-12-15,20.017799377441406,23.80201530456543,16.676435470581055,20.340391159057617,26.459999084472656
2011-12-16,20.36240005493164,23.949596405029297,16.707172393798828,19.669504165649414,28.200000762939453
2011-12-19,19.994304656982422,23.457645416259766,16.76096534729004,19.30003547668457,27.510000228881836
2011-12-20,20.38588523864746,23.916799545288086,17.314292907714844,20.00008201599121,28.440000534057617
2011-12-21,20.1744327545166,21.129100799560547,17.383455276489258,19.737565994262695,27.969999313354492
2011-12-22,20.213590621948242,21.063508987426758,17.291236877441406,19.737565994262695,27.889999389648438
2011-12-23,20.38588523864746,21.366878509521484,17.464143753051758,20.13620376586914,28.290000915527344
2011-12-27,20.393726348876953,21.014318466186523,17.65242576599121,20.427894592285156,28.5
2011-12-28,20.22142791748047,20.915924072265625,17.590946197509766,19.970918655395508,28.020000457763672
2011-12-29,20.37806510925293,21.153705596923828,17.8483943939209,20.28205108642578,28.309999465942383
2011-12-30,20.331069946289062,21.030712127685547,17.679325103759766,20.029254913330078,28.270000457763672
2012-01-03,20.965431213378906,21.202892303466797,17.402666091918945,20.709857940673828,28.56999969482422
2012-01-04,21.458833694458008,21.325883865356445,17.740806579589844,19.72784423828125,28.280000686645508
2012-01-05,21.678125381469727,21.801435470581055,17.813814163208008,19.96119499206543,28.479999542236328
2012-01-06,22.014881134033203,22.080204010009766,17.952150344848633,19.12502098083496,28.719999313354492
2012-01-09,21.725109100341797,22.211679458618164,17.90219497680664,18.881946563720703,28.530000686645508
2012-01-10,21.803428649902344,22.162370681762695,17.990570068359375,18.92083740234375,29.200000762939453
2012-01-11,21.709447860717773,22.096633911132812,18.10584259033203,18.843055725097656,29.31999969482422
2012-01-12,21.928735733032227,22.32672882080078,18.290285110473633,18.969457626342773,29.229999542236328
2012-01-13,22.124528884887695,22.466419219970703,18.198062896728516,17.54018211364746,28.969999313354492
2012-01-17,22.13235855102539,22.72937774658203,18.33255386352539,17.248493194580078,29.350000381469727
2012-01-18,22.10886001586914,23.288158416748047,18.4593563079834,17.75408935546875,29.889999389648438
2012-01-19,22.02271842956543,23.46894645690918,18.45166778564453,17.054035186767578,30.239999771118164
2012-01-20,23.267953872680664,23.59220314025879,18.50162124633789,17.433231353759766,30.5
2012-01-23,23.283615112304688,23.32923698425293,18.19038200378418,17.48184585571289,30.229999542236328
2012-01-24,22.978181838989258,23.4278621673584,18.309490203857422,17.442956924438477,30.950000762939453
2012-01-25,23.150480270385742,23.4278621673584,18.355609893798828,17.54018211364746,31.34000015258789
2012-01-26,23.103490829467773,23.247074127197266,18.574628829956055,17.170705795288086,31.18000030517578
2012-01-27,22.892030715942383,23.353899002075195,18.3863468170166,17.637405395507812,31.049999237060547
2012-01-30,23.18963050842285,23.501808166503906,18.628421783447266,17.530458450317383,31.0
2012-01-31,23.126981735229492,23.181333541870117,18.413236618041992,18.065221786499023,30.950000762939453
2012-02-01,23.408918380737305,23.73189926147461,18.53620719909668,17.929100036621094,31.239999771118164
2012-02-02,23.45591163635254,23.674375534057617,18.313344955444336,19.02779197692871,31.290000915527344
2012-02-03,23.68303680419922,23.92090606689453,18.566944122314453,18.706933975219727,31.850000381469727
2012-02-06,23.65170669555664,23.830509185791016,18.620935440063477,18.47358512878418,31.860000610351562
2012-02-07,23.769180297851562,23.789424896240234,18.667203903198242,17.977712631225586,32.279998779296875
2012-02-08,24.011962890625,23.6086368560791,18.786746978759766,17.734636306762695,32.099998474121094
2012-02-09,24.09810447692871,23.740116119384766,18.971834182739258,17.374897003173828,32.650001525878906
2012-02-10,23.886655807495117,23.419645309448242,18.825300216674805,16.937362670898438,32.209999084472656
2012-02-13,23.949316024780273,23.362125396728516,18.991117477416992,17.005422592163086,32.349998474121094
2012-02-14,23.84682846069336,23.205995559692383,18.94098663330078,17.170705795288086,32.439998626708984
2012-02-15,23.689167022705078,22.992341995239258,18.694194793701172,17.258216857910156,32.459999084472656
2012-02-16,24.66668128967285,23.789424896240234,18.709613800048828,17.27766227722168,32.86000061035156
2012-02-17,24.635156631469727,23.657943725585938,18.682632446289062,16.98597526550293,32.75
2012-02-21,24.78493309020996,23.616853713989258,18.60936164855957,16.74289894104004,32.540000915527344
2012-02-22,24.65093231201172,23.46072769165039,18.6363525390625,16.6553897857666,32.33000183105469
2012-02-23,24.729755401611328,23.674375534057617,18.686481475830078,16.71373176574707,32.970001220703125
2012-02-24,24.816471099853516,24.035945892333984,18.62478256225586,16.4609375,33.40999984741211
2012-02-27,24.713993072509766,24.04416275024414,18.597793579101562,16.34425926208496,33.27000045776367
2012-02-28,25.123912811279297,24.15099334716797,18.86000633239746,16.247026443481445,33.27000045776367
2012-02-29,25.021432876586914,24.035945892333984,18.725046157836914,15.887280464172363,32.88999938964844
2012-03-01,25.45501708984375,24.512557983398438,18.78288459777832,16.227588653564453,33.099998474121094
2012-03-02,25.289466857910156,24.619373321533203,18.852291107177734,16.315092086791992,33.72999954223633
2012-03-05,25.068729400634766,24.849468231201172,18.910133361816406,16.033123016357422,33.220001220703125
2012-03-06,24.87952995300293,24.60294532775879,18.6363525390625,15.984515190124512,31.989999771118164
2012-03-07,25.100265502929688,24.833030700683594,19.083660125732422,16.052574157714844,32.40999984741211
2012-03-08,25.234277725219727,24.70977020263672,19.422992706298828,16.91791343688965,33.04999923706055
2012-03-09,25.2185115814209,24.759078979492188,19.98984146118164,16.781789779663086,33.63999938964844
2012-03-12,25.257932662963867,24.41395378112793,19.70833969116211,16.373428344726562,33.560001373291016
2012-03-13,25.75457191467285,24.759078979492188,20.182632446289062,16.80124282836914,34.220001220703125
2012-03-14,25.83340835571289,24.520774841308594,20.313743591308594,16.04285430908203,33.77000045776367
2012-03-15,25.896472930908203,24.70155906677246,20.464136123657227,16.247026443481445,34.16999816894531
2012-03-16,25.69938850402832,24.438594818115234,20.518110275268555,16.976255416870117,33.81999969482422
2012-03-19,25.384069442749023,24.45503044128418,20.649219512939453,16.694290161132812,34.5099983215332
2012-03-20,25.2185115814209,24.73442268371582,20.718631744384766,16.53872299194336,33.15999984741211
2012-03-21,25.155447006225586,24.16741943359375,20.74947738647461,16.451208114624023,33.560001373291016
2012-03-22,25.226396560668945,23.526460647583008,21.28932762145996,16.49010467529297,33.709999084472656
2012-03-23,25.234277725219727,23.46072769165039,21.343313217163086,16.39287567138672,33.810001373291016
2012-03-26,25.691511154174805,23.961986541748047,21.559242248535156,16.52899169921875,34.400001525878906
2012-03-27,25.63632583618164,24.118118286132812,21.694211959838867,16.54844093322754,34.630001068115234
2012-03-28,25.376182556152344,24.126333236694336,21.60552215576172,16.324813842773438,34.459999084472656
2012-03-29,25.320993423461914,24.077028274536133,21.489839553833008,16.033123016357422,34.47999954223633
2012-03-30,25.431360244750977,23.961986541748047,21.55154037475586,16.033123016357422,34.310001373291016
2012-04-02,25.45501708984375,24.26603126525879,21.85231590270996,16.247026443481445,34.70000076293945
2012-04-03,25.179100036621094,24.15099334716797,21.944856643676758,16.188690185546875,34.310001373291016
2012-04-04,24.603620529174805,23.961986541748047,21.964136123657227,15.809497833251953,33.459999084472656
2012-04-05,24.848007202148438,24.290681838989258,22.434581756591797,15.819223403930664,33.59000015258789
2012-04-09,24.516902923583984,23.88721466064453,22.14151382446289,15.459471702575684,33.220001220703125
2012-04-10,24.0202579498291,23.34376335144043,21.894729614257812,15.119170188903809,32.61000061035156
2012-04-11,23.925661087036133,23.17084503173828,22.86260223388672,15.449748992919922,33.0099983215332
2012-04-12,24.42230796813965,23.63195037841797,23.379308700561523,16.06229019165039,33.54999923706055
2012-04-13,24.288291931152344,23.516679763793945,23.780336380004883,15.73171615600586,33.18000030517578
2012-04-16,24.501142501831055,23.582551956176758,23.001422882080078,14.788591384887695,32.849998474121094
2012-04-17,24.78493309020996,24.109539031982422,22.619672775268555,14.856651306152344,33.84000015258789
2012-04-18,24.548444747924805,23.986024856567383,23.263628005981445,14.65246868133545,33.38999938964844
2012-04-19,24.445959091186523,23.88721466064453,22.677513122558594,14.351059913635254,32.900001525878906
2012-04-20,25.5574951171875,23.780166625976562,22.812471389770508,14.51634693145752,33.060001373291016
2012-04-23,25.320993423461914,23.4508056640625,22.581106185913086,14.45801067352295,32.619998931884766
2012-04-24,25.163333892822266,23.62372589111328,22.384445190429688,14.467734336853027,32.400001525878906
2012-04-25,25.384069442749023,23.771934509277344,22.943578720092773,14.594131469726562,33.130001068115234
2012-04-26,25.3131103515625,23.89544677734375,23.390878677368164,15.488643646240234,33.2599983215332
2012-04-27,25.21062660217285,24.076610565185547,22.145368576049805,14.89554214477539,33.58000183105469
2012-04-30,25.242170333862305,24.208343505859375,22.122236251831055,14.953878402709961,33.54999923706055
2012-05-01,25.234277725219727,24.34832763671875,22.234066009521484,15.10944652557373,33.77000045776367
2012-05-02,25.068729400634766,24.463607788085938,22.334318161010742,15.430304527282715,33.7599983215332
2012-05-03,25.037200927734375,24.19188117980957,21.84459686279297,15.235844612121582,33.31999969482422
2012-05-04,24.42230796813965,23.393163681030273,21.424293518066406,14.701086044311523,32.61000061035156
2012-05-07,24.162158966064453,22.98969268798828,21.45909309387207,14.710805892944336,32.52000045776367
2012-05-08,24.043907165527344,22.997926712036133,20.960142135620117,14.078814506530762,32.66999816894531
2012-05-09,24.248872756958008,22.87441062927246,20.92532730102539,13.728790283203125,32.52000045776367
2012-05-10,24.233110427856445,22.248619079589844,21.21542739868164,14.302443504333496,31.920000076293945
2012-05-11,24.564208984375,22.232158660888672,21.277307510375977,14.166321754455566,32.20000076293945
2012-05-14,24.18581771850586,22.199214935302734,20.759016036987305,13.981586456298828,32.22999954223633
2012-05-15,23.971559524536133,22.28155517578125,20.631364822387695,13.91352653503418,32.33000183105469
2012-05-16,23.725576400756836,22.001598358154297,20.507598876953125,14.010753631591797,32.36000061035156
2012-05-17,23.582748413085938,21.61459732055664,19.985427856445312,13.845464706420898,32.0099983215332
2012-05-18,23.22567367553711,21.08761215209961,19.931278228759766,13.709346771240234,31.309999465942383
2012-05-21,23.606555938720703,21.62282943725586,20.770605087280273,13.981586456298828,32.0099983215332
2012-05-22,23.614484786987305,21.705171585083008,20.64297103881836,13.864910125732422,32.0099983215332
2012-05-23,23.098718643188477,21.968666076660156,21.385608673095703,14.28299617767334,32.18000030517578
2012-05-24,23.066978454589844,21.50755500793457,21.18060874938965,13.826021194458008,31.540000915527344
2012-05-25,23.05904197692871,21.52401351928711,21.10325050354004,13.826021194458008,31.600000381469727
2012-05-29,23.45578956604004,21.787513732910156,21.49778175354004,13.981586456298828,32.04999923706055
2012-05-30,23.281232833862305,21.548725128173828,21.169004440307617,13.75795841217041,31.290000915527344
2012-05-31,23.16220474243164,21.795738220214844,21.23088836669922,13.242643356323242,31.049999237060547
2012-06-01,22.575008392333984,21.408740997314453,20.17108726501465,12.756495475769043,29.81999969482422
2012-06-04,22.654361724853516,21.57342529296875,20.847970962524414,12.70788288116455,30.309999465942383
2012-06-05,22.622608184814453,21.993356704711914,20.271648406982422,12.7759428024292,30.709999084472656
2012-06-06,23.289161682128906,22.668561935424805,20.6816463470459,13.330151557922363,31.690000534057617
2012-06-07,23.193937301635742,22.380367279052734,20.6700496673584,13.048182487487793,31.31999969482422
2012-06-08,23.527206420898438,22.36389923095703,20.728065490722656,13.0968017578125,31.649999618530273
2012-06-11,22.932083129882812,22.075700759887695,20.434106826782227,12.464808464050293,31.1299991607666
2012-06-12,23.24154281616211,22.25685691833496,20.515331268310547,12.435641288757324,31.770000457763672
2012-06-13,23.114585876464844,22.248619079589844,19.830711364746094,11.949490547180176,31.790000915527344
2012-06-14,23.281232833862305,22.158044815063477,20.24070930480957,11.978660583496094,31.670000076293945
2012-06-15,23.820796966552734,22.80854034423828,20.32193946838379,12.095335006713867,32.38999938964844
2012-06-18,23.677982330322266,22.330968856811523,20.956270217895508,12.085613250732422,32.630001068115234
2012-06-19,24.360383987426758,23.02263069152832,21.319854736328125,12.318963050842285,32.88999938964844
2012-06-20,24.54288673400879,23.459035873413086,21.520986557006836,12.30924129486084,31.989999771118164
2012-06-21,23.916017532348633,22.899118423461914,20.913721084594727,11.667526245117188,31.229999542236328
2012-06-22,24.360383987426758,23.05556869506836,21.13418960571289,11.920324325561523,31.56999969482422
2012-06-25,23.7017822265625,22.7426700592041,20.612024307250977,11.784201622009277,30.850000381469727
2012-06-26,23.820796966552734,22.91558837890625,20.867307662963867,11.638358116149902,31.06999969482422
2012-06-27,23.939823150634766,23.1955509185791,20.403162002563477,11.774478912353516,31.40999984741211
2012-06-28,23.733516693115234,23.1955509185791,20.14788055419922,11.56057357788086,31.170000076293945
2012-06-29,24.27309799194336,24.45536994934082,20.623632431030273,12.007827758789062,32.369998931884766
2012-07-02,24.24928855895996,24.53770637512207,20.41863250732422,11.939769744873047,32.189998626708984
2012-07-03,24.407989501953125,24.677688598632812,20.089862823486328,12.241179466247559,32.5099983215332
2012-07-05,24.360383987426758,24.471837997436523,20.26778793334961,12.046724319458008,32.529998779296875
2012-07-06,23.9556884765625,24.02719497680664,20.101469039916992,11.68697452545166,31.3700008392334
2012-07-09,23.804933547973633,23.96132469177246,20.263914108276367,11.6091890335083,30.43000030517578
2012-07-10,23.598613739013672,23.920154571533203,20.24457550048828,11.26888370513916,30.440000534057617
2012-07-11,23.24947738647461,24.11818504333496,20.174959182739258,11.356392860412598,30.200000762939453
2012-07-12,22.717838287353516,23.779882431030273,20.376089096069336,11.26888370513916,30.139999389648438
2012-07-13,23.32089614868164,24.406967163085938,20.735801696777344,11.385560989379883,30.649999618530273
2012-07-16,23.360572814941406,24.35746955871582,20.461183547973633,11.210549354553223,30.399999618530273
2012-07-17,23.535140991210938,24.687509536743164,20.7822208404541,11.045258522033691,30.649999618530273
2012-07-18,24.162004470825195,25.16607666015625,20.615894317626953,11.181379318237305,31.43000030517578
2012-07-19,24.336566925048828,25.471370697021484,20.96401023864746,11.930047988891602,31.889999389648438
2012-07-20,23.90015411376953,24.85253143310547,20.097599029541016,11.648079872131348,31.3799991607666
2012-07-23,23.233619689941406,24.4647274017334,19.571565628051758,11.492513656616211,30.639999389648438
2012-07-24,23.130451202392578,24.192440032958984,19.525146484375,11.220271110534668,30.020000457763672
2012-07-25,22.876544952392578,24.142942428588867,19.498075485229492,11.1911039352417,30.329999923706055
2012-07-26,23.13838768005371,24.75351333618164,20.26778793334961,10.646617889404297,30.950000762939453
2012-07-27,23.614484786987305,25.38886070251465,18.360912322998047,11.09387493133545,31.899999618530273
2012-07-30,23.51927375793457,25.23208236694336,18.13271141052246,10.91886043548584,31.010000228881836
2012-07-31,23.384376525878906,24.91854476928711,17.513835906982422,10.714679718017578,30.8799991607666
2012-08-01,23.336767196655273,25.017555236816406,16.933652877807617,11.356392860412598,30.690000534057617
2012-08-02,23.16220474243164,24.687509536743164,16.693843841552734,11.054981231689453,30.579999923706055
2012-08-03,23.606555938720703,25.34760093688965,16.983938217163086,11.638358116149902,32.02000045776367
2012-08-06,23.765256881713867,25.57863998413086,16.882976531982422,11.861985206604004,32.13999938964844
2012-08-07,24.011232376098633,25.991191864013672,17.59356117248535,12.435641288757324,32.369998931884766
2012-08-08,24.066783905029297,25.710655212402344,17.58578872680664,12.581480979919434,32.5099983215332
2012-08-09,24.201677322387695,25.883922576904297,17.515899658203125,12.756495475769043,32.650001525878906
2012-08-10,24.13819694519043,26.081968307495117,17.69451904296875,12.717604637145996,32.63999938964844
2012-08-13,24.11439323425293,25.875680923461914,17.904199600219727,12.513423919677734,32.27000045776367
2012-08-14,24.06646728515625,25.8674259185791,18.028440475463867,12.357857704162598,32.11000061035156
2012-08-15,24.12238883972168,26.032447814941406,18.676898956298828,12.727324485778809,32.90999984741211
2012-08-16,24.585664749145508,26.428508758544922,18.793380737304688,13.42737865447998,33.650001525878906
2012-08-17,24.681516647338867,26.568782806396484,18.72348976135254,13.388487815856934,33.79999923706055
2012-08-20,24.5537052154541,26.4367618560791,18.657482147216797,13.184306144714355,33.91999816894531
2012-08-21,24.60162925720215,26.197473526000977,18.67301368713379,13.184306144714355,33.75
2012-08-22,24.39396095275879,26.156213760375977,18.684659957885742,13.06762981414795,33.84000015258789
2012-08-23,24.170303344726562,26.06545639038086,18.599239349365234,12.882893562316895,33.5
2012-08-24,24.409936904907227,26.362491607666016,18.90987205505371,12.960678100585938,32.2599983215332
2012-08-27,24.513782501220703,26.26347541809082,19.080724716186523,12.571759223937988,32.31999969482422
2012-08-28,24.465845108032227,26.057205200195312,19.166141510009766,12.474531173706055,32.060001373291016
2012-08-29,24.481821060180664,25.982940673828125,19.092369079589844,12.493975639343262,31.959999084472656
2012-08-30,24.218242645263672,25.71890640258789,19.30204963684082,12.639820098876953,31.459999084472656
2012-08-31,24.617616653442383,26.114965438842773,19.26322364807129,12.960678100585938,31.270000457763672
2012-09-04,24.274150848388672,26.048954010009766,19.224388122558594,12.668990135192871,31.440000534057617
2012-09-05,24.274150848388672,26.461515426635742,19.336999893188477,12.7759428024292,32.2599983215332
2012-09-06,25.040956497192383,26.9235782623291,19.740819931030273,13.252365112304688,32.790000915527344
2012-09-07,24.72144889831543,26.89882469177246,19.86895751953125,13.651006698608398,32.459999084472656
2012-09-10,24.537731170654297,26.659542083740234,19.736934661865234,13.456547737121582,32.130001068115234
2012-09-11,24.593645095825195,26.667789459228516,19.69810676574707,13.42737865447998,32.43000030517578
2012-09-12,24.585664749145508,26.618276596069336,19.86895751953125,13.60239315032959,32.41999816894531
2012-09-13,24.71346092224121,26.915321350097656,20.082521438598633,13.845464706420898,32.810001373291016
2012-09-14,24.92911720275879,27.18761444091797,19.593271255493164,14.098261833190918,33.34000015258789
2012-09-17,24.92911720275879,27.31138038635254,19.282630920410156,13.81629753112793,33.40999984741211
2012-09-18,24.905160903930664,27.24537467956543,19.123435974121094,13.612112045288086,32.56999969482422
2012-09-19,24.801319122314453,27.047338485717773,19.45737075805664,13.544054985046387,33.119998931884766
2012-09-20,25.120832443237305,26.618276596069336,19.876724243164062,13.10651969909668,34.529998779296875
2012-09-21,24.913145065307617,26.791563034057617,19.830127716064453,12.873169898986816,33.83000183105469
2012-09-24,24.585664749145508,26.585275650024414,19.865074157714844,12.941231727600098,33.41999816894531
2012-09-25,24.274150848388672,25.826171875,19.62044334411621,12.328686714172363,32.900001525878906
2012-09-26,24.098417282104492,25.355857849121094,19.45347785949707,12.25090217590332,32.529998779296875
2012-09-27,24.090425491333008,25.760164260864258,19.818483352661133,12.425914764404297,32.79999923706055
2012-09-28,23.770931243896484,25.958189010620117,19.690343856811523,12.338408470153809,32.439998626708984
2012-10-01,23.555265426635742,26.131465911865234,19.472900390625,12.007827758789062,32.619998931884766
2012-10-02,23.691057205200195,26.114965438842773,19.14284896850586,12.299516677856445,32.56999969482422
2012-10-03,23.850807189941406,26.255233764648438,19.216623306274414,12.493975639343262,32.599998474121094
2012-10-04,23.986600875854492,26.321243286132812,19.0651912689209,12.668990135192871,32.68000030517578
2012-10-05,23.84282112121582,25.900432586669922,18.925405502319336,12.591206550598145,32.470001220703125
2012-10-08,23.78690528869629,25.727153778076172,18.933170318603516,12.620372772216797,32.22999954223633
2012-10-09,23.38753318786621,25.289846420288086,18.385679244995117,12.649544715881348,31.690000534057617
2012-10-10,23.147911071777344,25.281579971313477,18.230365753173828,12.532868385314941,31.510000228881836
2012-10-11,23.123939514160156,25.397323608398438,18.311899185180664,12.688436508178711,31.780000686645508
2012-10-12,23.323631286621094,25.628803253173828,18.319671630859375,13.038460731506348,31.940000534057617
2012-10-15,23.571239471435547,25.876827239990234,18.50993537902832,13.310700416564941,32.33000183105469
2012-10-16,23.555265426635742,26.348066329956055,19.010828018188477,13.592669486999512,33.2400016784668
2012-10-17,23.6351375579834,25.818954467773438,18.789505004882812,13.485715866088867,33.439998626708984
2012-10-18,23.56325912475586,25.728015899658203,18.408979415893555,13.446824073791504,33.470001220703125
2012-10-19,22.876325607299805,25.19890594482422,17.741107940673828,12.717604637145996,33.2400016784668
2012-10-22,22.36511993408203,25.463464736938477,17.589679718017578,12.688436508178711,33.4900016784668
2012-10-23,22.405059814453125,25.28984832763672,17.461544036865234,12.4161958694458,33.310001373291016
2012-10-24,22.285253524780273,25.298114776611328,17.574148178100586,12.075892448425293,33.36000061035156
2012-10-25,22.269275665283203,25.513065338134766,17.95856285095215,11.871707916259766,33.400001525878906
2012-10-26,22.532861709594727,25.620540618896484,17.811002731323242,11.580018997192383,34.0099983215332
2012-10-31,22.796445846557617,25.694950103759766,17.822662353515625,12.007827758789062,34.029998779296875
2012-11-01,23.579233169555664,26.025638580322266,18.10222625732422,12.639820098876953,34.36000061035156
2012-11-02,23.56325912475586,25.802419662475586,19.740819931030273,12.630096435546875,34.38999938964844
2012-11-05,23.667097091674805,25.83548927307129,19.80682373046875,12.834277153015137,34.2400016784668
2012-11-06,23.850807189941406,26.1496524810791,20.078632354736328,13.378763198852539,34.38999938964844
2012-11-07,23.227779388427734,25.45519256591797,20.11745834350586,13.06762981414795,33.470001220703125
2012-11-08,23.012113571166992,25.149303436279297,19.748586654663086,12.552313804626465,32.97999954223633
2012-11-09,23.028095245361328,25.0914306640625,19.78741455078125,12.532868385314941,32.900001525878906
2012-11-12,22.540847778320312,25.050094604492188,19.678699493408203,12.659269332885742,32.70000076293945
2012-11-13,21.816062927246094,24.818603515625,19.616308212280273,12.620372772216797,32.540000915527344
2012-11-14,21.614730834960938,24.454843521118164,19.043142318725586,12.396747589111328,32.2400016784668
2012-11-15,21.469776153564453,24.76073455810547,18.88327980041504,12.688436508178711,32.63999938964844
2012-11-16,21.357027053833008,24.802072525024414,19.011945724487305,12.688436508178711,32.650001525878906
2012-11-19,21.52614402770996,24.91781997680664,19.394062042236328,13.330151557922363,32.91999816894531
2012-11-20,21.51003646850586,24.96742057800293,19.518831253051758,13.475991249084473,32.63999938964844
2012-11-21,21.703325271606445,25.132761001586914,19.694290161132812,13.58294677734375,32.84000015258789
2012-11-23,22.307308197021484,25.562664031982422,19.959426879882812,13.971864700317383,33.400001525878906
2012-11-26,22.057649612426758,25.595731735229492,19.84246063232422,14.195490837097168,33.290000915527344
2012-11-27,21.808012008666992,25.810693740844727,19.57731056213379,14.331611633300781,33.18000030517578
2012-11-28,22.033498764038086,26.29019546508789,20.02960968017578,14.613576889038086,33.880001068115234
2012-11-29,21.703325271606445,26.323270797729492,20.1972713470459,14.613576889038086,34.09000015258789
2012-11-30,21.437562942504883,26.604352951049805,20.224563598632812,14.399672508239746,34.61000061035156
2012-12-03,21.284555435180664,26.711833953857422,20.19337272644043,14.127431869506836,34.70000076293945
2012-12-04,21.236234664916992,26.769710540771484,19.932132720947266,14.039920806884766,35.29999923706055
2012-12-05,21.477825164794922,26.455547332763672,19.803462982177734,14.22465991973877,35.400001525878906
2012-12-06,21.52614402770996,26.4803409576416,20.938100814819336,14.409398078918457,35.13999938964844
2012-12-07,21.30870819091797,26.389408111572266,20.91469955444336,14.428839683532715,35.47999954223633
2012-12-10,21.695262908935547,26.513416290283203,20.649572372436523,14.409398078918457,35.75
2012-12-11,22.00128746032715,26.736629486083984,20.739248275756836,14.730252265930176,35.540000915527344
2012-12-12,21.936857223510742,26.55373191833496,20.899110794067383,14.905265808105469,35.959999084472656
2012-12-13,21.832168579101562,26.27938461303711,20.735355377197266,14.82748031616211,35.529998779296875
2012-12-14,21.590579986572266,26.57036018371582,20.805532455444336,14.876094818115234,37.560001373291016
2012-12-17,21.82411766052246,26.869653701782227,21.281217575073242,14.99277400970459,37.41999816894531
2012-12-18,22.19455909729004,27.33521842956543,21.18764305114746,14.496902465820312,37.4900016784668
2012-12-19,21.993228912353516,28.341169357299805,21.160348892211914,14.001029968261719,38.09000015258789
2012-12-20,22.291194915771484,28.216459274291992,21.136951446533203,13.553776741027832,37.869998931884766
2012-12-21,22.105974197387695,28.06681251525879,20.899110794067383,13.505162239074707,37.709999084472656
2012-12-24,21.791902542114258,27.942106246948242,20.934202194213867,13.719067573547363,37.529998779296875
2012-12-26,21.630834579467773,27.942106246948242,20.715852737426758,13.767682075500488,37.54999923706055
2012-12-27,21.71137046813965,27.65944480895996,20.75874900817871,13.631562232971191,37.29999923706055
2012-12-28,21.381187438964844,27.45160484313965,20.52479362487793,13.534330368041992,36.900001525878906
2012-12-31,21.51003646850586,27.701013565063477,20.910808563232422,14.117707252502441,37.68000030517578
2013-01-02,22.242891311645508,28.839981079101562,21.444982528686523,14.14687728881836,38.34000015258789
2013-01-03,21.944913864135742,28.524070739746094,21.58924674987793,14.331611633300781,37.75
2013-01-04,21.534194946289062,28.77347183227539,21.71401596069336,14.467734336853027,38.130001068115234
2013-01-07,21.49393653869629,28.623828887939453,21.725709915161133,14.049646377563477,37.939998626708984
2013-01-08,21.381187438964844,28.632144927978516,21.686723709106445,13.388487815856934,38.13999938964844
2013-01-09,21.501991271972656,28.64876365661621,21.300718307495117,13.320425033569336,38.65999984741211
2013-01-10,21.30870819091797,29.022878646850586,21.265625,13.612112045288086,38.619998931884766
2013-01-11,21.60668182373047,28.981311798095703,21.44887924194336,13.845464706420898,38.09000015258789
2013-01-14,21.654998779296875,29.0644474029541,21.316308975219727,14.03019905090332,38.15999984741211
2013-01-15,21.912700653076172,28.848304748535156,21.242231369018555,14.205214500427246,38.150001525878906
2013-01-16,21.775798797607422,28.798418045043945,21.191537857055664,14.195490837097168,37.880001068115234
2013-01-17,21.944913864135742,28.781782150268555,21.250028610229492,14.107986450195312,37.72999954223633
2013-01-18,21.944913864135742,29.18915367126465,21.370895385742188,14.059367179870605,37.97999954223633
2013-01-22,21.8643798828125,29.039501190185547,21.44108009338379,14.03019905090332,37.95000076293945
2013-01-23,22.234827041625977,28.839981079101562,21.234432220458984,13.660730361938477,38.25
2013-01-24,22.25092887878418,29.047805786132812,21.277320861816406,13.864910125732422,38.11000061035156
2013-01-25,22.452272415161133,29.413623809814453,22.15071678161621,14.3607816696167,38.31999969482422
2013-01-28,22.476430892944336,29.546648025512695,21.84269142150879,14.623298645019531,38.2400016784668
2013-01-29,22.55695152282715,29.746173858642578,21.678918838500977,14.53579330444336,38.52000045776367
2013-01-30,22.428110122680664,29.413623809814453,21.83488655090332,14.662192344665527,37.939998626708984
2013-01-31,22.105974197387695,29.521705627441406,21.881681442260742,15.294180870056152,37.83000183105469
2013-02-01,22.492534637451172,30.103652954101562,22.170209884643555,15.741439819335938,38.34000015258789
2013-02-04,22.097925186157227,29.205780029296875,21.869977951049805,15.55670166015625,38.099998474121094
2013-02-05,22.146242141723633,29.496753692626953,21.995223999023438,16.42204475402832,38.5099983215332
2013-02-06,22.017393112182617,29.180843353271484,21.9365234375,16.412322998046875,38.400001525878906
2013-02-07,21.96906852722168,28.73189926147461,21.862154006958008,16.402597427368164,38.06999969482422
2013-02-08,22.186511993408203,29.01457405090332,22.06175422668457,16.888744354248047,39.119998931884766
2013-02-11,22.436153411865234,29.0644474029541,21.971736907958984,16.92763900756836,38.63999938964844
2013-02-12,22.452272415161133,29.18915367126465,22.01870346069336,17.054035186767578,38.88999938964844
2013-02-13,22.573057174682617,29.089384078979492,21.85041618347168,16.694290161132812,38.810001373291016
2013-02-14,22.581117630004883,29.01457405090332,21.740833282470703,16.674837112426758,38.61000061035156
2013-02-15,22.55695152282715,28.939741134643555,21.26726531982422,16.49982452392578,38.630001068115234
2013-02-19,22.776193618774414,29.430252075195312,21.310319900512695,17.102651596069336,38.9900016784668
2013-02-20,22.630033493041992,29.10602569580078,20.864151000976562,16.995697021484375,38.77000045776367
2013-02-21,22.321475982666016,28.499114990234375,20.879802703857422,17.151262283325195,38.34000015258789
2013-02-22,22.540708541870117,28.889873504638672,21.20073127746582,17.31655502319336,38.54999923706055
2013-02-25,22.224042892456055,28.499114990234375,20.825014114379883,17.209604263305664,38.11000061035156
2013-02-26,22.224042892456055,28.532377243041992,20.852415084838867,17.199880599975586,38.59000015258789
2013-02-27,22.581314086914062,28.8316650390625,21.357280731201172,17.617963790893555,39.599998474121094
2013-02-28,22.57318878173828,28.465866088867188,21.466859817504883,17.044313430786133,39.310001373291016
2013-03-01,22.69499969482422,28.790102005004883,21.47469139099121,17.54018211364746,39.83000183105469
2013-03-04,22.857391357421875,29.13927459716797,21.79953384399414,17.69574737548828,40.459999084472656
2013-03-05,23.019784927368164,29.480131149291992,22.116548538208008,17.997159957885742,41.459999084472656
2013-03-06,22.808673858642578,29.81267738342285,22.347455978393555,18.104110717773438,41.290000915527344
2013-03-07,22.84926986694336,29.879179000854492,22.797542572021484,18.191621780395508,41.5
2013-03-08,22.735593795776367,29.6879825592041,22.96192169189453,18.065221786499023,41.5
2013-03-11,22.630033493041992,29.829309463500977,22.938438415527344,18.599979400634766,41.47999954223633
2013-03-12,22.66251564025879,29.4551944732666,22.809284210205078,18.716657638549805,41.400001525878906
2013-03-13,22.670631408691406,29.579896926879883,22.93060874938965,18.415246963500977,41.59000015258789
2013-03-14,22.84926986694336,30.17847442626953,22.574453353881836,18.804161071777344,41.619998931884766
2013-03-15,22.768068313598633,30.21173667907715,22.566625595092773,18.356910705566406,41.380001068115234
2013-03-18,22.816791534423828,29.962324142456055,22.28092384338379,18.191621780395508,41.060001373291016
2013-03-19,22.881752014160156,29.671342849731445,22.241788864135742,16.674837112426758,40.75
2013-03-20,22.99542999267578,29.73784828186035,22.476606369018555,16.859577178955078,42.459999084472656
2013-03-21,22.82491111755371,26.85301971435547,22.32788848876953,17.209604263305664,42.18000030517578
2013-03-22,22.938583374023438,26.58698844909668,22.457042694091797,17.472124099731445,42.970001220703125
2013-03-25,22.86550521850586,25.9800968170166,22.18699836730957,17.073474884033203,42.4900016784668
2013-03-26,22.86550521850586,26.22119140625,22.32788848876953,17.27766227722168,42.75
2013-03-27,23.036027908325195,26.56204605102539,22.273096084594727,17.297107696533203,42.65999984741211
2013-03-28,23.23090362548828,26.877975463867188,22.28875732421875,17.209604263305664,43.52000045776367
2013-04-01,23.23090362548828,26.944477081298828,22.2574405670166,17.423507690429688,43.380001068115234
2013-04-02,23.38518524169922,27.218822479248047,22.80145263671875,17.06375503540039,43.849998474121094
2013-04-03,23.190303802490234,26.936166763305664,22.582284927368164,16.762346267700195,43.70000076293945
2013-04-04,23.222789764404297,26.91122055053711,22.742752075195312,16.772066116333008,44.209999084472656
2013-04-05,23.303977966308594,26.628559112548828,22.621416091918945,16.869298934936523,43.380001068115234
2013-04-08,23.21466064453125,26.902910232543945,22.746658325195312,16.791515350341797,43.790000915527344
2013-04-09,24.042890548706055,27.468225479125977,22.46878433227539,16.96652603149414,44.16999816894531
2013-04-10,24.586917877197266,28.041872024536133,22.621416091918945,17.30682945251465,44.70000076293945
2013-04-11,23.498859405517578,27.950420379638672,22.92669105529785,17.141542434692383,45.209999084472656
2013-04-12,23.377065658569336,27.817407608032227,23.12629508972168,17.09292984008789,45.029998779296875
2013-04-15,23.295867919921875,27.26871109008789,22.58619499206543,16.441490173339844,44.599998474121094
2013-04-16,23.523216247558594,27.784141540527344,22.918861389160156,16.888744354248047,45.279998779296875
2013-04-17,23.409543991088867,27.010988235473633,22.766233444213867,16.53872299194336,44.900001525878906
2013-04-18,23.377065658569336,26.70338249206543,22.590106964111328,16.470657348632812,44.459999084472656
2013-04-19,24.172805786132812,26.91122055053711,22.856245040893555,16.616504669189453,44.7400016784668
2013-04-22,25.033517837524414,27.035921096801758,22.95017433166504,16.80124282836914,44.529998779296875
2013-04-23,24.84676170349121,26.986045837402344,23.243711471557617,16.937362670898438,44.869998931884766
2013-04-24,25.788652420043945,27.027616500854492,23.415918350219727,17.30682945251465,44.66999816894531
2013-04-25,25.93480682373047,26.828086853027344,23.678129196166992,17.442956924438477,45.04999923706055
2013-04-26,25.813018798828125,26.902910232543945,23.482444763183594,17.384611129760742,44.90999984741211
2013-04-29,26.478851318359375,26.803138732910156,23.70944595336914,17.27766227722168,45.060001373291016
2013-04-30,26.876720428466797,27.252073287963867,23.811199188232422,17.122093200683594,45.08000183105469
2013-05-01,26.568164825439453,27.5679931640625,23.537233352661133,16.8206844329834,44.709999084472656
2013-05-02,26.92544174194336,28.008623123168945,23.63116455078125,17.054035186767578,45.689998626708984
2013-05-03,27.193395614624023,27.750898361206055,24.21431541442871,17.462392807006836,47.0099983215332
2013-05-06,27.40450668334961,27.858970642089844,24.453046798706055,17.78325843811035,46.4900016784668
2013-05-07,27.047237396240234,27.651138305664062,24.42163848876953,17.899932861328125,45.599998474121094
2013-05-08,26.787397384643555,27.817407608032227,24.50802993774414,20.962656021118164,45.31999969482422
2013-05-09,26.519447326660156,28.016929626464844,24.48839569091797,21.040437698364258,43.970001220703125
2013-05-10,26.54380226135254,28.282970428466797,24.77898597717285,21.85716438293457,44.02000045776367
2013-05-13,26.819881439208984,28.083436965942383,24.669029235839844,21.137666702270508,43.61000061035156
2013-05-14,27.416772842407227,27.991992950439453,24.943920135498047,21.789106369018555,44.040000915527344
2013-05-15,27.67844009399414,28.25802993774414,25.159893035888672,22.012731552124023,45.06999969482422
2013-05-16,27.86650848388672,28.573944091796875,24.95570182800293,21.409915924072266,44.560001373291016
2013-05-17,28.512475967407227,29.122648239135742,25.183462142944336,21.594646453857422,44.61000061035156
2013-05-20,28.684186935424805,29.01457405090332,25.065656661987305,21.18628692626953,44.290000915527344
2013-05-21,28.496116638183594,29.180843353271484,25.230587005615234,21.361295700073242,44.02000045776367
2013-05-22,28.29987907409668,28.366100311279297,25.191312789916992,21.147390365600586,43.16999816894531
2013-05-23,27.923748016357422,28.457551956176758,24.943920135498047,22.02245330810547,42.77000045776367
2013-05-24,28.021873474121094,28.30790901184082,24.881084442138672,22.139131546020508,42.43000030517578
2013-05-28,28.635129928588867,28.70696258544922,25.234514236450195,22.61555290222168,42.90999984741211
2013-05-29,28.520647048950195,28.598892211914062,24.987119674682617,22.518325805664062,42.599998474121094
2013-05-30,28.643310546875,28.54900360107422,24.924280166625977,22.70306396484375,43.189998626708984
2013-05-31,28.53700828552246,28.083436965942383,24.794694900512695,22.353036880493164,42.90999984741211
2013-06-03,29.101200103759766,28.59056854248047,24.92035675048828,22.353036880493164,43.459999084472656
2013-06-04,28.610593795776367,28.39936065673828,24.869304656982422,22.090517044067383,44.38999938964844
2013-06-05,28.43889045715332,28.366100311279297,24.48054313659668,22.24608039855957,43.84000015258789
2013-06-06,28.5860595703125,27.725948333740234,24.747568130493164,22.635000228881836,43.56999969482422
2013-06-07,29.1666259765625,28.108383178710938,25.540809631347656,22.95585823059082,44.119998931884766
2013-06-10,29.003076553344727,28.30790901184082,25.96099281311035,22.23636245727539,44.09000015258789
2013-06-11,28.487939834594727,27.90885353088379,25.69003677368164,21.973844528198242,43.119998931884766
2013-06-12,28.618770599365234,27.867290496826172,25.30911636352539,20.943206787109375,42.720001220703125
2013-06-13,28.389816284179688,28.474180221557617,25.906023025512695,20.894594192504883,43.29999923706055
2013-06-14,28.12816619873047,28.075122833251953,25.760723114013672,21.205732345581055,42.84000015258789
2013-06-17,28.618770599365234,28.490814208984375,25.929576873779297,21.808549880981445,43.38999938964844
2013-06-18,28.602420806884766,28.598892211914062,26.34975814819336,22.39193344116211,43.36000061035156
2013-06-19,28.283525466918945,28.341169357299805,26.078811645507812,22.207195281982422,45.779998779296875
2013-06-20,27.384078979492188,27.609561920166016,25.611495971679688,21.53631019592285,44.900001525878906
2013-06-21,27.20419692993164,25.057283401489258,25.40337371826172,21.371015548706055,44.77000045776367
2013-06-24,27.5721492767334,25.08222198486328,25.136337280273438,21.011268615722656,43.599998474121094
2013-06-25,27.5312557220459,24.907636642456055,25.423006057739258,21.176555633544922,44.369998931884766
2013-06-26,28.0872802734375,25.057283401489258,25.839262008666992,21.18628692626953,45.68000030517578
2013-06-27,28.308053970336914,25.31500244140625,25.796062469482422,21.594646453857422,45.93000030517578
2013-06-28,28.24263572692871,25.531150817871094,25.72538185119629,22.353036880493164,45.560001373291016
2013-07-01,28.095457077026367,25.03234100341797,26.01204490661621,22.53776741027832,46.2400016784668
2013-07-02,27.752038955688477,25.024028778076172,26.228029251098633,22.868350982666016,46.029998779296875
2013-07-03,27.809261322021484,25.522844314575195,26.42830467224121,22.664165496826172,46.41999816894531
2013-07-05,27.972808837890625,25.930206298828125,26.593233108520508,23.16976547241211,47.0
2013-07-08,28.0709228515625,26.31264305114746,26.817073822021484,22.887802124023438,46.630001068115234
2013-07-09,28.0872802734375,26.204561233520508,26.754228591918945,22.91696548461914,47.2599983215332
2013-07-10,28.373470306396484,26.06269073486328,26.742450714111328,23.23781967163086,47.25
2013-07-11,29.182966232299805,26.58844757080078,27.229400634765625,23.59756851196289,47.9900016784668
2013-07-12,29.1666259765625,26.07938003540039,27.37862777709961,23.646188735961914,48.38999938964844
2013-07-15,29.575450897216797,26.7136287689209,27.35504913330078,23.519784927368164,48.119998931884766
2013-07-16,29.6572265625,26.705280303955078,27.30008316040039,23.519784927368164,47.4900016784668
2013-07-17,29.223857879638672,26.83881187438965,26.781726837158203,23.150320053100586,48.040000915527344
2013-07-18,28.97855567932129,26.7136287689209,26.891681671142578,23.490617752075195,48.189998626708984
2013-07-19,25.675125122070312,26.58844757080078,27.013418197631836,23.59756851196289,48.06999969482422
2013-07-22,26.17391014099121,26.59679412841797,27.10373878479004,23.34478187561035,48.279998779296875
2013-07-23,26.0185489654541,26.763704299926758,26.569671630859375,23.16976547241211,48.06999969482422
2013-07-24,26.133028030395508,27.030757904052734,26.157344818115234,24.70598602294922,47.79999923706055
2013-07-25,25.666954040527344,27.01406478881836,26.76993751525879,23.957321166992188,47.790000915527344
2013-07-26,25.855012893676758,27.155941009521484,28.80803108215332,25.10462760925293,47.63999938964844
2013-07-29,25.78959846496582,27.105863571166992,28.45067024230957,24.774051666259766,47.16999816894531
2013-07-30,26.0430850982666,27.16427993774414,28.24646759033203,25.347700119018555,47.36000061035156
2013-07-31,26.03490447998047,26.99737548828125,27.99515151977539,25.396318435668945,47.279998779296875
2013-08-01,25.89590072631836,27.331186294555664,28.855146408081055,25.79495620727539,47.70000076293945
2013-08-02,26.075790405273438,27.180973052978516,29.149669647216797,25.833847045898438,47.45000076293945
2013-08-05,25.920427322387695,27.35621452331543,29.047574996948242,25.79495620727539,47.630001068115234
2013-08-06,25.822309494018555,27.53982925415039,28.669511795043945,25.707454681396484,47.38999938964844
2013-08-07,26.214792251586914,27.38961410522461,28.429283142089844,25.610219955444336,47.099998474121094
2013-08-08,26.893463134765625,27.55652618408203,28.724651336669922,25.901906967163086,47.5099983215332
2013-08-09,26.73811149597168,27.473058700561523,28.669511795043945,25.911632537841797,47.18000030517578
2013-08-12,26.877117156982422,27.748456954956055,28.720705032348633,25.94080352783203,47.20000076293945
2013-08-13,26.539512634277344,27.748456954956055,28.606502532958984,25.814407348632812,47.13999938964844
2013-08-14,26.638322830200195,28.01551628112793,28.29538345336914,25.921356201171875,46.84000015258789
2013-08-15,26.177194595336914,27.314496994018555,27.858247756958008,25.746339797973633,45.869998931884766
2013-08-16,26.1854248046875,27.04744529724121,27.846445083618164,26.144983291625977,45.400001525878906
2013-08-19,25.847816467285156,26.755361557006836,27.681041717529297,25.833847045898438,44.88999938964844
2013-08-20,26.037202835083008,26.872190475463867,27.82674217224121,26.008859634399414,45.06999969482422
2013-08-21,26.028974533081055,26.955642700195312,27.846445083618164,25.921356201171875,45.13999938964844
2013-08-22,26.671253204345703,27.039106369018555,28.3150691986084,27.010324478149414,45.68000030517578
2013-08-23,28.61457633972168,26.513341903686523,28.3426456451416,27.19506072998047,45.77000045776367
2013-08-26,28.120513916015625,26.989025115966797,28.30719757080078,27.088109970092773,46.060001373291016
2013-08-27,27.387649536132812,26.52168846130371,27.62984848022461,26.242210388183594,45.5
2013-08-28,27.190025329589844,26.421546936035156,27.944894790649414,26.378332138061523,45.529998779296875
2013-08-29,27.626441955566406,26.454923629760742,28.031532287597656,26.806140899658203,45.93000030517578
2013-08-30,27.5029296875,26.58844757080078,27.77162742614746,25.901906967163086,45.75
2013-09-03,26.251300811767578,26.72197914123535,28.196937561035156,26.601961135864258,45.880001068115234
2013-09-04,25.691370010375977,26.972335815429688,28.40960121154785,27.214506149291992,46.93000030517578
2013-09-05,25.716066360473633,26.92226791381836,28.3741512298584,26.913095474243164,46.72999954223633
2013-09-06,25.650192260742188,26.872190475463867,28.18511199951172,26.018583297729492,46.869998931884766
2013-09-09,26.07015037536621,27.331186294555664,28.527729034423828,26.35888671875,47.25
2013-09-10,26.671253204345703,27.422992706298828,29.22872543334961,26.203325271606445,48.02000045776367
2013-09-11,26.95946502685547,27.55652618408203,29.68947410583496,25.9699649810791,48.20000076293945
2013-09-12,26.918283462524414,27.364572525024414,29.799747467041016,25.658832550048828,47.63999938964844
2013-09-13,27.198257446289062,27.089170455932617,29.7603702545166,25.93108367919922,47.7599983215332
2013-09-16,27.008867263793945,27.514789581298828,29.63040542602539,26.21303939819336,48.13999938964844
2013-09-17,27.115917205810547,27.756803512573242,29.94546890258789,26.835308074951172,48.13999938964844
2013-09-18,27.437061309814453,28.26587677001953,30.453474044799805,26.11581039428711,52.58000183105469
2013-09-19,27.700571060180664,28.282569885253906,30.067523956298828,26.23248863220215,51.869998931884766
2013-09-20,27.00063705444336,28.416080474853516,29.976959228515625,25.804683685302734,52.310001373291016
2013-09-23,26.95946502685547,28.324289321899414,29.677669525146484,25.464378356933594,51.79999923706055
2013-09-24,26.720664978027344,28.07393455505371,30.146318435668945,25.814407348632812,51.41999816894531
2013-09-25,26.770065307617188,28.26587677001953,30.063602447509766,25.86301612854004,51.869998931884766
2013-09-26,26.984159469604492,28.21580696105957,30.394399642944336,25.42548942565918,52.099998474121094
2013-09-27,27.395889282226562,28.190767288208008,30.453474044799805,25.231027603149414,52.029998779296875
2013-09-30,27.40411376953125,27.68170166015625,30.31170082092285,24.84210968017578,51.939998626708984
2013-10-01,27.651161193847656,27.957094192504883,30.386526107788086,25.687997817993164,52.43000030517578
2013-10-02,27.931121826171875,28.10731315612793,30.39834213256836,24.91016960144043,51.52000045776367
2013-10-03,27.8817195892334,27.7401180267334,30.272327423095703,24.3851318359375,50.880001068115234
2013-10-04,27.898176193237305,27.815488815307617,30.481050491333008,25.046293258666992,51.56999969482422
2013-10-07,27.42058563232422,27.505598068237305,30.26838493347168,24.55042266845703,50.81999969482422
2013-10-08,27.181787490844727,27.111948013305664,29.744619369506836,23.403114318847656,49.58000183105469
2013-10-09,27.23119354248047,26.961185455322266,29.638288497924805,23.480894088745117,49.45000076293945
2013-10-10,27.79936981201172,27.63123893737793,30.370769500732422,24.521249771118164,51.16999816894531
2013-10-11,28.104049682617188,27.85736846923828,30.646446228027344,24.03510856628418,52.189998626708984
2013-10-14,28.367542266845703,27.874130249023438,30.756711959838867,23.908706665039062,52.630001068115234
2013-10-15,28.400482177734375,27.43021583557129,30.20931625366211,23.305883407592773,51.93000030517578
2013-10-16,28.524002075195312,27.656360626220703,30.73307991027832,23.539230346679688,51.90999984741211
2013-10-17,28.75456428527832,27.53072166442871,31.008750915527344,23.850366592407227,52.06999969482422
2013-10-18,28.787498474121094,27.55585289001465,31.233213424682617,24.336519241333008,52.630001068115234
2013-10-21,28.81220245361328,27.59773063659668,31.292295455932617,23.821205139160156,53.08000183105469
2013-10-22,28.474590301513672,27.55585289001465,31.85938262939453,24.53097915649414,53.16999816894531
2013-10-23,27.79936981201172,27.38834571838379,31.524646759033203,23.92815399169922,53.060001373291016
2013-10-24,27.766437530517578,27.698230743408203,31.130826950073242,24.054550170898438,54.209999084472656
2013-10-25,29.421550750732422,27.765247344970703,31.48920249938965,24.064273834228516,53.810001373291016
2013-10-28,29.28980255126953,27.756872177124023,30.9969482421875,24.142053604125977,53.93000030517578
2013-10-29,29.248626708984375,28.23427391052246,31.355300903320312,23.461454391479492,54.86000061035156
2013-10-30,29.26510238647461,28.08351707458496,31.831819534301758,25.279640197753906,54.099998474121094
2013-10-31,29.158050537109375,28.058393478393555,31.918460845947266,25.522720336914062,54.220001220703125
2013-11-01,29.256858825683594,28.08351707458496,31.650659561157227,24.91989517211914,54.61000061035156
2013-11-04,29.594463348388672,28.23427391052246,31.650659561157227,25.017118453979492,55.38999938964844
2013-11-05,30.170881271362305,28.058393478393555,32.28864669799805,24.851829528808594,54.790000915527344
2013-11-06,31.438980102539062,28.535799026489258,31.94995880126953,25.02684783935547,54.880001068115234
2013-11-07,30.879039764404297,28.47716522216797,31.13870620727539,24.628206253051758,53.16999816894531
2013-11-08,31.109590530395508,28.770328521728516,31.9775390625,24.987951278686523,54.84000015258789
2013-11-11,30.953157424926758,28.787073135375977,31.89484214782715,25.26991844177246,56.18000030517578
2013-11-12,30.763755798339844,29.0634708404541,31.847412109375,25.707454681396484,56.2400016784668
2013-11-13,31.422510147094727,29.314733505249023,32.18323516845703,25.687997817993164,57.54999923706055
2013-11-14,31.307231903076172,28.79545021057129,32.05681610107422,25.240745544433594,57.16999816894531
2013-11-15,31.159000396728516,29.247730255126953,32.07657241821289,23.393386840820312,57.349998474121094
2013-11-18,30.632001876831055,29.256107330322266,31.819765090942383,23.451730728149414,56.599998474121094
2013-11-19,30.482666015625,29.113718032836914,31.574804306030273,22.67389488220215,55.77000045776367
2013-11-20,30.76475715637207,29.105350494384766,31.483951568603516,22.36275863647461,55.939998626708984
2013-11-21,31.030256271362305,29.26447105407715,32.21088409423828,22.741947174072266,56.22999954223633
2013-11-22,31.17132568359375,29.17235565185547,32.13977813720703,22.498882293701172,56.40999984741211
2013-11-25,31.22937774658203,29.130460739135742,31.886932373046875,22.148853302001953,56.95000076293945
2013-11-26,30.988771438598633,29.256107330322266,32.202980041503906,21.896059036254883,56.70000076293945
2013-11-27,31.19618797302246,29.557628631591797,32.2464599609375,21.497417449951172,56.90999984741211
2013-11-29,31.635929107666016,29.557628631591797,32.18323516845703,21.555757522583008,56.779998779296875
2013-12-02,31.901416778564453,29.381744384765625,32.02916717529297,21.293235778808594,56.7599983215332
2013-12-03,31.7852725982666,29.373371124267578,31.823713302612305,20.943206787109375,56.400001525878906
2013-12-04,32.3079719543457,29.373371124267578,31.40887451171875,21.721050262451172,56.04999923706055
2013-12-05,31.528066635131836,29.189098358154297,31.49579429626465,20.427894592285156,55.040000915527344
2013-12-06,31.826763153076172,29.71677017211914,31.58271598815918,21.623815536499023,55.599998474121094
2013-12-09,32.11714553833008,29.81727409362793,31.49976348876953,21.575199127197266,55.439998626708984
2013-12-10,31.61932373046875,29.1472225189209,30.571308135986328,21.44880485534668,55.31999969482422
2013-12-11,31.204500198364258,28.94621467590332,30.184141159057617,20.495952606201172,54.63999938964844
2013-12-12,30.880910873413086,28.142147064208984,30.215734481811523,20.38899803161621,53.9900016784668
2013-12-13,30.441177368164062,27.832258224487305,30.16436004638672,21.604368209838867,60.88999938964844
2013-12-16,30.60711097717285,28.091896057128906,30.207834243774414,21.44880485534668,58.5
2013-12-17,30.30013084411621,28.167274475097656,30.061660766601562,22.11968421936035,57.66999816894531
2013-12-18,30.34992218017578,28.979719161987305,30.689828872680664,22.226634979248047,59.040000915527344
2013-12-19,30.076112747192383,30.65483283996582,30.480449676513672,22.771121978759766,58.130001068115234
2013-12-20,30.532445907592773,30.462196350097656,30.681926727294922,22.887802124023438,59.2599983215332
2013-12-23,30.38310432434082,30.931238174438477,30.942678451538086,23.198936462402344,59.470001220703125
2013-12-24,30.76475715637207,31.257883071899414,31.04145050048828,23.16976547241211,59.529998779296875
2013-12-26,31.063438415527344,31.56778335571289,31.163923263549805,23.01419448852539,59.58000183105469
2013-12-27,30.93899154663086,31.810667037963867,31.04145050048828,22.52804946899414,59.5099983215332
2013-12-30,30.93899154663086,31.819049835205078,31.03354835510254,22.25580406188965,59.54999923706055
2013-12-31,31.038557052612305,32.04519271850586,30.970335006713867,22.30442237854004,59.880001068115234
2014-01-02,30.831134796142578,31.693424224853516,30.488340377807617,22.19746971130371,59.290000915527344
2014-01-03,30.623708724975586,31.609413146972656,30.401432037353516,22.051624298095703,59.15999984741211
2014-01-06,29.976552963256836,31.48335838317871,30.093259811401367,21.90578269958496,58.119998931884766
2014-01-07,30.208860397338867,31.80265235900879,30.50414276123047,22.459989547729492,58.970001220703125
2014-01-08,29.669572830200195,31.693408966064453,30.82810401916504,22.664165496826172,58.900001525878906
2014-01-09,29.47874641418457,31.634607315063477,30.658227920532227,22.11968421936035,59.09000015258789
2014-01-10,29.901880264282227,32.02109909057617,30.685876846313477,22.372480392456055,59.529998779296875
2014-01-13,29.022424697875977,31.7186222076416,29.678422927856445,21.759933471679688,58.599998474121094
2014-01-14,29.686168670654297,32.105133056640625,29.812763214111328,21.83772087097168,60.369998931884766
2014-01-15,30.499256134033203,32.273170471191406,30.101167678833008,21.322406768798828,61.68000030517578
2014-01-16,30.60711097717285,32.172340393066406,29.74559211730957,20.943206787109375,61.630001068115234
2014-01-17,30.183992385864258,32.105133056640625,29.591514587402344,23.43228530883789,61.369998931884766
2014-01-21,30.00973892211914,32.02109909057617,29.097658157348633,23.646188735961914,60.849998474121094
2014-01-22,29.810609817504883,31.911865234375,29.077913284301758,23.500341415405273,61.77000045776367
2014-01-23,29.918474197387695,32.05472183227539,28.994930267333984,23.208654403686523,60.880001068115234
2014-01-24,30.540742874145508,31.180875778198242,29.623117446899414,23.17948341369629,59.09000015258789
2014-01-27,29.893585205078125,30.65993881225586,29.318904876708984,23.79203224182129,58.36000061035156
2014-01-28,30.092714309692383,31.172473907470703,29.192466735839844,24.180946350097656,59.11000061035156
2014-01-29,30.416284561157227,31.06325912475586,28.271934509277344,24.521249771118164,58.459999084472656
2014-01-30,30.582233428955078,31.424551010131836,28.41022491455078,25.308813095092773,59.38999938964844
2014-01-31,31.39531898498535,31.00442886352539,28.098106384277344,25.668554306030273,59.189998626708984
2014-02-03,30.26694107055664,30.113794326782227,27.248687744140625,25.357421875,58.09000015258789
2014-02-04,30.159080505371094,30.214628219604492,28.01803970336914,25.454648971557617,59.720001220703125
2014-02-05,29.7193546295166,30.206218719482422,27.954587936401367,25.435209274291992,61.0
2014-02-06,30.018035888671875,30.853181838989258,28.69618797302246,25.726900100708008,61.34000015258789
2014-02-07,30.333322525024414,31.248083114624023,29.3624267578125,26.446393966674805,62.880001068115234
2014-02-10,30.532445907592773,31.34052848815918,29.663835525512695,26.1352596282959,63.779998779296875
2014-02-11,30.839431762695312,31.794252395629883,29.544857025146484,26.650577545166016,63.970001220703125
2014-02-12,31.08833122253418,31.98749542236328,29.310880661010742,27.088109970092773,65.13999938964844
2014-02-13,31.204500198364258,32.28157424926758,29.62019920349121,26.79642105102539,67.04000091552734
2014-02-14,31.21278953552246,31.911865234375,29.75503158569336,26.815866470336914,68.33999633789062
2014-02-18,31.279661178588867,31.90347671508789,29.334672927856445,27.613140106201172,68.66000366210938
2014-02-19,31.354887008666992,31.819442749023438,29.076900482177734,27.1367244720459,67.98999786376953
2014-02-20,31.555500030517578,32.15553665161133,29.168106079101562,27.020044326782227,68.4800033569336
2014-02-21,31.747772216796875,32.0127067565918,28.77549934387207,27.224224090576172,68.22000122070312
2014-02-24,31.505352020263672,32.04630661010742,28.77549934387207,27.185338973999023,68.7699966430664
2014-02-25,31.379972457885742,32.13872146606445,27.978384017944336,27.321460723876953,68.01000213623047
2014-02-26,31.32145118713379,32.34880065917969,28.46617317199707,27.486745834350586,67.81999969482422
2014-02-27,31.6474666595459,32.72689437866211,28.62876319885254,27.749271392822266,69.91999816894531
2014-02-28,32.02362060546875,32.8613395690918,28.140979766845703,27.79788589477539,68.62999725341797
2014-03-03,31.580581665039062,32.3571891784668,27.946653366088867,27.31173324584961,67.86000061035156
2014-03-04,32.107200622558594,33.1133918762207,28.418588638305664,28.01178741455078,68.5999984741211
2014-03-05,31.8564395904541,33.18904113769531,28.27581024169922,28.284025192260742,68.9000015258789
2014-03-06,31.889883041381836,33.155418395996094,28.82706069946289,28.400707244873047,68.91999816894531
2014-03-07,31.68089485168457,32.626075744628906,28.97774887084961,28.56599235534668,68.5199966430664
2014-03-10,31.614013671875,32.65129089355469,29.17206382751465,28.400707244873047,68.04000091552734
2014-03-11,31.781198501586914,32.68489456176758,29.75503158569336,28.974355697631836,67.47000122070312
2014-03-12,31.99018096923828,32.365604400634766,29.99298858642578,29.149370193481445,68.05999755859375
2014-03-13,31.672548294067383,31.634607315063477,29.51709747314453,28.886852264404297,67.08000183105469
2014-03-14,31.51371192932129,31.59259033203125,29.45363998413086,28.779897689819336,67.19000244140625
2014-03-17,31.806291580200195,32.11353302001953,29.417953491210938,29.26604461669922,68.16999816894531
2014-03-18,33.06013870239258,32.63447570800781,29.584510803222656,29.402172088623047,68.5199966430664
2014-03-19,32.82608413696289,32.390804290771484,30.104034423828125,29.39244270324707,67.62999725341797
2014-03-20,33.712162017822266,32.23957061767578,30.52043342590332,29.411888122558594,68.48999786376953
2014-03-21,33.570045471191406,31.508573532104492,30.421289443969727,28.925745010375977,67.13999938964844
2014-03-24,33.8542594909668,32.07992172241211,30.04850196838379,28.196523666381836,65.23999786376953
2014-03-25,33.72050857543945,32.2647819519043,29.588476181030273,28.478487014770508,65.80999755859375
2014-03-26,33.26076126098633,32.836124420166016,29.164142608642578,27.7784366607666,63.900001525878906
2014-03-27,32.90130615234375,32.9705696105957,29.108617782592773,27.690929412841797,64.52999877929688
2014-03-28,33.68706512451172,33.24782943725586,29.227596282958984,27.739543914794922,64.87999725341797
2014-03-31,34.26384735107422,34.373748779296875,29.10070037841797,28.20624351501465,65.73999786376953
2014-04-01,34.6233024597168,34.861087799072266,29.350526809692383,28.653501510620117,65.93000030517578
2014-04-02,34.56477737426758,34.55860137939453,29.215700149536133,28.32292366027832,65.4800033569336
2014-04-03,34.28056335449219,33.92002868652344,28.98567771911621,28.07012367248535,62.45000076293945
2014-04-04,33.32762908935547,33.69248962402344,28.374961853027344,27.807607650756836,61.31999969482422
2014-04-07,33.26911544799805,33.2626838684082,27.9307861328125,27.5548095703125,60.470001220703125
2014-04-08,33.28584289550781,33.91159439086914,28.347198486328125,27.934001922607422,61.81999969482422
2014-04-09,33.82918167114258,34.450950622558594,28.743770599365234,27.379796981811523,63.459999084472656
2014-04-10,32.90130615234375,33.53236770629883,27.847511291503906,26.465839385986328,61.4900016784668
2014-04-11,32.77592849731445,32.849761962890625,27.256607055664062,25.93108367919922,60.5
2014-04-14,32.7508544921875,33.34695816040039,27.48662567138672,26.524173736572266,61.38999938964844
2014-04-15,33.227325439453125,33.481807708740234,27.320070266723633,26.70891571044922,62.11000061035156
2014-04-16,33.77067184448242,33.81889343261719,28.07356071472168,26.825590133666992,63.040000915527344
2014-04-17,33.44466781616211,33.776763916015625,27.81975555419922,26.806140899658203,64.04000091552734
2014-04-21,33.38616180419922,33.91159439086914,27.950626373291016,27.20478630065918,64.30000305175781
2014-04-22,33.42793655395508,34.09700012207031,28.21632194519043,27.340904235839844,64.4800033569336
2014-04-23,33.17717361450195,33.53236770629883,27.914928436279297,27.370073318481445,64.38999938964844
2014-04-24,33.31928253173828,33.4986572265625,28.192527770996094,27.321460723876953,63.220001220703125
2014-04-25,33.36107635498047,33.24583053588867,28.33529281616211,27.428409576416016,61.61000061035156
2014-04-28,34.163551330566406,33.81889343261719,28.129093170166016,27.399240493774414,60.400001525878906
2014-04-29,33.862613677978516,33.80204391479492,28.014076232910156,27.282562255859375,60.90999984741211
2014-04-30,33.77067184448242,34.450950622558594,28.006141662597656,27.51591682434082,61.689998626708984
2014-05-01,33.43629455566406,34.52679443359375,28.204431533813477,27.943729400634766,62.59000015258789
2014-05-02,33.17717361450195,34.39194869995117,27.998207092285156,27.710372924804688,61.560001373291016
2014-05-05,32.959815979003906,34.72904586791992,28.125112533569336,27.963172912597656,61.439998626708984
2014-05-06,32.650550842285156,34.560489654541016,27.695240020751953,27.272842407226562,59.439998626708984
2014-05-07,32.951473236083984,34.60264205932617,27.758928298950195,33.00938034057617,58.630001068115234
2014-05-08,33.135379791259766,34.44251251220703,27.695240020751953,33.33022689819336,59.08000183105469
2014-05-09,33.05177307128906,34.585784912109375,27.977848052978516,34.146949768066406,59.59000015258789
2014-05-12,33.411224365234375,35.3526725769043,28.320159912109375,34.33169937133789,60.70000076293945
2014-05-13,34.02573013305664,35.302101135253906,28.32413673400879,34.06918716430664,60.810001373291016
2014-05-14,33.87421798706055,35.29368209838867,27.930076599121094,33.18439483642578,60.880001068115234
2014-05-15,33.3354606628418,35.3358154296875,27.80271339416504,32.85380935668945,60.20000076293945
2014-05-16,33.52909469604492,35.133567810058594,28.236574172973633,33.48579788208008,61.63999938964844
2014-05-19,33.461734771728516,35.5296516418457,28.268407821655273,33.61219787597656,62.20000076293945
2014-05-20,33.402809143066406,35.02400588989258,27.953960418701172,33.42746353149414,61.709999084472656
2014-05-21,33.96682357788086,35.12512969970703,28.021631240844727,33.6413688659668,62.470001220703125
2014-05-22,33.7563591003418,34.990299224853516,28.419666290283203,33.61219787597656,63.150001525878906
2014-05-23,33.7732048034668,35.52122497558594,28.650514602661133,33.913612365722656,64.30000305175781
2014-05-27,33.83212661743164,35.3189582824707,29.319223403930664,34.108070373535156,65.25
2014-05-28,33.68061065673828,35.032447814941406,29.163976669311523,33.73859786987305,64.83999633789062
2014-05-29,33.95840072631836,35.5633430480957,29.10029411315918,33.796939849853516,65.44999694824219
2014-05-30,34.46348190307617,35.411659240722656,29.152050018310547,34.156681060791016,64.54000091552734
2014-06-02,34.33720779418945,35.369510650634766,29.394847869873047,33.60248565673828,64.63999938964844
2014-06-03,33.91630935668945,35.23468017578125,29.52619743347168,33.76777267456055,64.08999633789062
2014-06-04,33.94155502319336,35.1419792175293,29.721227645874023,33.98167419433594,64.16999816894531
2014-06-05,34.690765380859375,35.47909164428711,29.74114418029785,33.81638717651367,65.47000122070312
2014-06-06,34.91806411743164,35.925724029541016,29.983938217163086,33.884437561035156,66.91000366210938
2014-06-09,34.74127960205078,35.9847297668457,29.92423439025879,33.94278335571289,66.93000030517578
2014-06-10,34.606597900390625,35.951011657714844,29.69336700439453,34.710899353027344,66.95999908447266
2014-06-11,34.39613723754883,35.866737365722656,29.772981643676758,34.526153564453125,67.45999908447266
2014-06-12,34.16043472290039,35.39480972290039,29.438634872436523,34.25392150878906,66.55999755859375
2014-06-13,34.707611083984375,35.51278305053711,29.729190826416016,34.69145202636719,66.81999969482422
2014-06-16,34.93489456176758,35.52122497558594,29.88840103149414,34.710899353027344,67.62000274658203
2014-06-17,35.08641815185547,35.664493560791016,29.97597312927246,35.77069091796875,67.54000091552734
2014-06-18,35.0611572265625,36.07741928100586,30.075481414794922,36.12071990966797,73.08000183105469
2014-06-19,34.943302154541016,35.8245964050293,30.740209579467773,36.04293441772461,72.94999694824219
2014-06-20,35.08641815185547,34.400386810302734,30.489437103271484,36.11098098754883,72.61000061035156
2014-06-23,35.347373962402344,34.6363525390625,30.54118537902832,35.87764358520508,72.88999938964844
2014-06-24,35.14534378051758,34.34981918334961,30.81981658935547,35.35260009765625,72.37999725341797
2014-06-25,35.381038665771484,34.09700012207031,31.094457626342773,35.49845886230469,72.44000244140625
2014-06-26,35.12008285522461,33.83573913574219,31.070568084716797,35.265098571777344,72.8499984741211
2014-06-27,35.566246032714844,34.155982971191406,31.022802352905273,34.89562225341797,72.0
2014-06-30,35.103248596191406,34.155982971191406,30.799898147583008,34.87617874145508,72.36000061035156
2014-07-01,35.24636459350586,34.35824203491211,31.078542709350586,35.40122604370117,73.01000213623047
2014-07-02,35.2716178894043,34.50994110107422,31.122314453125,35.74153518676758,72.76000213623047
2014-07-03,35.18742370605469,34.83860397338867,31.46860122680664,35.8970947265625,73.56999969482422
2014-07-07,35.347373962402344,34.559696197509766,31.321332931518555,35.158145904541016,72.68000030517578
2014-07-08,35.170597076416016,34.280792236328125,31.26958465576172,34.312252044677734,71.13999938964844
2014-07-09,35.07799530029297,34.02721405029297,31.62383270263672,34.5358772277832,71.56999969482422
2014-07-10,35.0948371887207,34.07794189453125,31.385021209716797,34.856727600097656,71.69999694824219
2014-07-11,35.43156051635742,33.917354583740234,31.285507202148438,34.973411560058594,72.26000213623047
2014-07-14,35.4736328125,34.22162628173828,31.26958465576172,35.5373420715332,72.87999725341797
2014-07-15,35.7346076965332,34.26387405395508,31.400922775268555,35.177589416503906,72.29000091552734
2014-07-16,37.10675048828125,34.02721405029297,31.337251663208008,36.091548919677734,72.37999725341797
2014-07-17,37.48554611206055,33.731407165527344,30.744176864624023,36.033206939697266,71.38999938964844
2014-07-18,37.620243072509766,33.80747604370117,31.022802352905273,37.31664276123047,72.55000305175781
2014-07-21,37.74652099609375,33.81591796875,30.89144515991211,37.35552978515625,71.95999908447266
2014-07-22,37.73809814453125,34.17090606689453,31.341230392456055,37.35552978515625,72.26000213623047
2014-07-23,37.77177047729492,34.06948471069336,31.50045394897461,35.04146957397461,72.04000091552734
2014-07-24,37.37613296508789,34.20470428466797,32.02186965942383,35.819313049316406,72.80000305175781
2014-07-25,37.460304260253906,34.08638381958008,31.341230392456055,35.04146957397461,72.62000274658203
2014-07-28,37.01415252685547,34.27232360839844,31.189990997314453,34.117794036865234,72.69999694824219
2014-07-29,36.94680404663086,34.3399543762207,31.30541229248047,33.388580322265625,72.2699966430664
2014-07-30,36.68584442138672,34.618858337402344,31.404926300048828,33.544132232666016,71.88999938964844
2014-07-31,36.33228302001953,34.1370964050293,30.919315338134766,32.669071197509766,69.25
2014-08-01,36.07973861694336,33.477848052978516,30.640687942504883,32.776023864746094,68.94000244140625
2014-08-04,36.50906753540039,33.89199447631836,30.859609603881836,33.233009338378906,68.7699966430664
2014-08-05,36.26495361328125,33.7736701965332,30.667919158935547,33.18439483642578,68.97000122070312
2014-08-06,35.978721618652344,33.942710876464844,30.803699493408203,33.320518493652344,68.2300033569336
2014-08-07,36.39120864868164,33.528560638427734,30.635971069335938,32.38711166381836,67.83000183105469
2014-08-08,36.36595916748047,33.75676727294922,30.999391555786133,33.339962005615234,68.38999938964844
2014-08-11,36.36595916748047,33.73984909057617,31.0992374420166,34.09834289550781,68.97000122070312
2014-08-12,36.635345458984375,33.722957611083984,31.079267501831055,34.56504821777344,68.79000091552734
2014-08-13,37.10675048828125,34.01032638549805,30.847633361816406,35.40122604370117,69.79000091552734
2014-08-14,37.26668167114258,33.99342346191406,30.60001564025879,35.576236724853516,70.05000305175781
2014-08-15,37.70443344116211,34.04413986206055,30.71584129333496,35.138710021972656,70.06999969482422
2014-08-18,37.973812103271484,34.348392486572266,30.98741912841797,35.65401077270508,71.05999755859375
2014-08-19,38.39733123779297,34.99919128417969,31.199081420898438,35.984596252441406,72.05000305175781
2014-08-20,38.07545852661133,34.86396789550781,31.16312599182129,36.51935958862305,71.0199966430664
2014-08-21,38.304161071777344,35.14287567138672,30.939481735229492,36.71382141113281,71.7300033569336
2014-08-22,38.244873046875,35.18512725830078,30.86361312866211,37.102725982666016,72.04000091552734
2014-08-25,38.261802673339844,35.27809524536133,31.139175415039062,36.57769012451172,71.81999969482422
2014-08-26,38.12627410888672,35.36262512207031,31.06728744506836,36.51935958862305,71.52999877929688
2014-08-27,38.007686614990234,35.193572998046875,31.11920166015625,36.188785552978516,71.55000305175781
2014-08-28,38.01616668701172,34.88086700439453,31.07526969909668,36.072105407714844,71.37000274658203
2014-08-29,38.48204803466797,35.10062026977539,31.07526969909668,36.79159927368164,71.9000015258789
2014-09-02,38.19404220581055,35.21048355102539,30.9434757232666,36.956886291503906,72.0999984741211
2014-09-03,38.08391571044922,35.413326263427734,30.667919158935547,36.840206146240234,72.43000030517578
2014-09-04,38.338035583496094,35.117523193359375,30.81568145751953,36.32489776611328,72.45999908447266
2014-09-05,38.88863754272461,34.88086700439453,31.131183624267578,36.64574432373047,73.12999725341797
2014-09-08,39.36299133300781,34.348392486572266,31.01935577392578,36.94717025756836,73.38999938964844
2014-09-09,39.608638763427734,34.40755844116211,30.799699783325195,36.41239929199219,72.41999816894531
2014-09-10,39.67640686035156,34.40755844116211,30.83564567565918,36.76242446899414,72.33000183105469
2014-09-11,39.811927795410156,34.3822021484375,30.400333404541016,36.986061096191406,72.41999816894531
2014-09-12,39.55780792236328,34.230072021484375,30.1407413482666,36.13044357299805,70.9800033569336
2014-09-15,39.16815948486328,34.36528396606445,29.92107582092285,35.51789474487305,70.2699966430664
2014-09-16,39.608638763427734,34.81324005126953,29.988964080810547,35.994319915771484,70.7300033569336
2014-09-17,39.405338287353516,34.77098846435547,30.088815689086914,35.40122604370117,67.30000305175781
2014-09-18,39.54086685180664,35.117523193359375,30.24458885192871,36.21794128417969,67.91000366210938
2014-09-19,40.252403259277344,33.63844299316406,30.3803653717041,35.69290542602539,66.94000244140625
2014-09-22,39.86274337768555,33.45249938964844,29.793291091918945,35.59567642211914,67.19999694824219
2014-09-23,39.43922805786133,32.81861114501953,29.53768539428711,35.65401077270508,67.79000091552734
2014-09-24,39.879695892333984,33.317264556884766,30.08082389831543,35.84847640991211,69.02999877929688
2014-09-25,38.99876022338867,32.75944519042969,29.601591110229492,34.82756805419922,67.70999908447266
2014-09-26,39.31216049194336,32.92002487182617,30.020915985107422,34.96369171142578,68.36000061035156
2014-09-29,39.337589263916016,32.488975524902344,30.060861587524414,34.78868103027344,69.22000122070312
2014-09-30,39.26980209350586,32.3537483215332,30.136743545532227,34.62337875366211,69.19000244140625
2014-10-01,38.880165100097656,32.193172454833984,29.797283172607422,34.166404724121094,67.54000091552734
2014-10-02,38.761573791503906,32.345306396484375,29.733373641967773,34.603939056396484,67.05999755859375
2014-10-03,39.04111099243164,32.86931610107422,30.308473587036133,34.9539680480957,68.4000015258789
2014-10-06,39.04111099243164,33.13212966918945,30.012941360473633,35.00257873535156,67.66999816894531
2014-10-07,38.566741943359375,32.60649108886719,29.573627471923828,33.952510833740234,65.95999908447266
2014-10-08,39.62557601928711,33.08126449584961,30.05687141418457,34.30252456665039,67.98999786376953
2014-10-09,38.837806701660156,32.8438835144043,29.745363235473633,34.040000915527344,65.66000366210938
2014-10-10,37.29615783691406,32.30127716064453,29.73737907409668,33.57331466674805,63.290000915527344
2014-10-13,36.97427749633789,32.4115104675293,28.83079719543457,32.309329986572266,61.68000030517578
2014-10-14,37.04204177856445,32.60649108886719,29.05044937133789,31.832904815673828,60.880001068115234
2014-10-15,36.61002731323242,32.470848083496094,28.90666961669922,32.455177307128906,62.189998626708984
2014-10-16,36.20344161987305,31.843469619750977,29.01051902770996,31.71622657775879,62.86000061035156
2014-10-17,36.957332611083984,32.10628128051758,29.369943618774414,33.33022689819336,64.5199966430664
2014-10-20,37.3385124206543,32.04696273803711,29.833219528198242,33.96222686767578,64.68000030517578
2014-10-21,38.01616668701172,32.51325225830078,29.697446823120117,34.701168060302734,66.43000030517578
2014-10-22,37.59263610839844,31.911298751831055,29.793291091918945,34.07890319824219,65.04000091552734
2014-10-23,38.134742736816406,32.4115104675293,29.88912582397461,35.23592758178711,65.91999816894531
2014-10-24,39.07497787475586,32.83541488647461,30.276535034179688,35.34288024902344,67.01000213623047
2014-10-27,38.88863754272461,32.58107376098633,30.340423583984375,35.84847640991211,67.02999877929688
2014-10-28,39.37993621826172,32.767578125,30.771753311157227,36.44157409667969,68.37000274658203
2014-10-29,39.49005126953125,32.708229064941406,30.568063735961914,37.83195114135742,67.93000030517578
2014-10-30,39.007225036621094,32.640403747558594,30.879587173461914,38.745906829833984,68.56999969482422
2014-10-31,39.76957702636719,33.1067008972168,30.176685333251953,39.83488845825195,70.12000274658203
2014-11-03,40.18463897705078,33.05583190917969,30.392337799072266,39.82515335083008,69.91000366210938
2014-11-04,40.294769287109375,33.17451858520508,30.635971069335938,39.51402282714844,71.06999969482422
2014-11-05,40.540401458740234,33.3101806640625,30.61599349975586,39.60152816772461,71.37000274658203
2014-11-06,41.2519416809082,33.75102996826172,30.93149185180664,39.669586181640625,72.0999984741211
2014-11-07,41.2349853515625,33.861244201660156,31.06728744506836,39.80571365356445,71.5999984741211
2014-11-10,41.41287612915039,34.29362869262695,31.139480590820312,40.11684036254883,71.69999694824219
2014-11-11,41.395938873291016,34.310569763183594,31.17154884338379,40.00016403198242,71.69999694824219
2014-11-12,41.3196907043457,34.03080749511719,31.219675064086914,40.058509826660156,71.41000366210938
2014-11-13,42.022769927978516,34.522525787353516,31.235719680786133,40.30158615112305,71.72000122070312
2014-11-14,41.997337341308594,34.624263763427734,31.32795524597168,40.32102584838867,71.41999816894531
2014-11-17,41.895694732666016,34.89558410644531,31.211650848388672,40.252960205078125,69.97000122070312
2014-11-18,41.54623031616211,34.9803466796875,31.107378005981445,41.6822395324707,70.83000183105469
2014-11-19,41.102962493896484,34.69209671020508,31.207643508911133,42.24617385864258,70.81999969482422
2014-11-20,41.51213073730469,34.69209671020508,31.360036849975586,41.9544792175293,70.44000244140625
2014-11-21,40.89838409423828,35.132957458496094,31.985628128051758,42.29478073120117,71.31999969482422
2014-11-24,40.56594467163086,35.12446594238281,32.2904052734375,42.39202117919922,71.22000122070312
2014-11-25,40.46366500854492,34.887088775634766,32.16608810424805,42.790653228759766,72.0
2014-11-26,40.702335357666016,35.497493743896484,31.961572647094727,42.46979522705078,72.9800033569336
2014-11-28,40.75348663330078,35.955326080322266,32.567108154296875,42.712867736816406,73.68000030517578
2014-12-01,41.44393539428711,35.675559997558594,32.42274475097656,41.9544792175293,73.75
2014-12-02,41.30754852294922,35.76033401489258,32.230247497558594,42.42117691040039,73.47000122070312
2014-12-03,40.9836311340332,35.65859603881836,32.270347595214844,44.715789794921875,73.18000030517578
2014-12-04,41.63145446777344,35.514469146728516,32.607200622558594,45.201942443847656,73.02999877929688
2014-12-05,41.27345275878906,35.54838562011719,33.5135383605957,45.36722946166992,72.4000015258789
2014-12-08,40.65972137451172,35.073604583740234,33.605770111083984,44.7352409362793,72.05000305175781
2014-12-09,40.56594467163086,35.497493743896484,33.29696273803711,44.31716537475586,71.56999969482422
2014-12-10,39.97780227661133,34.69209671020508,33.14859390258789,43.519866943359375,69.8499984741211
2014-12-11,40.20792770385742,34.55644607543945,33.33308410644531,43.869895935058594,69.73999786376953
2014-12-12,40.02042007446289,33.86973190307617,33.38520431518555,43.65599822998047,76.0199966430664
2014-12-15,39.781734466552734,34.853172302246094,32.438785552978516,44.19075393676758,73.04000091552734
2014-12-16,38.494606018066406,34.44623565673828,31.732988357543945,44.19075393676758,72.31999969482422
2014-12-17,38.98899841308594,34.89558410644531,32.258323669433594,44.78386688232422,74.0
2014-12-18,40.50628662109375,38.4478759765625,32.093910217285156,45.9311637878418,74.88999938964844
2014-12-19,40.6256217956543,38.99893569946289,31.857297897338867,46.14506912231445,74.44999694824219
2014-12-22,40.89838409423828,38.70219802856445,32.29841995239258,46.52425003051758,74.5
2014-12-23,41.29901885986328,39.007408142089844,32.65532684326172,46.51453399658203,74.37999725341797
2014-12-24,41.0347785949707,39.19392395019531,32.59117889404297,46.72844314575195,74.73999786376953
2014-12-26,40.813133239746094,39.083717346191406,32.81575012207031,46.990970611572266,74.66999816894531
2014-12-29,40.44660568237305,38.66828918457031,33.03630828857422,46.27146530151367,74.12999725341797
2014-12-30,40.08008575439453,38.43937683105469,32.799720764160156,46.067283630371094,73.08000183105469
2014-12-31,39.594207763671875,38.12569808959961,32.90398406982422,45.71725845336914,72.69999694824219
2015-01-02,39.858463287353516,37.583099365234375,32.65934753417969,45.5714225769043,72.33999633789062
2015-01-05,39.49192810058594,37.05602264404297,32.03374481201172,45.27972412109375,71.9800033569336
2015-01-06,38.91228485107422,36.67348098754883,31.773103713989258,44.686622619628906,70.52999877929688
2015-01-07,39.406681060791016,36.681983947753906,32.55508041381836,45.5130729675293,71.11000061035156
2015-01-08,40.56594467163086,36.903018951416016,33.080421447753906,46.796512603759766,72.91999816894531
2015-01-09,40.22498321533203,36.886024475097656,31.997655868530273,46.19368362426758,71.83999633789062
2015-01-12,39.72207260131836,36.78400802612305,32.17409896850586,45.75615310668945,71.12000274658203
2015-01-13,39.51749801635742,36.49496841430664,32.43076705932617,45.133872985839844,70.58999633789062
2015-01-14,39.17653274536133,36.6054801940918,32.25029754638672,45.6005859375,69.98999786376953
2015-01-15,38.76737594604492,36.23994445800781,31.913454055786133,45.3477897644043,70.29000091552734
2015-01-16,39.41521453857422,36.98802185058594,32.32651138305664,46.75761795043945,71.7300033569336
2015-01-20,39.543060302734375,37.31957244873047,32.571128845214844,46.48537826538086,71.48999786376953
2015-01-21,39.142433166503906,36.97103500366211,32.59919357299805,46.73816680908203,71.54000091552734
2015-01-22,40.17384338378906,37.44709396362305,33.180667877197266,47.9924201965332,73.4800033569336
2015-01-23,40.216461181640625,37.566097259521484,35.3782958984375,48.41051483154297,74.05999755859375
2015-01-26,40.0715446472168,37.31957244873047,35.33818817138672,48.109100341796875,72.73999786376953
2015-01-27,36.36359405517578,36.8945198059082,35.4263916015625,47.06874465942383,71.45999908447266
2015-01-28,35.110557556152344,36.29093551635742,35.11762619018555,53.09697341918945,70.25
2015-01-29,35.809532165527344,36.43546676635742,35.71113967895508,53.79701232910156,71.63999938964844
2015-01-30,34.43716812133789,35.610862731933594,35.10157775878906,53.340049743652344,70.12999725341797
2015-02-02,35.18729019165039,36.282432556152344,35.28605651855469,53.446990966796875,71.11000061035156
2015-02-03,35.46006393432617,36.588470458984375,35.616092681884766,53.00946044921875,71.91999816894531
2015-02-04,35.66462707519531,36.06140899658203,35.70061492919922,53.04834747314453,72.27999877929688
2015-02-05,36.1845817565918,36.690494537353516,36.07895278930664,54.82765197753906,73.0999984741211
2015-02-06,36.15049362182617,36.53746795654297,35.82135772705078,53.612281799316406,72.54000091552734
2015-02-09,36.10786437988281,36.8945198059082,35.74891662597656,52.77611541748047,72.33000183105469
2015-02-10,36.31244659423828,37.39606857299805,36.69878387451172,53.242801666259766,72.76000213623047
2015-02-11,36.12492370605469,36.86050796508789,36.54180908203125,53.427547454833984,73.01000213623047
2015-02-12,36.73012161254883,37.311065673828125,36.96040344238281,54.642921447753906,74.58999633789062
2015-02-13,37.394996643066406,37.34507751464844,36.85977554321289,54.82765197753906,76.51000213623047
2015-02-17,37.41218566894531,37.2685661315918,37.04088592529297,55.18739318847656,77.12999725341797
2015-02-18,37.3692626953125,37.48958969116211,37.43130874633789,56.01385498046875,77.7300033569336
2015-02-19,37.3434944152832,37.49809646606445,37.499732971191406,55.5568733215332,77.7300033569336
2015-02-20,37.65254211425781,37.209049224853516,37.63657760620117,56.07218933105469,78.55000305175781
2015-02-23,37.90149688720703,37.217559814453125,37.66475296020508,55.95551300048828,78.0999984741211
2015-02-24,37.8499870300293,37.30257034301758,37.612422943115234,56.033302307128906,77.68000030517578
2015-02-25,37.764137268066406,37.175052642822266,37.938446044921875,55.799949645996094,78.06999969482422
2015-02-26,37.82423782348633,37.311065673828125,38.05515670776367,56.13052749633789,78.95999908447266
2015-02-27,37.64396667480469,37.251564025878906,37.62853240966797,55.59577178955078,79.0999984741211
2015-03-02,37.66971969604492,37.430076599121094,37.9263801574707,55.85828399658203,79.79000091552734
2015-03-03,37.15462875366211,36.877525329589844,37.83379364013672,55.09989547729492,78.98999786376953
2015-03-04,36.96577835083008,37.07304382324219,37.45545196533203,55.61521530151367,77.62999725341797
2015-03-05,37.00869369506836,37.23455047607422,37.68487548828125,55.790225982666016,78.62000274658203
2015-03-06,36.36484146118164,36.02740478515625,37.11735534667969,54.79848098754883,77.55000305175781
2015-03-09,36.78548049926758,36.29093551635742,37.44740676879883,55.09989547729492,77.93000030517578
2015-03-10,36.081546783447266,35.55134582519531,37.10127258300781,53.5247802734375,76.01000213623047
2015-03-11,36.03861618041992,35.253814697265625,36.79537582397461,53.56366729736328,76.01000213623047
2015-03-12,35.21449279785156,35.38133239746094,37.584251403808594,53.534507751464844,77.4000015258789
2015-03-13,35.5235481262207,36.02740478515625,37.54803466796875,53.76785659790039,77.62000274658203
2015-03-16,35.67806625366211,36.903018951416016,37.85392379760742,54.2734489440918,78.33000183105469
2015-03-17,35.79825210571289,36.443939208984375,37.99076843261719,52.669158935546875,79.66000366210938
2015-03-18,36.48502731323242,37.51508712768555,38.57437515258789,54.088706970214844,76.88999938964844
2015-03-19,36.30474090576172,37.54059600830078,39.34715270996094,54.40957260131836,77.13999938964844
2015-03-20,36.81124496459961,37.75312042236328,39.226402282714844,55.69300079345703,77.36000061035156
2015-03-23,36.794071197509766,37.61710739135742,39.190181732177734,55.68327713012695,76.3499984741211
2015-03-24,36.82841491699219,37.15805435180664,39.41154098510742,56.35414505004883,75.44999694824219
2015-03-25,35.59221267700195,36.49496841430664,38.546199798583984,54.535972595214844,73.12999725341797
2015-03-26,35.377593994140625,36.545982360839844,38.26846694946289,54.526248931884766,72.97000122070312
2015-03-27,35.171566009521484,36.24843978881836,38.264461517333984,56.62640380859375,73.30999755859375
2015-03-30,35.1629638671875,36.92852020263672,38.63071060180664,57.82231903076172,73.5999984741211
2015-03-31,34.90543746948242,36.681983947753906,38.115543365478516,57.19032287597656,73.94000244140625
2015-04-01,34.95695114135742,36.50347137451172,37.439361572265625,55.69300079345703,75.06999969482422
2015-04-02,34.587806701660156,36.35844421386719,37.99076843261719,56.05274963378906,75.68000030517578
2015-04-06,35.66947937011719,36.64849090576172,38.043087005615234,55.537418365478516,76.2300033569336
2015-04-07,35.65230178833008,36.64849090576172,37.861976623535156,56.198585510253906,75.6500015258789
2015-04-08,35.55788040161133,36.77644348144531,38.32886505126953,56.538883209228516,75.44000244140625
2015-04-09,35.609375,36.85322952270508,38.606563568115234,55.90690612792969,76.33000183105469
2015-04-10,35.81542205810547,37.1176872253418,38.77562713623047,56.743080139160156,76.52999877929688
2015-04-13,35.84975051879883,36.750858306884766,39.04126739501953,55.74161148071289,76.0199966430664
2015-04-14,35.755332946777344,36.452274322509766,38.88026428222656,55.48881149291992,75.94999694824219
2015-04-15,36.27899932861328,37.527156829833984,38.7514533996582,55.28463363647461,76.02999877929688
2015-04-16,36.193153381347656,37.07503128051758,38.84001541137695,55.28463363647461,75.1500015258789
2015-04-17,35.72956848144531,36.682621002197266,38.33287811279297,54.47762680053711,73.1500015258789
2015-04-20,36.83699417114258,36.95561599731445,38.614620208740234,55.702720642089844,73.91999816894531
2015-04-21,36.60520553588867,37.04090881347656,38.93660354614258,57.39451217651367,74.62000274658203
2015-04-22,36.905677795410156,37.151817321777344,38.91246795654297,58.15290069580078,75.5
2015-04-23,37.20614242553711,37.01531982421875,39.78988265991211,58.2209587097168,76.5199966430664
2015-04-24,41.09502029418945,36.750858306884766,41.72987365722656,58.23068618774414,76.54000091552734
2015-04-27,41.232364654541016,37.202999114990234,40.94904327392578,58.18206787109375,76.55000305175781
2015-04-28,42.20244216918945,37.962249755859375,40.739749908447266,57.47229766845703,76.0199966430664
2015-04-29,42.1165885925293,38.158447265625,40.77195739746094,56.995872497558594,76.6500015258789
2015-04-30,41.756046295166016,37.211524963378906,39.91062927246094,56.48055648803711,76.05999755859375
2015-05-01,41.77320098876953,37.85133361816406,40.482173919677734,57.68619918823242,76.43000030517578
2015-05-04,41.41265106201172,38.03901672363281,40.6109619140625,57.666748046875,75.8499984741211
2015-05-05,40.86322784423828,37.46745300292969,39.90031814575195,57.520912170410156,75.0
2015-05-06,39.73005294799805,36.904422760009766,39.51271057128906,59.24187469482422,74.4800033569336
2015-05-07,40.09060287475586,37.09209442138672,39.85187911987305,58.600154876708984,74.7300033569336
2015-05-08,40.99199676513672,37.54422378540039,40.199119567871094,60.16554641723633,76.30999755859375
2015-05-11,40.6657829284668,37.399208068847656,39.97300720214844,60.855873107910156,76.79000091552734
2015-05-12,40.64862060546875,37.16886520385742,40.14258575439453,60.7294807434082,76.56999969482422
2015-05-13,40.888973236083984,37.35655212402344,40.0456657409668,60.01970672607422,77.08000183105469
2015-05-14,41.824729919433594,37.859867095947266,40.828975677490234,61.34202194213867,79.43000030517578
2015-05-15,41.46415328979492,37.663665771484375,41.02279281616211,61.137847900390625,78.91999816894531
2015-05-18,41.21520233154297,37.74043655395508,41.32966232299805,61.54621124267578,79.41000366210938
2015-05-19,41.11152267456055,37.808692932128906,41.52346420288086,60.87532043457031,79.62000274658203
2015-05-20,41.11152267456055,37.78310012817383,41.208526611328125,60.515567779541016,79.61000061035156
2015-05-21,40.973262786865234,37.77456283569336,41.45079040527344,60.953102111816406,80.55999755859375
2015-05-22,40.52396011352539,37.475982666015625,41.57191467285156,60.826698303222656,80.04000091552734
2015-05-26,40.25611114501953,36.96413040161133,41.05509567260742,60.79753875732422,79.36000061035156
2015-05-27,41.13743209838867,37.65514373779297,41.660770416259766,62.09069061279297,80.16000366210938
2015-05-28,40.999183654785156,37.41626739501953,41.83841323852539,61.51703643798828,80.0199966430664
2015-05-29,40.4893798828125,37.10062789916992,41.95954132080078,61.02116012573242,79.08999633789062
2015-06-01,40.80908966064453,37.35655212402344,42.16950225830078,61.14756393432617,79.87000274658203
2015-06-02,40.54124450683594,37.2797737121582,41.77379608154297,61.235069274902344,79.81999969482422
2015-06-03,40.48075866699219,37.510101318359375,42.088741302490234,61.6142578125,80.12999725341797
2015-06-04,40.05738067626953,37.33948516845703,41.76573944091797,60.89476776123047,78.75
2015-06-05,39.86729049682617,37.373619079589844,42.145267486572266,61.15728759765625,78.86000061035156
2015-06-08,39.51301574707031,36.76792526245117,41.6123046875,59.95164108276367,78.16000366210938
2015-06-09,39.44390106201172,36.742332458496094,41.620384216308594,60.06831741333008,77.9000015258789
2015-06-10,40.273380279541016,37.48451232910156,42.54905319213867,60.79753875732422,79.55999755859375
2015-06-11,40.12649154663086,37.77456283569336,42.387542724609375,60.855873107910156,79.6500015258789
2015-06-12,39.72039794921875,37.82575225830078,42.5005989074707,61.01144027709961,79.86000061035156
2015-06-15,39.29701232910156,37.29683303833008,42.209869384765625,59.864131927490234,78.9000015258789
2015-06-16,39.599430084228516,38.0816764831543,42.7751350402832,61.11839294433594,79.94000244140625
2015-06-17,39.72039794921875,38.31200408935547,42.993186950683594,62.69351577758789,77.91000366210938
2015-06-18,40.36842727661133,36.4608154296875,43.695743560791016,63.461612701416016,79.38999938964844
2015-06-19,39.83272171020508,35.479766845703125,43.55039596557617,64.12277221679688,79.69999694824219
2015-06-22,39.945037841796875,35.39445877075195,43.52616500854492,64.77422332763672,82.27999877929688
2015-06-23,39.66856002807617,35.5821418762207,43.703819274902344,64.73531341552734,83.55000305175781
2015-06-24,39.43526077270508,35.14707565307617,43.37272644042969,65.8048324584961,83.4000015258789
2015-06-25,39.44390106201172,35.02762985229492,43.6634407043457,65.58122253417969,83.94000244140625
2015-06-26,39.10691833496094,34.967918395996094,44.10757064819336,65.75624084472656,82.73999786376953
2015-06-29,38.337921142578125,34.481658935546875,43.2435188293457,64.38529968261719,81.27999877929688
2015-06-30,38.1478157043457,34.3792839050293,43.300048828125,64.65755462646484,81.01000213623047
2015-07-01,38.407039642333984,34.32809066772461,43.5180778503418,66.115966796875,80.94000244140625
2015-07-02,38.36383819580078,34.430477142333984,43.80073165893555,65.9215316772461,80.75
2015-07-06,38.35519027709961,34.37910461425781,43.857261657714844,66.12570190429688,80.5
2015-07-07,38.277427673339844,34.38766860961914,43.913780212402344,67.95362091064453,80.58999633789062
2015-07-08,38.22559356689453,34.05371856689453,43.11431121826172,67.08826446533203,79.98999786376953
2015-07-09,38.46751403808594,34.40479278564453,43.64728927612305,68.54670715332031,80.47000122070312
2015-07-10,38.5452995300293,34.55890655517578,44.06720733642578,70.07321166992188,80.58999633789062
2015-07-13,39.34886932373047,34.935672760009766,44.97971725463867,71.50250244140625,81.44000244140625
2015-07-14,39.417964935302734,34.918548583984375,45.02009201049805,70.24822998046875,81.88999938964844
2015-07-15,39.538944244384766,34.927101135253906,44.68900680541992,70.49131774902344,82.12000274658203
2015-07-16,40.316593170166016,35.07267379760742,45.012020111083984,70.94828796386719,82.5199966430664
2015-07-17,40.28203201293945,34.593170166015625,44.97164535522461,71.43443298339844,82.0999984741211
2015-07-20,40.54124450683594,34.190711975097656,45.39158248901367,72.71786499023438,82.08999633789062
2015-07-21,40.85228729248047,33.88245391845703,45.38349533081055,71.63862609863281,81.19000244140625
2015-07-22,39.34886932373047,33.75401306152344,45.779178619384766,70.899658203125,80.7300033569336
2015-07-23,39.841365814208984,33.39439392089844,45.6742057800293,69.82041931152344,80.63999938964844
2015-07-24,39.694480895996094,33.39439392089844,46.26370620727539,70.2871322631836,80.9800033569336
2015-07-27,39.18467712402344,32.974815368652344,46.01337432861328,69.24675750732422,79.93000030517578
2015-07-28,39.1760368347168,33.63414001464844,46.142574310302734,69.81071472167969,80.58999633789062
2015-07-29,39.99688720703125,34.070838928222656,46.44135284423828,70.18017578125,80.25
2015-07-30,40.506675720214844,33.950965881347656,46.88550567626953,70.29684448242188,81.29000091552734
2015-07-31,40.35114669799805,34.199275970458984,46.78053283691406,69.567626953125,81.98999786376953
2015-08-03,40.446197509765625,34.002342224121094,46.99048614501953,69.00370025634766,81.4000015258789
2015-08-04,41.07695007324219,33.959529876708984,47.53303146362305,69.81071472167969,82.05999755859375
2015-08-05,41.11152267456055,33.9423942565918,47.7840461730957,73.07759857177734,83.37999725341797
2015-08-06,40.28203201293945,33.668392181396484,46.34268569946289,71.95948791503906,82.19000244140625
2015-08-07,40.38571548461914,33.87390899658203,46.31837844848633,71.32747650146484,82.69000244140625
2015-08-10,40.89550018310547,34.15647506713867,45.565311431884766,71.92057800292969,83.62000274658203
2015-08-11,40.10056686401367,33.53995132446289,45.630088806152344,71.77473449707031,83.9000015258789
2015-08-12,40.38571548461914,33.63414001464844,45.65437698364258,71.67750549316406,83.81999969482422
2015-08-13,40.37708282470703,33.65983581542969,46.03497314453125,71.346923828125,84.30999755859375
2015-08-14,40.61035919189453,33.745452880859375,46.23740768432617,70.80245208740234,86.12000274658203
2015-08-17,40.886863708496094,34.01091003417969,46.75566482543945,71.65804290771484,86.7699966430664
2015-08-18,41.112998962402344,34.105098724365234,46.82853698730469,71.80390167236328,86.44999694824219
2015-08-19,40.53897476196289,33.848209381103516,46.63419723510742,69.62596893310547,85.4800033569336
2015-08-20,39.71269989013672,33.07756042480469,45.19282150268555,65.83403015136719,82.69000244140625
2015-08-21,37.46004867553711,32.152793884277344,42.787818908691406,63.714420318603516,78.87000274658203
2015-08-24,36.2510986328125,30.894084930419922,40.76341247558594,61.935115814208984,74.2699966430664
2015-08-25,35.19870376586914,30.354642868041992,41.3707389831543,61.7795524597168,74.56999969482422
2015-08-26,37.14694595336914,31.60479164123535,43.69475555419922,64.5019760131836,77.33000183105469
2015-08-27,38.18195343017578,31.527734756469727,45.30618667602539,65.29925537109375,78.91000366210938
2015-08-28,38.208038330078125,32.07573699951172,45.047061920166016,66.02848052978516,79.4000015258789
2015-08-31,37.8514404296875,31.758928298950195,44.30208206176758,64.31724548339844,78.56999969482422
2015-09-01,36.37286376953125,30.83415985107422,43.3222541809082,61.67259979248047,75.98999786376953
2015-09-02,37.7122802734375,31.467792510986328,44.7474479675293,62.87825012207031,77.25
2015-09-03,37.83404541015625,31.596229553222656,44.28588104248047,63.96720504760742,78.31999969482422
2015-09-04,37.05997848510742,31.05678367614746,43.95387649536133,64.53115844726562,76.88999938964844
2015-09-08,38.173240661621094,32.26411056518555,44.706966400146484,66.6021499633789,79.77999877929688
2015-09-09,37.46004867553711,31.758928298950195,44.28588104248047,65.9020767211914,78.5199966430664
2015-09-10,37.65138626098633,32.20418167114258,44.83651351928711,66.83548736572266,78.69999694824219
2015-09-11,37.816650390625,32.469627380371094,45.77584457397461,67.00080871582031,79.19000244140625
2015-09-14,37.43396759033203,32.1613655090332,45.581504821777344,66.4562759399414,78.45999908447266
2015-09-15,38.251522064208984,32.529563903808594,46.08355712890625,67.4577407836914,79.52999877929688
2015-09-16,38.52985382080078,32.76931381225586,46.366966247558594,68.33280944824219,80.52999877929688
2015-09-17,38.48635482788086,31.459232330322266,46.38315963745117,69.0912094116211,80.30999755859375
2015-09-18,37.816650390625,31.150970458984375,46.02687072753906,68.1286392211914,81.25
2015-09-21,38.36459732055664,31.536296844482422,46.593719482421875,68.62450408935547,83.31999969482422
2015-09-22,38.18195343017578,30.9882755279541,46.25361251831055,66.786865234375,84.66000366210938
2015-09-23,38.155860900878906,30.817031860351562,46.79613494873047,67.5355453491211,85.5
2015-09-24,38.19062805175781,30.876970291137695,47.26580810546875,66.9035415649414,83.91000366210938
2015-09-25,38.216732025146484,30.868398666381836,46.958106994628906,67.564697265625,83.12999725341797
2015-09-28,37.65138626098633,30.346071243286133,45.16043472290039,64.61865997314453,80.5199966430664
2015-09-29,37.7818603515625,30.4060115814209,45.119937896728516,64.17141723632812,79.83000183105469
2015-09-30,38.495059967041016,30.92835235595703,46.02687072753906,65.87290954589844,82.22000122070312
2015-10-01,38.79948425292969,31.03109359741211,46.54511642456055,65.33814239501953,83.75
2015-10-02,39.634422302246094,31.58767318725586,47.03098678588867,64.6478271484375,83.98999786376953
2015-10-05,40.556358337402344,32.18705368041992,47.80834197998047,65.71733093261719,85.83999633789062
2015-10-06,40.66072463989258,32.306941986083984,47.524932861328125,64.70616912841797,85.1500015258789
2015-10-07,40.7042121887207,32.24699020385742,47.59781265258789,64.27835845947266,80.6500015258789
2015-10-08,41.26955032348633,32.44392776489258,48.14842987060547,63.97694778442383,82.26000213623047
2015-10-09,40.973838806152344,32.75343704223633,48.64241027832031,63.23799133300781,83.81999969482422
2015-10-12,40.87815856933594,32.701839447021484,49.02299118041992,66.22294616699219,83.91999816894531
2015-10-13,40.78248977661133,32.51271057128906,48.71528244018555,66.52434539794922,83.6500015258789
2015-10-14,40.599853515625,32.031288146972656,47.63019943237305,68.61479949951172,83.80000305175781
2015-10-15,40.88685989379883,32.28059005737305,48.33469772338867,69.00370025634766,86.7699966430664
2015-10-16,41.32173156738281,32.1258659362793,48.52903366088867,69.72319793701172,88.66999816894531
2015-10-19,41.41739273071289,31.696020126342773,49.37118911743164,70.2871322631836,88.4000015258789
2015-10-20,41.54785919189453,31.687427520751953,49.29831314086914,70.29684448242188,86.83999633789062
2015-10-21,41.052120208740234,31.481094360351562,49.01488494873047,70.77327728271484,86.12999725341797
2015-10-22,41.77401351928711,32.486915588378906,49.792274475097656,72.47476959228516,88.45999908447266
2015-10-23,45.983585357666016,32.72761917114258,50.69919967651367,72.84425354003906,87.86000061035156
2015-10-26,47.18383026123047,32.98552703857422,51.363197326660156,72.02753448486328,88.83999633789062
2015-10-27,46.69678497314453,32.95973587036133,50.78017807006836,73.18456268310547,88.05000305175781
2015-10-28,46.94900131225586,33.423973083496094,51.427982330322266,74.64298248291016,88.5
2015-10-29,46.409767150878906,33.406768798828125,50.61012649536133,73.95268249511719,88.12000274658203
2015-10-30,45.783538818359375,33.38957977294922,50.66680145263672,70.07321166992188,88.66000366210938
2015-11-02,46.305397033691406,34.1718635559082,50.39958190917969,70.00515747070312,89.91000366210938
2015-11-03,47.09686279296875,34.5587272644043,50.85305404663086,69.9079360961914,90.36000061035156
2015-11-04,47.314292907714844,34.7994270324707,50.172855377197266,72.23171997070312,91.01000213623047
2015-11-05,47.29691696166992,34.68766403198242,50.431976318359375,72.00808715820312,90.55000305175781
2015-11-06,47.766571044921875,34.91978073120117,50.18096160888672,70.3746337890625,90.69000244140625
2015-11-09,47.10556411743164,34.47275161743164,49.83163070678711,68.97452545166016,89.80000305175781
2015-11-10,46.540218353271484,34.318016052246094,50.5140266418457,68.86758422851562,90.27999877929688
2015-11-11,46.6619873046875,33.56150817871094,50.26219177246094,69.32453918457031,91.20999908447266
2015-11-12,46.37497329711914,33.20903015136719,49.61228561401367,69.67459106445312,90.83999633789062
2015-11-13,45.95749282836914,32.065677642822266,48.53181457519531,67.95362091064453,89.0199966430664
2015-11-16,46.76634979248047,32.770606994628906,49.29545211791992,66.10624694824219,89.7699966430664
2015-11-17,46.38108825683594,32.77920913696289,49.189842224121094,66.21321868896484,90.29000091552734
2015-11-18,47.15162658691406,33.269222259521484,50.205322265625,66.52434539794922,91.2699966430664
2015-11-19,47.23043441772461,33.5443115234375,49.929115295410156,69.11064910888672,91.76000213623047
2015-11-20,47.44933319091797,33.81941223144531,50.35966491699219,70.41352844238281,91.80999755859375
2015-11-23,47.44933319091797,33.64746856689453,50.887725830078125,67.06884765625,91.95999908447266
2015-11-24,47.50186538696289,33.922569274902344,50.335304260253906,65.20201873779297,92.0
2015-11-25,47.01152038574219,33.75063705444336,50.52214431762695,67.58414459228516,91.7699966430664
2015-11-27,47.221675872802734,33.68185806274414,50.5140266418457,66.97159576416016,92.16999816894531
2015-11-30,47.58942413330078,33.501312255859375,49.87223434448242,65.91178894042969,91.45999908447266
2015-12-01,48.351234436035156,33.72484588623047,49.855995178222656,66.72852325439453,92.55000305175781
2015-12-02,48.34245681762695,33.269222259521484,49.734127044677734,67.41883850097656,92.0199966430664
2015-12-03,47.45808792114258,32.50410842895508,48.377464294433594,65.35758972167969,89.91000366210938
2015-12-04,48.95538330078125,33.6646728515625,50.164710998535156,68.4300308227539,92.58000183105469
2015-12-07,48.867828369140625,33.372379302978516,50.278438568115234,68.82868957519531,89.5999984741211
2015-12-08,48.85031509399414,33.29501724243164,50.497779846191406,69.02314758300781,91.72000122070312
2015-12-09,48.141082763671875,33.166053771972656,49.70165252685547,65.23119354248047,89.55999755859375
2015-12-10,48.394996643066406,32.83078384399414,50.26219177246094,64.53115844726562,88.95999908447266
2015-12-11,47.33551788330078,31.988311767578125,48.596805572509766,65.30897521972656,91.41999816894531
2015-12-14,48.28116226196289,32.3665657043457,48.678043365478516,67.72998046875,93.26000213623047
2015-12-15,48.33370590209961,32.84797668457031,48.726776123046875,70.32601928710938,94.0199966430664
2015-12-16,49.14802932739258,33.44974899291992,49.02735900878906,70.0440444946289,95.55999755859375
2015-12-17,48.77151107788086,31.747604370117188,48.35308837890625,69.1495361328125,94.19999694824219
2015-12-18,47.39680480957031,31.248994827270508,47.6219367980957,67.06884765625,91.30999755859375
2015-12-21,48.00972366333008,31.30916976928711,48.36933898925781,66.80630493164062,91.62000274658203
2015-12-22,48.46503829956055,31.455307006835938,48.73491668701172,67.15634155273438,93.81999969482422
2015-12-23,48.87657928466797,31.747604370117188,49.01924133300781,66.73824310302734,94.69999694824219
2015-12-24,48.7452507019043,31.81637954711914,49.002986907958984,67.03966522216797,94.30000305175781
2015-12-28,48.990421295166016,31.627243041992188,48.89737319946289,67.27301025390625,94.19999694824219
2015-12-29,49.51576614379883,31.8421688079834,49.6610221862793,67.91474151611328,95.33000183105469
2015-12-30,49.305633544921875,31.7390079498291,49.40918731689453,67.72027587890625,95.27999877929688
2015-12-31,48.5788688659668,31.403724670410156,48.76740264892578,66.81605529785156,93.94000244140625
2016-01-04,47.98345947265625,30.85991668701172,47.32947540283203,64.26860809326172,91.97000122070312
2016-01-05,48.20235824584961,30.764955520629883,47.64630889892578,63.140769958496094,92.33999633789062
2016-01-06,47.32675552368164,30.920337677001953,47.223873138427734,61.915679931640625,91.0199966430664
2016-01-07,45.680599212646484,30.24703025817871,46.05403137207031,60.7294807434082,89.11000061035156
2016-01-08,45.8206901550293,29.910369873046875,46.00529861450195,61.38090896606445,87.8499984741211
2016-01-11,45.794437408447266,30.160694122314453,46.97203826904297,62.43099594116211,89.37999725341797
2016-01-12,46.2147216796875,30.531890869140625,48.304325103759766,63.80192947387695,89.81999969482422
2016-01-13,45.21651840209961,29.4183349609375,47.01265335083008,61.623985290527344,88.30000305175781
2016-01-14,46.50367736816406,30.031219482421875,47.914405822753906,62.69351577758789,89.80000305175781
2016-01-15,44.64738464355469,29.452871322631836,47.11827087402344,64.229736328125,89.16999816894531
2016-01-19,44.27085876464844,29.824058532714844,47.5650749206543,65.50344848632812,89.18000030517578
2016-01-20,44.47224807739258,29.297489166259766,46.24089050292969,64.99784088134766,87.94000244140625
2016-01-21,44.20082473754883,29.452871322631836,47.955013275146484,65.17286682128906,88.0
2016-01-22,45.78567886352539,30.039852142333984,48.06875991821289,67.43830871582031,89.62999725341797
2016-01-25,45.347869873046875,29.642780303955078,46.882667541503906,67.9827880859375,86.7699966430664
2016-01-26,45.680599212646484,30.411043167114258,47.61381530761719,68.86758422851562,86.88999938964844
2016-01-27,44.8487663269043,30.134798049926758,46.81767654418945,67.564697265625,84.8499984741211
2016-01-28,45.584293365478516,30.49736213684082,48.16624069213867,67.85639953613281,84.5199966430664
2016-01-29,48.237388610839844,31.343303680419922,49.368568420410156,62.76156997680664,89.12999725341797
2016-02-01,47.904659271240234,31.351951599121094,49.88036346435547,62.421268463134766,89.61000061035156
2016-02-02,46.40736389160156,30.514623641967773,49.47285842895508,58.97935104370117,87.94999694824219
2016-02-03,45.67184829711914,30.808124542236328,48.519248962402344,57.958438873291016,87.98999786376953
2016-02-04,45.53175354003906,31.46416473388672,47.508609771728516,57.10281753540039,86.36000061035156
2016-02-05,43.920631408691406,30.81674575805664,44.41146469116211,53.962318420410156,79.19999694824219
2016-02-08,43.263912200927734,30.739059448242188,44.12618637084961,54.75959396362305,74.94000244140625
2016-02-09,43.15008544921875,30.281553268432617,44.35440444946289,56.6361198425293,73.8499984741211
2016-02-10,43.526607513427734,30.385147094726562,44.94124221801758,57.345890045166016,75.52999877929688
2016-02-11,43.50908279418945,30.074378967285156,44.76192855834961,56.577781677246094,74.94000244140625
2016-02-12,44.21833801269531,30.67864227294922,45.52805709838867,57.6084098815918,76.66999816894531
2016-02-16,45.05614471435547,30.81674575805664,45.9763298034668,57.71535873413086,78.87999725341797
2016-02-17,46.22906494140625,31.61954689025879,46.97068405151367,58.18206787109375,81.8499984741211
2016-02-18,46.026222229003906,31.61954689025879,46.424598693847656,56.733341217041016,80.52999877929688
2016-02-19,45.69991683959961,31.749025344848633,47.00328826904297,57.91954803466797,80.87000274658203
2016-02-22,46.4318962097168,32.03388595581055,47.981327056884766,61.51703643798828,83.80000305175781
2016-02-23,45.135501861572266,31.550479888916016,47.64717102050781,59.815513610839844,83.06999969482422
2016-02-24,45.29425048828125,31.61954689025879,47.36189651489258,61.44898223876953,83.41999816894531
2016-02-25,45.94685745239258,32.18926239013672,47.883522033691406,62.88797378540039,86.68000030517578
2016-02-26,45.24132537841797,31.90439224243164,47.54935073852539,62.664344787597656,86.5999984741211
2016-02-29,44.870941162109375,31.749025344848633,47.443397521972656,62.46015930175781,85.1500015258789
2016-03-01,46.37016296386719,32.79351806640625,48.9349250793457,63.665809631347656,88.37000274658203
2016-03-02,46.696475982666016,32.594974517822266,48.543697357177734,64.25889587402344,88.38999938964844
2016-03-03,46.16732406616211,32.707183837890625,48.11988067626953,63.00465393066406,87.20999908447266
2016-03-04,45.885135650634766,32.707183837890625,47.842769622802734,62.644901275634766,86.18000030517578
2016-03-07,45.00321960449219,33.11290740966797,47.27224349975586,61.82817077636719,85.11000061035156
2016-03-08,45.54999542236328,32.9316291809082,46.946231842041016,61.21562194824219,84.3499984741211
2016-03-09,46.59946060180664,33.216487884521484,46.51427459716797,62.149024963378906,85.2699966430664
2016-03-10,45.90275573730469,32.845298767089844,46.88102722167969,61.74066162109375,84.8499984741211
2016-03-11,46.80229187011719,33.622196197509766,46.93806838989258,62.68379211425781,86.0
2016-03-14,46.89047622680664,33.40639114379883,47.80202102661133,62.994911193847656,87.01000213623047
2016-03-15,47.260887145996094,33.44090270996094,48.15249252319336,63.89913558959961,86.83000183105469
2016-03-16,47.93112564086914,34.718482971191406,48.633358001708984,64.17141723632812,88.16999816894531
2016-03-17,48.20452117919922,35.055137634277344,48.53554916381836,62.87825012207031,89.95999908447266
2016-03-18,47.172698974609375,35.806129455566406,48.65781021118164,62.53794479370117,93.41999816894531
2016-03-21,47.49898910522461,35.91835403442383,48.168792724609375,62.1684684753418,92.5
2016-03-22,47.68418884277344,35.71980667114258,48.396995544433594,62.10041427612305,92.55999755859375
2016-03-23,47.59599304199219,35.175987243652344,47.94873046875,63.24772644042969,92.16000366210938
2016-03-24,47.80767059326172,35.36589050292969,47.56565856933594,62.46015930175781,92.5199966430664
2016-03-28,47.216773986816406,35.06376647949219,48.05467987060547,62.849082946777344,92.4000015258789
2016-03-29,48.24860382080078,35.132816314697266,48.53554916381836,64.2005615234375,93.22000122070312
2016-03-30,48.5484504699707,35.36589050292969,48.91047286987305,64.5700454711914,93.77999877929688
2016-03-31,48.70719528198242,35.3140869140625,48.65781021118164,64.27835845947266,93.80000305175781
2016-04-01,49.00703811645508,35.52989959716797,49.733665466308594,64.0936050415039,95.16000366210938
2016-04-04,48.88357162475586,35.45220947265625,49.1060791015625,63.91859817504883,94.5
2016-04-05,48.1163215637207,34.98606872558594,48.9349250793457,63.63663101196289,94.16999816894531
2016-04-06,48.61017990112305,35.175987243652344,49.57880783081055,64.00611877441406,95.4000015258789
2016-04-07,48.02812957763672,34.50267028808594,49.85591125488281,62.15875244140625,93.77999877929688
2016-04-08,47.99285125732422,34.839324951171875,49.74997329711914,62.46015930175781,94.06999969482422
2016-04-11,47.89585876464844,34.86521530151367,49.63585662841797,61.410072326660156,92.94999694824219
2016-04-12,48.195682525634766,35.02118682861328,48.49481964111328,61.21562194824219,93.41999816894531
2016-04-13,48.81301498413086,35.79230880737305,49.0734748840332,62.97545623779297,94.52999877929688
2016-04-14,48.82183837890625,35.731658935546875,49.00827407836914,63.140769958496094,94.44000244140625
2016-04-15,49.07759475708008,35.541038513183594,49.317989349365234,64.98810577392578,95.16000366210938
2016-04-18,49.79191589355469,35.731658935546875,49.62770462036133,64.67699432373047,96.55000305175781
2016-04-19,49.730186462402344,35.575706481933594,49.63585662841797,64.35613250732422,96.5199966430664
2016-04-20,49.024681091308594,35.610355377197266,49.63585662841797,63.97694778442383,96.33000183105469
2016-04-21,49.19223403930664,35.51504898071289,49.42394256591797,64.34638977050781,96.37000274658203
2016-04-22,45.664642333984375,35.26377868652344,47.01144027709961,64.04499816894531,94.79000091552734
2016-04-25,45.95566940307617,35.333106994628906,47.08478546142578,64.10334014892578,95.80000305175781
2016-04-26,45.36479568481445,35.220462799072266,47.04404067993164,63.51995086669922,96.1500015258789
2016-04-27,44.92385482788086,35.39375305175781,46.375709533691406,61.594818115234375,95.63999938964844
2016-04-28,44.006683349609375,34.943199157714844,45.984493255615234,60.59334945678711,93.63999938964844
2016-04-29,43.98021697998047,34.53598403930664,45.8296012878418,60.136375427246094,94.22000122070312
2016-05-02,44.63282012939453,34.917213439941406,46.75061798095703,61.14756393432617,94.9000015258789
2016-05-03,43.900848388671875,34.3800163269043,46.0063362121582,60.360008239746094,93.66000366210938
2016-05-04,43.98021697998047,34.04212188720703,46.12083053588867,60.16554641723633,92.94000244140625
2016-05-05,44.04194641113281,33.99012756347656,46.0063362121582,60.515567779541016,93.5
2016-05-06,44.43880081176758,34.14607238769531,46.0554084777832,62.1684684753418,94.30000305175781
2016-05-09,44.15660095214844,34.10275650024414,46.325321197509766,62.73238754272461,94.61000061035156
2016-05-10,44.994407653808594,34.67461013793945,47.0205192565918,62.75185012817383,96.5199966430664
2016-05-11,45.020851135253906,34.354026794433594,45.98996353149414,71.346923828125,96.0999984741211
2016-05-12,45.42652893066406,34.50133514404297,46.04723358154297,72.93174743652344,95.95999908447266
2016-05-13,45.04731750488281,34.319366455078125,45.65464401245117,73.11649322509766,95.97000122070312
2016-05-16,45.70874786376953,34.63129425048828,45.41745376586914,74.49715423583984,97.2300033569336
2016-05-17,44.85618591308594,34.310699462890625,44.88583755493164,73.05816650390625,95.93000030517578
2016-05-18,45.12261962890625,34.19807434082031,44.82039260864258,72.4261703491211,96.69999694824219
2016-05-19,44.68747329711914,33.652225494384766,44.615928649902344,71.4636001586914,95.87999725341797
2016-05-20,44.953887939453125,34.14607238769531,44.67316436767578,71.08438873291016,96.87999725341797
2016-05-23,44.429908752441406,33.946815490722656,44.65682601928711,71.2108154296875,96.62000274658203
2016-05-24,45.8153076171875,34.57064437866211,45.343849182128906,73.26233673095703,99.62999725341797
2016-05-25,46.28597640991211,34.76991653442383,45.106658935546875,72.86371612548828,99.61000061035156
2016-05-26,46.081729888916016,34.613956451416016,45.22115707397461,73.02897644042969,99.37000274658203
2016-05-27,46.46358871459961,34.717926025390625,45.106658935546875,73.60264587402344,100.13999938964844
2016-05-31,47.067474365234375,34.83056640625,44.89400863647461,74.6235580444336,99.47000122070312
2016-06-01,46.93428039550781,34.88254165649414,44.836761474609375,74.49715423583984,100.04000091552734
2016-06-02,46.605690002441406,33.49625778198242,44.67316436767578,74.45825958251953,100.16999816894531
2016-06-03,45.992916107177734,33.87748336791992,44.665008544921875,74.24435424804688,98.69999694824219
2016-06-06,46.29487609863281,34.172080993652344,45.46652603149414,74.37076568603516,99.12000274658203
2016-06-07,46.26822280883789,33.90348815917969,45.229347229003906,75.10968780517578,98.5199966430664
2016-06-08,46.21493148803711,34.0334358215332,45.163917541503906,74.16658020019531,98.68000030517578
2016-06-09,45.8419303894043,33.83417892456055,45.458351135253906,74.13739776611328,98.06999969482422
2016-06-10,45.71762466430664,33.56556701660156,44.87765121459961,73.19429779052734,97.08999633789062
2016-06-13,44.52760314941406,33.46160125732422,45.01669692993164,72.18309783935547,96.95999908447266
2016-06-14,44.25231170654297,33.643558502197266,45.4501838684082,72.45532989501953,96.9800033569336
2016-06-15,44.12797927856445,33.30564880371094,45.270240783691406,72.32894134521484,97.0199966430664
2016-06-16,44.74961471557617,33.47893142700195,45.41745376586914,72.92202758789062,97.19000244140625
2016-06-17,44.51873016357422,34.3800163269043,45.237518310546875,72.45532989501953,95.58000183105469
2016-06-20,44.465450286865234,34.42333984375,45.29478073120117,73.22344207763672,97.98999786376953
2016-06-21,45.460079193115234,34.648624420166016,45.64646530151367,73.41791534423828,99.72000122070312
2016-06-22,45.2824592590332,34.665950775146484,45.48288345336914,72.72759246826172,94.01000213623047
2016-06-23,46.09949493408203,35.376426696777344,45.9081916809082,73.94296264648438,96.20999908447266
2016-06-24,44.25231170654297,33.99012756347656,44.72224426269531,71.181640625,92.19999694824219
2016-06-27,43.0090217590332,33.34031677246094,43.912540435791016,69.51902770996094,90.8499984741211
2016-06-28,43.90596389770508,33.90348815917969,44.861289978027344,70.58853912353516,92.45999908447266
2016-06-29,44.882850646972656,35.13381576538086,46.40711212158203,71.69695281982422,94.38999938964844
2016-06-30,45.44232177734375,35.46305465698242,46.7179069519043,73.6609878540039,95.79000091552734
2016-07-01,45.43343734741211,35.532623291015625,46.61157989501953,73.76793670654297,95.31999969482422
2016-07-05,45.44232177734375,35.13259506225586,46.431640625,73.78739929199219,94.7300033569336
2016-07-06,45.62881851196289,35.24565887451172,46.4152946472168,74.61383819580078,95.18000030517578
2016-07-07,45.62881851196289,35.24565887451172,46.5461540222168,74.49715423583984,95.13999938964844
2016-07-08,46.44583511352539,35.54130554199219,46.21898651123047,76.09173583984375,96.79000091552734
2016-07-11,46.703365325927734,35.463069915771484,46.06359100341797,76.97650146484375,97.13999938964844
2016-07-12,47.25396728515625,36.01961135864258,47.01234817504883,77.30712127685547,97.54000091552734
2016-07-13,47.520389556884766,36.05438995361328,46.194454193115234,75.46945190429688,97.33999633789062
2016-07-14,47.72465896606445,36.23701477050781,47.10230255126953,75.88754272460938,97.69999694824219
2016-07-15,47.68912887573242,36.32398986816406,46.95509338378906,75.67364501953125,97.83000183105469
2016-07-18,47.92002868652344,36.21092987060547,46.5543212890625,76.09173583984375,97.79000091552734
2016-07-19,47.14739990234375,35.72395324707031,46.42346954345703,74.38047790527344,97.79000091552734
2016-07-20,49.65174865722656,35.871788024902344,47.061424255371094,74.57495880126953,98.4000015258789
2016-07-21,49.5540771484375,35.71525955200195,47.110496520996094,73.29148864746094,96.33999633789062
2016-07-22,50.23788070678711,35.72395324707031,47.35586166381836,74.21520233154297,98.05999755859375
2016-07-25,50.37996292114258,35.79351806640625,47.39675521850586,74.7694091796875,97.31999969482422
2016-07-26,50.4066047668457,35.60218811035156,47.69118881225586,74.7110595703125,97.91000366210938
2016-07-27,49.9004020690918,35.59349822998047,47.314964294433594,74.54578399658203,97.93000030517578
2016-07-28,49.91816711425781,35.8195915222168,47.60940170288086,74.16658020019531,98.44000244140625
2016-07-29,50.33557891845703,35.68915557861328,47.478538513183594,74.20545196533203,97.86000061035156
2016-08-01,50.24677276611328,35.78482437133789,47.135032653808594,74.50688171386719,97.72000122070312
2016-08-02,50.24677276611328,35.402183532714844,46.56050109863281,74.65271759033203,96.05000305175781
2016-08-03,50.59310531616211,35.402183532714844,45.91213607788086,76.45145416259766,96.66999816894531
2016-08-04,50.966094970703125,35.56741714477539,45.48534393310547,76.06255340576172,97.08999633789062
2016-08-05,51.4722900390625,35.767433166503906,45.87929916381836,77.62794494628906,99.04000091552734
2016-08-08,51.561100006103516,35.79351806640625,45.43610763549805,77.07373046875,98.48999786376953
2016-08-09,51.6854248046875,35.7413444519043,45.30478286743164,76.50981140136719,98.87000274658203
2016-08-10,51.525569915771484,35.73265075683594,45.64949035644531,76.39313507080078,100.62000274658203
2016-08-11,51.774227142333984,35.89786911010742,45.5263786315918,75.69308471679688,101.66999816894531
2016-08-12,51.454532623291016,35.73265075683594,45.5263786315918,75.28472900390625,101.04000091552734
2016-08-15,51.61437225341797,35.99352264404297,45.345829010009766,77.27791595458984,100.93000030517578
2016-08-16,51.32843017578125,35.93265151977539,45.44430160522461,75.88754272460938,100.5999984741211
2016-08-17,51.4356575012207,35.83699417114258,45.79722213745117,77.55987548828125,99.69999694824219
2016-08-18,51.471397399902344,35.776119232177734,45.575626373291016,78.73636627197266,100.66999816894531
2016-08-19,51.4892692565918,35.93265151977539,45.09138870239258,79.4947509765625,100.31999969482422
2016-08-22,51.53395080566406,35.84569549560547,45.83824920654297,79.23221588134766,100.23999786376953
2016-08-23,51.73053741455078,36.08917999267578,46.289669036865234,80.02949523925781,101.13999938964844
2016-08-24,51.784175872802734,35.71525955200195,46.85597610473633,80.1364517211914,101.13999938964844
2016-08-25,51.980743408203125,35.7413444519043,47.020137786865234,79.29058074951172,101.69000244140625
2016-08-26,51.85564422607422,35.8804817199707,47.020137786865234,78.95997619628906,102.05999755859375
2016-08-29,51.91819381713867,35.92395782470703,46.61796569824219,79.25167846679688,102.30000305175781
2016-08-30,51.73053741455078,35.92395782470703,46.289669036865234,79.46558380126953,102.0
2016-08-31,51.346290588378906,35.84569549560547,46.150123596191406,78.97943115234375,102.30999755859375
2016-09-01,51.462459564208984,35.79351806640625,46.21580505371094,79.4947509765625,102.9000015258789
2016-09-02,51.53395080566406,35.871788024902344,46.10910415649414,81.14764404296875,103.56999969482422
2016-09-06,51.48032760620117,35.871788024902344,45.977787017822266,81.5462875366211,103.5
2016-09-07,51.52501678466797,35.871788024902344,46.2240104675293,80.45731353759766,103.0
2016-09-08,51.31947708129883,35.4108772277832,45.38685989379883,79.88367462158203,101.87999725341797
2016-09-09,50.229286193847656,34.81084442138672,44.60715866088867,77.64737701416016,99.37999725341797
2016-09-12,50.979923248291016,35.376102447509766,44.90262222290039,78.60022735595703,100.31999969482422
2016-09-13,50.51524353027344,34.94129943847656,44.30347442626953,78.62940979003906,98.7699966430664
2016-09-14,50.27397537231445,35.002166748046875,44.237815856933594,78.59050750732422,98.79000091552734
2016-09-15,51.10501480102539,35.532623291015625,44.41017532348633,81.06014251708984,99.62000274658203
2016-09-16,51.15863037109375,33.84556579589844,44.106510162353516,80.59343719482422,98.93000030517578
2016-09-19,50.872684478759766,34.115150451660156,43.50736618041992,80.47676086425781,99.68000030517578
2016-09-20,50.76545715332031,33.97600555419922,43.74537658691406,80.69068145751953,100.62000274658203
2016-09-21,51.614383697509766,34.358646392822266,44.30347442626953,81.15737915039062,107.77999877929688
2016-09-22,51.66798400878906,34.358646392822266,44.639984130859375,80.86567687988281,107.91999816894531
2016-09-23,51.31947708129883,34.115150451660156,44.672813415527344,81.92547607421875,107.47000122070312
2016-09-26,50.84587097167969,33.94123077392578,44.35272979736328,81.18655395507812,107.26000213623047
2016-09-27,51.784175872802734,34.176025390625,44.47584533691406,82.83943176269531,109.69999694824219
2016-09-28,51.85564422607422,34.29777145385742,44.30347442626953,82.64495849609375,109.48999786376953
2016-09-29,51.29268264770508,34.01950454711914,43.86848449707031,81.92547607421875,107.80000305175781
2016-09-30,51.471397399902344,34.15862274169922,44.434791564941406,83.0339126586914,108.54000091552734
2016-10-03,51.310550689697266,33.90644836425781,44.18856430053711,83.04362487792969,108.44999694824219
2016-10-04,51.149715423583984,33.80208969116211,43.934146881103516,83.18946075439453,108.38999938964844
2016-10-05,51.50715637207031,34.04559326171875,43.78641891479492,83.10195922851562,108.80000305175781
2016-10-06,51.59650802612305,33.80208969116211,43.61404800415039,82.23662567138672,108.55999755859375
2016-10-07,51.650115966796875,33.793357849121094,43.87670135498047,81.4879379272461,108.63999938964844
2016-10-10,51.86457824707031,33.71479034423828,43.74537658691406,82.39218139648438,109.23999786376953
2016-10-11,51.10501480102539,33.182273864746094,43.43348693847656,81.06014251708984,107.37000274658203
2016-10-12,51.033538818359375,33.21717834472656,43.63047790527344,80.243408203125,108.05000305175781
2016-10-13,50.863739013671875,33.19972610473633,43.4581184387207,79.4947509765625,108.01000213623047
2016-10-14,51.310550689697266,33.53145217895508,43.5648078918457,80.3017578125,107.83999633789062
2016-10-17,51.13184356689453,33.42671203613281,43.30216598510742,80.03923797607422,107.48999786376953
2016-10-18,51.52501678466797,33.540191650390625,43.17906951904297,81.68241119384766,108.41999816894531
2016-10-19,51.40884780883789,33.47907638549805,43.62226867675781,80.46703338623047,108.38999938964844
2016-10-20,51.15863037109375,33.252113342285156,43.983394622802734,80.23368072509766,109.02999877929688
2016-10-21,53.312217712402344,33.112430572509766,44.01622772216797,80.57400512695312,109.02999877929688
2016-10-24,54.50963592529297,33.40924835205078,44.46762466430664,81.81851196289062,110.80999755859375
2016-10-25,54.500709533691406,33.48781967163086,44.04905700683594,80.64205169677734,109.02999877929688
2016-10-26,54.17900466918945,33.44416809082031,44.01622772216797,80.29204559326172,107.97000122070312
2016-10-27,53.70539855957031,33.36560821533203,43.983394622802734,80.42814636230469,107.06999969482422
2016-10-28,53.49987030029297,33.32194900512695,43.934146881103516,77.24874877929688,107.5999984741211
2016-10-31,53.544559478759766,33.540191650390625,43.55660629272461,76.34452056884766,107.51000213623047
2016-11-01,53.437320709228516,33.575103759765625,43.08878707885742,75.683349609375,106.87000274658203
2016-11-02,53.10668182373047,33.19972610473633,43.48273849487305,76.92790222167969,105.88999938964844
2016-11-03,52.91010665893555,33.44416809082031,42.489654541015625,78.28910064697266,107.16999816894531
2016-11-04,52.46329116821289,33.41797637939453,43.2939567565918,77.9974136352539,106.19999694824219
2016-11-07,53.991355895996094,34.125091552734375,44.722068786621094,78.8335952758789,108.66000366210938
2016-11-08,54.036048889160156,34.16001892089844,44.8287467956543,79.23221588134766,108.38999938964844
2016-11-09,53.76795196533203,34.52667236328125,44.79594039916992,77.2390365600586,107.86000061035156
2016-11-10,52.45435333251953,34.552860260009766,43.966983795166016,74.66243743896484,104.08000183105469
2016-11-11,52.74031066894531,34.43937301635742,44.2624397277832,75.30414581298828,103.68000030517578
2016-11-14,51.936065673828125,34.30842208862305,44.500457763671875,74.2637939453125,102.41999816894531
2016-11-15,52.96165084838867,34.19493103027344,45.01167678833008,75.46945190429688,103.66000366210938
2016-11-16,53.66337585449219,34.657623291015625,45.71253204345703,76.64592742919922,104.08000183105469
2016-11-17,54.55402374267578,35.13776397705078,46.05058288574219,77.41402435302734,105.80999755859375
2016-11-18,54.29310989379883,34.797306060791016,45.98463439941406,76.8014907836914,105.0199966430664
2016-11-21,54.75194549560547,34.823482513427734,46.256717681884766,76.09173583984375,105.6500015258789
2016-11-22,54.98583221435547,34.998085021972656,47.09775924682617,75.5958480834961,105.20999908447266
2016-11-23,54.338104248046875,35.00680160522461,47.48529052734375,77.15151977539062,104.20999908447266
2016-11-25,54.455055236816406,35.15522003173828,47.353363037109375,76.97650146484375,105.0199966430664
2016-11-28,54.52703094482422,35.1814079284668,47.48529052734375,76.54871368408203,104.5
2016-11-29,54.9588623046875,35.399662017822266,47.96352005004883,79.11554718017578,104.94999694824219
2016-11-30,54.212162017822266,35.08537292480469,47.798614501953125,77.0445785522461,102.80999755859375
2016-12-01,53.25853729248047,33.78464126586914,48.24387741088867,73.48596954345703,99.51000213623047
2016-12-02,53.30352783203125,33.610042572021484,47.171966552734375,73.75821685791016,99.7300033569336
2016-12-05,54.17616653442383,34.02033233642578,47.41107940673828,75.30414581298828,101.94999694824219
2016-12-06,53.933265686035156,34.45684051513672,47.361602783203125,74.74024963378906,101.55000305175781
2016-12-07,55.210750579833984,35.198875427246094,48.44999694824219,75.7903060913086,103.36000061035156
2016-12-08,54.88688278198242,35.22506332397461,48.35929870605469,75.62503051757812,103.5
2016-12-09,55.750526428222656,35.37345886230469,48.44176483154297,76.5681381225586,104.30999755859375
2016-12-12,55.93046188354492,35.364742279052734,48.458251953125,78.3863296508789,105.16000366210938
2016-12-13,56.65916442871094,35.58298873901367,48.903499603271484,78.52244567871094,106.1500015258789
2016-12-14,56.389278411865234,35.687744140625,48.44176483154297,78.46411895751953,105.80999755859375
2016-12-15,56.299312591552734,35.670284271240234,47.584232330322266,79.25167846679688,105.0999984741211
2016-12-16,56.04741668701172,34.133819580078125,47.543006896972656,77.30712127685547,103.55000305175781
2016-12-19,57.23492431640625,33.959228515625,47.53476333618164,77.29737091064453,105.29000091552734
2016-12-20,57.1629638671875,34.04651641845703,47.57598114013672,77.29737091064453,105.7699966430664
2016-12-21,57.1629638671875,33.89811706542969,47.361602783203125,77.45293426513672,105.51000213623047
2016-12-22,57.17196273803711,34.01161193847656,47.08950424194336,77.57933044433594,104.72000122070312
2016-12-23,56.8930778503418,33.854469299316406,47.00705337524414,78.4349365234375,105.0199966430664
2016-12-27,56.92906188964844,33.88938903808594,46.88337707519531,78.8335952758789,104.9800033569336
2016-12-28,56.66816711425781,33.76717758178711,46.46286392211914,78.15299987792969,103.7699966430664
2016-12-29,56.58720397949219,33.775901794433594,46.43812561035156,77.93909454345703,103.68000030517578
2016-12-30,55.90346908569336,33.56637954711914,45.77848434448242,76.57786560058594,102.94999694824219
2017-01-03,56.299312591552734,33.78548049926758,45.63832473754883,76.97650146484375,103.4800033569336
2017-01-04,56.04741668701172,33.951988220214844,46.16603088378906,78.39603424072266,104.13999938964844
2017-01-05,56.04741668701172,33.86436080932617,46.55355453491211,76.7723159790039,105.91000366210938
2017-01-06,56.53321838378906,33.697837829589844,47.10600662231445,76.82093048095703,108.30000305175781
2017-01-09,56.353294372558594,34.2061653137207,47.9882698059082,76.4612045288086,108.56999969482422
2017-01-10,56.33529281616211,33.88189697265625,47.72440719604492,76.66535186767578,108.26000213623047
2017-01-11,56.848087310791016,34.276268005371094,47.90580368041992,76.83065795898438,108.98999786376953
2017-01-12,56.32630920410156,34.35514831542969,47.84809494018555,77.39459228515625,108.58999633789062
2017-01-13,56.40727233886719,34.40774154663086,47.699668884277344,78.1238021850586,108.52999877929688
2017-01-17,56.25432205200195,34.26750183105469,47.823360443115234,78.00713348388672,108.0
2017-01-18,56.22733688354492,34.34638977050781,48.194393157958984,78.298828125,108.79000091552734
2017-01-19,56.04741668701172,34.36390686035156,47.73265838623047,78.15299987792969,109.79000091552734
2017-01-20,56.44325637817383,34.942344665527344,47.543006896972656,77.90019989013672,110.70999908447266
2017-01-23,56.641178131103516,34.77581787109375,47.62545394897461,77.66683197021484,110.97000122070312
2017-01-24,57.144962310791016,35.14391326904297,48.1861572265625,78.27938079833984,113.72000122070312
2017-01-25,57.28890609741211,35.187744140625,48.400543212890625,79.22251892089844,114.25
2017-01-26,57.819698333740234,35.17020797729492,48.20265197753906,79.43640899658203,112.87999725341797
2017-01-27,59.178165435791016,35.25784683227539,46.273216247558594,80.85595703125,113.98999786376953
2017-01-30,58.593379974365234,35.25784683227539,46.09181213378906,81.51712799072266,113.81999969482422
2017-01-31,58.16157150268555,35.152679443359375,45.5311393737793,81.11847686767578,113.37999725341797
2017-02-01,57.19895553588867,34.91604232788086,44.44274139404297,80.70038604736328,113.36000061035156
2017-02-02,56.8300895690918,35.03874588012695,44.417999267578125,80.22396850585938,113.16000366210938
2017-02-03,57.28890609741211,35.43313217163086,45.39920425415039,79.02804565429688,115.16999816894531
2017-02-06,57.25291442871094,35.14391326904297,45.95165252685547,79.26139831542969,114.45999908447266
2017-02-07,57.064002990722656,35.11762237548828,45.75287628173828,79.93228912353516,114.95999908447266
2017-02-08,56.9830322265625,35.07380294799805,45.736297607421875,79.22251892089844,116.12999725341797
2017-02-09,57.63077926635742,35.25784683227539,46.2249870300293,80.95318603515625,116.44000244140625
2017-02-10,57.576805114746094,35.748634338378906,46.56455993652344,83.7825698852539,116.8499984741211
2017-02-13,58.224544525146484,36.01156234741211,46.473445892333984,83.92842102050781,117.6500015258789
2017-02-14,58.44176483154297,36.020328521728516,46.862735748291016,83.67561340332031,117.58000183105469
2017-02-15,58.40555191040039,36.29200744628906,47.094635009765625,85.51322937011719,118.7300033569336
2017-02-16,58.396507263183594,36.449764251708984,46.986961364746094,85.416015625,118.93000030517578
2017-02-17,58.487022399902344,36.86167526245117,47.50048828125,84.88127136230469,119.66999816894531
2017-02-21,58.36933898925781,37.04572677612305,47.65785217285156,85.11460876464844,119.62999725341797
2017-02-22,58.25168991088867,37.256065368652344,47.682708740234375,84.95903778076172,119.47000122070312
2017-02-23,58.487022399902344,37.650447845458984,47.740665435791016,84.24927520751953,118.83000183105469
2017-02-24,58.487022399902344,37.8344841003418,47.60816955566406,84.1423110961914,119.30999755859375
2017-02-27,58.13402557373047,37.422576904296875,47.02837371826172,84.58956146240234,118.77999877929688
2017-02-28,57.90775680541992,37.326168060302734,47.10292053222656,84.10342407226562,118.33999633789062
2017-03-01,58.77665328979492,37.61537551879883,47.3265495300293,85.38685607910156,120.3499984741211
2017-03-02,57.934913635253906,37.58909606933594,47.30998992919922,84.59928131103516,119.9000015258789
2017-03-03,58.152137756347656,37.4138069152832,47.293426513671875,84.82292938232422,120.04000091552734
2017-03-06,58.17023468017578,37.308650970458984,46.94556427001953,84.72570037841797,120.1500015258789
2017-03-07,58.28789520263672,37.33492660522461,46.54799270629883,85.85356140136719,119.9800033569336
2017-03-08,58.821895599365234,37.34370040893555,46.1669921875,86.5341567993164,119.5999984741211
2017-03-09,58.586578369140625,37.194698333740234,45.71146011352539,86.56331634521484,119.91000366210938
2017-03-10,58.76759338378906,37.40504837036133,45.16480255126953,87.32171630859375,121.08999633789062
2017-03-13,58.568477630615234,37.31740188598633,45.24763107299805,88.21624755859375,121.80000305175781
2017-03-14,58.29695510864258,37.5014533996582,44.94945526123047,88.38150787353516,121.44000244140625
2017-03-15,58.60467529296875,37.729312896728516,45.17308807373047,88.97462463378906,122.11000061035156
2017-03-16,58.505123138427734,40.078086853027344,45.3884391784668,87.7009048461914,122.3499984741211
2017-03-17,58.713287353515625,40.01673889160156,46.200130462646484,87.10782623291016,127.01000213623047
2017-03-20,58.76759338378906,39.63988494873047,46.2249870300293,86.6897201538086,126.30999755859375
2017-03-21,58.11592483520508,39.29808807373047,46.001346588134766,85.96051025390625,125.06999969482422
2017-03-22,58.85810470581055,39.254268646240234,46.29123306274414,86.28136444091797,126.20999908447266
2017-03-23,58.713287353515625,39.39448928833008,46.25811004638672,86.15494537353516,126.87000274658203
2017-03-24,58.812843322753906,39.131568908691406,47.053226470947266,86.87445068359375,127.69999694824219
2017-03-27,58.921451568603516,39.29808807373047,47.40109634399414,86.55360412597656,128.25
2017-03-28,59.09342575073242,39.166629791259766,47.50048828125,87.25365447998047,128.69000244140625
2017-03-29,59.25634002685547,39.01762771606445,47.65785217285156,87.29253387451172,129.5800018310547
2017-03-30,59.47356033325195,39.15786361694336,48.17137908935547,87.75924682617188,129.61000061035156
2017-03-31,59.60933303833008,39.09650802612305,48.361873626708984,87.03973388671875,130.1300048828125
2017-04-03,59.3287467956543,39.09650802612305,48.40328598022461,86.64111328125,129.58999633789062
2017-04-04,59.491661071777344,39.078983306884766,48.303890228271484,86.806396484375,130.0399932861328
2017-04-05,59.33778381347656,38.99134826660156,48.22106170654297,85.95077514648438,129.88999938964844
2017-04-06,59.491661071777344,38.71965789794922,47.972591400146484,86.10633850097656,130.14999389648438
2017-04-07,59.4463996887207,38.816070556640625,48.055416107177734,86.27163696289062,130.22000122070312
2017-04-10,59.3106575012207,38.72804641723633,47.997440338134766,86.28136444091797,130.16000366210938
2017-04-11,59.265384674072266,38.877685546875,47.939456939697266,87.19532012939453,129.9499969482422
2017-04-12,59.03913497924805,38.886478424072266,47.69097900390625,87.45785522460938,129.3800048828125
2017-04-13,58.78568649291992,38.72804641723633,47.632999420166016,86.55360412597656,129.0500030517578
2017-04-17,59.265384674072266,38.98330307006836,48.1051139831543,86.73832702636719,129.99000549316406
2017-04-18,59.18394470214844,39.18574905395508,48.32874298095703,86.7286148071289,129.80999755859375
2017-04-19,58.86714553833008,38.89528274536133,48.90023422241211,87.1661376953125,130.22000122070312
2017-04-20,59.28349304199219,39.19454574584961,49.76162338256836,88.68292236328125,131.4199981689453
2017-04-21,60.098087310791016,39.10652160644531,50.200599670410156,89.3927001953125,131.52000427246094
2017-04-24,61.120819091796875,39.4673957824707,50.61472702026367,90.23860931396484,132.88999938964844
2017-04-25,61.47382736206055,39.36178207397461,50.4904899597168,90.4135971069336,133.49000549316406
2017-04-26,61.392356872558594,39.335357666015625,50.98744583129883,90.90946960449219,132.7899932861328
2017-04-27,61.790618896484375,39.405784606933594,50.7720947265625,91.62898254394531,133.3800048828125
2017-04-28,61.962562561035156,39.57301712036133,49.74506759643555,92.19290161132812,133.74000549316406
2017-05-01,62.82240295410156,39.65224075317383,49.84444808959961,92.16374206542969,135.11000061035156
2017-05-02,62.72283935546875,39.722652435302734,50.10948944091797,91.63868713378906,135.0
2017-05-03,62.52372741699219,39.511409759521484,50.18402862548828,91.50254821777344,134.85000610351562
2017-05-04,62.27934646606445,40.021915435791016,50.382816314697266,92.13456726074219,134.61000061035156
2017-05-05,62.45133972167969,40.11874771118164,50.482215881347656,93.08740997314453,134.83999633789062
2017-05-08,62.39699935913086,40.10112380981445,50.47392272949219,93.07769012451172,135.1199951171875
2017-05-09,62.487525939941406,40.03071212768555,50.71512222290039,93.34993743896484,135.60000610351562
2017-05-10,62.73189926147461,40.07472229003906,50.448970794677734,105.16331481933594,136.14999389648438
2017-05-11,61.962562561035156,39.74905014038086,50.124629974365234,105.5716781616211,136.2899932861328
2017-05-12,61.89015579223633,39.678646087646484,49.84185028076172,106.06753540039062,136.83999633789062
2017-05-15,61.93540573120117,39.889888763427734,50.27433776855469,107.82740020751953,137.60000610351562
2017-05-16,63.1825065612793,39.86347961425781,49.88343811035156,108.66357421875,138.02999877929688
2017-05-17,61.425655364990234,38.93048095703125,49.6755256652832,102.32421112060547,134.3300018310547
2017-05-18,61.635013580322266,38.877685546875,49.7503662109375,103.96739196777344,134.5399932861328
2017-05-19,61.616817474365234,39.000892639160156,51.0311393737793,104.65772247314453,136.42999267578125
2017-05-22,62.308624267578125,39.28254318237305,50.923030853271484,105.38693237304688,138.86000061035156
2017-05-23,62.51797866821289,39.220951080322266,50.85649871826172,105.98976135253906,139.52000427246094
2017-05-24,62.59991455078125,39.45859909057617,51.4719352722168,109.19834899902344,141.1199951171875
2017-05-25,63.3736686706543,39.784271240234375,52.31190872192383,110.67622375488281,142.85000610351562
2017-05-26,63.68315124511719,39.83707046508789,52.64457702636719,109.02330017089844,141.88999938964844
2017-05-30,64.09278106689453,39.9779052734375,52.61131286621094,109.7233657836914,142.41000366210938
2017-05-31,63.573909759521484,39.95149230957031,52.90240478515625,110.19007873535156,141.86000061035156
2017-06-01,63.810585021972656,40.303565979003906,53.018821716308594,110.71512603759766,141.3800048828125
2017-06-02,65.32166290283203,40.189151763916016,53.7008056640625,111.34709167480469,143.47999572753906
2017-06-05,65.79500579833984,40.41799545288086,53.45130157470703,111.51238250732422,143.58999633789062
2017-06-06,66.01346588134766,40.145145416259766,53.35982131958008,110.54009246826172,143.02999877929688
2017-06-07,65.89513397216797,39.960296630859375,52.810916900634766,112.17355346679688,143.6199951171875
2017-06-08,65.49461364746094,39.9779052734375,51.76301956176758,111.12345886230469,142.6300048828125
2017-06-09,64.01084899902344,39.63462448120117,51.72142791748047,107.39958953857422,138.0500030517578
2017-06-12,63.519287109375,39.476192474365234,50.97291946411133,105.8828125,137.25
2017-06-13,64.31124877929688,39.59061813354492,50.66520309448242,106.9328842163086,139.08999633789062
2017-06-14,63.965335845947266,39.44099044799805,50.124629974365234,106.97176361083984,138.25
2017-06-15,63.62854766845703,39.326568603515625,49.97492980957031,107.46765899658203,137.52000427246094
2017-06-16,63.719566345214844,39.687442779541016,50.016510009765625,107.44820404052734,137.83999633789062
2017-06-19,64.5114974975586,40.25075149536133,50.648582458496094,110.5011978149414,140.35000610351562
2017-06-20,63.63764572143555,40.34758377075195,49.78364181518555,110.32618713378906,140.91000366210938
2017-06-21,63.965335845947266,40.77886962890625,49.86680221557617,110.03450775146484,144.24000549316406
2017-06-22,63.95622253417969,44.273197174072266,49.49256134033203,109.499755859375,143.69000244140625
2017-06-23,64.82100677490234,44.8453254699707,49.742061614990234,107.79821014404297,145.41000366210938
2017-06-26,64.20201110839844,44.7661018371582,49.60068130493164,108.76078796386719,144.9600067138672
2017-06-27,63.000431060791016,44.66927719116211,49.03513717651367,105.3188705444336,142.5399932861328
2017-06-28,63.53750991821289,44.774898529052734,49.21810531616211,105.7953109741211,143.80999755859375
2017-06-29,62.345027923583984,44.185176849365234,48.53615188598633,103.72433471679688,141.24000549316406
2017-06-30,62.74555969238281,44.13236999511719,48.49456024169922,102.79093170166016,141.44000244140625
2017-07-03,62.053749084472656,43.44581985473633,48.44465255737305,102.49922943115234,138.41000366210938
2017-07-05,62.882102966308594,43.533843994140625,48.18684005737305,103.80208587646484,141.2100067138672
2017-07-06,62.417850494384766,42.99693298339844,47.90407180786133,102.82007598876953,140.75
2017-07-07,63.22800064086914,43.437015533447266,48.2700080871582,104.4729995727539,142.22000122070312
2017-07-10,63.701351165771484,43.6746826171875,48.07871627807617,104.85215759277344,143.33999633789062
2017-07-11,63.71046447753906,43.903526306152344,48.1535758972168,105.41610717773438,142.92999267578125
2017-07-12,64.76636505126953,44.40521240234375,48.68582534790039,107.61347961425781,145.91000366210938
2017-07-13,65.33074951171875,44.31719970703125,48.55276870727539,105.96058654785156,145.0500030517578
2017-07-14,66.25016021728516,44.502037048339844,48.868804931640625,105.9703140258789,146.16000366210938
2017-07-17,66.7690200805664,44.56389236450195,48.51118469238281,106.40784454345703,146.39999389648438
2017-07-18,66.72346496582031,44.57271957397461,48.4113883972168,107.22456359863281,147.88999938964844
2017-07-19,67.23323822021484,45.05864334106445,48.328224182128906,108.4885482788086,148.9199981689453
2017-07-20,67.56095123291016,45.17351150512695,48.26167678833008,108.86774444580078,149.94000244140625
2017-07-21,67.1695327758789,44.8819580078125,48.2201042175293,109.11080932617188,149.52000427246094
2017-07-24,66.99655151367188,44.84661102294922,48.253379821777344,110.59844970703125,149.52999877929688
2017-07-25,67.53363800048828,45.20884323120117,48.694156646728516,110.51094055175781,148.2100067138672
2017-07-26,67.40618896484375,45.20884323120117,48.18684005737305,114.7306900024414,149.77999877929688
2017-07-27,66.59603118896484,44.57271957397461,49.48423767089844,114.34175872802734,146.1999969482422
2017-07-28,66.48680877685547,44.44020080566406,44.91007995605469,114.97374725341797,146.72999572753906
2017-07-31,66.17730712890625,44.113304138183594,44.89344787597656,113.50558471679688,146.49000549316406
2017-08-01,66.06805419921875,44.3165168762207,45.51719284057617,113.68060302734375,147.36000061035156
2017-08-02,65.77680206298828,43.97194290161133,46.09934997558594,113.59310150146484,147.1300048828125
2017-08-03,65.67667388916016,44.37835693359375,46.30727005004883,115.55713653564453,147.7899932861328
2017-08-04,66.15909576416016,44.13981246948242,46.107666015625,113.9722900390625,147.7100067138672
2017-08-07,65.90424346923828,43.857093811035156,46.265682220458984,113.71949768066406,148.44000244140625
2017-08-08,66.25923156738281,43.37999725341797,45.54721450805664,113.2722396850586,147.80999755859375
2017-08-09,65.96794891357422,43.34465789794922,44.895599365234375,112.8930435180664,148.35000610351562
2017-08-10,65.0030517578125,42.496490478515625,44.335845947265625,110.83180236816406,144.9199981689453
2017-08-11,65.99525451660156,42.62018585205078,44.42776107788086,112.25132751464844,146.47000122070312
2017-08-14,66.98746490478516,43.159114837646484,44.46117401123047,113.86534881591797,149.16000366210938
2017-08-15,67.00576782226562,43.141448974609375,44.40270233154297,114.17646789550781,150.36000061035156
2017-08-16,67.3992919921875,43.512516021728516,44.695091247558594,115.94605255126953,151.8000030517578
2017-08-17,66.2553482055664,42.8940544128418,44.3108024597168,113.24305725097656,148.22999572753906
2017-08-18,66.33770751953125,42.95590591430664,44.02674102783203,113.64171600341797,147.97000122070312
2017-08-21,66.026611328125,43.20328140258789,44.40270233154297,113.60282897949219,149.25999450683594
2017-08-22,66.95087432861328,43.5213508605957,45.48874282836914,115.73212432861328,152.25
2017-08-23,66.54820251464844,43.35349655151367,45.17964172363281,114.90569305419922,151.10000610351562
2017-08-24,66.52076721191406,43.45951461791992,45.062679290771484,114.55567932128906,150.80999755859375
2017-08-25,66.63970947265625,43.50368881225586,45.4135627746582,113.69031524658203,151.4499969482422
2017-08-28,66.64885711669922,43.50368881225586,45.44697189331055,115.44046783447266,151.7899932861328
2017-08-29,66.8501968383789,43.68921661376953,45.19633483886719,115.9266128540039,152.13999938964844
2017-08-30,67.72872924804688,43.99842834472656,45.54721450805664,118.5906753540039,153.6699981689453
2017-08-31,68.42423248291016,44.46670913696289,45.831275939941406,118.13370513916016,155.16000366210938
2017-09-01,67.66466522216797,44.722923278808594,45.889739990234375,116.0043716430664,155.05999755859375
2017-09-05,67.3626708984375,44.99680709838867,46.056827545166016,114.93486785888672,154.27999877929688
2017-09-06,67.17048645019531,45.06748580932617,45.37178039550781,113.75839233398438,153.75999450683594
2017-09-07,68.03070068359375,45.70361328125,44.67002868652344,115.6349105834961,155.47000122070312
2017-09-08,67.7012710571289,45.571075439453125,44.68674087524414,115.0029067993164,155.33999633789062
2017-09-11,68.4150619506836,46.375064849853516,45.129512786865234,117.83229064941406,156.8699951171875
2017-09-12,68.34185028076172,46.6224479675293,44.728511810302734,117.07389831542969,156.30999755859375
2017-09-13,68.82687377929688,46.64896011352539,45.35507583618164,116.28634643554688,156.24000549316406
2017-09-14,68.42423248291016,46.64011764526367,45.55556869506836,115.88772583007812,154.9499969482422
2017-09-15,68.91840362548828,43.061927795410156,45.67253112792969,116.11134338378906,154.49000549316406
2017-09-18,68.78111267089844,42.699703216552734,45.689247131347656,116.63636779785156,155.77000427246094
2017-09-19,69.0373764038086,42.44347381591797,45.63077163696289,116.87945556640625,156.60000610351562
2017-09-20,68.57979583740234,42.381629943847656,46.073543548583984,117.00584411621094,149.9600067138672
2017-09-21,67.91175842285156,42.381629943847656,45.95658874511719,114.75012969970703,149.3000030517578
2017-09-22,68.09477233886719,42.549495697021484,46.023414611816406,115.2168197631836,148.5
2017-09-25,67.0423812866211,42.381629943847656,45.906455993652344,111.03597259521484,144.57000732421875
2017-09-26,67.0423812866211,42.337459564208984,46.056827545166016,110.76371765136719,145.39999389648438
2017-09-27,67.58230590820312,42.549495697021484,45.93986511230469,112.75691986083984,146.42999267578125
2017-09-28,67.6006088256836,42.478824615478516,45.53052520751953,113.37921142578125,146.8300018310547
2017-09-29,68.16798400878906,42.71736526489258,44.87052536010742,114.78902435302734,149.17999267578125
2017-10-02,68.27780151367188,43.11494445800781,44.954078674316406,114.68206024169922,147.94000244140625
2017-10-03,67.95750427246094,43.01775360107422,45.10445022583008,114.69178009033203,148.60000610351562
2017-10-04,68.35101318359375,43.20328140258789,45.05432891845703,115.27518463134766,147.9499969482422
2017-10-05,69.52236938476562,43.21213150024414,45.61404037475586,116.20855712890625,150.25
2017-10-06,69.54983520507812,42.76155090332031,46.09024429321289,116.76276397705078,151.1199951171875
2017-10-09,69.8152084350586,42.726200103759766,45.964935302734375,115.33349609375,151.5
2017-10-10,69.8152084350586,42.76167297363281,46.299102783203125,114.55567932128906,152.14999389648438
2017-10-11,69.93417358398438,42.82376480102539,46.48289489746094,112.83470153808594,153.64999389648438
2017-10-12,70.57478332519531,42.779415130615234,46.75859069824219,113.8945083618164,153.61000061035156
2017-10-13,70.91336059570312,43.11647033691406,46.54971694946289,115.33349609375,153.92999267578125
2017-10-16,71.05979919433594,43.33822250366211,45.8730354309082,114.22508239746094,150.4600067138672
2017-10-17,71.0048599243164,43.63093185424805,45.53886032104492,112.76664733886719,150.3800048828125
2017-10-18,71.02317810058594,43.976863861083984,46.12367248535156,110.02477264404297,153.0
2017-10-19,71.29771423339844,43.77284240722656,46.282386779785156,109.9372787475586,171.72999572753906
2017-10-20,72.12136840820312,43.684146881103516,45.588985443115234,110.4720230102539,175.63999938964844
2017-10-23,72.1396255493164,43.737361907958984,45.33836364746094,110.51094055175781,172.16000366210938
2017-10-24,72.16709899902344,44.33164978027344,45.34671401977539,110.24837493896484,171.5800018310547
2017-10-25,71.95662689208984,44.083290100097656,45.24646759033203,111.38600158691406,171.8300018310547
2017-10-26,72.07559967041016,44.48244857788086,45.8730354309082,112.62081146240234,173.75
2017-10-27,76.69697570800781,45.129940032958984,45.84797668457031,113.65142059326172,177.3300018310547
2017-10-30,76.77018737792969,44.95252990722656,46.09024429321289,114.32232666015625,176.02999877929688
2017-10-31,76.12045288085938,45.147674560546875,45.81455612182617,116.28634643554688,175.16000366210938
2017-11-01,76.12045288085938,44.91706085205078,46.056827545166016,111.29846954345703,176.25
2017-11-02,76.91663360595703,44.59773635864258,45.839622497558594,109.56781005859375,180.94000244140625
2017-11-03,76.9990005493164,44.5090446472168,46.8087158203125,110.06366729736328,182.3000030517578
2017-11-06,77.30099487304688,44.70417404174805,47.25983810424805,109.34414672851562,180.8000030517578
2017-11-07,77.11796569824219,44.784019470214844,47.802852630615234,108.60521697998047,180.8800048828125
2017-11-08,77.38330078125,44.828365325927734,48.379295349121094,110.98734283447266,184.05999755859375
2017-11-09,76.9532241821289,43.67528533935547,47.919830322265625,108.78996276855469,181.9199981689453
2017-11-10,76.75192260742188,43.74623489379883,47.652488708496094,109.62613677978516,181.72000122070312
2017-11-13,76.80680084228516,43.81719207763672,47.318321228027344,108.90665435791016,181.85000610351562
2017-11-14,76.91663360595703,43.63980484008789,47.56059265136719,109.15943908691406,181.32000732421875
2017-11-15,76.3188247680664,43.30274200439453,47.619380950927734,108.39132690429688,180.0800018310547
2017-11-16,76.52112579345703,43.63980484008789,48.072906494140625,108.50800323486328,182.3000030517578
2017-11-17,75.78534698486328,43.40917205810547,47.81254959106445,105.80500793457031,182.24000549316406
2017-11-20,75.90492248535156,43.48012924194336,47.71175765991211,104.65772247314453,182.33999633789062
2017-11-21,76.9993896484375,43.13420867919922,48.089691162109375,104.72576904296875,184.14999389648438
2017-11-22,76.43833923339844,43.089866638183594,47.988914489746094,104.34658813476562,182.89999389648438
2017-11-24,76.57632446289062,43.47126007080078,47.70336151123047,104.94939422607422,184.4600067138672
2017-11-27,77.13737487792969,43.35596466064453,46.955894470214844,104.02572631835938,185.0
2017-11-28,78.06626892089844,43.47126007080078,47.58578872680664,106.43701171875,185.39999389648438
2017-11-29,76.64989471435547,43.03664016723633,48.299652099609375,102.56727600097656,176.85000610351562
2017-11-30,77.41327667236328,43.51561737060547,48.56000900268555,103.40345001220703,181.47000122070312
2017-12-01,77.49602508544922,44.00346374511719,48.14008712768555,103.08260345458984,179.52000427246094
2017-12-04,74.57131958007812,42.930213928222656,49.349464416503906,98.03638458251953,168.44000244140625
2017-12-05,75.04037475585938,42.56654739379883,49.836570739746094,100.51575469970703,167.5399932861328
2017-12-06,76.13485717773438,42.94794464111328,49.78620147705078,100.32127380371094,173.52000427246094
2017-12-07,75.86815643310547,43.03664016723633,49.668601989746094,101.47834014892578,174.61000061035156
2017-12-08,77.40408325195312,43.99458312988281,49.223480224609375,102.35338592529297,173.57000732421875
2017-12-11,78.38819122314453,44.766273498535156,49.609806060791016,104.9299545288086,174.30999755859375
2017-12-12,78.71007537841797,44.69529724121094,49.77779769897461,104.67716217041016,172.5399932861328
2017-12-13,78.49855041503906,44.393733978271484,49.96255874633789,102.61590576171875,176.8300018310547
2017-12-14,77.89152526855469,44.517921447753906,50.13892364501953,103.47152709960938,175.0
2017-12-15,79.87811279296875,42.841514587402344,48.95473861694336,106.25228118896484,177.50999450683594
2017-12-18,79.44585418701172,42.318180084228516,48.73637390136719,104.36602020263672,176.74000549316406
2017-12-19,78.94000244140625,42.41575241088867,48.71957778930664,104.03543853759766,174.97000122070312
2017-12-20,78.6548843383789,42.48670959472656,48.48442077636719,105.44528198242188,174.25
2017-12-21,78.6364974975586,41.9367790222168,48.358436584472656,104.97858428955078,174.55999755859375
2017-12-22,78.64572143554688,42.00773620605469,48.1232795715332,103.08260345458984,175.0
2017-12-26,78.54454040527344,42.069828033447266,47.988914489746094,102.14917755126953,174.44000244140625
2017-12-27,78.82965087890625,42.02547073364258,48.09809494018555,102.31449127197266,175.36000061035156
2017-12-28,78.8388442993164,42.14965057373047,48.551612854003906,102.39225769042969,175.5500030517578
2017-12-29,78.67327117919922,41.9367790222168,48.23247146606445,102.14917755126953,175.24000549316406
2018-01-02,79.05038452148438,41.3602409362793,48.40042495727539,106.41755676269531,177.6999969482422
2018-01-03,79.41826629638672,42.318180084228516,49.307472229003906,106.7092514038086,181.0399932861328
2018-01-04,80.11727905273438,42.735069274902344,49.492252349853516,104.22020721435547,183.22000122070312
2018-01-05,81.11055755615234,42.99229049682617,50.063331604003906,109.276123046875,185.33999633789062
2018-01-08,81.193359375,43.44465637207031,49.8113899230957,110.0831298828125,185.0399932861328
2018-01-09,81.1381607055664,43.68507766723633,49.70219802856445,109.07194519042969,186.6999969482422
2018-01-10,80.7702407836914,43.453575134277344,50.239707946777344,109.13998413085938,187.11000061035156
2018-01-11,81.00940704345703,43.58713150024414,50.39087677001953,108.89689636230469,188.9199981689453
2018-01-12,82.4073715209961,44.08578872680664,50.72681427001953,109.99560546875,195.0500030517578
2018-01-16,81.25772094726562,44.157012939453125,50.8612060546875,108.81914520263672,192.4600067138672
2018-01-17,82.90403747558594,44.762516021728516,50.9451789855957,110.00533294677734,196.49000549316406
2018-01-18,82.86725616455078,44.72689437866211,51.30630874633789,112.08602905273438,196.1999969482422
2018-01-19,82.77527618408203,45.03855895996094,51.4490852355957,112.96111297607422,195.72999572753906
2018-01-22,84.2560043334961,45.1543083190918,51.5750617980957,114.72096252441406,197.83999633789062
2018-01-23,84.52273559570312,45.51939392089844,51.81022644042969,114.4098129272461,200.08999633789062
2018-01-24,84.44918823242188,45.813236236572266,51.087955474853516,111.48322296142578,197.77999877929688
2018-01-25,84.91822052001953,45.946800231933594,50.852787017822266,111.32764434814453,197.50999450683594
2018-01-26,86.50934600830078,46.970802307128906,48.70279312133789,112.00823974609375,201.3000030517578
2018-01-29,86.3805923461914,46.24955749511719,47.88813400268555,114.39037322998047,198.22999572753906
2018-01-30,85.29532623291016,45.37691116333008,48.03089904785156,115.41127014160156,196.89999389648438
2018-01-31,87.38308715820312,45.937896728515625,47.71175765991211,123.44243621826172,199.75999450683594
2018-02-01,86.69329833984375,45.97352600097656,47.0314826965332,124.62862396240234,199.3800048828125
2018-02-02,84.41239929199219,44.63786315917969,46.83832931518555,121.07975006103516,195.63999938964844
2018-02-05,80.93582916259766,42.82136154174805,45.93128204345703,118.26984405517578,190.27000427246094
2018-02-06,83.99850463867188,43.98782730102539,46.703941345214844,119.71854400634766,194.47000122070312
2018-02-07,82.41658020019531,43.51588821411133,45.9861946105957,119.64076232910156,192.33999633789062
2018-02-08,78.18584442138672,41.70828628540039,45.40355682373047,113.3111343383789,185.16000366210938
2018-02-09,81.10134887695312,42.50080490112305,46.08753967285156,117.29753875732422,187.99000549316406
2018-02-12,81.97509765625,42.87477493286133,46.7630729675293,118.83375549316406,192.14999389648438
2018-02-13,82.61891174316406,43.17753219604492,47.00792694091797,118.89208984375,193.47999572753906
2018-02-14,83.91256713867188,44.0323486328125,47.27814865112305,120.3407974243164,197.1300048828125
2018-02-15,85.62206268310547,45.09197998046875,47.77632522583008,122.97574615478516,202.97000122070312
2018-02-16,85.01217651367188,45.1543083190918,47.6918830871582,122.52847290039062,201.55999755859375
2018-02-20,85.67752075195312,44.42414855957031,47.26125717163086,122.83959197998047,202.97999572753906
2018-02-21,84.54093170166016,44.01454162597656,47.37101745605469,121.43953704833984,202.08999633789062
2018-02-22,84.7627182006836,44.157012939453125,46.77994155883789,121.15754699707031,202.61000061035156
2018-02-23,86.91572570800781,44.967315673828125,47.404788970947266,123.57855987548828,209.74000549316406
2018-02-26,88.17243957519531,45.56391143798828,48.274532318115234,125.0078125,212.14999389648438
2018-02-27,87.04509735107422,45.172119140625,47.76789474487305,122.3145751953125,208.82000732421875
2018-02-28,86.64774322509766,45.11869430541992,48.215423583984375,120.27275085449219,209.1300048828125
2018-03-01,85.7976303100586,44.26387023925781,47.43013000488281,118.78514862060547,206.02999877929688
2018-03-02,85.98245239257812,44.807029724121094,48.071876525878906,121.6242446899414,209.7899932861328
2018-03-05,86.52762603759766,45.6707763671875,48.12254333496094,122.60624694824219,211.16000366210938
2018-03-06,86.23193359375,45.857765197753906,48.15629959106445,121.09918975830078,212.00999450683594
2018-03-07,86.73091888427734,46.053653717041016,48.15629959106445,123.64661407470703,216.86000061035156
2018-03-08,87.25762176513672,46.41874313354492,48.527870178222656,125.25090026855469,216.39999389648438
2018-03-09,89.2073745727539,47.166709899902344,49.36381530761719,124.93004608154297,221.11000061035156
2018-03-12,89.41989135742188,47.104393005371094,50.15755081176758,124.57029724121094,220.94000244140625
2018-03-13,87.23915100097656,46.819435119628906,49.862022399902344,123.063232421875,219.75999450683594
2018-03-14,86.7216796875,46.58792495727539,49.676246643066406,124.42444610595703,218.44000244140625
2018-03-15,87.026611328125,46.6324348449707,50.13222885131836,125.54257202148438,218.8699951171875
2018-03-16,87.4146957397461,46.54339599609375,49.819786071777344,124.95921325683594,225.5500030517578
2018-03-19,85.8345718383789,46.25845718383789,49.22869873046875,121.96455383300781,222.17999267578125
2018-03-20,86.0563735961914,41.89528274536133,49.532691955566406,123.3354721069336,229.75
2018-03-21,85.45574951171875,41.86857223510742,49.372257232666016,122.509033203125,226.85000610351562
2018-03-22,82.97003936767578,40.86238098144531,48.78117752075195,119.5727310180664,220.52000427246094
2018-03-23,80.55828094482422,39.88289260864258,47.5483512878418,118.07539367675781,215.02000427246094
2018-03-26,86.65699005126953,41.38773727416992,48.80649948120117,122.93684387207031,228.91000366210938
2018-03-27,82.67435455322266,40.40825653076172,48.5193977355957,116.65580749511719,213.8000030517578
2018-03-28,82.60041809082031,40.05207443237305,48.89094543457031,116.02384185791016,212.5399932861328
2018-03-29,84.33765411376953,40.73772430419922,48.882503509521484,117.88090515136719,216.0800018310547
2018-04-02,81.7965316772461,40.07878494262695,47.48924255371094,115.43071746826172,212.27999877929688
2018-04-03,82.89615631103516,39.97193908691406,48.97540283203125,116.19883728027344,215.92999267578125
2018-04-04,85.317138671875,40.52400588989258,49.676246643066406,116.78221893310547,225.0500030517578
2018-04-05,85.36333465576172,40.924705505371094,49.9379997253418,117.87118530273438,223.5399932861328
2018-04-06,83.37662506103516,39.91850662231445,49.26247787475586,115.08069610595703,218.61000061035156
2018-04-09,83.8756103515625,39.98084259033203,49.56646728515625,115.56685638427734,219.1699981689453
2018-04-10,85.82534790039062,40.80004119873047,50.16598892211914,117.3656005859375,224.52999877929688
2018-04-11,84.8828353881836,40.61305618286133,50.1744384765625,115.48906707763672,223.6300048828125
2018-04-12,86.47218322753906,40.85346984863281,50.18289566040039,117.73506927490234,226.9600067138672
2018-04-13,86.01014709472656,41.03156661987305,50.0224494934082,117.19056701660156,224.05999755859375
2018-04-16,87.01737213134766,41.174617767333984,50.18289566040039,118.80459594726562,226.52000427246094
2018-04-17,88.77305603027344,41.72005081176758,50.52064895629883,120.8658447265625,231.16000366210938
2018-04-18,89.11493682861328,42.09559631347656,50.242000579833984,121.4686508178711,231.10000610351562
2018-04-19,88.81002044677734,41.86309814453125,50.00555419921875,119.6990966796875,227.6199951171875
2018-04-20,87.78434753417969,41.33556365966797,48.97540283203125,117.54060363769531,225.24000549316406
2018-04-23,88.10774230957031,40.95108413696289,49.110496520996094,116.28634643554688,225.3000030517578
2018-04-24,86.047119140625,40.70967102050781,48.81496047973633,115.30430603027344,217.88999938964844
2018-04-25,85.29866027832031,40.90638732910156,48.73051071166992,113.44723510742188,217.32000732421875
2018-04-26,87.10051727294922,41.094146728515625,50.14067459106445,116.28634643554688,221.91000366210938
2018-04-27,88.54206848144531,40.70967102050781,49.27937698364258,114.21534729003906,221.89999389648438
2018-04-30,86.41673278808594,40.83485794067383,48.61229705810547,114.71123504638672,221.60000610351562
2018-05-01,87.78434753417969,41.08522415161133,49.085166931152344,116.50999450683594,224.0800018310547
2018-05-02,86.40753173828125,40.69178771972656,47.87767028808594,115.64463806152344,221.10000610351562
2018-05-03,86.92496490478516,40.28943634033203,47.39635467529297,116.84053802490234,226.0500030517578
2018-05-04,87.93218231201172,40.8706169128418,48.70518493652344,120.21442413330078,228.50999450683594
2018-05-07,88.91166687011719,41.192508697509766,48.51097106933594,120.48664093017578,230.99000549316406
2018-05-08,88.53278350830078,41.07626724243164,48.69672393798828,120.45748901367188,234.55999755859375
2018-05-09,89.57698059082031,41.64851379394531,48.416629791259766,127.3802261352539,239.74000549316406
2018-05-10,90.47329711914062,41.96146011352539,48.93441390991211,130.05406188964844,241.14999389648438
2018-05-11,90.27924346923828,41.86309814453125,48.611846923828125,129.13037109375,241.8800048828125
2018-05-14,90.58419799804688,41.86309814453125,48.493019104003906,128.8581085205078,238.3699951171875
2018-05-15,89.92813110351562,41.85416793823242,48.07709884643555,126.50517272949219,236.60000610351562
2018-05-16,90.1601333618164,41.782623291015625,48.509986877441406,127.234375,237.38999938964844
2018-05-17,89.25991821289062,41.61275100708008,48.55243682861328,127.18574523925781,236.85000610351562
2018-05-18,89.42694854736328,41.416046142578125,48.51847839355469,128.34283447265625,238.08999633789062
2018-05-21,90.57774353027344,42.211814880371094,48.67127227783203,129.2275848388672,238.10000610351562
2018-05-22,90.48495483398438,41.46074676513672,48.34871292114258,128.51779174804688,238.7899932861328
2018-05-23,91.56148529052734,41.93463134765625,48.7985954284668,129.8011932373047,243.91000366210938
2018-05-24,91.23665618896484,41.54121017456055,48.95988082885742,127.83719635009766,245.14999389648438
2018-05-25,91.2830810546875,42.024051666259766,49.163578033447266,128.19696044921875,243.55999755859375
2018-05-29,90.958251953125,41.362396240234375,48.57789993286133,127.61357879638672,242.19000244140625
2018-05-30,91.83062744140625,42.068748474121094,48.79010772705078,127.730224609375,247.39999389648438
2018-05-31,91.7285385131836,41.773704528808594,48.10255432128906,127.28300476074219,249.27999877929688
2018-06-01,93.53822326660156,42.336997985839844,48.306278228759766,131.93057250976562,251.30999755859375
2018-06-04,94.35492706298828,42.31016540527344,48.44208908081055,130.92913818359375,253.33999633789062
2018-06-05,94.83750915527344,42.14028549194336,47.262229919433594,133.16537475585938,252.6999969482422
2018-06-06,95.11591339111328,42.69464111328125,48.52696990966797,133.14590454101562,253.9499969482422
2018-06-07,93.62177276611328,42.63206100463867,48.501502990722656,133.11676025390625,247.50999450683594
2018-06-08,94.31779479980469,43.07911682128906,48.04313659667969,134.0501708984375,251.2100067138672
2018-06-11,93.7795181274414,43.08806228637695,47.941287994384766,135.30442810058594,251.0
2018-06-12,94.02079772949219,43.320533752441406,47.941287994384766,135.90724182128906,252.58999633789062
2018-06-13,93.59391021728516,43.15959167480469,47.71210479736328,139.31027221679688,256.1300048828125
2018-06-14,94.12287902832031,41.04051208496094,48.39965057373047,140.38951110839844,258.1000061035156
2018-06-15,92.92571258544922,41.380279541015625,48.476036071777344,142.5868682861328,251.82000732421875
2018-06-18,93.60318756103516,41.59485626220703,48.569419860839844,140.8465118408203,255.69000244140625
2018-06-19,93.60318756103516,41.371341705322266,48.74767303466797,139.12550354003906,251.74000549316406
2018-06-20,94.54054260253906,38.286582946777344,44.325321197509766,139.5630645751953,251.24000549316406
2018-06-21,93.86304473876953,38.536949157714844,42.967201232910156,139.18386840820312,248.8300018310547
2018-06-22,93.18558502197266,39.431068420410156,43.493473052978516,137.34625244140625,243.6300048828125
2018-06-25,91.3109130859375,39.592018127441406,43.00115966796875,136.62672424316406,239.67999267578125
2018-06-26,91.95126342773438,39.70824432373047,42.76348876953125,136.48094177246094,242.25
2018-06-27,90.5220947265625,38.849884033203125,42.30513000488281,133.93345642089844,237.67999267578125
2018-06-28,91.53363800048828,39.198604583740234,41.201663970947266,136.73370361328125,239.80999755859375
2018-06-29,91.51508331298828,39.39530944824219,41.46479415893555,137.1129150390625,243.80999755859375
2018-07-02,92.81437683105469,40.19108200073242,41.64305114746094,139.5047149658203,243.25999450683594
2018-07-03,91.92343139648438,39.98542785644531,41.39689636230469,137.31707763671875,242.00999450683594
2018-07-05,92.58233642578125,40.60237503051758,41.26108169555664,139.2616424560547,244.17999267578125
2018-07-06,93.88158416748047,41.129913330078125,41.57514572143555,141.0798797607422,248.19000244140625
2018-07-09,94.5219497680664,41.782623291015625,42.35606002807617,140.63258361816406,249.77000427246094
2018-07-10,94.77254486083984,42.01511001586914,42.797447204589844,140.19508361816406,248.6300048828125
2018-07-11,94.64260864257812,42.59628677368164,42.559776306152344,141.6826629638672,248.1199951171875
2018-07-12,96.693603515625,43.05229949951172,42.65313720703125,144.49256896972656,254.8699951171875
2018-07-13,97.84439849853516,43.48147964477539,43.81602096557617,144.60926818847656,258.5899963378906
2018-07-16,97.36180877685547,43.499420166015625,43.238826751708984,142.6160430908203,254.67999267578125
2018-07-17,98.32698822021484,43.894386291503906,43.52742004394531,144.61898803710938,258.30999755859375
2018-07-18,97.55670166015625,43.661006927490234,43.417076110839844,144.80372619628906,259.7799987792969
2018-07-19,96.88848876953125,43.481475830078125,43.57835388183594,143.86061096191406,257.67999267578125
2018-07-20,98.6239242553711,43.553287506103516,43.21336364746094,143.39390563964844,257.5400085449219
2018-07-23,100.20162963867188,43.687923431396484,43.45103454589844,142.49942016601562,259.4700012207031
2018-07-24,99.91394805908203,43.687923431396484,43.43405532836914,140.3214569091797,257.489990234375
2018-07-25,102.85585021972656,43.939273834228516,43.81602096557617,142.44105529785156,263.1700134277344
2018-07-26,101.7329330444336,43.86744689941406,43.67171859741211,137.96852111816406,261.92999267578125
2018-07-27,99.93252563476562,43.65203857421875,44.265907287597656,130.10267639160156,254.80999755859375
2018-07-30,97.7886962890625,42.844146728515625,44.0536994934082,122.71321105957031,242.32000732421875
2018-07-31,98.4476089477539,42.79927444458008,44.4696159362793,125.18285369873047,244.67999267578125
2018-08-01,98.63323974609375,42.5030517578125,44.07916259765625,123.9480209350586,248.00999450683594
2018-08-02,99.83039855957031,42.996761322021484,43.86695861816406,125.08562469482422,252.22000122070312
2018-08-03,100.26660919189453,43.50840759277344,44.333805084228516,127.24410247802734,253.27999877929688
2018-08-06,100.35011291503906,43.687923431396484,44.197994232177734,125.45508575439453,254.11000061035156
2018-08-07,101.0461654663086,43.51737976074219,44.197994232177734,124.55084991455078,253.38999938964844
2018-08-08,101.61227416992188,43.43659591674805,44.06123352050781,124.8522720336914,253.8300018310547
2018-08-09,101.7793197631836,43.57123947143555,44.377479553222656,124.27861022949219,253.8000030517578
2018-08-10,101.15751647949219,43.373741149902344,44.02705383300781,127.68164825439453,253.6999969482422
2018-08-13,100.42436981201172,43.095489501953125,44.283470153808594,127.68164825439453,253.5399932861328
2018-08-14,101.6772232055664,43.29296875,44.95016860961914,128.2552490234375,256.04998779296875
2018-08-15,100.2984390258789,42.94288635253906,45.086910247802734,124.50222778320312,250.52000427246094
2018-08-16,100.27979278564453,43.176273345947266,45.33479309082031,126.1162338256836,248.88999938964844
2018-08-17,100.22390747070312,43.409671783447266,45.779239654541016,124.46333312988281,245.6999969482422
2018-08-20,99.56245422363281,43.46352005004883,46.086944580078125,124.17166137695312,249.75999450683594
2018-08-21,98.73332214355469,43.45454788208008,46.155330657958984,123.24797058105469,251.5
2018-08-22,99.73947143554688,43.80462646484375,45.14675521850586,124.08415222167969,255.5399932861328
2018-08-23,100.20527648925781,43.94824981689453,45.00999069213867,122.61600494384766,257.0
2018-08-24,100.98784637451172,44.21754455566406,45.086910247802734,125.39673614501953,261.510009765625
2018-08-27,102.10580444335938,44.28036880493164,45.27495574951172,125.39673614501953,262.3999938964844
2018-08-28,102.72066497802734,43.661006927490234,45.343318939208984,124.24942779541016,263.0400085449219
2018-08-29,104.36030578613281,43.88541030883789,45.51426315307617,124.95921325683594,268.3599853515625
2018-08-30,104.29507446289062,43.4276123046875,45.38607406616211,112.72773742675781,266.42999267578125
2018-08-31,104.64910125732422,43.60714340209961,45.68522644042969,110.2678451538086,263.510009765625
2018-09-04,104.0715103149414,43.60714340209961,45.75359344482422,110.37478637695312,266.67999267578125
2018-09-05,101.0716781616211,43.1224250793457,45.975833892822266,108.45939636230469,256.1400146484375
2018-09-06,101.30459594726562,42.826202392578125,46.33481216430664,110.06366729736328,259.75
2018-09-07,100.81083679199219,42.91596984863281,46.8903923034668,111.72628021240234,260.8699951171875
2018-09-10,101.90081787109375,43.858482360839844,46.984405517578125,110.0733871459961,265.3699951171875
2018-09-11,103.63362884521484,43.912330627441406,47.112613677978516,109.17888641357422,267.0
2018-09-12,104.0715103149414,44.289344787597656,46.984405517578125,109.86920166015625,267.7900085449219
2018-09-13,105.1894760131836,43.94824981689453,46.9160270690918,110.68592071533203,268.5199890136719
2018-09-14,105.61800384521484,44.208560943603516,46.79636001586914,111.1040267944336,274.69000244140625
2018-09-17,104.47209930419922,44.145721435546875,46.64252471923828,109.56781005859375,268.25
2018-09-18,105.46894836425781,44.01108169555664,47.06987380981445,109.52892303466797,270.7900085449219
2018-09-19,104.06218719482422,44.370140075683594,47.37759017944336,109.79144287109375,264.8800048828125
2018-09-20,105.80433654785156,45.26776885986328,48.2323112487793,110.32618713378906,266.3399963378906
2018-09-21,106.4471664428711,45.86918640136719,49.1041374206543,111.83323669433594,260.8800048828125
2018-09-24,106.8291015625,45.99485397338867,48.45454025268555,112.04714965820312,264.0899963378906
2018-09-25,106.6241683959961,46.425716400146484,48.63404083251953,113.02916717529297,267.8399963378906
2018-09-26,106.18629455566406,46.34492874145508,48.95029067993164,114.81816101074219,268.4700012207031
2018-09-27,106.5869140625,46.39878845214844,49.010108947753906,116.07244873046875,269.9100036621094
2018-09-28,106.54962158203125,46.2821044921875,48.5827522277832,117.15169525146484,269.95001220703125
2018-10-01,107.704833984375,46.497528076171875,47.50579833984375,114.29315185546875,275.489990234375
2018-10-02,107.27630615234375,45.0882453918457,47.51433563232422,113.80702209472656,272.0
2018-10-03,107.2948989868164,44.65739059448242,47.411781311035156,113.16529846191406,270.510009765625
2018-10-04,105.07766723632812,44.40604019165039,47.7707633972168,110.85123443603516,263.7099914550781
2018-10-05,104.46278381347656,44.2983283996582,47.65965270996094,110.57899475097656,263.2200012207031
2018-10-08,103.27032470703125,44.30729675292969,48.32633590698242,107.55516052246094,254.69000244140625
2018-10-09,104.58392333984375,43.86744689941406,49.32636260986328,106.45645904541016,254.16000366210938
2018-10-10,98.9010238647461,42.547935485839844,47.873329162597656,102.2367172241211,237.91000366210938
2018-10-11,98.66808319091797,41.99139404296875,46.8903923034668,100.72965240478516,238.58999633789062
2018-10-12,102.07782745361328,42.52998352050781,48.249412536621094,103.16038513183594,248.8699951171875
2018-10-15,100.24252319335938,42.46689224243164,48.50582504272461,102.94645690917969,238.00999450683594
2018-10-16,103.41007232666016,43.46728515625,49.41185760498047,104.44381713867188,260.6700134277344
2018-10-17,103.13988494873047,43.133819580078125,50.514442443847656,105.77584838867188,258.9100036621094
2018-10-18,101.08099365234375,42.701229095458984,50.12126541137695,102.86872100830078,250.35000610351562
2018-10-19,101.23007202148438,42.890480041503906,50.13835906982422,99.28092956542969,245.02999877929688
2018-10-22,102.13370513916016,43.20591735839844,50.343482971191406,98.55170440673828,251.05999755859375
2018-10-23,100.7083511352539,43.25098419189453,50.26656723022461,96.34459686279297,251.75999450683594
2018-10-24,95.3235855102539,42.14244079589844,49.625518798828125,93.58329010009766,238.44000244140625
2018-10-25,100.8946762084961,43.22394943237305,50.394771575927734,95.90705871582031,252.9199981689453
2018-10-26,99.64629364013672,42.64714431762695,49.634071350097656,93.55412292480469,245.8000030517578
2018-10-29,96.74894714355469,42.37676239013672,49.89048385620117,88.66348266601562,239.75
2018-10-30,96.63715362548828,43.77370834350586,50.078529357910156,92.20263671875,238.41000366210938
2018-10-31,99.5065689086914,44.01704788208008,49.80500411987305,88.45931243896484,245.75999450683594
2018-11-01,98.67740631103516,43.79172897338867,50.11271667480469,91.59007263183594,245.27999877929688
2018-11-02,98.9010238647461,44.00803756713867,54.97612380981445,89.89828491210938,239.63999938964844
2018-11-05,100.15869903564453,44.17926788330078,55.11286544799805,90.1219253540039,239.88999938964844
2018-11-06,100.3543472290039,44.38655471801758,56.42060470581055,89.67466735839844,240.55999755859375
2018-11-07,104.30441284179688,45.296810150146484,58.25828170776367,91.201171875,253.42999267578125
2018-11-08,104.1087875366211,45.45002746582031,58.73691177368164,91.26921081542969,249.9600067138672
2018-11-09,102.07782745361328,45.612247467041016,58.63435363769531,86.4272232055664,244.83999633789062
2018-11-12,99.56245422363281,44.35951232910156,58.04460906982422,85.23127746582031,236.6699981689453
2018-11-13,99.62767791748047,44.620880126953125,57.61723327636719,84.96876525878906,238.74000549316406
2018-11-14,98.21485137939453,44.01704788208008,57.608638763427734,83.38392639160156,235.22000122070312
2018-11-15,100.37617492675781,45.630279541015625,58.107025146484375,85.80493927001953,239.9499969482422
2018-11-16,101.32118225097656,46.11695098876953,58.571083068847656,83.58808898925781,238.88999938964844
2018-11-19,97.8873519897461,44.65692138671875,58.35624694824219,80.7392807006836,219.69000244140625
2018-11-20,95.16462707519531,43.557411193847656,57.72894287109375,80.7198486328125,219.72999572753906
2018-11-21,96.47451782226562,43.818763732910156,57.37662124633789,81.69213104248047,225.97999572753906
2018-11-23,96.4371337890625,43.890869140625,56.45713806152344,80.37953186035156,225.55999755859375
2018-11-26,99.61832427978516,43.49431228637695,56.44855880737305,82.57691192626953,231.9600067138672
2018-11-27,100.24520111083984,42.75529479980469,56.78369903564453,82.68387603759766,232.25
2018-11-28,103.96907806396484,43.43122482299805,57.419578552246094,83.5200424194336,249.2100067138672
2018-11-29,103.09892272949219,43.16987609863281,57.47115707397461,83.9964828491211,249.08999633789062
2018-11-30,103.75386810302734,43.9449462890625,57.33366012573242,81.7407455444336,250.88999938964844
2018-12-03,104.87666320800781,44.90928268432617,58.003910064697266,81.67268371582031,255.25999450683594
2018-12-04,101.53640747070312,43.935916900634766,57.273521423339844,78.9308090209961,245.82000732421875
2018-12-06,102.16326904296875,42.070343017578125,57.18757247924805,81.55599212646484,250.6300048828125
2018-12-07,98.07450866699219,41.45749282836914,56.25950622558594,80.23368072509766,238.0
2018-12-10,100.66624450683594,42.06133270263672,56.27669906616211,81.41014862060547,244.08999633789062
2018-12-11,101.60189056396484,41.872074127197266,56.64620590209961,81.12820434570312,245.33999633789062
2018-12-12,102.06036376953125,42.64714431762695,56.826656341552734,80.69068145751953,245.5500030517578
2018-12-13,102.40656280517578,42.566036224365234,57.49692916870117,78.61970520019531,248.0800018310547
2018-12-14,99.20661926269531,41.99824523925781,56.147789001464844,77.93909454345703,230.0
2018-12-17,96.26871490478516,41.21414566040039,55.40019226074219,77.03483581542969,221.3800048828125
2018-12-18,97.2791976928711,41.32230758666992,55.78688430786133,77.78350067138672,226.17999267578125
2018-12-19,97.01721954345703,41.86305618286133,55.04786682128906,76.18895721435547,224.64999389648438
2018-12-20,94.97750091552734,41.67379379272461,53.40657043457031,75.29444122314453,218.64999389648438
2018-12-21,91.90860748291016,39.65500259399414,52.75349426269531,74.44854736328125,208.8000030517578
2018-12-24,88.07242584228516,38.47435760498047,52.04026794433594,72.64979553222656,205.16000366210938
2018-12-26,94.088623046875,40.18672180175781,54.20573425292969,75.73196411132812,222.9499969482422
2018-12-27,94.66875457763672,40.52920913696289,54.308860778808594,77.22930908203125,225.13999938964844
2018-12-28,93.9295883178711,40.394012451171875,54.47212219238281,77.10291290283203,223.1300048828125
2018-12-31,95.03365325927734,40.69143295288086,55.34003829956055,76.7237319946289,226.24000549316406
2019-01-02,94.61260986328125,40.75450897216797,55.27128601074219,78.14325714111328,224.57000732421875
2019-01-03,91.13199615478516,40.357975006103516,52.87379837036133,76.52925872802734,215.6999969482422
2019-01-04,95.37046813964844,42.097389221191406,54.626800537109375,82.0810546875,226.19000244140625
2019-01-07,95.49213409423828,42.764305114746094,54.626800537109375,85.16321563720703,229.25999450683594
2019-01-08,96.18447875976562,43.151851654052734,54.669776916503906,86.55360412597656,232.67999267578125
2019-01-09,97.55992126464844,43.06171417236328,54.893192291259766,86.4466323852539,235.42999267578125
2019-01-10,96.93299865722656,43.0977668762207,55.15958786010742,88.48844909667969,237.77000427246094
2019-01-11,96.18447875976562,43.5213508605957,54.7642936706543,88.1870346069336,237.5500030517578
2019-01-14,95.48275756835938,43.422218322753906,54.454933166503906,86.12579345703125,234.55999755859375
2019-01-15,98.25228881835938,43.77509689331055,55.065059661865234,87.01058959960938,242.36000061035156
2019-01-16,98.59847259521484,43.48554992675781,54.79867935180664,87.42865753173828,241.9499969482422
2019-01-17,99.29084014892578,43.9560546875,55.23691940307617,86.83555603027344,244.39999389648438
2019-01-18,100.77853393554688,44.580379486083984,55.59783935546875,89.95661163330078,247.50999450683594
2019-01-22,98.879150390625,44.281803131103516,56.190757751464844,88.7801513671875,243.85000610351562
2019-01-23,99.8428726196289,44.5532341003418,57.08445739746094,86.6605453491211,245.13999938964844
2019-01-24,99.36568450927734,44.517059326171875,55.63220977783203,88.94544982910156,242.55999755859375
2019-01-25,100.27326202392578,45.05995178222656,57.65160369873047,89.19823455810547,244.9499969482422
2019-01-28,98.3177719116211,44.80659484863281,57.488346099853516,87.96343231201172,241.85000610351562
2019-01-29,96.31546783447266,44.888023376464844,57.608638763427734,84.82292938232422,238.27000427246094
2019-01-30,99.53410339355469,45.566650390625,58.562496185302734,86.7577896118164,242.6699981689453
2019-01-31,97.70960998535156,45.449012756347656,58.55387496948242,89.68439483642578,247.82000732421875
2019-02-01,96.1657943725586,45.97380065917969,58.528114318847656,88.6926498413086,247.3800048828125
2019-02-04,98.935302734375,46.17287063598633,58.07267379760742,85.97994995117188,254.74000549316406
2019-02-05,100.3200454711914,46.36288070678711,59.585060119628906,89.95661163330078,254.82000732421875
2019-02-06,99.20661926269531,46.3809700012207,59.47276306152344,77.98767852783203,254.35000610351562
2019-02-07,98.49553680419922,45.43995666503906,59.723270416259766,81.76990509033203,253.74000549316406
2019-02-08,98.86981201171875,46.17287063598633,60.250186920166016,94.89588165283203,257.0
2019-02-11,98.4768295288086,46.35382080078125,60.45750045776367,94.54585266113281,258.3900146484375
2019-02-12,100.01127624511719,46.344783782958984,60.250186920166016,99.49485778808594,261.3699951171875
2019-02-13,99.93643951416016,46.5257453918457,60.90668487548828,99.41705322265625,260.2300109863281
2019-02-14,100.0206527709961,46.58002471923828,61.191734313964844,102.33391571044922,260.1400146484375
2019-02-15,101.25570678710938,46.79719161987305,61.07945251464844,103.8798599243164,259.45001220703125
2019-02-19,101.20890808105469,47.06863021850586,60.63890838623047,100.10739135742188,257.80999755859375
2019-02-20,100.6827163696289,46.84242248535156,60.80302429199219,95.89735412597656,258.1000061035156
2019-02-21,102.80630493164062,47.15007400512695,61.0707893371582,94.1763916015625,257.760009765625
2019-02-22,104.27214050292969,47.4848518371582,61.589088439941406,93.26242065429688,258.8999938964844
2019-02-25,104.85472869873047,47.55724334716797,61.37312316894531,93.20409393310547,258.6199951171875
2019-02-26,105.57823944091797,47.59343338012695,61.450889587402344,95.77096557617188,261.2200012207031
2019-02-27,105.39973449707031,47.394386291503906,60.59572219848633,95.12924194335938,262.8999938964844
2019-02-28,105.26815795898438,47.16816329956055,60.69075012207031,93.1263198852539,262.5
2019-03-01,105.73799896240234,47.512001037597656,61.20037841796875,94.71112823486328,264.010009765625
2019-03-04,105.48430633544922,47.08673095703125,61.2867546081543,94.59446716308594,258.1600036621094
2019-03-05,104.95808410644531,47.376277923583984,61.830963134765625,93.0679931640625,257.3800048828125
2019-03-06,105.00507354736328,47.36722946166992,61.56315612792969,92.14430236816406,256.3999938964844
2019-03-07,103.7271499633789,47.57533645629883,60.99306869506836,96.60713958740234,255.4600067138672
2019-03-08,103.83993530273438,47.747249603271484,59.91332244873047,95.63482666015625,254.74000549316406
2019-03-11,106.01988220214844,47.64772033691406,60.18973159790039,96.29598999023438,260.9599914550781
2019-03-12,106.76222229003906,47.774391174316406,60.509342193603516,95.85842895507812,263.510009765625
2019-03-13,107.5890884399414,48.009647369384766,60.55253601074219,97.35578155517578,264.3800048828125
2019-03-14,107.67365264892578,48.00059509277344,61.10536575317383,96.09181213378906,267.69000244140625
2019-03-15,108.91398620605469,47.901065826416016,61.044883728027344,96.23766326904297,257.0899963378906
2019-03-18,110.47379302978516,48.37156677246094,61.191734313964844,96.89881896972656,257.760009765625
2019-03-19,110.54895782470703,48.896366119384766,61.658203125,94.80836486816406,260.4200134277344
2019-03-20,110.42678833007812,47.6296272277832,61.874149322509766,94.34166717529297,259.739990234375
2019-03-21,112.96385192871094,48.896366119384766,62.4183349609375,101.97418212890625,264.17999267578125
2019-03-22,109.98517608642578,47.747249603271484,62.15919876098633,99.50455474853516,259.69000244140625
2019-03-25,110.55836486816406,47.72010803222656,62.452884674072266,98.9114761352539,262.2699890136719
2019-03-26,110.79327392578125,48.20869445800781,63.02300262451172,99.4851303100586,265.5899963378906
2019-03-27,109.72208404541016,47.7834358215332,62.83295822143555,97.88082122802734,262.3399963378906
2019-03-28,109.87244415283203,48.12726593017578,63.886802673339844,99.36843872070312,263.5299987792969
2019-03-29,110.82144927978516,48.5977668762207,64.21504211425781,98.8142318725586,266.489990234375
2019-04-01,111.83628845214844,49.384979248046875,63.886802673339844,99.82540130615234,272.1700134277344
2019-04-02,111.99600982666016,48.995906829833984,64.15457916259766,98.0461196899414,271.3500061035156
2019-04-03,112.72895050048828,48.91447448730469,64.20640563964844,97.3752212524414,271.5
2019-04-04,112.1557388305664,48.69730758666992,64.22367095947266,95.2264404296875,267.8900146484375
2019-04-05,112.65373992919922,48.796836853027344,64.81107330322266,96.67518615722656,267.45001220703125
2019-04-08,112.69133758544922,48.60681915283203,64.9578857421875,95.23619079589844,268.80999755859375
2019-04-09,112.08058166503906,48.706363677978516,64.8888168334961,95.52788543701172,268.989990234375
2019-04-10,112.93565368652344,49.051727294921875,65.19976043701172,96.86962127685547,271.5799865722656
2019-04-11,113.06719970703125,48.88813400268555,65.53666687011719,97.79331970214844,271.8999938964844
2019-04-12,113.6497802734375,49.53342819213867,66.21043395996094,99.0086898803711,271.8599853515625
2019-04-15,113.74374389648438,49.651580810546875,65.78715515136719,95.13895416259766,272.2200012207031
2019-04-16,113.48064422607422,49.615238189697266,65.38980865478516,91.2303466796875,271.42999267578125
2019-04-17,114.4202651977539,49.51525115966797,64.8888168334961,89.40242004394531,269.45001220703125
2019-04-18,115.9237289428711,49.55160903930664,65.70079040527344,90.5594482421875,270.57000732421875
2019-04-22,116.2901611328125,49.642494201660156,65.13066864013672,89.95661163330078,272.2099914550781
2019-04-23,117.86876678466797,49.933326721191406,65.64031219482422,92.00817108154297,278.489990234375
2019-04-24,117.46473693847656,50.15146255493164,65.98583984375,91.5414810180664,275.45001220703125
2019-04-25,121.35482788085938,49.99695587158203,66.60777282714844,90.40388488769531,277.6600036621094
2019-04-26,122.0501937866211,50.360504150390625,66.90144348144531,91.85260772705078,281.9599914550781
2019-04-29,121.93742370605469,50.06058120727539,66.43502044677734,92.10540771484375,286.1400146484375
2019-04-30,122.71733093261719,50.28779983520508,67.10015869140625,92.02762603759766,289.25
2019-05-01,120.16150665283203,49.87879943847656,66.96192169189453,92.23178100585938,283.3500061035156
2019-05-02,118.59231567382812,49.62431335449219,66.91873931884766,91.7845458984375,279.6400146484375
2019-05-03,121.11992645263672,49.79700469970703,67.41976165771484,89.93719482421875,285.5799865722656
2019-05-06,120.41522216796875,49.85152816772461,67.4283676147461,91.16226959228516,283.6600036621094
2019-05-07,117.94393920898438,49.07899475097656,67.34202575683594,90.16080474853516,277.07000732421875
2019-05-08,117.9345474243164,49.069915771484375,67.73255157470703,91.27894592285156,276.7699890136719
2019-05-09,117.92516326904297,49.30622100830078,67.60235595703125,90.73445892333984,275.7900085449219
2019-05-10,119.456787109375,49.669761657714844,68.0536117553711,91.27894592285156,278.4800109863281
2019-05-13,115.9049301147461,48.560943603515625,66.54363250732422,87.91480255126953,267.70001220703125
2019-05-14,117.20165252685547,49.19713592529297,66.8733901977539,91.9498519897461,271.8599853515625
2019-05-15,118.85211181640625,49.58795928955078,67.4808578491211,94.08887481689453,276.82000732421875
2019-05-16,121.59656524658203,49.660675048828125,68.47016906738281,96.25709533691406,283.54998779296875
2019-05-17,120.7854995727539,49.53342819213867,68.47883605957031,94.5653076171875,279.8500061035156
2019-05-20,119.04073333740234,48.769962310791016,66.5262680053711,90.1219253540039,275.45001220703125
2019-05-21,119.68203735351562,49.233489990234375,67.28125,92.99991607666016,278.07000732421875
2019-05-22,120.40823364257812,49.260765075683594,67.03827667236328,91.24006652832031,281.82000732421875
2019-05-23,119.00299835205078,48.242835998535156,66.30931854248047,89.55797576904297,274.25
2019-05-24,119.05957794189453,47.961082458496094,66.08368682861328,89.71355438232422,274.7699890136719
2019-05-28,118.9841537475586,47.03403091430664,65.69316101074219,90.90946960449219,278.25
2019-05-29,117.8335189819336,46.97949981689453,65.32869720458984,89.98579406738281,273.3800048828125
2019-05-30,118.5785903930664,47.00677490234375,66.10103607177734,89.57743835449219,274.510009765625
2019-05-31,116.64517974853516,45.98882293701172,66.0055923461914,90.50111389160156,270.8999938964844
2019-06-03,113.02359771728516,45.66164016723633,66.14441680908203,88.7801513671875,259.0299987792969
2019-06-04,116.15474700927734,47.27942657470703,68.14038848876953,91.52201843261719,268.7099914550781
2019-06-05,118.67291259765625,47.352149963378906,69.39002990722656,92.61099243164062,272.8599853515625
2019-06-06,120.54972076416016,47.7974853515625,70.63970184326172,93.71942138671875,274.79998779296875
2019-06-07,123.92610931396484,48.40643310546875,71.5769271850586,94.30278015136719,278.1600036621094
2019-06-10,125.05780029296875,49.08808135986328,71.09962463378906,92.86380004882812,280.3399963378906
2019-06-11,124.58626556396484,49.024452209472656,71.48146057128906,91.9595718383789,275.989990234375
2019-06-12,124.01094818115234,48.73362350463867,71.96742248535156,90.10247802734375,276.8399963378906
2019-06-13,124.79373168945312,48.93357849121094,72.3319091796875,90.97753143310547,276.29998779296875
2019-06-14,124.91636657714844,48.42459487915039,73.10425567626953,90.16080474853516,274.2799987792969
2019-06-17,125.29359436035156,48.288272857666016,72.04556274414062,89.87886047363281,275.6000061035156
2019-06-18,127.47222900390625,48.0792236328125,71.95874786376953,89.4802017211914,276.7799987792969
2019-06-19,127.97209167480469,47.87928771972656,72.73111724853516,90.01497650146484,291.2099914550781
2019-06-20,129.160400390625,51.7965087890625,73.4947509765625,90.60807037353516,302.1099853515625
2019-06-21,129.17926025390625,51.005802154541016,72.73976135253906,92.68877410888672,299.3299865722656
2019-06-24,129.9431915283203,51.56929016113281,72.59225463867188,96.25709533691406,299.8699951171875
2019-06-25,125.84061431884766,50.960357666015625,73.11293029785156,94.21527862548828,287.9700012207031
2019-06-26,126.31220245361328,51.4965934753418,72.35794067382812,94.62364959716797,288.7200012207031
2019-06-27,126.51968383789062,51.596561431884766,72.51414489746094,96.39320373535156,293.2300109863281
2019-06-28,126.3404769897461,51.778343200683594,72.74846649169922,98.45448303222656,294.6499938964844
2019-07-01,127.9626235961914,52.723567962646484,73.37326049804688,98.09471130371094,300.9700012207031
2019-07-02,128.8114776611328,53.13255310058594,74.20638275146484,99.87403106689453,301.3900146484375
2019-07-03,129.64141845703125,53.4961051940918,76.18498229980469,95.39175415039062,305.70001220703125
2019-07-05,129.26417541503906,53.87783432006836,76.18498229980469,91.00670623779297,303.9800109863281
2019-07-08,129.1698455810547,54.105045318603516,75.88125610351562,90.85114288330078,302.9200134277344
2019-07-09,128.69827270507812,54.16866683959961,75.69901275634766,89.49964904785156,304.20001220703125
2019-07-10,130.00921630859375,54.66854476928711,76.69697570800781,91.35673522949219,306.9800109863281
2019-07-11,130.52792358398438,54.523128509521484,77.2957763671875,90.8997573852539,307.6000061035156
2019-07-12,130.99948120117188,54.359527587890625,77.90323638916016,90.2483139038086,309.4200134277344
2019-07-15,130.99948120117188,54.105045318603516,78.24169158935547,89.66493225097656,308.760009765625
2019-07-16,129.2830352783203,53.48451232910156,78.17227172851562,87.06890869140625,305.70001220703125
2019-07-17,128.5191192626953,52.918739318847656,78.31978607177734,87.21475219726562,309.3900146484375
2019-07-18,128.66053771972656,53.03736114501953,79.4045639038086,86.71888732910156,310.0799865722656
2019-07-19,128.8491668701172,52.50809097290039,78.36319732666016,85.0757064819336,306.8699951171875
2019-07-22,130.55618286132812,52.56282424926758,78.9012451171875,85.69795989990234,308.54998779296875
2019-07-23,131.36732482910156,52.42595672607422,78.19831848144531,85.77576446533203,307.8800048828125
2019-07-24,132.7159423828125,53.028236389160156,78.66693115234375,87.29253387451172,310.2699890136719
2019-07-25,132.2161102294922,53.19249725341797,78.95330810546875,86.6897201538086,308.7300109863281
2019-07-26,133.3007354736328,53.38413619995117,86.0085678100586,87.0300521850586,311.2699890136719
2019-07-29,133.0083465576172,52.98261260986328,85.06266021728516,86.40775299072266,307.2200012207031
2019-07-30,132.36703491210938,52.462459564208984,83.873779296875,86.1160659790039,303.6400146484375
2019-07-31,128.5191192626953,51.37652587890625,82.17286682128906,89.93719482421875,298.8599853515625
2019-08-01,130.207275390625,50.993263244628906,82.77165985107422,91.97899627685547,298.44000244140625
2019-08-02,129.1132354736328,50.956756591796875,82.88447570800781,90.31639099121094,293.7099914550781
2019-08-05,124.68999481201172,49.05863952636719,81.31375122070312,86.13550567626953,280.3599853515625
2019-08-06,127.02897644042969,49.24115753173828,82.73695373535156,87.60368347167969,286.2099914550781
2019-08-07,127.58541107177734,48.67538070678711,82.94599914550781,89.71355438232422,289.0199890136719
2019-08-08,130.99005126953125,49.870819091796875,83.86066436767578,92.59156799316406,297.7799987792969
2019-08-09,129.87718200683594,49.1864013671875,83.88678741455078,89.421875,294.8299865722656
2019-08-12,128.06637573242188,48.59324645996094,82.67599487304688,89.22740173339844,288.6499938964844
2019-08-13,130.71656799316406,49.25028991699219,84.17425537109375,89.7816162109375,293.1700134277344
2019-08-14,126.78011322021484,47.74457931518555,82.68468475341797,85.65910339355469,283.6600036621094
2019-08-15,126.4962158203125,47.990970611572266,83.21604919433594,85.44518280029297,282.7099914550781
2019-08-16,128.81459045410156,48.90351104736328,84.07844543457031,87.07862854003906,287.45001220703125
2019-08-19,130.97206115722656,49.15903091430664,84.20040893554688,88.39122772216797,287.9700012207031
2019-08-20,129.8838348388672,48.34686279296875,83.30316162109375,90.13163757324219,285.7099914550781
2019-08-21,131.33163452148438,48.58412170410156,83.90423583984375,91.43451690673828,291.5299987792969
2019-08-22,130.37588500976562,48.53849792480469,84.05229949951172,91.99845123291016,287.69000244140625
2019-08-23,126.22183227539062,47.069297790527344,82.49303436279297,90.33582305908203,282.44000244140625
2019-08-26,128.1710968017578,47.57119369506836,84.0610122680664,91.76508331298828,288.739990234375
2019-08-27,128.445556640625,47.8084602355957,83.70386505126953,91.45396423339844,289.45001220703125
2019-08-28,128.27520751953125,47.40693664550781,84.55757141113281,89.83995819091797,282.1300048828125
2019-08-29,130.6976318359375,47.59857177734375,85.10633850097656,90.45249938964844,286.6300048828125
2019-08-30,130.4515838623047,47.50731658935547,84.11328887939453,91.08448791503906,284.510009765625
2019-09-03,128.7293701171875,47.35218811035156,84.29621887207031,92.20263671875,282.45001220703125
2019-09-04,130.23394775390625,48.337738037109375,83.72126770019531,95.23619079589844,284.6000061035156
2019-09-05,132.52395629882812,49.131656646728516,83.24217224121094,94.7500228881836,287.75
2019-09-06,131.62498474121094,48.5111198425293,83.39898681640625,95.80011749267578,284.94000244140625
2019-09-09,130.12986755371094,49.77044677734375,82.02265167236328,95.9459457397461,279.29998779296875
2019-09-10,128.7672882080078,50.61912155151367,78.7037582397461,96.74324798583984,276.1400146484375
2019-09-11,128.80516052246094,51.367393493652344,79.25255584716797,96.36405181884766,277.7799987792969
2019-09-12,130.12986755371094,49.177284240722656,80.19331359863281,95.6153793334961,278.0199890136719
2019-09-13,129.9406280517578,49.049530029296875,78.8169937133789,95.75151824951172,278.3500061035156
2019-09-16,129.00381469726562,48.49287033081055,77.89363098144531,96.37379455566406,282.92999267578125
2019-09-17,130.00685119628906,48.246482849121094,79.05218505859375,95.69314575195312,284.69000244140625
2019-09-18,131.0761260986328,47.963592529296875,79.23512268066406,95.55703735351562,279.7200012207031
2019-09-19,133.48912048339844,48.7027473449707,79.75775909423828,96.927978515625,281.260009765625
2019-09-20,131.9467010498047,48.794010162353516,78.4598388671875,95.96541595458984,277.9100036621094
2019-09-23,131.66281127929688,49.2959098815918,79.1044692993164,95.45980072021484,277.44000244140625
2019-09-24,129.99742126464844,48.68450927734375,78.3292007446289,94.66254425048828,272.4700012207031
2019-09-25,131.87095642089844,49.131656646728516,78.7037582397461,94.92505645751953,277.42999267578125
2019-09-26,132.0413055419922,49.24115753173828,78.22464752197266,93.94303894042969,283.80999755859375
2019-09-27,130.32855224609375,49.35979080200195,76.97896575927734,93.01934814453125,277.5400085449219
2019-09-30,131.55874633789062,50.21758270263672,77.02252960205078,95.10978698730469,276.25
2019-10-01,129.70407104492188,49.095157623291016,75.3587417602539,94.0694351196289,272.7099914550781
2019-10-02,127.4140853881836,48.501991271972656,73.4510269165039,91.63868713378906,266.6600036621094
2019-10-03,128.9564971923828,49.14990234375,73.75592803955078,91.7261962890625,272.3999938964844
2019-10-04,130.6976318359375,50.317962646484375,74.84481048583984,92.96102142333984,276.9599914550781
2019-10-07,129.7513885498047,50.007694244384766,74.78382110595703,90.97753143310547,276.8999938964844
2019-10-08,128.3793182373047,49.32329177856445,73.96498107910156,89.97608947753906,270.8299865722656
2019-10-09,130.8112030029297,49.98326110839844,74.78382110595703,90.30664825439453,274.2699890136719
2019-10-10,131.62498474121094,50.86320114135742,74.879638671875,89.96636199951172,274.9800109863281
2019-10-11,132.17381286621094,52.14647674560547,75.22808837890625,91.58035278320312,278.2900085449219
2019-10-14,132.05078125,51.75232696533203,75.4545669555664,91.27894592285156,277.7799987792969
2019-10-15,133.96224975585938,51.651493072509766,75.30647277832031,92.51375579833984,279.3900146484375
2019-10-16,132.86456298828125,51.22068786621094,75.532958984375,93.55412292480469,272.70001220703125
2019-10-17,132.18325805664062,50.46906280517578,75.1671142578125,94.07913970947266,269.239990234375
2019-10-18,130.0258026123047,50.00157928466797,74.94062042236328,92.49430847167969,265.5199890136719
2019-10-21,130.99093627929688,50.53322219848633,74.34828186035156,93.15547943115234,266.8399963378906
2019-10-22,129.04164123535156,49.59827423095703,72.70189666748047,91.68730926513672,261.0899963378906
2019-10-23,129.8649444580078,49.61660385131836,72.0746841430664,93.05825805664062,261.32000732421875
2019-10-24,132.41981506347656,49.73577117919922,72.4579849243164,93.3207778930664,269.70001220703125
2019-10-25,133.1674041748047,49.65327072143555,72.63220977783203,93.64161682128906,270.9800109863281
2019-10-28,136.4414520263672,50.08409881591797,72.82384490966797,94.04024505615234,271.3500061035156
2019-10-29,135.15452575683594,50.230735778808594,73.28553009033203,91.79427337646484,271.45001220703125
2019-10-30,136.83885192871094,50.27656936645508,73.3377914428711,94.04024505615234,278.4100036621094
2019-10-31,135.66551208496094,49.946590423583984,73.66007995605469,93.72914123535156,277.92999267578125
2019-11-01,135.9967498779297,50.414066314697266,72.48411560058594,92.65960693359375,277.82000732421875
2019-11-04,136.78208923339844,50.82654571533203,71.75238037109375,95.4306411743164,277.5
2019-11-05,136.6969757080078,51.028202056884766,71.33426666259766,95.53761291503906,289.2900085449219
2019-11-06,136.31845092773438,51.05570983886719,72.2924575805664,95.93623352050781,287.3999938964844
2019-11-07,136.50765991210938,51.31235122680664,71.38652038574219,94.53614807128906,290.7699890136719
2019-11-08,138.11631774902344,51.77983093261719,71.22972106933594,95.54732513427734,292.4599914550781
2019-11-11,138.25827026367188,51.72483444213867,71.80467987060547,93.71942138671875,290.2699890136719
2019-11-12,139.16665649414062,51.871490478515625,72.94274139404297,93.66107940673828,291.7200012207031
2019-11-13,139.39378356933594,51.52317810058594,73.48554229736328,93.3402099609375,293.5400085449219
2019-11-14,140.10345458984375,51.41318130493164,73.8707046508789,94.83756256103516,294.5299987792969
2019-11-15,141.91082763671875,51.71567153930664,73.7219009399414,94.83756256103516,297.5
2019-11-18,142.26092529296875,51.504852294921875,73.55554962158203,94.69170379638672,297.1600036621094
2019-11-19,142.30824279785156,51.57817077636719,73.24040222167969,94.01110076904297,300.6000061035156
2019-11-20,142.06138610839844,51.5506706237793,73.18787384033203,95.4014663696289,300.1000061035156
2019-11-21,141.92849731445312,51.54150390625,72.0497817993164,96.26683807373047,298.79998779296875
2019-11-22,142.03292846679688,51.68817138671875,72.68012237548828,96.44183349609375,299.29998779296875
2019-11-25,143.5900421142578,51.843997955322266,73.31918334960938,97.03495025634766,305.2799987792969
2019-11-26,144.34963989257812,51.79816436767578,74.02830505371094,96.52933502197266,307.8999938964844
2019-11-27,144.62503051757812,51.88982391357422,75.08760833740234,97.99748992919922,309.05999755859375
2019-11-29,143.73248291015625,51.45901107788086,74.78993225097656,98.21141815185547,309.5299987792969
2019-12-02,141.9949188232422,50.80821228027344,74.03705596923828,97.6183090209961,302.75
2019-12-03,141.76708984375,50.03825378417969,74.25590515136719,98.46417236328125,303.9100036621094
2019-12-04,142.27978515625,49.87325668334961,74.76367950439453,97.8419189453125,302.510009765625
2019-12-05,142.355712890625,50.12074279785156,73.93199920654297,99.29066467285156,303.0299987792969
2019-12-06,144.0838165283203,50.25824737548828,75.56910705566406,100.36991119384766,306.2300109863281
2019-12-09,143.71347045898438,50.69820785522461,75.5340805053711,99.2031478881836,307.04998779296875
2019-12-10,143.49514770507812,51.16568374633789,75.32396697998047,99.01839447021484,304.1700134277344
2019-12-11,144.0363311767578,51.61484146118164,75.80548858642578,100.34074401855469,303.739990234375
2019-12-12,145.49855041503906,51.76149368286133,77.2237319946289,102.1783676147461,305.9599914550781
2019-12-13,146.7233123779297,49.96491622924805,77.62643432617188,101.65333557128906,317.94000244140625
2019-12-16,147.67283630371094,49.488277435302734,77.72271728515625,102.79093170166016,323.79998779296875
2019-12-17,146.87525939941406,48.43415832519531,77.15365600585938,102.82007598876953,322.8500061035156
2019-12-18,146.5714569091797,48.93830871582031,77.03108978271484,104.11322784423828,324.3800048828125
2019-12-19,147.84376525878906,48.80081558227539,77.49508666992188,104.36602020263672,327.6300048828125
2019-12-20,149.45787048339844,49.13079833984375,77.44258880615234,104.9591293334961,327.6099853515625
2019-12-23,149.45787048339844,49.23162078857422,77.24121856689453,104.80355834960938,328.95001220703125
2019-12-24,149.4293975830078,48.9841194152832,77.49508666992188,105.5425033569336,329.6400146484375
2019-12-26,150.6542205810547,49.10329055786133,77.10989379882812,105.50359344482422,331.20001220703125
2019-12-27,150.92959594726562,49.00246810913086,77.15365600585938,105.42582702636719,330.7900085449219
2019-12-30,149.62879943847656,48.305843353271484,76.54962158203125,103.96739196777344,328.3399963378906
2019-12-31,149.7332305908203,48.5625,76.96981048583984,104.53131866455078,329.80999755859375
2020-01-02,152.50567626953125,49.451602935791016,78.22173309326172,104.36602020263672,334.42999267578125
2020-01-03,150.6067352294922,49.27744674682617,77.76648712158203,104.22990417480469,331.80999755859375
2020-01-06,150.9960479736328,49.53410720825195,77.15365600585938,105.76612854003906,333.7099914550781
2020-01-07,149.61924743652344,49.64410400390625,76.91731262207031,105.38693237304688,333.3900146484375
2020-01-08,152.00244140625,49.83744812011719,77.81025695800781,106.45645904541016,337.8699951171875
2020-01-09,153.90138244628906,50.067623138427734,79.25477600097656,106.330078125,340.45001220703125
2020-01-10,153.18936157226562,50.132076263427734,78.93085479736328,105.58139038085938,339.80999755859375
2020-01-13,155.0312957763672,50.251766204833984,79.73626708984375,106.77731323242188,345.6300048828125
2020-01-14,153.9394073486328,50.52798080444336,79.65745544433594,106.54397583007812,344.6300048828125
2020-01-15,154.9363555908203,50.4174919128418,80.13896179199219,106.5731430053711,342.94000244140625
2020-01-16,157.77532958984375,51.034358978271484,81.04943084716797,108.17741394042969,345.3800048828125
2020-01-17,158.65829467773438,50.75814437866211,81.95993041992188,109.8011474609375,349.739990234375
2020-01-21,158.08863830566406,50.84101486206055,81.00566101074219,109.29557037353516,350.0
2020-01-22,157.32908630371094,50.38066101074219,81.00566101074219,109.95671081542969,350.05999755859375
2020-01-23,158.2975311279297,50.62004852294922,82.07372283935547,110.33589172363281,351.760009765625
2020-01-24,156.70237731933594,49.78221130371094,80.56792449951172,109.21778106689453,351.3699951171875
2020-01-27,154.0818328857422,48.51164245605469,77.678955078125,107.4968032836914,346.8999938964844
2020-01-28,157.1011962890625,49.220577239990234,77.56513977050781,108.79966735839844,354.6300048828125
2020-01-29,159.5508575439453,48.981197357177734,75.91929626464844,109.1010971069336,351.6600036621094
2020-01-30,164.05142211914062,49.082489013671875,75.14888763427734,108.5468978881836,356.739990234375
2020-01-31,161.63021850585938,48.29067611694336,74.2646713256836,104.9299545288086,351.1400146484375
2020-02-03,165.57058715820312,48.879920959472656,75.2977066040039,102.12974548339844,358.0
2020-02-04,171.02061462402344,49.75458908081055,77.37252044677734,104.10352325439453,366.739990234375
2020-02-05,170.81170654296875,50.39907455444336,77.01192474365234,104.83274841308594,365.54998779296875
2020-02-06,174.353271484375,50.37145233154297,75.77178955078125,106.95232391357422,367.4599914550781
2020-02-07,174.60012817382812,50.38066101074219,76.00926208496094,106.06753540039062,366.0899963378906
2020-02-10,179.16712951660156,50.62925338745117,76.98553466796875,105.68834686279297,370.0
2020-02-11,175.122314453125,50.77657699584961,76.96793365478516,106.0189208984375,369.2799987792969
2020-02-12,175.37869262695312,51.31056213378906,77.90025329589844,106.68009948730469,374.2900085449219
2020-02-13,174.42926025390625,50.92387390136719,79.09642791748047,105.824462890625,374.8399963378906
2020-02-14,175.98635864257812,51.07118606567383,78.52471923828125,106.65090942382812,379.6700134277344
2020-02-18,177.77139282226562,51.05277633666992,78.4807357788086,106.42729187011719,378.8500061035156
2020-02-19,178.30453491210938,51.04356002807617,79.28111267089844,106.73841857910156,383.2799987792969
2020-02-20,175.58163452148438,51.108009338378906,77.92664337158203,106.17449188232422,378.9599914550781
2020-02-21,170.031005859375,50.34383010864258,76.83602142333984,105.0174560546875,372.95001220703125
2020-02-24,162.7000732421875,48.474815368652344,74.338134765625,104.06460571289062,357.4100036621094
2020-02-25,160.01515197753906,46.9188346862793,72.2888412475586,102.46034240722656,347.79998779296875
2020-02-26,162.01454162597656,47.92238998413086,70.95194244384766,103.58820343017578,351.3399963378906
2020-02-27,150.5991668701172,46.75310516357422,68.85865783691406,99.89347076416016,337.5199890136719
2020-02-28,154.24563598632812,45.53778839111328,68.98179626464844,98.56141662597656,345.1199951171875
2020-03-02,164.5089874267578,46.86358642578125,72.45594024658203,103.92849731445312,360.2799987792969
2020-03-03,156.62579345703125,44.97616195678711,69.13129425048828,103.74372863769531,348.3399963378906
2020-03-04,162.37635803222656,46.532135009765625,70.07239532470703,108.73162078857422,363.8500061035156
2020-03-05,158.3014373779297,44.19356918334961,67.01163482666016,107.156494140625,351.0299987792969
2020-03-06,153.82675170898438,43.613521575927734,66.2640151977539,104.6868896484375,336.7699890136719
2020-03-09,143.40150451660156,42.361366271972656,62.297340393066406,98.13362884521484,305.7900085449219
2020-03-10,153.20787048339844,44.727569580078125,65.85065460205078,100.51575469970703,332.3800048828125
2020-03-11,146.26727294921875,41.17367172241211,60.07212448120117,98.37670135498047,315.2300109863281
2020-03-12,132.3955078125,36.64382553100586,54.61901092529297,90.76363372802734,285.0
2020-03-13,151.218017578125,44.129119873046875,61.496971130371094,94.37084197998047,335.5
2020-03-16,128.92996215820312,39.33226776123047,51.5318489074707,86.21330261230469,286.0299987792969
2020-03-17,139.54559326171875,43.14397048950195,51.8748664855957,92.76655578613281,311.80999755859375
2020-03-18,133.67127990722656,43.52146530151367,49.54410934448242,87.71063995361328,294.6099853515625
2020-03-19,135.87057495117188,41.495914459228516,54.01212692260742,87.56478881835938,307.510009765625
2020-03-20,130.7675018310547,42.02992630004883,51.0393180847168,84.53125762939453,295.3399963378906
2020-03-23,129.4630889892578,40.685699462890625,49.73759460449219,92.82489013671875,307.2699890136719
2020-03-24,141.23077392578125,44.0462532043457,57.06411361694336,91.68730926513672,310.0
2020-03-25,139.8788299560547,42.29691696166992,57.88206481933594,87.15642547607422,305.9100036621094
2020-03-26,148.6283721923828,46.476890563964844,61.47936248779297,96.45154571533203,322.6700134277344
2020-03-27,142.525634765625,45.878456115722656,58.34823226928711,92.72765350341797,305.8299865722656
2020-03-30,152.5509033203125,46.36642074584961,59.685115814208984,94.9833984375,318.3900146484375
2020-03-31,150.15170288085938,44.49740219116211,57.82050704956055,97.39468383789062,318.239990234375
2020-04-01,144.82009887695312,44.847259521484375,55.07637023925781,94.82782745361328,301.2099914550781
2020-04-02,147.8191375732422,45.8508186340332,57.169654846191406,99.45594787597656,303.9599914550781
2020-04-03,146.4576416015625,45.482547760009766,55.454566955566406,99.9809799194336,293.6099853515625
2020-04-06,157.3494110107422,47.40680694580078,59.62355422973633,103.55901336669922,319.1300048828125
2020-04-07,155.6547088623047,46.73469543457031,60.43272399902344,103.37428283691406,308.92999267578125
2020-04-08,157.21609497070312,48.224063873291016,62.94818878173828,103.84099578857422,317.17999267578125
2020-04-09,157.2255859375,49.19538116455078,64.97991943359375,102.86872100830078,318.70001220703125
2020-04-13,157.577880859375,49.00111770629883,63.11531066894531,106.27173614501953,320.6499938964844
2020-04-14,165.3754119873047,49.95394515991211,64.79521942138672,108.92607879638672,340.7699890136719
2020-04-15,163.64260864257812,49.176876068115234,63.81012725830078,110.36508178710938,332.54998779296875
2020-04-16,168.55531311035156,49.676429748535156,64.65447235107422,114.82789611816406,342.70001220703125
2020-04-17,170.04054260253906,50.52749252319336,67.81199645996094,111.95964813232422,344.1099853515625
2020-04-20,166.6702117919922,49.870697021484375,66.24644470214844,112.21244812011719,344.8800048828125
2020-04-21,159.77719116210938,47.46549606323242,63.959659576416016,110.1317138671875,328.989990234375
2020-04-22,165.20401000976562,48.35356903076172,68.11984252929688,111.39572143554688,336.7699890136719
2020-04-23,163.20462036132812,48.07605743408203,66.096923828125,111.28875732421875,335.3699951171875
2020-04-24,166.18463134765625,49.038124084472656,66.47513580322266,113.0875015258789,344.1000061035156
2020-04-27,165.7085723876953,49.37114334106445,68.3749008178711,112.80552673339844,348.5
2020-04-28,161.6718292236328,49.21389389038086,69.2104721069336,108.26490783691406,333.45001220703125
2020-04-29,168.9265899658203,49.842933654785156,67.6009292602539,109.65530395507812,349.1700134277344
2020-04-30,170.621337890625,49.00111770629883,67.486572265625,111.09427642822266,353.6400146484375
2020-05-01,166.2036895751953,47.9095344543457,64.9007568359375,110.1317138671875,343.8399963378906
2020-05-04,170.26905822753906,47.872535705566406,63.2296257019043,113.59310150146484,349.1099853515625
2020-05-05,172.0970001220703,48.150054931640625,64.11797332763672,116.29607391357422,356.1300048828125
2020-05-06,173.7917022705078,47.97428894042969,64.17073059082031,112.12493133544922,362.5199890136719
2020-05-07,174.8009033203125,48.65884780883789,67.2222900390625,113.56392669677734,366.7799987792969
2020-05-08,175.82916259765625,49.55617141723633,68.87630462646484,113.38892364501953,367.510009765625
2020-05-11,177.79039001464844,49.519161224365234,67.1072998046875,114.11813354492188,371.4200134277344
2020-05-12,173.76315307617188,48.35356903076172,65.7628402709961,113.14585876464844,365.1000061035156
2020-05-13,171.1354522705078,47.78002166748047,65.1171875,113.66114044189453,358.55999755859375
2020-05-14,171.87806701660156,48.94561767578125,65.62134552001953,113.87506866455078,355.3900146484375
2020-05-15,174.3820037841797,48.954872131347656,65.59481048583984,114.85707092285156,365.29998779296875
2020-05-18,176.04812622070312,49.167640686035156,67.42569732666016,113.87506866455078,367.9700012207031
2020-05-19,174.82949829101562,48.41832733154297,67.09844207763672,115.2557144165039,372.20001220703125
2020-05-20,177.2544708251953,48.936370849609375,68.77900695800781,116.23773956298828,383.6300048828125
2020-05-21,175.12545776367188,48.30731201171875,69.0355224609375,114.10842895507812,382.1700134277344
2020-05-22,175.20181274414062,48.67734909057617,68.6551742553711,116.50025939941406,385.260009765625
2020-05-26,173.34970092773438,48.825347900390625,68.77900695800781,113.40837097167969,376.6300048828125
2020-05-27,173.5787811279297,49.21389389038086,69.52198028564453,114.12786102294922,375.1700134277344
2020-05-28,173.18736267089844,49.60242462158203,69.46891784667969,117.98783874511719,379.8299865722656
2020-05-29,174.95358276367188,49.741172790527344,68.9824447631836,119.47547912597656,386.6000061035156
2020-06-01,174.5526123046875,49.084388732910156,69.27433013916016,119.37824249267578,389.67999267578125
2020-06-02,176.5384521484375,49.28788757324219,68.79669189453125,118.9698715209961,390.44000244140625
2020-06-03,176.9680938720703,49.48215866088867,70.38880157470703,114.66261291503906,389.9200134277344
2020-06-04,174.63851928710938,48.89011001586914,69.64580535888672,113.93340301513672,385.79998779296875
2020-06-05,178.72474670410156,49.935455322265625,72.65312957763672,115.04182434082031,392.8999938964844
2020-06-08,179.83224487304688,50.971527099609375,73.90911865234375,116.19883728027344,397.7799987792969
2020-06-09,181.20704650878906,50.120460510253906,72.8565902709961,117.71562194824219,397.1600036621094
2020-06-10,187.92832946777344,50.05570602416992,69.88463592529297,121.35200500488281,406.82000732421875
2020-06-11,177.83688354492188,47.46549606323242,64.18842315673828,119.0281982421875,387.6700134277344
2020-06-12,179.24032592773438,47.97428894042969,67.55838775634766,118.5906753540039,406.5400085449219
2020-06-15,180.385986328125,49.2601432800293,68.0714111328125,123.0146255493164,401.3399963378906
2020-06-16,184.80638122558594,50.4997444152832,68.84976196289062,122.24652099609375,411.6700134277344
2020-06-17,185.446044921875,47.65977478027344,68.19525146484375,124.5605697631836,413.489990234375
2020-06-18,187.43190002441406,49.66717529296875,67.49646759033203,125.76622009277344,420.4599914550781
2020-06-19,186.31488037109375,50.323978424072266,66.6915512084961,126.58295440673828,428.010009765625
2020-06-22,191.48944091796875,50.990028381347656,66.6915512084961,126.12596893310547,438.6400146484375
2020-06-23,192.7687530517578,51.054786682128906,66.77117156982422,126.98157501220703,440.54998779296875
2020-06-24,188.88302612304688,50.36098098754883,65.13484954833984,127.24410247802734,431.67999267578125
2020-06-25,191.26986694335938,50.444244384765625,65.32060241699219,127.11772155761719,436.95001220703125
2020-06-26,187.4414520263672,50.120460510253906,63.303916931152344,127.30242156982422,426.9200134277344
2020-06-29,189.45590209960938,50.657005310058594,64.99332427978516,127.06907653808594,424.20001220703125
2020-06-30,194.29632568359375,51.1287956237793,65.09062957763672,128.3914337158203,435.30999755859375
2020-07-01,195.43247985839844,51.332305908203125,65.47981262207031,131.47357177734375,439.80999755859375
2020-07-02,196.92185974121094,51.74858474731445,65.25867462158203,130.13180541992188,442.95001220703125
2020-07-06,201.1608428955078,52.35913848876953,66.72695922851562,130.54991149902344,452.5899963378906
2020-07-07,198.82177734375,52.09087371826172,65.67439270019531,131.04576110839844,449.3599853515625
2020-07-08,203.1944122314453,52.414649963378906,65.57710266113281,131.85279846191406,457.67999267578125
2020-07-09,204.61695861816406,53.219459533691406,65.07292938232422,134.92520141601562,460.8399963378906
2020-07-10,203.99639892578125,53.08993911743164,65.70976257324219,136.90867614746094,466.20001220703125
2020-07-13,197.6951904296875,52.73841857910156,64.25920104980469,131.5610809326172,442.4700012207031
2020-07-14,198.917236328125,53.13788604736328,64.3299560546875,134.69187927246094,433.7799987792969
2020-07-15,198.62124633789062,52.59907150268555,66.87733459472656,134.59463500976562,433.010009765625
2020-07-16,194.6878204345703,51.85588455200195,65.79822540283203,134.2251739501953,426.2900085449219
2020-07-17,193.69482421875,51.001216888427734,65.59481048583984,134.4779815673828,432.4200134277344
2020-07-20,202.02008056640625,51.465721130371094,66.30242156982422,137.6087188720703,455.2699890136719
2020-07-21,199.29908752441406,51.939491271972656,66.72695922851562,135.4794464111328,444.2799987792969
2020-07-22,202.16331481933594,52.03239440917969,68.31905364990234,134.46826171875,445.04998779296875
2020-07-23,193.37025451660156,51.800148010253906,66.65618896484375,131.6096649169922,431.739990234375
2020-07-24,192.18643188476562,51.69796371459961,67.02769470214844,131.49302673339844,430.30999755859375
2020-07-27,194.62094116210938,51.40997314453125,67.62914276123047,132.3875274658203,437.1000061035156
2020-07-28,192.8738250732422,51.41925811767578,66.01935577392578,131.04576110839844,432.260009765625
2020-07-29,194.82147216796875,51.744407653808594,68.47826385498047,132.16387939453125,436.29998779296875
2020-07-30,194.66867065429688,51.32636642456055,67.78837585449219,134.7501983642578,438.8800048828125
2020-07-31,195.72845458984375,51.51216125488281,67.69107818603516,137.69625854492188,444.32000732421875
2020-08-03,206.73641967773438,52.0045166015625,66.780029296875,138.41575622558594,447.9700012207031
2020-08-04,203.6335906982422,52.023101806640625,66.45275115966797,142.2660675048828,446.9200134277344
2020-08-05,203.2994384765625,51.558616638183594,67.02769470214844,142.1299285888672,449.510009765625
2020-08-06,206.5550537109375,51.354225158691406,67.28559875488281,142.8785858154297,464.1099853515625
2020-08-07,202.8602294921875,51.307777404785156,67.40118408203125,140.00059509277344,449.57000732421875
2020-08-10,198.82177734375,51.03837585449219,68.8952407836914,136.80169677734375,443.2900085449219
2020-08-11,194.17227172851562,50.41596603393555,70.14028930664062,131.94027709960938,435.2300109863281
2020-08-12,199.7191925048828,50.32305908203125,70.5138168334961,136.02389526367188,445.3599853515625
2020-08-13,199.2513885498047,50.183719635009766,70.27368927001953,137.84207153320312,450.0199890136719
2020-08-14,199.4423370361328,50.350929260253906,69.69564056396484,136.53921508789062,447.6000061035156
2020-08-17,200.75987243652344,50.155845642089844,70.21144104003906,136.55868530273438,451.5799865722656
2020-08-18,201.91502380371094,51.26133728027344,70.24699401855469,138.62969970703125,463.510009765625
2020-08-19,200.69007873535156,52.20889663696289,69.03753662109375,137.92962646484375,462.010009765625
2020-08-20,205.36038208007812,51.33564758300781,68.67292022705078,139.5047149658203,478.4800109863281
2020-08-21,203.86741638183594,51.2706298828125,68.53952026367188,137.29762268066406,473.2200012207031
2020-08-24,204.5086212158203,52.03239440917969,69.97132873535156,138.3865966796875,476.29998779296875
2020-08-25,207.16917419433594,52.10671615600586,73.56415557861328,138.2699432373047,484.42999267578125
2020-08-26,211.64810180664062,53.407291412353516,73.2884750366211,139.65057373046875,528.489990234375
2020-08-27,216.8448028564453,53.11930465698242,74.17777252197266,137.84207153320312,510.32000732421875
2020-08-28,219.07470703125,53.76959228515625,75.59178924560547,136.9669952392578,516.4400024414062
2020-08-31,215.8399200439453,53.156463623046875,75.1204605102539,135.60581970214844,513.3900146484375
2020-09-01,217.5051727294922,53.565223693847656,76.52557373046875,134.4585418701172,527.9500122070312
2020-09-02,221.6969451904297,54.837921142578125,78.57099914550781,135.69332885742188,533.7999877929688
2020-09-03,207.96353149414062,53.044986724853516,76.907958984375,129.1400909423828,507.79998779296875
2020-09-04,205.04457092285156,51.77226638793945,76.72122955322266,126.52461242675781,491.94000244140625
2020-09-08,193.9525604248047,51.391395568847656,75.95641326904297,120.85611724853516,462.1300048828125
2020-09-09,202.21177673339844,52.9056396484375,76.35659790039062,125.13421630859375,479.4599914550781
2020-09-10,196.54612731933594,53.25865936279297,75.48507690429688,123.73412322998047,476.260009765625
2020-09-11,195.263671875,52.952091217041016,75.83190155029297,122.52847290039062,471.3500061035156
2020-09-14,196.58441162109375,55.23739242553711,77.04137420654297,122.68404388427734,485.9100036621094
2020-09-15,199.80960083007812,56.61227798461914,78.0018310546875,124.77445983886719,497.6700134277344
2020-09-16,196.23983764648438,56.13850021362305,78.59768676757812,123.228515625,476.0
2020-09-17,194.19183349609375,55.90625762939453,77.1480941772461,121.78953552246094,474.29998779296875
2020-09-18,191.78005981445312,55.50679016113281,75.5473403930664,122.41181945800781,467.54998779296875
2020-09-21,193.83770751953125,56.50080490112305,74.60466003417969,124.73558807373047,475.6400146484375
2020-09-22,198.50802612304688,56.31500244140625,74.65804290771484,127.38994598388672,486.7799987792969
2020-09-23,191.9715118408203,54.77289581298828,73.80425262451172,124.86199188232422,470.3900146484375
2020-09-24,194.45977783203125,55.088741302490234,73.84873962402344,125.73706817626953,467.6700134277344
2020-09-25,198.8908233642578,55.55323791503906,74.96927642822266,127.55525970458984,479.7799987792969
2020-09-28,200.44125366210938,55.34886932373047,76.5433578491211,128.61502075195312,488.510009765625
2020-09-29,198.35491943359375,55.24667739868164,75.41393280029297,126.4176254272461,489.3299865722656
2020-09-30,201.29299926757812,55.46034622192383,76.40995788574219,126.79684448242188,490.42999267578125
2020-10-01,203.3314971923828,55.4417610168457,77.1391830444336,129.10113525390625,499.510009765625
2020-10-02,197.3308868408203,54.652122497558594,76.98802185058594,125.49397277832031,478.989990234375
2020-10-05,201.34085083007812,55.33028793334961,78.67771911621094,127.0982437133789,486.4700012207031
2020-10-06,197.0629119873047,55.28384017944336,77.37931823730469,121.38115692138672,478.9800109863281
2020-10-07,200.81451416015625,56.51506805419922,78.65992736816406,121.54647064208984,493.1499938964844
2020-10-08,201.5323028564453,56.79487991333008,79.62039184570312,122.49930572509766,490.8399963378906
2020-10-09,206.53756713867188,57.03740310668945,80.04724884033203,123.91886138916016,502.1600036621094
2020-10-12,211.88735961914062,57.32654571533203,80.73202514648438,127.25382232666016,510.8900146484375
2020-10-13,213.28463745117188,56.869503021240234,80.18064880371094,129.25677490234375,514.3099975585938
2020-10-14,211.3705596923828,56.86017608642578,79.42475891113281,129.07200622558594,506.30999755859375
2020-10-15,210.2221221923828,56.44976806640625,78.99788665771484,127.70109558105469,501.1499938964844
2020-10-16,210.2221221923828,56.23523712158203,78.7221908569336,128.26498413085938,502.82000732421875
2020-10-19,205.015869140625,55.61030197143555,77.90401458740234,126.27181243896484,495.20001220703125
2020-10-20,205.42739868164062,55.73155212402344,78.71330261230469,123.83135986328125,494.5799865722656
2020-10-21,205.5709228515625,55.65692901611328,78.49983978271484,124.11333465576172,495.9599914550781
2020-10-22,205.6570587158203,55.67558670043945,79.46920013427734,123.40354919433594,483.6000061035156
2020-10-23,206.9395294189453,55.87146759033203,80.74982452392578,123.2576904296875,488.5
2020-10-26,201.05374145507812,53.62355422973633,79.73600006103516,123.1701889038086,475.20001220703125
2020-10-27,204.08755493164062,53.241119384765625,80.08283996582031,123.1118392944336,478.55999755859375
2020-10-28,193.97166442871094,51.8513298034668,77.52159118652344,122.12010192871094,456.9700012207031
2020-10-29,195.92401123046875,52.25241470336914,78.52653503417969,120.46723175048828,461.1099853515625
2020-10-30,193.77073669433594,52.33636474609375,77.3348617553711,116.50999450683594,447.1000061035156
2020-11-02,193.63673400878906,52.65348815917969,76.45442962646484,116.49053192138672,444.94000244140625
2020-11-03,197.56056213378906,52.97994613647461,78.6065673828125,117.39474487304688,454.0199890136719
2020-11-04,207.0926513671875,52.69080352783203,79.85161590576172,121.83814239501953,487.2300109863281
2020-11-05,213.69619750976562,52.84937286376953,80.58973693847656,124.77445983886719,496.4700012207031
2020-11-06,214.10768127441406,52.97994613647461,80.6164321899414,115.88772583007812,494.6300048828125
2020-11-09,209.0066680908203,53.01726150512695,85.26754760742188,113.72921752929688,471.1400146484375
2020-11-10,201.94381713867188,52.85869216918945,83.91835021972656,115.6349105834961,452.0
2020-11-11,207.2457733154297,53.35305404663086,84.91907501220703,116.46137237548828,467.75
2020-11-12,206.18345642089844,52.65348815917969,83.56986236572266,116.01409912109375,462.5799865722656
2020-11-13,207.2074432373047,53.082550048828125,85.38369750976562,117.4531021118164,469.3399963378906
2020-11-16,207.89659118652344,53.30642318725586,87.36729431152344,115.3140640258789,460.95001220703125
2020-11-17,205.24554443359375,53.27843475341797,88.09996795654297,115.23628997802734,467.95001220703125
2020-11-18,202.53964233398438,52.46693801879883,87.48347473144531,113.60282897949219,459.4700012207031
2020-11-19,203.825439453125,52.65348815917969,87.34942626953125,116.8113784790039,466.4100036621094
2020-11-20,201.87754821777344,51.95393371582031,86.67929077148438,118.49346923828125,462.9200134277344
2020-11-23,201.60888671875,52.308372497558594,86.56314086914062,118.48374938964844,460.6099853515625
2020-11-24,205.20716857910156,53.69816970825195,87.83189392089844,116.91834259033203,462.70001220703125
2020-11-25,205.21676635742188,53.54892349243164,87.74254608154297,118.14344024658203,470.0799865722656
2020-11-27,206.52175903320312,53.87539291381836,88.15359497070312,120.72974395751953,477.0299987792969
2020-11-30,205.40870666503906,53.838077545166016,87.58172607421875,124.21054077148438,478.4700012207031
2020-12-01,207.46209716796875,54.789485931396484,88.29654693603516,123.87952423095703,479.1499938964844
2020-12-02,206.65609741210938,55.10661315917969,88.37696075439453,126.11874389648438,481.260009765625
2020-12-03,205.5718231201172,55.283836364746094,89.44915771484375,124.98941802978516,484.2799987792969
2020-12-04,205.68690490722656,55.92742156982422,91.38809204101562,125.29122924804688,486.0
2020-12-07,205.6197967529297,55.77819061279297,90.61072540283203,127.38446044921875,492.25
2020-12-08,207.2701873779297,55.059974670410156,90.4320297241211,128.6598358154297,495.2799987792969
2020-12-09,203.2305145263672,55.7129020690918,89.70829010009766,129.6528778076172,483.739990234375
2020-12-10,202.0023193359375,55.47970962524414,94.1668930053711,131.12301635742188,476.8699951171875
2020-12-11,204.6314697265625,56.533721923828125,92.03140258789062,132.21347045898438,475.9100036621094
2020-12-14,205.53341674804688,56.67362594604492,92.31735229492188,133.907470703125,486.4200134277344
2020-12-15,205.46629333496094,57.69964599609375,93.08574676513672,136.9451141357422,482.6400146484375
2020-12-16,210.40786743164062,58.557777404785156,92.27265167236328,137.86029052734375,489.8999938964844
2020-12-17,210.54222106933594,59.33195495605469,92.21903991699219,136.156494140625,495.3599853515625
2020-12-18,209.74575805664062,60.68442916870117,92.28158569335938,138.84356689453125,502.95001220703125
2020-12-21,213.58395385742188,60.14344787597656,91.97779846191406,137.2858428955078,498.3900146484375
2020-12-22,214.8793182373047,60.76838302612305,91.50423431396484,135.74757385253906,504.1700134277344
2020-12-23,212.07749938964844,60.908302307128906,91.19149780273438,137.7726593017578,496.9100036621094
2020-12-24,213.7374725341797,60.591156005859375,91.14682006835938,138.064697265625,499.8599853515625
2020-12-28,215.85806274414062,60.50720977783203,93.22871398925781,137.0035400390625,498.95001220703125
2020-12-29,215.080810546875,60.12478256225586,94.38133239746094,136.98399353027344,502.1099853515625
2020-12-30,212.71075439453125,60.06882095336914,94.68511962890625,138.2983856201172,497.45001220703125
