Copyright 1986-2016 Xilinx, Inc. All Rights Reserved.
-----------------------------------------------------------------------------------------------------------------------------------------------
| Tool Version : Vivado v.2016.2 (win64) Build 1577090 Thu Jun  2 16:32:40 MDT 2016
| Date         : Mon May 19 00:08:05 2025
| Host         : LAPTOP-V0AHCU9H running 64-bit major release  (build 9200)
| Command      : report_timing_summary -warn_on_violation -max_paths 10 -file top_timing_summary_routed.rpt -rpx top_timing_summary_routed.rpx
| Design       : top
| Device       : 7a100t-csg324
| Speed File   : -1  PRODUCTION 1.14 2014-09-11
-----------------------------------------------------------------------------------------------------------------------------------------------

Timing Summary Report

------------------------------------------------------------------------------------------------
| Timer Settings
| --------------
------------------------------------------------------------------------------------------------

  Enable Multi Corner Analysis               :  Yes
  Enable Pessimism Removal                   :  Yes
  Pessimism Removal Resolution               :  Nearest Common Node
  Enable Input Delay Default Clock           :  No
  Enable Preset / Clear Arcs                 :  No
  Disable Flight Delays                      :  No
  Ignore I/O Paths                           :  No
  Timing Early Launch at Borrowing Latches   :  false

  Corner  Analyze    Analyze    
  Name    Max Paths  Min Paths  
  ------  ---------  ---------  
  Slow    Yes        Yes        
  Fast    Yes        Yes        



check_timing report

Table of Contents
-----------------
1. checking no_clock
2. checking constant_clock
3. checking pulse_width_clock
4. checking unconstrained_internal_endpoints
5. checking no_input_delay
6. checking no_output_delay
7. checking multiple_clock
8. checking generated_clocks
9. checking loops
10. checking partial_input_delay
11. checking partial_output_delay
12. checking latch_loops

1. checking no_clock
--------------------
 There are 1088 register/latch pins with no clock driven by root clock pin: divider_inst/clk_out_reg/C (HIGH)

 There are 3 register/latch pins with no clock driven by root clock pin: print/cnt_reg[14]/C (HIGH)

 There are 35 register/latch pins with no clock driven by root clock pin: sd/sccpu/CPU_PC/pc_reg[10]/C (HIGH)

 There are 35 register/latch pins with no clock driven by root clock pin: sd/sccpu/CPU_PC/pc_reg[11]/C (HIGH)

 There are 35 register/latch pins with no clock driven by root clock pin: sd/sccpu/CPU_PC/pc_reg[12]/C (HIGH)

 There are 35 register/latch pins with no clock driven by root clock pin: sd/sccpu/CPU_PC/pc_reg[2]/C (HIGH)

 There are 35 register/latch pins with no clock driven by root clock pin: sd/sccpu/CPU_PC/pc_reg[3]/C (HIGH)

 There are 35 register/latch pins with no clock driven by root clock pin: sd/sccpu/CPU_PC/pc_reg[4]/C (HIGH)

 There are 35 register/latch pins with no clock driven by root clock pin: sd/sccpu/CPU_PC/pc_reg[5]/C (HIGH)

 There are 35 register/latch pins with no clock driven by root clock pin: sd/sccpu/CPU_PC/pc_reg[6]/C (HIGH)

 There are 35 register/latch pins with no clock driven by root clock pin: sd/sccpu/CPU_PC/pc_reg[7]/C (HIGH)

 There are 35 register/latch pins with no clock driven by root clock pin: sd/sccpu/CPU_PC/pc_reg[8]/C (HIGH)

 There are 35 register/latch pins with no clock driven by root clock pin: sd/sccpu/CPU_PC/pc_reg[9]/C (HIGH)


2. checking constant_clock
--------------------------
 There are 0 register/latch pins with constant_clock.


3. checking pulse_width_clock
-----------------------------
 There are 0 register/latch pins which need pulse_width check


4. checking unconstrained_internal_endpoints
--------------------------------------------
 There are 3405 pins that are not constrained for maximum delay. (HIGH)

 There are 0 pins that are not constrained for maximum delay due to constant clock.


5. checking no_input_delay
--------------------------
 There are 0 input ports with no input delay specified.

 There are 0 input ports with no input delay but user has a false path constraint.


6. checking no_output_delay
---------------------------
 There are 0 ports with no output delay specified.

 There are 0 ports with no output delay but user has a false path constraint

 There are 0 ports with no output delay but with a timing clock defined on it or propagating through it


7. checking multiple_clock
--------------------------
 There are 0 register/latch pins with multiple clocks.


8. checking generated_clocks
----------------------------
 There are 0 generated clocks that are not connected to a clock source.


9. checking loops
-----------------
 There are 0 combinational loops in the design.


10. checking partial_input_delay
--------------------------------
 There are 0 input ports with partial input delay specified.


11. checking partial_output_delay
---------------------------------
 There are 0 ports with partial output delay specified.


12. checking latch_loops
------------------------
 There are 0 combinational latch loops in the design through latch input



------------------------------------------------------------------------------------------------
| Design Timing Summary
| ---------------------
------------------------------------------------------------------------------------------------

    WNS(ns)      TNS(ns)  TNS Failing Endpoints  TNS Total Endpoints      WHS(ns)      THS(ns)  THS Failing Endpoints  THS Total Endpoints     WPWS(ns)     TPWS(ns)  TPWS Failing Endpoints  TPWS Total Endpoints  
    -------      -------  ---------------------  -------------------      -------      -------  ---------------------  -------------------     --------     --------  ----------------------  --------------------  
     86.924        0.000                      0                  179        0.242        0.000                      0                  179       49.500        0.000                       0                    87  


All user specified timing constraints are met.


------------------------------------------------------------------------------------------------
| Clock Summary
| -------------
------------------------------------------------------------------------------------------------

Clock    Waveform(ns)       Period(ns)      Frequency(MHz)
-----    ------------       ----------      --------------
clk_pin  {0.000 50.000}     100.000         10.000          


------------------------------------------------------------------------------------------------
| Intra Clock Table
| -----------------
------------------------------------------------------------------------------------------------

Clock             WNS(ns)      TNS(ns)  TNS Failing Endpoints  TNS Total Endpoints      WHS(ns)      THS(ns)  THS Failing Endpoints  THS Total Endpoints     WPWS(ns)     TPWS(ns)  TPWS Failing Endpoints  TPWS Total Endpoints  
-----             -------      -------  ---------------------  -------------------      -------      -------  ---------------------  -------------------     --------     --------  ----------------------  --------------------  
clk_pin            86.924        0.000                      0                   93        0.242        0.000                      0                   93       49.500        0.000                       0                    87  


------------------------------------------------------------------------------------------------
| Inter Clock Table
| -----------------
------------------------------------------------------------------------------------------------

From Clock    To Clock          WNS(ns)      TNS(ns)  TNS Failing Endpoints  TNS Total Endpoints      WHS(ns)      THS(ns)  THS Failing Endpoints  THS Total Endpoints  
----------    --------          -------      -------  ---------------------  -------------------      -------      -------  ---------------------  -------------------  


------------------------------------------------------------------------------------------------
| Other Path Groups Table
| -----------------------
------------------------------------------------------------------------------------------------

Path Group         From Clock         To Clock               WNS(ns)      TNS(ns)  TNS Failing Endpoints  TNS Total Endpoints      WHS(ns)      THS(ns)  THS Failing Endpoints  THS Total Endpoints  
----------         ----------         --------               -------      -------  ---------------------  -------------------      -------      -------  ---------------------  -------------------  
**async_default**  clk_pin            clk_pin                 95.128        0.000                      0                   86        0.734        0.000                      0                   86  


------------------------------------------------------------------------------------------------
| Timing Details
| --------------
------------------------------------------------------------------------------------------------


---------------------------------------------------------------------------------------------------
From Clock:  clk_pin
  To Clock:  clk_pin

Setup :            0  Failing Endpoints,  Worst Slack       86.924ns,  Total Violation        0.000ns
Hold  :            0  Failing Endpoints,  Worst Slack        0.242ns,  Total Violation        0.000ns
PW    :            0  Failing Endpoints,  Worst Slack       49.500ns,  Total Violation        0.000ns
---------------------------------------------------------------------------------------------------


Max Delay Paths
--------------------------------------------------------------------------------------
Slack (MET) :             86.924ns  (required time - arrival time)
  Source:                 print/o_seg_r_reg[3]/C
                            (rising edge-triggered cell FDPE clocked by clk_pin  {rise@0.000ns fall@50.000ns period=100.000ns})
  Destination:            o_seg[3]
                            (output port clocked by clk_pin  {rise@0.000ns fall@50.000ns period=100.000ns})
  Path Group:             clk_pin
  Path Type:              Max at Slow Process Corner
  Requirement:            100.000ns  (clk_pin rise@100.000ns - clk_pin rise@0.000ns)
  Data Path Delay:        7.808ns  (logic 4.068ns (52.106%)  route 3.739ns (47.894%))
  Logic Levels:           1  (OBUF=1)
  Output Delay:           0.000ns
  Clock Path Skew:        -5.233ns (DCD - SCD + CPR)
    Destination Clock Delay (DCD):    0.000ns = ( 100.000 - 100.000 ) 
    Source Clock Delay      (SCD):    5.233ns
    Clock Pessimism Removal (CPR):    0.000ns
  Clock Uncertainty:      0.035ns  ((TSJ^2 + TIJ^2)^1/2 + DJ) / 2 + PE
    Total System Jitter     (TSJ):    0.071ns
    Total Input Jitter      (TIJ):    0.000ns
    Discrete Jitter          (DJ):    0.000ns
    Phase Error              (PE):    0.000ns

    Location             Delay type                Incr(ns)  Path(ns)    Netlist Resource(s)
  -------------------------------------------------------------------    -------------------
                         (clock clk_pin rise edge)    0.000     0.000 r  
    E3                                                0.000     0.000 r  clk_in (IN)
                         net (fo=0)                   0.000     0.000    clk_in
    E3                   IBUF (Prop_ibuf_I_O)         1.482     1.482 r  clk_in_IBUF_inst/O
                         net (fo=1, routed)           2.025     3.506    clk_in_IBUF
    BUFGCTRL_X0Y16       BUFG (Prop_bufg_I_O)         0.096     3.602 r  clk_in_IBUF_BUFG_inst/O
                         net (fo=86, routed)          1.630     5.233    print/clk_in_IBUF_BUFG
    SLICE_X30Y68         FDPE                                         r  print/o_seg_r_reg[3]/C
  -------------------------------------------------------------------    -------------------
    SLICE_X30Y68         FDPE (Prop_fdpe_C_Q)         0.518     5.751 r  print/o_seg_r_reg[3]/Q
                         net (fo=1, routed)           3.739     9.490    o_seg_OBUF[3]
    K13                  OBUF (Prop_obuf_I_O)         3.550    13.040 r  o_seg_OBUF[3]_inst/O
                         net (fo=0)                   0.000    13.040    o_seg[3]
    K13                                                               r  o_seg[3] (OUT)
  -------------------------------------------------------------------    -------------------

                         (clock clk_pin rise edge)  100.000   100.000 r  
                         clock pessimism              0.000   100.000    
                         clock uncertainty           -0.035    99.965    
                         output delay                -0.000    99.965    
  -------------------------------------------------------------------
                         required time                         99.965    
                         arrival time                         -13.040    
  -------------------------------------------------------------------
                         slack                                 86.924    

Slack (MET) :             87.450ns  (required time - arrival time)
  Source:                 print/o_seg_r_reg[2]/C
                            (rising edge-triggered cell FDPE clocked by clk_pin  {rise@0.000ns fall@50.000ns period=100.000ns})
  Destination:            o_seg[2]
                            (output port clocked by clk_pin  {rise@0.000ns fall@50.000ns period=100.000ns})
  Path Group:             clk_pin
  Path Type:              Max at Slow Process Corner
  Requirement:            100.000ns  (clk_pin rise@100.000ns - clk_pin rise@0.000ns)
  Data Path Delay:        7.282ns  (logic 4.011ns (55.083%)  route 3.271ns (44.917%))
  Logic Levels:           1  (OBUF=1)
  Output Delay:           0.000ns
  Clock Path Skew:        -5.233ns (DCD - SCD + CPR)
    Destination Clock Delay (DCD):    0.000ns = ( 100.000 - 100.000 ) 
    Source Clock Delay      (SCD):    5.233ns
    Clock Pessimism Removal (CPR):    0.000ns
  Clock Uncertainty:      0.035ns  ((TSJ^2 + TIJ^2)^1/2 + DJ) / 2 + PE
    Total System Jitter     (TSJ):    0.071ns
    Total Input Jitter      (TIJ):    0.000ns
    Discrete Jitter          (DJ):    0.000ns
    Phase Error              (PE):    0.000ns

    Location             Delay type                Incr(ns)  Path(ns)    Netlist Resource(s)
  -------------------------------------------------------------------    -------------------
                         (clock clk_pin rise edge)    0.000     0.000 r  
    E3                                                0.000     0.000 r  clk_in (IN)
                         net (fo=0)                   0.000     0.000    clk_in
    E3                   IBUF (Prop_ibuf_I_O)         1.482     1.482 r  clk_in_IBUF_inst/O
                         net (fo=1, routed)           2.025     3.506    clk_in_IBUF
    BUFGCTRL_X0Y16       BUFG (Prop_bufg_I_O)         0.096     3.602 r  clk_in_IBUF_BUFG_inst/O
                         net (fo=86, routed)          1.630     5.233    print/clk_in_IBUF_BUFG
    SLICE_X30Y68         FDPE                                         r  print/o_seg_r_reg[2]/C
  -------------------------------------------------------------------    -------------------
    SLICE_X30Y68         FDPE (Prop_fdpe_C_Q)         0.518     5.751 r  print/o_seg_r_reg[2]/Q
                         net (fo=1, routed)           3.271     9.022    o_seg_OBUF[2]
    K16                  OBUF (Prop_obuf_I_O)         3.493    12.515 r  o_seg_OBUF[2]_inst/O
                         net (fo=0)                   0.000    12.515    o_seg[2]
    K16                                                               r  o_seg[2] (OUT)
  -------------------------------------------------------------------    -------------------

                         (clock clk_pin rise edge)  100.000   100.000 r  
                         clock pessimism              0.000   100.000    
                         clock uncertainty           -0.035    99.965    
                         output delay                -0.000    99.965    
  -------------------------------------------------------------------
                         required time                         99.965    
                         arrival time                         -12.515    
  -------------------------------------------------------------------
                         slack                                 87.450    

Slack (MET) :             87.608ns  (required time - arrival time)
  Source:                 print/o_seg_r_reg[6]/C
                            (rising edge-triggered cell FDPE clocked by clk_pin  {rise@0.000ns fall@50.000ns period=100.000ns})
  Destination:            o_seg[6]
                            (output port clocked by clk_pin  {rise@0.000ns fall@50.000ns period=100.000ns})
  Path Group:             clk_pin
  Path Type:              Max at Slow Process Corner
  Requirement:            100.000ns  (clk_pin rise@100.000ns - clk_pin rise@0.000ns)
  Data Path Delay:        7.123ns  (logic 3.993ns (56.059%)  route 3.130ns (43.941%))
  Logic Levels:           1  (OBUF=1)
  Output Delay:           0.000ns
  Clock Path Skew:        -5.234ns (DCD - SCD + CPR)
    Destination Clock Delay (DCD):    0.000ns = ( 100.000 - 100.000 ) 
    Source Clock Delay      (SCD):    5.234ns
    Clock Pessimism Removal (CPR):    0.000ns
  Clock Uncertainty:      0.035ns  ((TSJ^2 + TIJ^2)^1/2 + DJ) / 2 + PE
    Total System Jitter     (TSJ):    0.071ns
    Total Input Jitter      (TIJ):    0.000ns
    Discrete Jitter          (DJ):    0.000ns
    Phase Error              (PE):    0.000ns

    Location             Delay type                Incr(ns)  Path(ns)    Netlist Resource(s)
  -------------------------------------------------------------------    -------------------
                         (clock clk_pin rise edge)    0.000     0.000 r  
    E3                                                0.000     0.000 r  clk_in (IN)
                         net (fo=0)                   0.000     0.000    clk_in
    E3                   IBUF (Prop_ibuf_I_O)         1.482     1.482 r  clk_in_IBUF_inst/O
                         net (fo=1, routed)           2.025     3.506    clk_in_IBUF
    BUFGCTRL_X0Y16       BUFG (Prop_bufg_I_O)         0.096     3.602 r  clk_in_IBUF_BUFG_inst/O
                         net (fo=86, routed)          1.631     5.234    print/clk_in_IBUF_BUFG
    SLICE_X28Y68         FDPE                                         r  print/o_seg_r_reg[6]/C
  -------------------------------------------------------------------    -------------------
    SLICE_X28Y68         FDPE (Prop_fdpe_C_Q)         0.456     5.690 r  print/o_seg_r_reg[6]/Q
                         net (fo=1, routed)           3.130     8.820    o_seg_OBUF[6]
    L18                  OBUF (Prop_obuf_I_O)         3.537    12.357 r  o_seg_OBUF[6]_inst/O
                         net (fo=0)                   0.000    12.357    o_seg[6]
    L18                                                               r  o_seg[6] (OUT)
  -------------------------------------------------------------------    -------------------

                         (clock clk_pin rise edge)  100.000   100.000 r  
                         clock pessimism              0.000   100.000    
                         clock uncertainty           -0.035    99.965    
                         output delay                -0.000    99.965    
  -------------------------------------------------------------------
                         required time                         99.965    
                         arrival time                         -12.357    
  -------------------------------------------------------------------
                         slack                                 87.608    

Slack (MET) :             87.866ns  (required time - arrival time)
  Source:                 print/o_seg_r_reg[1]/C
                            (rising edge-triggered cell FDPE clocked by clk_pin  {rise@0.000ns fall@50.000ns period=100.000ns})
  Destination:            o_seg[1]
                            (output port clocked by clk_pin  {rise@0.000ns fall@50.000ns period=100.000ns})
  Path Group:             clk_pin
  Path Type:              Max at Slow Process Corner
  Requirement:            100.000ns  (clk_pin rise@100.000ns - clk_pin rise@0.000ns)
  Data Path Delay:        6.862ns  (logic 4.011ns (58.455%)  route 2.851ns (41.545%))
  Logic Levels:           1  (OBUF=1)
  Output Delay:           0.000ns
  Clock Path Skew:        -5.236ns (DCD - SCD + CPR)
    Destination Clock Delay (DCD):    0.000ns = ( 100.000 - 100.000 ) 
    Source Clock Delay      (SCD):    5.236ns
    Clock Pessimism Removal (CPR):    0.000ns
  Clock Uncertainty:      0.035ns  ((TSJ^2 + TIJ^2)^1/2 + DJ) / 2 + PE
    Total System Jitter     (TSJ):    0.071ns
    Total Input Jitter      (TIJ):    0.000ns
    Discrete Jitter          (DJ):    0.000ns
    Phase Error              (PE):    0.000ns

    Location             Delay type                Incr(ns)  Path(ns)    Netlist Resource(s)
  -------------------------------------------------------------------    -------------------
                         (clock clk_pin rise edge)    0.000     0.000 r  
    E3                                                0.000     0.000 r  clk_in (IN)
                         net (fo=0)                   0.000     0.000    clk_in
    E3                   IBUF (Prop_ibuf_I_O)         1.482     1.482 r  clk_in_IBUF_inst/O
                         net (fo=1, routed)           2.025     3.506    clk_in_IBUF
    BUFGCTRL_X0Y16       BUFG (Prop_bufg_I_O)         0.096     3.602 r  clk_in_IBUF_BUFG_inst/O
                         net (fo=86, routed)          1.633     5.236    print/clk_in_IBUF_BUFG
    SLICE_X29Y67         FDPE                                         r  print/o_seg_r_reg[1]/C
  -------------------------------------------------------------------    -------------------
    SLICE_X29Y67         FDPE (Prop_fdpe_C_Q)         0.456     5.692 r  print/o_seg_r_reg[1]/Q
                         net (fo=1, routed)           2.851     8.543    o_seg_OBUF[1]
    R10                  OBUF (Prop_obuf_I_O)         3.555    12.098 r  o_seg_OBUF[1]_inst/O
                         net (fo=0)                   0.000    12.098    o_seg[1]
    R10                                                               r  o_seg[1] (OUT)
  -------------------------------------------------------------------    -------------------

                         (clock clk_pin rise edge)  100.000   100.000 r  
                         clock pessimism              0.000   100.000    
                         clock uncertainty           -0.035    99.965    
                         output delay                -0.000    99.965    
  -------------------------------------------------------------------
                         required time                         99.965    
                         arrival time                         -12.098    
  -------------------------------------------------------------------
                         slack                                 87.866    

Slack (MET) :             87.983ns  (required time - arrival time)
  Source:                 print/o_seg_r_reg[0]/C
                            (rising edge-triggered cell FDPE clocked by clk_pin  {rise@0.000ns fall@50.000ns period=100.000ns})
  Destination:            o_seg[0]
                            (output port clocked by clk_pin  {rise@0.000ns fall@50.000ns period=100.000ns})
  Path Group:             clk_pin
  Path Type:              Max at Slow Process Corner
  Requirement:            100.000ns  (clk_pin rise@100.000ns - clk_pin rise@0.000ns)
  Data Path Delay:        6.746ns  (logic 4.033ns (59.788%)  route 2.713ns (40.212%))
  Logic Levels:           1  (OBUF=1)
  Output Delay:           0.000ns
  Clock Path Skew:        -5.236ns (DCD - SCD + CPR)
    Destination Clock Delay (DCD):    0.000ns = ( 100.000 - 100.000 ) 
    Source Clock Delay      (SCD):    5.236ns
    Clock Pessimism Removal (CPR):    0.000ns
  Clock Uncertainty:      0.035ns  ((TSJ^2 + TIJ^2)^1/2 + DJ) / 2 + PE
    Total System Jitter     (TSJ):    0.071ns
    Total Input Jitter      (TIJ):    0.000ns
    Discrete Jitter          (DJ):    0.000ns
    Phase Error              (PE):    0.000ns

    Location             Delay type                Incr(ns)  Path(ns)    Netlist Resource(s)
  -------------------------------------------------------------------    -------------------
                         (clock clk_pin rise edge)    0.000     0.000 r  
    E3                                                0.000     0.000 r  clk_in (IN)
                         net (fo=0)                   0.000     0.000    clk_in
    E3                   IBUF (Prop_ibuf_I_O)         1.482     1.482 r  clk_in_IBUF_inst/O
                         net (fo=1, routed)           2.025     3.506    clk_in_IBUF
    BUFGCTRL_X0Y16       BUFG (Prop_bufg_I_O)         0.096     3.602 r  clk_in_IBUF_BUFG_inst/O
                         net (fo=86, routed)          1.633     5.236    print/clk_in_IBUF_BUFG
    SLICE_X29Y67         FDPE                                         r  print/o_seg_r_reg[0]/C
  -------------------------------------------------------------------    -------------------
    SLICE_X29Y67         FDPE (Prop_fdpe_C_Q)         0.456     5.692 r  print/o_seg_r_reg[0]/Q
                         net (fo=1, routed)           2.713     8.404    o_seg_OBUF[0]
    T10                  OBUF (Prop_obuf_I_O)         3.577    11.981 r  o_seg_OBUF[0]_inst/O
                         net (fo=0)                   0.000    11.981    o_seg[0]
    T10                                                               r  o_seg[0] (OUT)
  -------------------------------------------------------------------    -------------------

                         (clock clk_pin rise edge)  100.000   100.000 r  
                         clock pessimism              0.000   100.000    
                         clock uncertainty           -0.035    99.965    
                         output delay                -0.000    99.965    
  -------------------------------------------------------------------
                         required time                         99.965    
                         arrival time                         -11.981    
  -------------------------------------------------------------------
                         slack                                 87.983    

Slack (MET) :             88.279ns  (required time - arrival time)
  Source:                 print/o_seg_r_reg[5]/C
                            (rising edge-triggered cell FDPE clocked by clk_pin  {rise@0.000ns fall@50.000ns period=100.000ns})
  Destination:            o_seg[5]
                            (output port clocked by clk_pin  {rise@0.000ns fall@50.000ns period=100.000ns})
  Path Group:             clk_pin
  Path Type:              Max at Slow Process Corner
  Requirement:            100.000ns  (clk_pin rise@100.000ns - clk_pin rise@0.000ns)
  Data Path Delay:        6.450ns  (logic 4.017ns (62.278%)  route 2.433ns (37.722%))
  Logic Levels:           1  (OBUF=1)
  Output Delay:           0.000ns
  Clock Path Skew:        -5.236ns (DCD - SCD + CPR)
    Destination Clock Delay (DCD):    0.000ns = ( 100.000 - 100.000 ) 
    Source Clock Delay      (SCD):    5.236ns
    Clock Pessimism Removal (CPR):    0.000ns
  Clock Uncertainty:      0.035ns  ((TSJ^2 + TIJ^2)^1/2 + DJ) / 2 + PE
    Total System Jitter     (TSJ):    0.071ns
    Total Input Jitter      (TIJ):    0.000ns
    Discrete Jitter          (DJ):    0.000ns
    Phase Error              (PE):    0.000ns

    Location             Delay type                Incr(ns)  Path(ns)    Netlist Resource(s)
  -------------------------------------------------------------------    -------------------
                         (clock clk_pin rise edge)    0.000     0.000 r  
    E3                                                0.000     0.000 r  clk_in (IN)
                         net (fo=0)                   0.000     0.000    clk_in
    E3                   IBUF (Prop_ibuf_I_O)         1.482     1.482 r  clk_in_IBUF_inst/O
                         net (fo=1, routed)           2.025     3.506    clk_in_IBUF
    BUFGCTRL_X0Y16       BUFG (Prop_bufg_I_O)         0.096     3.602 r  clk_in_IBUF_BUFG_inst/O
                         net (fo=86, routed)          1.633     5.236    print/clk_in_IBUF_BUFG
    SLICE_X29Y67         FDPE                                         r  print/o_seg_r_reg[5]/C
  -------------------------------------------------------------------    -------------------
    SLICE_X29Y67         FDPE (Prop_fdpe_C_Q)         0.456     5.692 r  print/o_seg_r_reg[5]/Q
                         net (fo=1, routed)           2.433     8.125    o_seg_OBUF[5]
    T11                  OBUF (Prop_obuf_I_O)         3.561    11.685 r  o_seg_OBUF[5]_inst/O
                         net (fo=0)                   0.000    11.685    o_seg[5]
    T11                                                               r  o_seg[5] (OUT)
  -------------------------------------------------------------------    -------------------

                         (clock clk_pin rise edge)  100.000   100.000 r  
                         clock pessimism              0.000   100.000    
                         clock uncertainty           -0.035    99.965    
                         output delay                -0.000    99.965    
  -------------------------------------------------------------------
                         required time                         99.965    
                         arrival time                         -11.685    
  -------------------------------------------------------------------
                         slack                                 88.279    

Slack (MET) :             88.298ns  (required time - arrival time)
  Source:                 print/o_seg_r_reg[4]/C
                            (rising edge-triggered cell FDPE clocked by clk_pin  {rise@0.000ns fall@50.000ns period=100.000ns})
  Destination:            o_seg[4]
                            (output port clocked by clk_pin  {rise@0.000ns fall@50.000ns period=100.000ns})
  Path Group:             clk_pin
  Path Type:              Max at Slow Process Corner
  Requirement:            100.000ns  (clk_pin rise@100.000ns - clk_pin rise@0.000ns)
  Data Path Delay:        6.433ns  (logic 3.990ns (62.014%)  route 2.444ns (37.986%))
  Logic Levels:           1  (OBUF=1)
  Output Delay:           0.000ns
  Clock Path Skew:        -5.234ns (DCD - SCD + CPR)
    Destination Clock Delay (DCD):    0.000ns = ( 100.000 - 100.000 ) 
    Source Clock Delay      (SCD):    5.234ns
    Clock Pessimism Removal (CPR):    0.000ns
  Clock Uncertainty:      0.035ns  ((TSJ^2 + TIJ^2)^1/2 + DJ) / 2 + PE
    Total System Jitter     (TSJ):    0.071ns
    Total Input Jitter      (TIJ):    0.000ns
    Discrete Jitter          (DJ):    0.000ns
    Phase Error              (PE):    0.000ns

    Location             Delay type                Incr(ns)  Path(ns)    Netlist Resource(s)
  -------------------------------------------------------------------    -------------------
                         (clock clk_pin rise edge)    0.000     0.000 r  
    E3                                                0.000     0.000 r  clk_in (IN)
                         net (fo=0)                   0.000     0.000    clk_in
    E3                   IBUF (Prop_ibuf_I_O)         1.482     1.482 r  clk_in_IBUF_inst/O
                         net (fo=1, routed)           2.025     3.506    clk_in_IBUF
    BUFGCTRL_X0Y16       BUFG (Prop_bufg_I_O)         0.096     3.602 r  clk_in_IBUF_BUFG_inst/O
                         net (fo=86, routed)          1.631     5.234    print/clk_in_IBUF_BUFG
    SLICE_X28Y68         FDPE                                         r  print/o_seg_r_reg[4]/C
  -------------------------------------------------------------------    -------------------
    SLICE_X28Y68         FDPE (Prop_fdpe_C_Q)         0.456     5.690 r  print/o_seg_r_reg[4]/Q
                         net (fo=1, routed)           2.444     8.133    o_seg_OBUF[4]
    P15                  OBUF (Prop_obuf_I_O)         3.534    11.667 r  o_seg_OBUF[4]_inst/O
                         net (fo=0)                   0.000    11.667    o_seg[4]
    P15                                                               r  o_seg[4] (OUT)
  -------------------------------------------------------------------    -------------------

                         (clock clk_pin rise edge)  100.000   100.000 r  
                         clock pessimism              0.000   100.000    
                         clock uncertainty           -0.035    99.965    
                         output delay                -0.000    99.965    
  -------------------------------------------------------------------
                         required time                         99.965    
                         arrival time                         -11.667    
  -------------------------------------------------------------------
                         slack                                 88.298    

Slack (MET) :             95.235ns  (required time - arrival time)
  Source:                 divider_inst/counter_reg[14]/C
                            (rising edge-triggered cell FDCE clocked by clk_pin  {rise@0.000ns fall@50.000ns period=100.000ns})
  Destination:            divider_inst/counter_reg[7]/D
                            (rising edge-triggered cell FDCE clocked by clk_pin  {rise@0.000ns fall@50.000ns period=100.000ns})
  Path Group:             clk_pin
  Path Type:              Setup (Max at Slow Process Corner)
  Requirement:            100.000ns  (clk_pin rise@100.000ns - clk_pin rise@0.000ns)
  Data Path Delay:        4.733ns  (logic 1.138ns (24.042%)  route 3.595ns (75.958%))
  Logic Levels:           5  (LUT3=1 LUT4=1 LUT5=1 LUT6=2)
  Clock Path Skew:        -0.025ns (DCD - SCD + CPR)
    Destination Clock Delay (DCD):    4.936ns = ( 104.936 - 100.000 ) 
    Source Clock Delay      (SCD):    5.237ns
    Clock Pessimism Removal (CPR):    0.276ns
  Clock Uncertainty:      0.035ns  ((TSJ^2 + TIJ^2)^1/2 + DJ) / 2 + PE
    Total System Jitter     (TSJ):    0.071ns
    Total Input Jitter      (TIJ):    0.000ns
    Discrete Jitter          (DJ):    0.000ns
    Phase Error              (PE):    0.000ns

    Location             Delay type                Incr(ns)  Path(ns)    Netlist Resource(s)
  -------------------------------------------------------------------    -------------------
                         (clock clk_pin rise edge)    0.000     0.000 r  
    E3                                                0.000     0.000 r  clk_in (IN)
                         net (fo=0)                   0.000     0.000    clk_in
    E3                   IBUF (Prop_ibuf_I_O)         1.482     1.482 r  clk_in_IBUF_inst/O
                         net (fo=1, routed)           2.025     3.506    clk_in_IBUF
    BUFGCTRL_X0Y16       BUFG (Prop_bufg_I_O)         0.096     3.602 r  clk_in_IBUF_BUFG_inst/O
                         net (fo=86, routed)          1.634     5.237    divider_inst/clk_in_IBUF_BUFG
    SLICE_X46Y95         FDCE                                         r  divider_inst/counter_reg[14]/C
  -------------------------------------------------------------------    -------------------
    SLICE_X46Y95         FDCE (Prop_fdce_C_Q)         0.518     5.755 f  divider_inst/counter_reg[14]/Q
                         net (fo=2, routed)           0.805     6.560    divider_inst/counter[14]
    SLICE_X46Y95         LUT4 (Prop_lut4_I1_O)        0.124     6.684 r  divider_inst/counter[31]_i_9/O
                         net (fo=1, routed)           0.607     7.291    divider_inst/counter[31]_i_9_n_1
    SLICE_X46Y94         LUT5 (Prop_lut5_I4_O)        0.124     7.415 r  divider_inst/counter[31]_i_7/O
                         net (fo=1, routed)           0.520     7.935    divider_inst/counter[31]_i_7_n_1
    SLICE_X46Y93         LUT6 (Prop_lut6_I5_O)        0.124     8.059 r  divider_inst/counter[31]_i_3/O
                         net (fo=1, routed)           0.445     8.504    divider_inst/counter[31]_i_3_n_1
    SLICE_X46Y96         LUT6 (Prop_lut6_I0_O)        0.124     8.628 r  divider_inst/counter[31]_i_2/O
                         net (fo=33, routed)          1.218     9.846    divider_inst/counter[31]_i_2_n_1
    SLICE_X48Y93         LUT3 (Prop_lut3_I0_O)        0.124     9.970 r  divider_inst/counter[7]_i_1/O
                         net (fo=1, routed)           0.000     9.970    divider_inst/counter_0[7]
    SLICE_X48Y93         FDCE                                         r  divider_inst/counter_reg[7]/D
  -------------------------------------------------------------------    -------------------

                         (clock clk_pin rise edge)  100.000   100.000 r  
    E3                                                0.000   100.000 r  clk_in (IN)
                         net (fo=0)                   0.000   100.000    clk_in
    E3                   IBUF (Prop_ibuf_I_O)         1.411   101.411 r  clk_in_IBUF_inst/O
                         net (fo=1, routed)           1.920   103.331    clk_in_IBUF
    BUFGCTRL_X0Y16       BUFG (Prop_bufg_I_O)         0.091   103.422 r  clk_in_IBUF_BUFG_inst/O
                         net (fo=86, routed)          1.513   104.936    divider_inst/clk_in_IBUF_BUFG
    SLICE_X48Y93         FDCE                                         r  divider_inst/counter_reg[7]/C
                         clock pessimism              0.276   105.212    
                         clock uncertainty           -0.035   105.176    
    SLICE_X48Y93         FDCE (Setup_fdce_C_D)        0.029   105.205    divider_inst/counter_reg[7]
  -------------------------------------------------------------------
                         required time                        105.205    
                         arrival time                          -9.970    
  -------------------------------------------------------------------
                         slack                                 95.235    

Slack (MET) :             95.255ns  (required time - arrival time)
  Source:                 divider_inst/counter_reg[14]/C
                            (rising edge-triggered cell FDCE clocked by clk_pin  {rise@0.000ns fall@50.000ns period=100.000ns})
  Destination:            divider_inst/counter_reg[8]/D
                            (rising edge-triggered cell FDCE clocked by clk_pin  {rise@0.000ns fall@50.000ns period=100.000ns})
  Path Group:             clk_pin
  Path Type:              Setup (Max at Slow Process Corner)
  Requirement:            100.000ns  (clk_pin rise@100.000ns - clk_pin rise@0.000ns)
  Data Path Delay:        4.759ns  (logic 1.164ns (24.457%)  route 3.595ns (75.543%))
  Logic Levels:           5  (LUT3=1 LUT4=1 LUT5=1 LUT6=2)
  Clock Path Skew:        -0.025ns (DCD - SCD + CPR)
    Destination Clock Delay (DCD):    4.936ns = ( 104.936 - 100.000 ) 
    Source Clock Delay      (SCD):    5.237ns
    Clock Pessimism Removal (CPR):    0.276ns
  Clock Uncertainty:      0.035ns  ((TSJ^2 + TIJ^2)^1/2 + DJ) / 2 + PE
    Total System Jitter     (TSJ):    0.071ns
    Total Input Jitter      (TIJ):    0.000ns
    Discrete Jitter          (DJ):    0.000ns
    Phase Error              (PE):    0.000ns

    Location             Delay type                Incr(ns)  Path(ns)    Netlist Resource(s)
  -------------------------------------------------------------------    -------------------
                         (clock clk_pin rise edge)    0.000     0.000 r  
    E3                                                0.000     0.000 r  clk_in (IN)
                         net (fo=0)                   0.000     0.000    clk_in
    E3                   IBUF (Prop_ibuf_I_O)         1.482     1.482 r  clk_in_IBUF_inst/O
                         net (fo=1, routed)           2.025     3.506    clk_in_IBUF
    BUFGCTRL_X0Y16       BUFG (Prop_bufg_I_O)         0.096     3.602 r  clk_in_IBUF_BUFG_inst/O
                         net (fo=86, routed)          1.634     5.237    divider_inst/clk_in_IBUF_BUFG
    SLICE_X46Y95         FDCE                                         r  divider_inst/counter_reg[14]/C
  -------------------------------------------------------------------    -------------------
    SLICE_X46Y95         FDCE (Prop_fdce_C_Q)         0.518     5.755 f  divider_inst/counter_reg[14]/Q
                         net (fo=2, routed)           0.805     6.560    divider_inst/counter[14]
    SLICE_X46Y95         LUT4 (Prop_lut4_I1_O)        0.124     6.684 r  divider_inst/counter[31]_i_9/O
                         net (fo=1, routed)           0.607     7.291    divider_inst/counter[31]_i_9_n_1
    SLICE_X46Y94         LUT5 (Prop_lut5_I4_O)        0.124     7.415 r  divider_inst/counter[31]_i_7/O
                         net (fo=1, routed)           0.520     7.935    divider_inst/counter[31]_i_7_n_1
    SLICE_X46Y93         LUT6 (Prop_lut6_I5_O)        0.124     8.059 r  divider_inst/counter[31]_i_3/O
                         net (fo=1, routed)           0.445     8.504    divider_inst/counter[31]_i_3_n_1
    SLICE_X46Y96         LUT6 (Prop_lut6_I0_O)        0.124     8.628 r  divider_inst/counter[31]_i_2/O
                         net (fo=33, routed)          1.218     9.846    divider_inst/counter[31]_i_2_n_1
    SLICE_X48Y93         LUT3 (Prop_lut3_I0_O)        0.150     9.996 r  divider_inst/counter[8]_i_1/O
                         net (fo=1, routed)           0.000     9.996    divider_inst/counter_0[8]
    SLICE_X48Y93         FDCE                                         r  divider_inst/counter_reg[8]/D
  -------------------------------------------------------------------    -------------------

                         (clock clk_pin rise edge)  100.000   100.000 r  
    E3                                                0.000   100.000 r  clk_in (IN)
                         net (fo=0)                   0.000   100.000    clk_in
    E3                   IBUF (Prop_ibuf_I_O)         1.411   101.411 r  clk_in_IBUF_inst/O
                         net (fo=1, routed)           1.920   103.331    clk_in_IBUF
    BUFGCTRL_X0Y16       BUFG (Prop_bufg_I_O)         0.091   103.422 r  clk_in_IBUF_BUFG_inst/O
                         net (fo=86, routed)          1.513   104.936    divider_inst/clk_in_IBUF_BUFG
    SLICE_X48Y93         FDCE                                         r  divider_inst/counter_reg[8]/C
                         clock pessimism              0.276   105.212    
                         clock uncertainty           -0.035   105.176    
    SLICE_X48Y93         FDCE (Setup_fdce_C_D)        0.075   105.251    divider_inst/counter_reg[8]
  -------------------------------------------------------------------
                         required time                        105.251    
                         arrival time                          -9.996    
  -------------------------------------------------------------------
                         slack                                 95.255    

Slack (MET) :             95.347ns  (required time - arrival time)
  Source:                 divider_inst/counter_reg[14]/C
                            (rising edge-triggered cell FDCE clocked by clk_pin  {rise@0.000ns fall@50.000ns period=100.000ns})
  Destination:            divider_inst/clk_out_reg/D
                            (rising edge-triggered cell FDCE clocked by clk_pin  {rise@0.000ns fall@50.000ns period=100.000ns})
  Path Group:             clk_pin
  Path Type:              Setup (Max at Slow Process Corner)
  Requirement:            100.000ns  (clk_pin rise@100.000ns - clk_pin rise@0.000ns)
  Data Path Delay:        4.622ns  (logic 1.138ns (24.622%)  route 3.484ns (75.378%))
  Logic Levels:           5  (LUT3=1 LUT4=1 LUT5=1 LUT6=2)
  Clock Path Skew:        -0.025ns (DCD - SCD + CPR)
    Destination Clock Delay (DCD):    4.936ns = ( 104.936 - 100.000 ) 
    Source Clock Delay      (SCD):    5.237ns
    Clock Pessimism Removal (CPR):    0.276ns
  Clock Uncertainty:      0.035ns  ((TSJ^2 + TIJ^2)^1/2 + DJ) / 2 + PE
    Total System Jitter     (TSJ):    0.071ns
    Total Input Jitter      (TIJ):    0.000ns
    Discrete Jitter          (DJ):    0.000ns
    Phase Error              (PE):    0.000ns

    Location             Delay type                Incr(ns)  Path(ns)    Netlist Resource(s)
  -------------------------------------------------------------------    -------------------
                         (clock clk_pin rise edge)    0.000     0.000 r  
    E3                                                0.000     0.000 r  clk_in (IN)
                         net (fo=0)                   0.000     0.000    clk_in
    E3                   IBUF (Prop_ibuf_I_O)         1.482     1.482 r  clk_in_IBUF_inst/O
                         net (fo=1, routed)           2.025     3.506    clk_in_IBUF
    BUFGCTRL_X0Y16       BUFG (Prop_bufg_I_O)         0.096     3.602 r  clk_in_IBUF_BUFG_inst/O
                         net (fo=86, routed)          1.634     5.237    divider_inst/clk_in_IBUF_BUFG
    SLICE_X46Y95         FDCE                                         r  divider_inst/counter_reg[14]/C
  -------------------------------------------------------------------    -------------------
    SLICE_X46Y95         FDCE (Prop_fdce_C_Q)         0.518     5.755 f  divider_inst/counter_reg[14]/Q
                         net (fo=2, routed)           0.805     6.560    divider_inst/counter[14]
    SLICE_X46Y95         LUT4 (Prop_lut4_I1_O)        0.124     6.684 r  divider_inst/counter[31]_i_9/O
                         net (fo=1, routed)           0.607     7.291    divider_inst/counter[31]_i_9_n_1
    SLICE_X46Y94         LUT5 (Prop_lut5_I4_O)        0.124     7.415 r  divider_inst/counter[31]_i_7/O
                         net (fo=1, routed)           0.520     7.935    divider_inst/counter[31]_i_7_n_1
    SLICE_X46Y93         LUT6 (Prop_lut6_I5_O)        0.124     8.059 r  divider_inst/counter[31]_i_3/O
                         net (fo=1, routed)           0.445     8.504    divider_inst/counter[31]_i_3_n_1
    SLICE_X46Y96         LUT6 (Prop_lut6_I0_O)        0.124     8.628 r  divider_inst/counter[31]_i_2/O
                         net (fo=33, routed)          1.107     9.735    divider_inst/counter[31]_i_2_n_1
    SLICE_X48Y95         LUT3 (Prop_lut3_I0_O)        0.124     9.859 r  divider_inst/clk_out_i_1/O
                         net (fo=1, routed)           0.000     9.859    divider_inst/clk_out_i_1_n_1
    SLICE_X48Y95         FDCE                                         r  divider_inst/clk_out_reg/D
  -------------------------------------------------------------------    -------------------

                         (clock clk_pin rise edge)  100.000   100.000 r  
    E3                                                0.000   100.000 r  clk_in (IN)
                         net (fo=0)                   0.000   100.000    clk_in
    E3                   IBUF (Prop_ibuf_I_O)         1.411   101.411 r  clk_in_IBUF_inst/O
                         net (fo=1, routed)           1.920   103.331    clk_in_IBUF
    BUFGCTRL_X0Y16       BUFG (Prop_bufg_I_O)         0.091   103.422 r  clk_in_IBUF_BUFG_inst/O
                         net (fo=86, routed)          1.513   104.936    divider_inst/clk_in_IBUF_BUFG
    SLICE_X48Y95         FDCE                                         r  divider_inst/clk_out_reg/C
                         clock pessimism              0.276   105.212    
                         clock uncertainty           -0.035   105.176    
    SLICE_X48Y95         FDCE (Setup_fdce_C_D)        0.029   105.205    divider_inst/clk_out_reg
  -------------------------------------------------------------------
                         required time                        105.205    
                         arrival time                          -9.859    
  -------------------------------------------------------------------
                         slack                                 95.347    





Min Delay Paths
--------------------------------------------------------------------------------------
Slack (MET) :             0.242ns  (arrival time - required time)
  Source:                 print/i_data_store_reg[17]/C
                            (rising edge-triggered cell FDCE clocked by clk_pin  {rise@0.000ns fall@50.000ns period=100.000ns})
  Destination:            print/o_seg_r_reg[2]/D
                            (rising edge-triggered cell FDPE clocked by clk_pin  {rise@0.000ns fall@50.000ns period=100.000ns})
  Path Group:             clk_pin
  Path Type:              Hold (Min at Fast Process Corner)
  Requirement:            0.000ns  (clk_pin rise@0.000ns - clk_pin rise@0.000ns)
  Data Path Delay:        0.375ns  (logic 0.231ns (61.544%)  route 0.144ns (38.456%))
  Logic Levels:           2  (LUT6=2)
  Clock Path Skew:        0.013ns (DCD - SCD - CPR)
    Destination Clock Delay (DCD):    1.998ns
    Source Clock Delay      (SCD):    1.483ns
    Clock Pessimism Removal (CPR):    0.501ns

    Location             Delay type                Incr(ns)  Path(ns)    Netlist Resource(s)
  -------------------------------------------------------------------    -------------------
                         (clock clk_pin rise edge)    0.000     0.000 r  
    E3                                                0.000     0.000 r  clk_in (IN)
                         net (fo=0)                   0.000     0.000    clk_in
    E3                   IBUF (Prop_ibuf_I_O)         0.250     0.250 r  clk_in_IBUF_inst/O
                         net (fo=1, routed)           0.644     0.894    clk_in_IBUF
    BUFGCTRL_X0Y16       BUFG (Prop_bufg_I_O)         0.026     0.920 r  clk_in_IBUF_BUFG_inst/O
                         net (fo=86, routed)          0.564     1.483    print/clk_in_IBUF_BUFG
    SLICE_X31Y68         FDCE                                         r  print/i_data_store_reg[17]/C
  -------------------------------------------------------------------    -------------------
    SLICE_X31Y68         FDCE (Prop_fdce_C_Q)         0.141     1.624 r  print/i_data_store_reg[17]/Q
                         net (fo=7, routed)           0.088     1.713    print/i_data_store[17]
    SLICE_X30Y68         LUT6 (Prop_lut6_I2_O)        0.045     1.758 r  print/o_seg_r[2]_i_5/O
                         net (fo=1, routed)           0.056     1.814    print/o_seg_r[2]_i_5_n_1
    SLICE_X30Y68         LUT6 (Prop_lut6_I4_O)        0.045     1.859 r  print/o_seg_r[2]_i_1/O
                         net (fo=1, routed)           0.000     1.859    print/p_1_in[2]
    SLICE_X30Y68         FDPE                                         r  print/o_seg_r_reg[2]/D
  -------------------------------------------------------------------    -------------------

                         (clock clk_pin rise edge)    0.000     0.000 r  
    E3                                                0.000     0.000 r  clk_in (IN)
                         net (fo=0)                   0.000     0.000    clk_in
    E3                   IBUF (Prop_ibuf_I_O)         0.438     0.438 r  clk_in_IBUF_inst/O
                         net (fo=1, routed)           0.699     1.136    clk_in_IBUF
    BUFGCTRL_X0Y16       BUFG (Prop_bufg_I_O)         0.029     1.165 r  clk_in_IBUF_BUFG_inst/O
                         net (fo=86, routed)          0.833     1.998    print/clk_in_IBUF_BUFG
    SLICE_X30Y68         FDPE                                         r  print/o_seg_r_reg[2]/C
                         clock pessimism             -0.501     1.496    
    SLICE_X30Y68         FDPE (Hold_fdpe_C_D)         0.120     1.616    print/o_seg_r_reg[2]
  -------------------------------------------------------------------
                         required time                         -1.616    
                         arrival time                           1.859    
  -------------------------------------------------------------------
                         slack                                  0.242    

Slack (MET) :             0.254ns  (arrival time - required time)
  Source:                 print/cnt_reg[10]/C
                            (rising edge-triggered cell FDCE clocked by clk_pin  {rise@0.000ns fall@50.000ns period=100.000ns})
  Destination:            print/cnt_reg[10]/D
                            (rising edge-triggered cell FDCE clocked by clk_pin  {rise@0.000ns fall@50.000ns period=100.000ns})
  Path Group:             clk_pin
  Path Type:              Hold (Min at Fast Process Corner)
  Requirement:            0.000ns  (clk_pin rise@0.000ns - clk_pin rise@0.000ns)
  Data Path Delay:        0.388ns  (logic 0.274ns (70.550%)  route 0.114ns (29.450%))
  Logic Levels:           1  (CARRY4=1)
  Clock Path Skew:        0.000ns (DCD - SCD - CPR)
    Destination Clock Delay (DCD):    2.031ns
    Source Clock Delay      (SCD):    1.514ns
    Clock Pessimism Removal (CPR):    0.516ns

    Location             Delay type                Incr(ns)  Path(ns)    Netlist Resource(s)
  -------------------------------------------------------------------    -------------------
                         (clock clk_pin rise edge)    0.000     0.000 r  
    E3                                                0.000     0.000 r  clk_in (IN)
                         net (fo=0)                   0.000     0.000    clk_in
    E3                   IBUF (Prop_ibuf_I_O)         0.250     0.250 r  clk_in_IBUF_inst/O
                         net (fo=1, routed)           0.644     0.894    clk_in_IBUF
    BUFGCTRL_X0Y16       BUFG (Prop_bufg_I_O)         0.026     0.920 r  clk_in_IBUF_BUFG_inst/O
                         net (fo=86, routed)          0.595     1.514    print/clk_in_IBUF_BUFG
    SLICE_X2Y70          FDCE                                         r  print/cnt_reg[10]/C
  -------------------------------------------------------------------    -------------------
    SLICE_X2Y70          FDCE (Prop_fdce_C_Q)         0.164     1.678 r  print/cnt_reg[10]/Q
                         net (fo=1, routed)           0.114     1.793    print/cnt_reg_n_1_[10]
    SLICE_X2Y70          CARRY4 (Prop_carry4_S[2]_O[2])
                                                      0.110     1.903 r  print/cnt_reg[8]_i_1/O[2]
                         net (fo=1, routed)           0.000     1.903    print/cnt_reg[8]_i_1_n_6
    SLICE_X2Y70          FDCE                                         r  print/cnt_reg[10]/D
  -------------------------------------------------------------------    -------------------

                         (clock clk_pin rise edge)    0.000     0.000 r  
    E3                                                0.000     0.000 r  clk_in (IN)
                         net (fo=0)                   0.000     0.000    clk_in
    E3                   IBUF (Prop_ibuf_I_O)         0.438     0.438 r  clk_in_IBUF_inst/O
                         net (fo=1, routed)           0.699     1.136    clk_in_IBUF
    BUFGCTRL_X0Y16       BUFG (Prop_bufg_I_O)         0.029     1.165 r  clk_in_IBUF_BUFG_inst/O
                         net (fo=86, routed)          0.866     2.031    print/clk_in_IBUF_BUFG
    SLICE_X2Y70          FDCE                                         r  print/cnt_reg[10]/C
                         clock pessimism             -0.516     1.514    
    SLICE_X2Y70          FDCE (Hold_fdce_C_D)         0.134     1.648    print/cnt_reg[10]
  -------------------------------------------------------------------
                         required time                         -1.648    
                         arrival time                           1.903    
  -------------------------------------------------------------------
                         slack                                  0.254    

Slack (MET) :             0.254ns  (arrival time - required time)
  Source:                 print/cnt_reg[6]/C
                            (rising edge-triggered cell FDCE clocked by clk_pin  {rise@0.000ns fall@50.000ns period=100.000ns})
  Destination:            print/cnt_reg[6]/D
                            (rising edge-triggered cell FDCE clocked by clk_pin  {rise@0.000ns fall@50.000ns period=100.000ns})
  Path Group:             clk_pin
  Path Type:              Hold (Min at Fast Process Corner)
  Requirement:            0.000ns  (clk_pin rise@0.000ns - clk_pin rise@0.000ns)
  Data Path Delay:        0.388ns  (logic 0.274ns (70.550%)  route 0.114ns (29.450%))
  Logic Levels:           1  (CARRY4=1)
  Clock Path Skew:        0.000ns (DCD - SCD - CPR)
    Destination Clock Delay (DCD):    2.032ns
    Source Clock Delay      (SCD):    1.515ns
    Clock Pessimism Removal (CPR):    0.516ns

    Location             Delay type                Incr(ns)  Path(ns)    Netlist Resource(s)
  -------------------------------------------------------------------    -------------------
                         (clock clk_pin rise edge)    0.000     0.000 r  
    E3                                                0.000     0.000 r  clk_in (IN)
                         net (fo=0)                   0.000     0.000    clk_in
    E3                   IBUF (Prop_ibuf_I_O)         0.250     0.250 r  clk_in_IBUF_inst/O
                         net (fo=1, routed)           0.644     0.894    clk_in_IBUF
    BUFGCTRL_X0Y16       BUFG (Prop_bufg_I_O)         0.026     0.920 r  clk_in_IBUF_BUFG_inst/O
                         net (fo=86, routed)          0.596     1.515    print/clk_in_IBUF_BUFG
    SLICE_X2Y69          FDCE                                         r  print/cnt_reg[6]/C
  -------------------------------------------------------------------    -------------------
    SLICE_X2Y69          FDCE (Prop_fdce_C_Q)         0.164     1.679 r  print/cnt_reg[6]/Q
                         net (fo=1, routed)           0.114     1.794    print/cnt_reg_n_1_[6]
    SLICE_X2Y69          CARRY4 (Prop_carry4_S[2]_O[2])
                                                      0.110     1.904 r  print/cnt_reg[4]_i_1/O[2]
                         net (fo=1, routed)           0.000     1.904    print/cnt_reg[4]_i_1_n_6
    SLICE_X2Y69          FDCE                                         r  print/cnt_reg[6]/D
  -------------------------------------------------------------------    -------------------

                         (clock clk_pin rise edge)    0.000     0.000 r  
    E3                                                0.000     0.000 r  clk_in (IN)
                         net (fo=0)                   0.000     0.000    clk_in
    E3                   IBUF (Prop_ibuf_I_O)         0.438     0.438 r  clk_in_IBUF_inst/O
                         net (fo=1, routed)           0.699     1.136    clk_in_IBUF
    BUFGCTRL_X0Y16       BUFG (Prop_bufg_I_O)         0.029     1.165 r  clk_in_IBUF_BUFG_inst/O
                         net (fo=86, routed)          0.867     2.032    print/clk_in_IBUF_BUFG
    SLICE_X2Y69          FDCE                                         r  print/cnt_reg[6]/C
                         clock pessimism             -0.516     1.515    
    SLICE_X2Y69          FDCE (Hold_fdce_C_D)         0.134     1.649    print/cnt_reg[6]
  -------------------------------------------------------------------
                         required time                         -1.649    
                         arrival time                           1.904    
  -------------------------------------------------------------------
                         slack                                  0.254    

Slack (MET) :             0.278ns  (arrival time - required time)
  Source:                 divider_inst/counter_reg[0]/C
                            (rising edge-triggered cell FDCE clocked by clk_pin  {rise@0.000ns fall@50.000ns period=100.000ns})
  Destination:            divider_inst/counter_reg[1]/D
                            (rising edge-triggered cell FDCE clocked by clk_pin  {rise@0.000ns fall@50.000ns period=100.000ns})
  Path Group:             clk_pin
  Path Type:              Hold (Min at Fast Process Corner)
  Requirement:            0.000ns  (clk_pin rise@0.000ns - clk_pin rise@0.000ns)
  Data Path Delay:        0.401ns  (logic 0.189ns (47.169%)  route 0.212ns (52.831%))
  Logic Levels:           1  (LUT3=1)
  Clock Path Skew:        0.016ns (DCD - SCD - CPR)
    Destination Clock Delay (DCD):    2.002ns
    Source Clock Delay      (SCD):    1.485ns
    Clock Pessimism Removal (CPR):    0.500ns

    Location             Delay type                Incr(ns)  Path(ns)    Netlist Resource(s)
  -------------------------------------------------------------------    -------------------
                         (clock clk_pin rise edge)    0.000     0.000 r  
    E3                                                0.000     0.000 r  clk_in (IN)
                         net (fo=0)                   0.000     0.000    clk_in
    E3                   IBUF (Prop_ibuf_I_O)         0.250     0.250 r  clk_in_IBUF_inst/O
                         net (fo=1, routed)           0.644     0.894    clk_in_IBUF
    BUFGCTRL_X0Y16       BUFG (Prop_bufg_I_O)         0.026     0.920 r  clk_in_IBUF_BUFG_inst/O
                         net (fo=86, routed)          0.566     1.485    divider_inst/clk_in_IBUF_BUFG
    SLICE_X48Y94         FDCE                                         r  divider_inst/counter_reg[0]/C
  -------------------------------------------------------------------    -------------------
    SLICE_X48Y94         FDCE (Prop_fdce_C_Q)         0.141     1.626 r  divider_inst/counter_reg[0]/Q
                         net (fo=34, routed)          0.212     1.838    divider_inst/counter[0]
    SLICE_X48Y95         LUT3 (Prop_lut3_I1_O)        0.048     1.886 r  divider_inst/counter[1]_i_1/O
                         net (fo=1, routed)           0.000     1.886    divider_inst/counter_0[1]
    SLICE_X48Y95         FDCE                                         r  divider_inst/counter_reg[1]/D
  -------------------------------------------------------------------    -------------------

                         (clock clk_pin rise edge)    0.000     0.000 r  
    E3                                                0.000     0.000 r  clk_in (IN)
                         net (fo=0)                   0.000     0.000    clk_in
    E3                   IBUF (Prop_ibuf_I_O)         0.438     0.438 r  clk_in_IBUF_inst/O
                         net (fo=1, routed)           0.699     1.136    clk_in_IBUF
    BUFGCTRL_X0Y16       BUFG (Prop_bufg_I_O)         0.029     1.165 r  clk_in_IBUF_BUFG_inst/O
                         net (fo=86, routed)          0.837     2.002    divider_inst/clk_in_IBUF_BUFG
    SLICE_X48Y95         FDCE                                         r  divider_inst/counter_reg[1]/C
                         clock pessimism             -0.500     1.501    
    SLICE_X48Y95         FDCE (Hold_fdce_C_D)         0.107     1.608    divider_inst/counter_reg[1]
  -------------------------------------------------------------------
                         required time                         -1.608    
                         arrival time                           1.886    
  -------------------------------------------------------------------
                         slack                                  0.278    

Slack (MET) :             0.280ns  (arrival time - required time)
  Source:                 divider_inst/clk_out_reg/C
                            (rising edge-triggered cell FDCE clocked by clk_pin  {rise@0.000ns fall@50.000ns period=100.000ns})
  Destination:            divider_inst/clk_out_reg/D
                            (rising edge-triggered cell FDCE clocked by clk_pin  {rise@0.000ns fall@50.000ns period=100.000ns})
  Path Group:             clk_pin
  Path Type:              Hold (Min at Fast Process Corner)
  Requirement:            0.000ns  (clk_pin rise@0.000ns - clk_pin rise@0.000ns)
  Data Path Delay:        0.371ns  (logic 0.186ns (50.162%)  route 0.185ns (49.838%))
  Logic Levels:           1  (LUT3=1)
  Clock Path Skew:        0.000ns (DCD - SCD - CPR)
    Destination Clock Delay (DCD):    2.002ns
    Source Clock Delay      (SCD):    1.485ns
    Clock Pessimism Removal (CPR):    0.516ns

    Location             Delay type                Incr(ns)  Path(ns)    Netlist Resource(s)
  -------------------------------------------------------------------    -------------------
                         (clock clk_pin rise edge)    0.000     0.000 r  
    E3                                                0.000     0.000 r  clk_in (IN)
                         net (fo=0)                   0.000     0.000    clk_in
    E3                   IBUF (Prop_ibuf_I_O)         0.250     0.250 r  clk_in_IBUF_inst/O
                         net (fo=1, routed)           0.644     0.894    clk_in_IBUF
    BUFGCTRL_X0Y16       BUFG (Prop_bufg_I_O)         0.026     0.920 r  clk_in_IBUF_BUFG_inst/O
                         net (fo=86, routed)          0.566     1.485    divider_inst/clk_in_IBUF_BUFG
    SLICE_X48Y95         FDCE                                         r  divider_inst/clk_out_reg/C
  -------------------------------------------------------------------    -------------------
    SLICE_X48Y95         FDCE (Prop_fdce_C_Q)         0.141     1.626 r  divider_inst/clk_out_reg/Q
                         net (fo=2, routed)           0.185     1.811    divider_inst/clk_5hz
    SLICE_X48Y95         LUT3 (Prop_lut3_I2_O)        0.045     1.856 r  divider_inst/clk_out_i_1/O
                         net (fo=1, routed)           0.000     1.856    divider_inst/clk_out_i_1_n_1
    SLICE_X48Y95         FDCE                                         r  divider_inst/clk_out_reg/D
  -------------------------------------------------------------------    -------------------

                         (clock clk_pin rise edge)    0.000     0.000 r  
    E3                                                0.000     0.000 r  clk_in (IN)
                         net (fo=0)                   0.000     0.000    clk_in
    E3                   IBUF (Prop_ibuf_I_O)         0.438     0.438 r  clk_in_IBUF_inst/O
                         net (fo=1, routed)           0.699     1.136    clk_in_IBUF
    BUFGCTRL_X0Y16       BUFG (Prop_bufg_I_O)         0.029     1.165 r  clk_in_IBUF_BUFG_inst/O
                         net (fo=86, routed)          0.837     2.002    divider_inst/clk_in_IBUF_BUFG
    SLICE_X48Y95         FDCE                                         r  divider_inst/clk_out_reg/C
                         clock pessimism             -0.516     1.485    
    SLICE_X48Y95         FDCE (Hold_fdce_C_D)         0.091     1.576    divider_inst/clk_out_reg
  -------------------------------------------------------------------
                         required time                         -1.576    
                         arrival time                           1.856    
  -------------------------------------------------------------------
                         slack                                  0.280    

Slack (MET) :             0.289ns  (arrival time - required time)
  Source:                 print/cnt_reg[14]/C
                            (rising edge-triggered cell FDCE clocked by clk_pin  {rise@0.000ns fall@50.000ns period=100.000ns})
  Destination:            print/cnt_reg[14]/D
                            (rising edge-triggered cell FDCE clocked by clk_pin  {rise@0.000ns fall@50.000ns period=100.000ns})
  Path Group:             clk_pin
  Path Type:              Hold (Min at Fast Process Corner)
  Requirement:            0.000ns  (clk_pin rise@0.000ns - clk_pin rise@0.000ns)
  Data Path Delay:        0.423ns  (logic 0.274ns (64.777%)  route 0.149ns (35.223%))
  Logic Levels:           1  (CARRY4=1)
  Clock Path Skew:        0.000ns (DCD - SCD - CPR)
    Destination Clock Delay (DCD):    2.030ns
    Source Clock Delay      (SCD):    1.513ns
    Clock Pessimism Removal (CPR):    0.516ns

    Location             Delay type                Incr(ns)  Path(ns)    Netlist Resource(s)
  -------------------------------------------------------------------    -------------------
                         (clock clk_pin rise edge)    0.000     0.000 r  
    E3                                                0.000     0.000 r  clk_in (IN)
                         net (fo=0)                   0.000     0.000    clk_in
    E3                   IBUF (Prop_ibuf_I_O)         0.250     0.250 r  clk_in_IBUF_inst/O
                         net (fo=1, routed)           0.644     0.894    clk_in_IBUF
    BUFGCTRL_X0Y16       BUFG (Prop_bufg_I_O)         0.026     0.920 r  clk_in_IBUF_BUFG_inst/O
                         net (fo=86, routed)          0.594     1.513    print/clk_in_IBUF_BUFG
    SLICE_X2Y71          FDCE                                         r  print/cnt_reg[14]/C
  -------------------------------------------------------------------    -------------------
    SLICE_X2Y71          FDCE (Prop_fdce_C_Q)         0.164     1.677 r  print/cnt_reg[14]/Q
                         net (fo=4, routed)           0.149     1.826    print/seg7_clk
    SLICE_X2Y71          CARRY4 (Prop_carry4_S[2]_O[2])
                                                      0.110     1.936 r  print/cnt_reg[12]_i_1/O[2]
                         net (fo=1, routed)           0.000     1.936    print/cnt_reg[12]_i_1_n_6
    SLICE_X2Y71          FDCE                                         r  print/cnt_reg[14]/D
  -------------------------------------------------------------------    -------------------

                         (clock clk_pin rise edge)    0.000     0.000 r  
    E3                                                0.000     0.000 r  clk_in (IN)
                         net (fo=0)                   0.000     0.000    clk_in
    E3                   IBUF (Prop_ibuf_I_O)         0.438     0.438 r  clk_in_IBUF_inst/O
                         net (fo=1, routed)           0.699     1.136    clk_in_IBUF
    BUFGCTRL_X0Y16       BUFG (Prop_bufg_I_O)         0.029     1.165 r  clk_in_IBUF_BUFG_inst/O
                         net (fo=86, routed)          0.865     2.030    print/clk_in_IBUF_BUFG
    SLICE_X2Y71          FDCE                                         r  print/cnt_reg[14]/C
                         clock pessimism             -0.516     1.513    
    SLICE_X2Y71          FDCE (Hold_fdce_C_D)         0.134     1.647    print/cnt_reg[14]
  -------------------------------------------------------------------
                         required time                         -1.647    
                         arrival time                           1.936    
  -------------------------------------------------------------------
                         slack                                  0.289    

Slack (MET) :             0.290ns  (arrival time - required time)
  Source:                 print/cnt_reg[10]/C
                            (rising edge-triggered cell FDCE clocked by clk_pin  {rise@0.000ns fall@50.000ns period=100.000ns})
  Destination:            print/cnt_reg[11]/D
                            (rising edge-triggered cell FDCE clocked by clk_pin  {rise@0.000ns fall@50.000ns period=100.000ns})
  Path Group:             clk_pin
  Path Type:              Hold (Min at Fast Process Corner)
  Requirement:            0.000ns  (clk_pin rise@0.000ns - clk_pin rise@0.000ns)
  Data Path Delay:        0.424ns  (logic 0.310ns (73.048%)  route 0.114ns (26.952%))
  Logic Levels:           1  (CARRY4=1)
  Clock Path Skew:        0.000ns (DCD - SCD - CPR)
    Destination Clock Delay (DCD):    2.031ns
    Source Clock Delay      (SCD):    1.514ns
    Clock Pessimism Removal (CPR):    0.516ns

    Location             Delay type                Incr(ns)  Path(ns)    Netlist Resource(s)
  -------------------------------------------------------------------    -------------------
                         (clock clk_pin rise edge)    0.000     0.000 r  
    E3                                                0.000     0.000 r  clk_in (IN)
                         net (fo=0)                   0.000     0.000    clk_in
    E3                   IBUF (Prop_ibuf_I_O)         0.250     0.250 r  clk_in_IBUF_inst/O
                         net (fo=1, routed)           0.644     0.894    clk_in_IBUF
    BUFGCTRL_X0Y16       BUFG (Prop_bufg_I_O)         0.026     0.920 r  clk_in_IBUF_BUFG_inst/O
                         net (fo=86, routed)          0.595     1.514    print/clk_in_IBUF_BUFG
    SLICE_X2Y70          FDCE                                         r  print/cnt_reg[10]/C
  -------------------------------------------------------------------    -------------------
    SLICE_X2Y70          FDCE (Prop_fdce_C_Q)         0.164     1.678 r  print/cnt_reg[10]/Q
                         net (fo=1, routed)           0.114     1.793    print/cnt_reg_n_1_[10]
    SLICE_X2Y70          CARRY4 (Prop_carry4_S[2]_O[3])
                                                      0.146     1.939 r  print/cnt_reg[8]_i_1/O[3]
                         net (fo=1, routed)           0.000     1.939    print/cnt_reg[8]_i_1_n_5
    SLICE_X2Y70          FDCE                                         r  print/cnt_reg[11]/D
  -------------------------------------------------------------------    -------------------

                         (clock clk_pin rise edge)    0.000     0.000 r  
    E3                                                0.000     0.000 r  clk_in (IN)
                         net (fo=0)                   0.000     0.000    clk_in
    E3                   IBUF (Prop_ibuf_I_O)         0.438     0.438 r  clk_in_IBUF_inst/O
                         net (fo=1, routed)           0.699     1.136    clk_in_IBUF
    BUFGCTRL_X0Y16       BUFG (Prop_bufg_I_O)         0.029     1.165 r  clk_in_IBUF_BUFG_inst/O
                         net (fo=86, routed)          0.866     2.031    print/clk_in_IBUF_BUFG
    SLICE_X2Y70          FDCE                                         r  print/cnt_reg[11]/C
                         clock pessimism             -0.516     1.514    
    SLICE_X2Y70          FDCE (Hold_fdce_C_D)         0.134     1.648    print/cnt_reg[11]
  -------------------------------------------------------------------
                         required time                         -1.648    
                         arrival time                           1.939    
  -------------------------------------------------------------------
                         slack                                  0.290    

Slack (MET) :             0.290ns  (arrival time - required time)
  Source:                 print/cnt_reg[6]/C
                            (rising edge-triggered cell FDCE clocked by clk_pin  {rise@0.000ns fall@50.000ns period=100.000ns})
  Destination:            print/cnt_reg[7]/D
                            (rising edge-triggered cell FDCE clocked by clk_pin  {rise@0.000ns fall@50.000ns period=100.000ns})
  Path Group:             clk_pin
  Path Type:              Hold (Min at Fast Process Corner)
  Requirement:            0.000ns  (clk_pin rise@0.000ns - clk_pin rise@0.000ns)
  Data Path Delay:        0.424ns  (logic 0.310ns (73.048%)  route 0.114ns (26.952%))
  Logic Levels:           1  (CARRY4=1)
  Clock Path Skew:        0.000ns (DCD - SCD - CPR)
    Destination Clock Delay (DCD):    2.032ns
    Source Clock Delay      (SCD):    1.515ns
    Clock Pessimism Removal (CPR):    0.516ns

    Location             Delay type                Incr(ns)  Path(ns)    Netlist Resource(s)
  -------------------------------------------------------------------    -------------------
                         (clock clk_pin rise edge)    0.000     0.000 r  
    E3                                                0.000     0.000 r  clk_in (IN)
                         net (fo=0)                   0.000     0.000    clk_in
    E3                   IBUF (Prop_ibuf_I_O)         0.250     0.250 r  clk_in_IBUF_inst/O
                         net (fo=1, routed)           0.644     0.894    clk_in_IBUF
    BUFGCTRL_X0Y16       BUFG (Prop_bufg_I_O)         0.026     0.920 r  clk_in_IBUF_BUFG_inst/O
                         net (fo=86, routed)          0.596     1.515    print/clk_in_IBUF_BUFG
    SLICE_X2Y69          FDCE                                         r  print/cnt_reg[6]/C
  -------------------------------------------------------------------    -------------------
    SLICE_X2Y69          FDCE (Prop_fdce_C_Q)         0.164     1.679 r  print/cnt_reg[6]/Q
                         net (fo=1, routed)           0.114     1.794    print/cnt_reg_n_1_[6]
    SLICE_X2Y69          CARRY4 (Prop_carry4_S[2]_O[3])
                                                      0.146     1.940 r  print/cnt_reg[4]_i_1/O[3]
                         net (fo=1, routed)           0.000     1.940    print/cnt_reg[4]_i_1_n_5
    SLICE_X2Y69          FDCE                                         r  print/cnt_reg[7]/D
  -------------------------------------------------------------------    -------------------

                         (clock clk_pin rise edge)    0.000     0.000 r  
    E3                                                0.000     0.000 r  clk_in (IN)
                         net (fo=0)                   0.000     0.000    clk_in
    E3                   IBUF (Prop_ibuf_I_O)         0.438     0.438 r  clk_in_IBUF_inst/O
                         net (fo=1, routed)           0.699     1.136    clk_in_IBUF
    BUFGCTRL_X0Y16       BUFG (Prop_bufg_I_O)         0.029     1.165 r  clk_in_IBUF_BUFG_inst/O
                         net (fo=86, routed)          0.867     2.032    print/clk_in_IBUF_BUFG
    SLICE_X2Y69          FDCE                                         r  print/cnt_reg[7]/C
                         clock pessimism             -0.516     1.515    
    SLICE_X2Y69          FDCE (Hold_fdce_C_D)         0.134     1.649    print/cnt_reg[7]
  -------------------------------------------------------------------
                         required time                         -1.649    
                         arrival time                           1.940    
  -------------------------------------------------------------------
                         slack                                  0.290    

Slack (MET) :             0.304ns  (arrival time - required time)
  Source:                 divider_inst/counter_reg[0]/C
                            (rising edge-triggered cell FDCE clocked by clk_pin  {rise@0.000ns fall@50.000ns period=100.000ns})
  Destination:            divider_inst/counter_reg[0]/D
                            (rising edge-triggered cell FDCE clocked by clk_pin  {rise@0.000ns fall@50.000ns period=100.000ns})
  Path Group:             clk_pin
  Path Type:              Hold (Min at Fast Process Corner)
  Requirement:            0.000ns  (clk_pin rise@0.000ns - clk_pin rise@0.000ns)
  Data Path Delay:        0.395ns  (logic 0.186ns (47.088%)  route 0.209ns (52.912%))
  Logic Levels:           1  (LUT2=1)
  Clock Path Skew:        0.000ns (DCD - SCD - CPR)
    Destination Clock Delay (DCD):    2.002ns
    Source Clock Delay      (SCD):    1.485ns
    Clock Pessimism Removal (CPR):    0.516ns

    Location             Delay type                Incr(ns)  Path(ns)    Netlist Resource(s)
  -------------------------------------------------------------------    -------------------
                         (clock clk_pin rise edge)    0.000     0.000 r  
    E3                                                0.000     0.000 r  clk_in (IN)
                         net (fo=0)                   0.000     0.000    clk_in
    E3                   IBUF (Prop_ibuf_I_O)         0.250     0.250 r  clk_in_IBUF_inst/O
                         net (fo=1, routed)           0.644     0.894    clk_in_IBUF
    BUFGCTRL_X0Y16       BUFG (Prop_bufg_I_O)         0.026     0.920 r  clk_in_IBUF_BUFG_inst/O
                         net (fo=86, routed)          0.566     1.485    divider_inst/clk_in_IBUF_BUFG
    SLICE_X48Y94         FDCE                                         r  divider_inst/counter_reg[0]/C
  -------------------------------------------------------------------    -------------------
    SLICE_X48Y94         FDCE (Prop_fdce_C_Q)         0.141     1.626 f  divider_inst/counter_reg[0]/Q
                         net (fo=34, routed)          0.209     1.835    divider_inst/counter[0]
    SLICE_X48Y94         LUT2 (Prop_lut2_I1_O)        0.045     1.880 r  divider_inst/counter[0]_i_1/O
                         net (fo=1, routed)           0.000     1.880    divider_inst/counter_0[0]
    SLICE_X48Y94         FDCE                                         r  divider_inst/counter_reg[0]/D
  -------------------------------------------------------------------    -------------------

                         (clock clk_pin rise edge)    0.000     0.000 r  
    E3                                                0.000     0.000 r  clk_in (IN)
                         net (fo=0)                   0.000     0.000    clk_in
    E3                   IBUF (Prop_ibuf_I_O)         0.438     0.438 r  clk_in_IBUF_inst/O
                         net (fo=1, routed)           0.699     1.136    clk_in_IBUF
    BUFGCTRL_X0Y16       BUFG (Prop_bufg_I_O)         0.029     1.165 r  clk_in_IBUF_BUFG_inst/O
                         net (fo=86, routed)          0.837     2.002    divider_inst/clk_in_IBUF_BUFG
    SLICE_X48Y94         FDCE                                         r  divider_inst/counter_reg[0]/C
                         clock pessimism             -0.516     1.485    
    SLICE_X48Y94         FDCE (Hold_fdce_C_D)         0.091     1.576    divider_inst/counter_reg[0]
  -------------------------------------------------------------------
                         required time                         -1.576    
                         arrival time                           1.880    
  -------------------------------------------------------------------
                         slack                                  0.304    

Slack (MET) :             0.308ns  (arrival time - required time)
  Source:                 print/cnt_reg[0]/C
                            (rising edge-triggered cell FDCE clocked by clk_pin  {rise@0.000ns fall@50.000ns period=100.000ns})
  Destination:            print/cnt_reg[0]/D
                            (rising edge-triggered cell FDCE clocked by clk_pin  {rise@0.000ns fall@50.000ns period=100.000ns})
  Path Group:             clk_pin
  Path Type:              Hold (Min at Fast Process Corner)
  Requirement:            0.000ns  (clk_pin rise@0.000ns - clk_pin rise@0.000ns)
  Data Path Delay:        0.442ns  (logic 0.279ns (63.107%)  route 0.163ns (36.893%))
  Logic Levels:           2  (CARRY4=1 LUT1=1)
  Clock Path Skew:        0.000ns (DCD - SCD - CPR)
    Destination Clock Delay (DCD):    2.033ns
    Source Clock Delay      (SCD):    1.516ns
    Clock Pessimism Removal (CPR):    0.516ns

    Location             Delay type                Incr(ns)  Path(ns)    Netlist Resource(s)
  -------------------------------------------------------------------    -------------------
                         (clock clk_pin rise edge)    0.000     0.000 r  
    E3                                                0.000     0.000 r  clk_in (IN)
                         net (fo=0)                   0.000     0.000    clk_in
    E3                   IBUF (Prop_ibuf_I_O)         0.250     0.250 r  clk_in_IBUF_inst/O
                         net (fo=1, routed)           0.644     0.894    clk_in_IBUF
    BUFGCTRL_X0Y16       BUFG (Prop_bufg_I_O)         0.026     0.920 r  clk_in_IBUF_BUFG_inst/O
                         net (fo=86, routed)          0.597     1.516    print/clk_in_IBUF_BUFG
    SLICE_X2Y68          FDCE                                         r  print/cnt_reg[0]/C
  -------------------------------------------------------------------    -------------------
    SLICE_X2Y68          FDCE (Prop_fdce_C_Q)         0.164     1.680 f  print/cnt_reg[0]/Q
                         net (fo=1, routed)           0.163     1.843    print/cnt_reg_n_1_[0]
    SLICE_X2Y68          LUT1 (Prop_lut1_I0_O)        0.045     1.888 r  print/cnt[0]_i_5/O
                         net (fo=1, routed)           0.000     1.888    print/cnt[0]_i_5_n_1
    SLICE_X2Y68          CARRY4 (Prop_carry4_S[0]_O[0])
                                                      0.070     1.958 r  print/cnt_reg[0]_i_1/O[0]
                         net (fo=1, routed)           0.000     1.958    print/cnt_reg[0]_i_1_n_8
    SLICE_X2Y68          FDCE                                         r  print/cnt_reg[0]/D
  -------------------------------------------------------------------    -------------------

                         (clock clk_pin rise edge)    0.000     0.000 r  
    E3                                                0.000     0.000 r  clk_in (IN)
                         net (fo=0)                   0.000     0.000    clk_in
    E3                   IBUF (Prop_ibuf_I_O)         0.438     0.438 r  clk_in_IBUF_inst/O
                         net (fo=1, routed)           0.699     1.136    clk_in_IBUF
    BUFGCTRL_X0Y16       BUFG (Prop_bufg_I_O)         0.029     1.165 r  clk_in_IBUF_BUFG_inst/O
                         net (fo=86, routed)          0.868     2.033    print/clk_in_IBUF_BUFG
    SLICE_X2Y68          FDCE                                         r  print/cnt_reg[0]/C
                         clock pessimism             -0.516     1.516    
    SLICE_X2Y68          FDCE (Hold_fdce_C_D)         0.134     1.650    print/cnt_reg[0]
  -------------------------------------------------------------------
                         required time                         -1.650    
                         arrival time                           1.958    
  -------------------------------------------------------------------
                         slack                                  0.308    





Pulse Width Checks
--------------------------------------------------------------------------------------
Clock Name:         clk_pin
Waveform(ns):       { 0.000 50.000 }
Period(ns):         100.000
Sources:            { clk_in }

Check Type        Corner  Lib Pin  Reference Pin  Required(ns)  Actual(ns)  Slack(ns)  Location        Pin
Min Period        n/a     BUFG/I   n/a            2.155         100.000     97.845     BUFGCTRL_X0Y16  clk_in_IBUF_BUFG_inst/I
Min Period        n/a     FDCE/C   n/a            1.000         100.000     99.000     SLICE_X48Y95    divider_inst/clk_out_reg/C
Min Period        n/a     FDPE/C   n/a            1.000         100.000     99.000     SLICE_X29Y67    print/o_seg_r_reg[0]/C
Min Period        n/a     FDPE/C   n/a            1.000         100.000     99.000     SLICE_X29Y67    print/o_seg_r_reg[1]/C
Min Period        n/a     FDPE/C   n/a            1.000         100.000     99.000     SLICE_X30Y68    print/o_seg_r_reg[2]/C
Min Period        n/a     FDPE/C   n/a            1.000         100.000     99.000     SLICE_X30Y68    print/o_seg_r_reg[3]/C
Min Period        n/a     FDPE/C   n/a            1.000         100.000     99.000     SLICE_X28Y68    print/o_seg_r_reg[4]/C
Min Period        n/a     FDPE/C   n/a            1.000         100.000     99.000     SLICE_X29Y67    print/o_seg_r_reg[5]/C
Min Period        n/a     FDPE/C   n/a            1.000         100.000     99.000     SLICE_X28Y68    print/o_seg_r_reg[6]/C
Min Period        n/a     FDCE/C   n/a            1.000         100.000     99.000     SLICE_X48Y94    divider_inst/counter_reg[0]/C
Low Pulse Width   Fast    FDPE/C   n/a            0.500         50.000      49.500     SLICE_X29Y67    print/o_seg_r_reg[0]/C
Low Pulse Width   Fast    FDPE/C   n/a            0.500         50.000      49.500     SLICE_X29Y67    print/o_seg_r_reg[1]/C
Low Pulse Width   Fast    FDPE/C   n/a            0.500         50.000      49.500     SLICE_X29Y67    print/o_seg_r_reg[5]/C
Low Pulse Width   Fast    FDCE/C   n/a            0.500         50.000      49.500     SLICE_X48Y95    divider_inst/clk_out_reg/C
Low Pulse Width   Fast    FDCE/C   n/a            0.500         50.000      49.500     SLICE_X48Y94    divider_inst/counter_reg[0]/C
Low Pulse Width   Fast    FDCE/C   n/a            0.500         50.000      49.500     SLICE_X46Y94    divider_inst/counter_reg[10]/C
Low Pulse Width   Fast    FDCE/C   n/a            0.500         50.000      49.500     SLICE_X46Y94    divider_inst/counter_reg[11]/C
Low Pulse Width   Fast    FDCE/C   n/a            0.500         50.000      49.500     SLICE_X46Y94    divider_inst/counter_reg[12]/C
Low Pulse Width   Fast    FDCE/C   n/a            0.500         50.000      49.500     SLICE_X46Y94    divider_inst/counter_reg[13]/C
Low Pulse Width   Fast    FDCE/C   n/a            0.500         50.000      49.500     SLICE_X46Y95    divider_inst/counter_reg[14]/C
High Pulse Width  Slow    FDCE/C   n/a            0.500         50.000      49.500     SLICE_X2Y71     print/cnt_reg[12]/C
High Pulse Width  Slow    FDCE/C   n/a            0.500         50.000      49.500     SLICE_X2Y71     print/cnt_reg[13]/C
High Pulse Width  Slow    FDCE/C   n/a            0.500         50.000      49.500     SLICE_X2Y71     print/cnt_reg[14]/C
High Pulse Width  Slow    FDCE/C   n/a            0.500         50.000      49.500     SLICE_X38Y69    print/i_data_store_reg[0]/C
High Pulse Width  Slow    FDCE/C   n/a            0.500         50.000      49.500     SLICE_X38Y69    print/i_data_store_reg[1]/C
High Pulse Width  Slow    FDCE/C   n/a            0.500         50.000      49.500     SLICE_X48Y95    divider_inst/clk_out_reg/C
High Pulse Width  Slow    FDPE/C   n/a            0.500         50.000      49.500     SLICE_X29Y67    print/o_seg_r_reg[0]/C
High Pulse Width  Slow    FDPE/C   n/a            0.500         50.000      49.500     SLICE_X29Y67    print/o_seg_r_reg[1]/C
High Pulse Width  Slow    FDPE/C   n/a            0.500         50.000      49.500     SLICE_X30Y68    print/o_seg_r_reg[2]/C
High Pulse Width  Slow    FDPE/C   n/a            0.500         50.000      49.500     SLICE_X30Y68    print/o_seg_r_reg[3]/C



---------------------------------------------------------------------------------------------------
Path Group:  **async_default**
From Clock:  clk_pin
  To Clock:  clk_pin

Setup :            0  Failing Endpoints,  Worst Slack       95.128ns,  Total Violation        0.000ns
Hold  :            0  Failing Endpoints,  Worst Slack        0.734ns,  Total Violation        0.000ns
---------------------------------------------------------------------------------------------------


Max Delay Paths
--------------------------------------------------------------------------------------
Slack (MET) :             95.128ns  (required time - arrival time)
  Source:                 reset
                            (input port clocked by clk_pin  {rise@0.000ns fall@50.000ns period=100.000ns})
  Destination:            divider_inst/counter_reg[7]/CLR
                            (recovery check against rising-edge clock clk_pin  {rise@0.000ns fall@50.000ns period=100.000ns})
  Path Group:             **async_default**
  Path Type:              Recovery (Max at Slow Process Corner)
  Requirement:            100.000ns  (clk_pin rise@100.000ns - clk_pin rise@0.000ns)
  Data Path Delay:        8.367ns  (logic 1.477ns (17.648%)  route 6.890ns (82.352%))
  Logic Levels:           1  (IBUF=1)
  Input Delay:            1.000ns
  Clock Path Skew:        4.936ns (DCD - SCD + CPR)
    Destination Clock Delay (DCD):    4.936ns = ( 104.936 - 100.000 ) 
    Source Clock Delay      (SCD):    0.000ns
    Clock Pessimism Removal (CPR):    0.000ns
  Clock Uncertainty:      0.035ns  ((TSJ^2 + TIJ^2)^1/2 + DJ) / 2 + PE
    Total System Jitter     (TSJ):    0.071ns
    Total Input Jitter      (TIJ):    0.000ns
    Discrete Jitter          (DJ):    0.000ns
    Phase Error              (PE):    0.000ns

    Location             Delay type                Incr(ns)  Path(ns)    Netlist Resource(s)
  -------------------------------------------------------------------    -------------------
                         (clock clk_pin rise edge)    0.000     0.000 r  
                         input delay                  1.000     1.000    
    N17                                               0.000     1.000 f  reset (IN)
                         net (fo=0)                   0.000     1.000    reset
    N17                  IBUF (Prop_ibuf_I_O)         1.477     2.477 f  reset_IBUF_inst/O
                         net (fo=1145, routed)        6.890     9.367    divider_inst/reset_IBUF
    SLICE_X48Y93         FDCE                                         f  divider_inst/counter_reg[7]/CLR
  -------------------------------------------------------------------    -------------------

                         (clock clk_pin rise edge)  100.000   100.000 r  
    E3                                                0.000   100.000 r  clk_in (IN)
                         net (fo=0)                   0.000   100.000    clk_in
    E3                   IBUF (Prop_ibuf_I_O)         1.411   101.411 r  clk_in_IBUF_inst/O
                         net (fo=1, routed)           1.920   103.331    clk_in_IBUF
    BUFGCTRL_X0Y16       BUFG (Prop_bufg_I_O)         0.091   103.422 r  clk_in_IBUF_BUFG_inst/O
                         net (fo=86, routed)          1.513   104.936    divider_inst/clk_in_IBUF_BUFG
    SLICE_X48Y93         FDCE                                         r  divider_inst/counter_reg[7]/C
                         clock pessimism              0.000   104.936    
                         clock uncertainty           -0.035   104.900    
    SLICE_X48Y93         FDCE (Recov_fdce_C_CLR)     -0.405   104.495    divider_inst/counter_reg[7]
  -------------------------------------------------------------------
                         required time                        104.495    
                         arrival time                          -9.367    
  -------------------------------------------------------------------
                         slack                                 95.128    

Slack (MET) :             95.128ns  (required time - arrival time)
  Source:                 reset
                            (input port clocked by clk_pin  {rise@0.000ns fall@50.000ns period=100.000ns})
  Destination:            divider_inst/counter_reg[8]/CLR
                            (recovery check against rising-edge clock clk_pin  {rise@0.000ns fall@50.000ns period=100.000ns})
  Path Group:             **async_default**
  Path Type:              Recovery (Max at Slow Process Corner)
  Requirement:            100.000ns  (clk_pin rise@100.000ns - clk_pin rise@0.000ns)
  Data Path Delay:        8.367ns  (logic 1.477ns (17.648%)  route 6.890ns (82.352%))
  Logic Levels:           1  (IBUF=1)
  Input Delay:            1.000ns
  Clock Path Skew:        4.936ns (DCD - SCD + CPR)
    Destination Clock Delay (DCD):    4.936ns = ( 104.936 - 100.000 ) 
    Source Clock Delay      (SCD):    0.000ns
    Clock Pessimism Removal (CPR):    0.000ns
  Clock Uncertainty:      0.035ns  ((TSJ^2 + TIJ^2)^1/2 + DJ) / 2 + PE
    Total System Jitter     (TSJ):    0.071ns
    Total Input Jitter      (TIJ):    0.000ns
    Discrete Jitter          (DJ):    0.000ns
    Phase Error              (PE):    0.000ns

    Location             Delay type                Incr(ns)  Path(ns)    Netlist Resource(s)
  -------------------------------------------------------------------    -------------------
                         (clock clk_pin rise edge)    0.000     0.000 r  
                         input delay                  1.000     1.000    
    N17                                               0.000     1.000 f  reset (IN)
                         net (fo=0)                   0.000     1.000    reset
    N17                  IBUF (Prop_ibuf_I_O)         1.477     2.477 f  reset_IBUF_inst/O
                         net (fo=1145, routed)        6.890     9.367    divider_inst/reset_IBUF
    SLICE_X48Y93         FDCE                                         f  divider_inst/counter_reg[8]/CLR
  -------------------------------------------------------------------    -------------------

                         (clock clk_pin rise edge)  100.000   100.000 r  
    E3                                                0.000   100.000 r  clk_in (IN)
                         net (fo=0)                   0.000   100.000    clk_in
    E3                   IBUF (Prop_ibuf_I_O)         1.411   101.411 r  clk_in_IBUF_inst/O
                         net (fo=1, routed)           1.920   103.331    clk_in_IBUF
    BUFGCTRL_X0Y16       BUFG (Prop_bufg_I_O)         0.091   103.422 r  clk_in_IBUF_BUFG_inst/O
                         net (fo=86, routed)          1.513   104.936    divider_inst/clk_in_IBUF_BUFG
    SLICE_X48Y93         FDCE                                         r  divider_inst/counter_reg[8]/C
                         clock pessimism              0.000   104.936    
                         clock uncertainty           -0.035   104.900    
    SLICE_X48Y93         FDCE (Recov_fdce_C_CLR)     -0.405   104.495    divider_inst/counter_reg[8]
  -------------------------------------------------------------------
                         required time                        104.495    
                         arrival time                          -9.367    
  -------------------------------------------------------------------
                         slack                                 95.128    

Slack (MET) :             95.290ns  (required time - arrival time)
  Source:                 reset
                            (input port clocked by clk_pin  {rise@0.000ns fall@50.000ns period=100.000ns})
  Destination:            divider_inst/counter_reg[22]/CLR
                            (recovery check against rising-edge clock clk_pin  {rise@0.000ns fall@50.000ns period=100.000ns})
  Path Group:             **async_default**
  Path Type:              Recovery (Max at Slow Process Corner)
  Requirement:            100.000ns  (clk_pin rise@100.000ns - clk_pin rise@0.000ns)
  Data Path Delay:        8.207ns  (logic 1.477ns (17.992%)  route 6.730ns (82.008%))
  Logic Levels:           1  (IBUF=1)
  Input Delay:            1.000ns
  Clock Path Skew:        4.937ns (DCD - SCD + CPR)
    Destination Clock Delay (DCD):    4.937ns = ( 104.937 - 100.000 ) 
    Source Clock Delay      (SCD):    0.000ns
    Clock Pessimism Removal (CPR):    0.000ns
  Clock Uncertainty:      0.035ns  ((TSJ^2 + TIJ^2)^1/2 + DJ) / 2 + PE
    Total System Jitter     (TSJ):    0.071ns
    Total Input Jitter      (TIJ):    0.000ns
    Discrete Jitter          (DJ):    0.000ns
    Phase Error              (PE):    0.000ns

    Location             Delay type                Incr(ns)  Path(ns)    Netlist Resource(s)
  -------------------------------------------------------------------    -------------------
                         (clock clk_pin rise edge)    0.000     0.000 r  
                         input delay                  1.000     1.000    
    N17                                               0.000     1.000 f  reset (IN)
                         net (fo=0)                   0.000     1.000    reset
    N17                  IBUF (Prop_ibuf_I_O)         1.477     2.477 f  reset_IBUF_inst/O
                         net (fo=1145, routed)        6.730     9.207    divider_inst/reset_IBUF
    SLICE_X48Y97         FDCE                                         f  divider_inst/counter_reg[22]/CLR
  -------------------------------------------------------------------    -------------------

                         (clock clk_pin rise edge)  100.000   100.000 r  
    E3                                                0.000   100.000 r  clk_in (IN)
                         net (fo=0)                   0.000   100.000    clk_in
    E3                   IBUF (Prop_ibuf_I_O)         1.411   101.411 r  clk_in_IBUF_inst/O
                         net (fo=1, routed)           1.920   103.331    clk_in_IBUF
    BUFGCTRL_X0Y16       BUFG (Prop_bufg_I_O)         0.091   103.422 r  clk_in_IBUF_BUFG_inst/O
                         net (fo=86, routed)          1.514   104.937    divider_inst/clk_in_IBUF_BUFG
    SLICE_X48Y97         FDCE                                         r  divider_inst/counter_reg[22]/C
                         clock pessimism              0.000   104.937    
                         clock uncertainty           -0.035   104.901    
    SLICE_X48Y97         FDCE (Recov_fdce_C_CLR)     -0.405   104.496    divider_inst/counter_reg[22]
  -------------------------------------------------------------------
                         required time                        104.496    
                         arrival time                          -9.207    
  -------------------------------------------------------------------
                         slack                                 95.290    

Slack (MET) :             95.290ns  (required time - arrival time)
  Source:                 reset
                            (input port clocked by clk_pin  {rise@0.000ns fall@50.000ns period=100.000ns})
  Destination:            divider_inst/counter_reg[23]/CLR
                            (recovery check against rising-edge clock clk_pin  {rise@0.000ns fall@50.000ns period=100.000ns})
  Path Group:             **async_default**
  Path Type:              Recovery (Max at Slow Process Corner)
  Requirement:            100.000ns  (clk_pin rise@100.000ns - clk_pin rise@0.000ns)
  Data Path Delay:        8.207ns  (logic 1.477ns (17.992%)  route 6.730ns (82.008%))
  Logic Levels:           1  (IBUF=1)
  Input Delay:            1.000ns
  Clock Path Skew:        4.937ns (DCD - SCD + CPR)
    Destination Clock Delay (DCD):    4.937ns = ( 104.937 - 100.000 ) 
    Source Clock Delay      (SCD):    0.000ns
    Clock Pessimism Removal (CPR):    0.000ns
  Clock Uncertainty:      0.035ns  ((TSJ^2 + TIJ^2)^1/2 + DJ) / 2 + PE
    Total System Jitter     (TSJ):    0.071ns
    Total Input Jitter      (TIJ):    0.000ns
    Discrete Jitter          (DJ):    0.000ns
    Phase Error              (PE):    0.000ns

    Location             Delay type                Incr(ns)  Path(ns)    Netlist Resource(s)
  -------------------------------------------------------------------    -------------------
                         (clock clk_pin rise edge)    0.000     0.000 r  
                         input delay                  1.000     1.000    
    N17                                               0.000     1.000 f  reset (IN)
                         net (fo=0)                   0.000     1.000    reset
    N17                  IBUF (Prop_ibuf_I_O)         1.477     2.477 f  reset_IBUF_inst/O
                         net (fo=1145, routed)        6.730     9.207    divider_inst/reset_IBUF
    SLICE_X48Y97         FDCE                                         f  divider_inst/counter_reg[23]/CLR
  -------------------------------------------------------------------    -------------------

                         (clock clk_pin rise edge)  100.000   100.000 r  
    E3                                                0.000   100.000 r  clk_in (IN)
                         net (fo=0)                   0.000   100.000    clk_in
    E3                   IBUF (Prop_ibuf_I_O)         1.411   101.411 r  clk_in_IBUF_inst/O
                         net (fo=1, routed)           1.920   103.331    clk_in_IBUF
    BUFGCTRL_X0Y16       BUFG (Prop_bufg_I_O)         0.091   103.422 r  clk_in_IBUF_BUFG_inst/O
                         net (fo=86, routed)          1.514   104.937    divider_inst/clk_in_IBUF_BUFG
    SLICE_X48Y97         FDCE                                         r  divider_inst/counter_reg[23]/C
                         clock pessimism              0.000   104.937    
                         clock uncertainty           -0.035   104.901    
    SLICE_X48Y97         FDCE (Recov_fdce_C_CLR)     -0.405   104.496    divider_inst/counter_reg[23]
  -------------------------------------------------------------------
                         required time                        104.496    
                         arrival time                          -9.207    
  -------------------------------------------------------------------
                         slack                                 95.290    

Slack (MET) :             95.290ns  (required time - arrival time)
  Source:                 reset
                            (input port clocked by clk_pin  {rise@0.000ns fall@50.000ns period=100.000ns})
  Destination:            divider_inst/counter_reg[29]/CLR
                            (recovery check against rising-edge clock clk_pin  {rise@0.000ns fall@50.000ns period=100.000ns})
  Path Group:             **async_default**
  Path Type:              Recovery (Max at Slow Process Corner)
  Requirement:            100.000ns  (clk_pin rise@100.000ns - clk_pin rise@0.000ns)
  Data Path Delay:        8.207ns  (logic 1.477ns (17.992%)  route 6.730ns (82.008%))
  Logic Levels:           1  (IBUF=1)
  Input Delay:            1.000ns
  Clock Path Skew:        4.937ns (DCD - SCD + CPR)
    Destination Clock Delay (DCD):    4.937ns = ( 104.937 - 100.000 ) 
    Source Clock Delay      (SCD):    0.000ns
    Clock Pessimism Removal (CPR):    0.000ns
  Clock Uncertainty:      0.035ns  ((TSJ^2 + TIJ^2)^1/2 + DJ) / 2 + PE
    Total System Jitter     (TSJ):    0.071ns
    Total Input Jitter      (TIJ):    0.000ns
    Discrete Jitter          (DJ):    0.000ns
    Phase Error              (PE):    0.000ns

    Location             Delay type                Incr(ns)  Path(ns)    Netlist Resource(s)
  -------------------------------------------------------------------    -------------------
                         (clock clk_pin rise edge)    0.000     0.000 r  
                         input delay                  1.000     1.000    
    N17                                               0.000     1.000 f  reset (IN)
                         net (fo=0)                   0.000     1.000    reset
    N17                  IBUF (Prop_ibuf_I_O)         1.477     2.477 f  reset_IBUF_inst/O
                         net (fo=1145, routed)        6.730     9.207    divider_inst/reset_IBUF
    SLICE_X48Y97         FDCE                                         f  divider_inst/counter_reg[29]/CLR
  -------------------------------------------------------------------    -------------------

                         (clock clk_pin rise edge)  100.000   100.000 r  
    E3                                                0.000   100.000 r  clk_in (IN)
                         net (fo=0)                   0.000   100.000    clk_in
    E3                   IBUF (Prop_ibuf_I_O)         1.411   101.411 r  clk_in_IBUF_inst/O
                         net (fo=1, routed)           1.920   103.331    clk_in_IBUF
    BUFGCTRL_X0Y16       BUFG (Prop_bufg_I_O)         0.091   103.422 r  clk_in_IBUF_BUFG_inst/O
                         net (fo=86, routed)          1.514   104.937    divider_inst/clk_in_IBUF_BUFG
    SLICE_X48Y97         FDCE                                         r  divider_inst/counter_reg[29]/C
                         clock pessimism              0.000   104.937    
                         clock uncertainty           -0.035   104.901    
    SLICE_X48Y97         FDCE (Recov_fdce_C_CLR)     -0.405   104.496    divider_inst/counter_reg[29]
  -------------------------------------------------------------------
                         required time                        104.496    
                         arrival time                          -9.207    
  -------------------------------------------------------------------
                         slack                                 95.290    

Slack (MET) :             95.290ns  (required time - arrival time)
  Source:                 reset
                            (input port clocked by clk_pin  {rise@0.000ns fall@50.000ns period=100.000ns})
  Destination:            divider_inst/counter_reg[30]/CLR
                            (recovery check against rising-edge clock clk_pin  {rise@0.000ns fall@50.000ns period=100.000ns})
  Path Group:             **async_default**
  Path Type:              Recovery (Max at Slow Process Corner)
  Requirement:            100.000ns  (clk_pin rise@100.000ns - clk_pin rise@0.000ns)
  Data Path Delay:        8.207ns  (logic 1.477ns (17.992%)  route 6.730ns (82.008%))
  Logic Levels:           1  (IBUF=1)
  Input Delay:            1.000ns
  Clock Path Skew:        4.937ns (DCD - SCD + CPR)
    Destination Clock Delay (DCD):    4.937ns = ( 104.937 - 100.000 ) 
    Source Clock Delay      (SCD):    0.000ns
    Clock Pessimism Removal (CPR):    0.000ns
  Clock Uncertainty:      0.035ns  ((TSJ^2 + TIJ^2)^1/2 + DJ) / 2 + PE
    Total System Jitter     (TSJ):    0.071ns
    Total Input Jitter      (TIJ):    0.000ns
    Discrete Jitter          (DJ):    0.000ns
    Phase Error              (PE):    0.000ns

    Location             Delay type                Incr(ns)  Path(ns)    Netlist Resource(s)
  -------------------------------------------------------------------    -------------------
                         (clock clk_pin rise edge)    0.000     0.000 r  
                         input delay                  1.000     1.000    
    N17                                               0.000     1.000 f  reset (IN)
                         net (fo=0)                   0.000     1.000    reset
    N17                  IBUF (Prop_ibuf_I_O)         1.477     2.477 f  reset_IBUF_inst/O
                         net (fo=1145, routed)        6.730     9.207    divider_inst/reset_IBUF
    SLICE_X48Y97         FDCE                                         f  divider_inst/counter_reg[30]/CLR
  -------------------------------------------------------------------    -------------------

                         (clock clk_pin rise edge)  100.000   100.000 r  
    E3                                                0.000   100.000 r  clk_in (IN)
                         net (fo=0)                   0.000   100.000    clk_in
    E3                   IBUF (Prop_ibuf_I_O)         1.411   101.411 r  clk_in_IBUF_inst/O
                         net (fo=1, routed)           1.920   103.331    clk_in_IBUF
    BUFGCTRL_X0Y16       BUFG (Prop_bufg_I_O)         0.091   103.422 r  clk_in_IBUF_BUFG_inst/O
                         net (fo=86, routed)          1.514   104.937    divider_inst/clk_in_IBUF_BUFG
    SLICE_X48Y97         FDCE                                         r  divider_inst/counter_reg[30]/C
                         clock pessimism              0.000   104.937    
                         clock uncertainty           -0.035   104.901    
    SLICE_X48Y97         FDCE (Recov_fdce_C_CLR)     -0.405   104.496    divider_inst/counter_reg[30]
  -------------------------------------------------------------------
                         required time                        104.496    
                         arrival time                          -9.207    
  -------------------------------------------------------------------
                         slack                                 95.290    

Slack (MET) :             95.303ns  (required time - arrival time)
  Source:                 reset
                            (input port clocked by clk_pin  {rise@0.000ns fall@50.000ns period=100.000ns})
  Destination:            divider_inst/clk_out_reg/CLR
                            (recovery check against rising-edge clock clk_pin  {rise@0.000ns fall@50.000ns period=100.000ns})
  Path Group:             **async_default**
  Path Type:              Recovery (Max at Slow Process Corner)
  Requirement:            100.000ns  (clk_pin rise@100.000ns - clk_pin rise@0.000ns)
  Data Path Delay:        8.192ns  (logic 1.477ns (18.025%)  route 6.715ns (81.975%))
  Logic Levels:           1  (IBUF=1)
  Input Delay:            1.000ns
  Clock Path Skew:        4.936ns (DCD - SCD + CPR)
    Destination Clock Delay (DCD):    4.936ns = ( 104.936 - 100.000 ) 
    Source Clock Delay      (SCD):    0.000ns
    Clock Pessimism Removal (CPR):    0.000ns
  Clock Uncertainty:      0.035ns  ((TSJ^2 + TIJ^2)^1/2 + DJ) / 2 + PE
    Total System Jitter     (TSJ):    0.071ns
    Total Input Jitter      (TIJ):    0.000ns
    Discrete Jitter          (DJ):    0.000ns
    Phase Error              (PE):    0.000ns

    Location             Delay type                Incr(ns)  Path(ns)    Netlist Resource(s)
  -------------------------------------------------------------------    -------------------
                         (clock clk_pin rise edge)    0.000     0.000 r  
                         input delay                  1.000     1.000    
    N17                                               0.000     1.000 f  reset (IN)
                         net (fo=0)                   0.000     1.000    reset
    N17                  IBUF (Prop_ibuf_I_O)         1.477     2.477 f  reset_IBUF_inst/O
                         net (fo=1145, routed)        6.715     9.192    divider_inst/reset_IBUF
    SLICE_X48Y95         FDCE                                         f  divider_inst/clk_out_reg/CLR
  -------------------------------------------------------------------    -------------------

                         (clock clk_pin rise edge)  100.000   100.000 r  
    E3                                                0.000   100.000 r  clk_in (IN)
                         net (fo=0)                   0.000   100.000    clk_in
    E3                   IBUF (Prop_ibuf_I_O)         1.411   101.411 r  clk_in_IBUF_inst/O
                         net (fo=1, routed)           1.920   103.331    clk_in_IBUF
    BUFGCTRL_X0Y16       BUFG (Prop_bufg_I_O)         0.091   103.422 r  clk_in_IBUF_BUFG_inst/O
                         net (fo=86, routed)          1.513   104.936    divider_inst/clk_in_IBUF_BUFG
    SLICE_X48Y95         FDCE                                         r  divider_inst/clk_out_reg/C
                         clock pessimism              0.000   104.936    
                         clock uncertainty           -0.035   104.900    
    SLICE_X48Y95         FDCE (Recov_fdce_C_CLR)     -0.405   104.495    divider_inst/clk_out_reg
  -------------------------------------------------------------------
                         required time                        104.495    
                         arrival time                          -9.192    
  -------------------------------------------------------------------
                         slack                                 95.303    

Slack (MET) :             95.303ns  (required time - arrival time)
  Source:                 reset
                            (input port clocked by clk_pin  {rise@0.000ns fall@50.000ns period=100.000ns})
  Destination:            divider_inst/counter_reg[1]/CLR
                            (recovery check against rising-edge clock clk_pin  {rise@0.000ns fall@50.000ns period=100.000ns})
  Path Group:             **async_default**
  Path Type:              Recovery (Max at Slow Process Corner)
  Requirement:            100.000ns  (clk_pin rise@100.000ns - clk_pin rise@0.000ns)
  Data Path Delay:        8.192ns  (logic 1.477ns (18.025%)  route 6.715ns (81.975%))
  Logic Levels:           1  (IBUF=1)
  Input Delay:            1.000ns
  Clock Path Skew:        4.936ns (DCD - SCD + CPR)
    Destination Clock Delay (DCD):    4.936ns = ( 104.936 - 100.000 ) 
    Source Clock Delay      (SCD):    0.000ns
    Clock Pessimism Removal (CPR):    0.000ns
  Clock Uncertainty:      0.035ns  ((TSJ^2 + TIJ^2)^1/2 + DJ) / 2 + PE
    Total System Jitter     (TSJ):    0.071ns
    Total Input Jitter      (TIJ):    0.000ns
    Discrete Jitter          (DJ):    0.000ns
    Phase Error              (PE):    0.000ns

    Location             Delay type                Incr(ns)  Path(ns)    Netlist Resource(s)
  -------------------------------------------------------------------    -------------------
                         (clock clk_pin rise edge)    0.000     0.000 r  
                         input delay                  1.000     1.000    
    N17                                               0.000     1.000 f  reset (IN)
                         net (fo=0)                   0.000     1.000    reset
    N17                  IBUF (Prop_ibuf_I_O)         1.477     2.477 f  reset_IBUF_inst/O
                         net (fo=1145, routed)        6.715     9.192    divider_inst/reset_IBUF
    SLICE_X48Y95         FDCE                                         f  divider_inst/counter_reg[1]/CLR
  -------------------------------------------------------------------    -------------------

                         (clock clk_pin rise edge)  100.000   100.000 r  
    E3                                                0.000   100.000 r  clk_in (IN)
                         net (fo=0)                   0.000   100.000    clk_in
    E3                   IBUF (Prop_ibuf_I_O)         1.411   101.411 r  clk_in_IBUF_inst/O
                         net (fo=1, routed)           1.920   103.331    clk_in_IBUF
    BUFGCTRL_X0Y16       BUFG (Prop_bufg_I_O)         0.091   103.422 r  clk_in_IBUF_BUFG_inst/O
                         net (fo=86, routed)          1.513   104.936    divider_inst/clk_in_IBUF_BUFG
    SLICE_X48Y95         FDCE                                         r  divider_inst/counter_reg[1]/C
                         clock pessimism              0.000   104.936    
                         clock uncertainty           -0.035   104.900    
    SLICE_X48Y95         FDCE (Recov_fdce_C_CLR)     -0.405   104.495    divider_inst/counter_reg[1]
  -------------------------------------------------------------------
                         required time                        104.495    
                         arrival time                          -9.192    
  -------------------------------------------------------------------
                         slack                                 95.303    

Slack (MET) :             95.442ns  (required time - arrival time)
  Source:                 reset
                            (input port clocked by clk_pin  {rise@0.000ns fall@50.000ns period=100.000ns})
  Destination:            divider_inst/counter_reg[0]/CLR
                            (recovery check against rising-edge clock clk_pin  {rise@0.000ns fall@50.000ns period=100.000ns})
  Path Group:             **async_default**
  Path Type:              Recovery (Max at Slow Process Corner)
  Requirement:            100.000ns  (clk_pin rise@100.000ns - clk_pin rise@0.000ns)
  Data Path Delay:        8.053ns  (logic 1.477ns (18.335%)  route 6.577ns (81.665%))
  Logic Levels:           1  (IBUF=1)
  Input Delay:            1.000ns
  Clock Path Skew:        4.936ns (DCD - SCD + CPR)
    Destination Clock Delay (DCD):    4.936ns = ( 104.936 - 100.000 ) 
    Source Clock Delay      (SCD):    0.000ns
    Clock Pessimism Removal (CPR):    0.000ns
  Clock Uncertainty:      0.035ns  ((TSJ^2 + TIJ^2)^1/2 + DJ) / 2 + PE
    Total System Jitter     (TSJ):    0.071ns
    Total Input Jitter      (TIJ):    0.000ns
    Discrete Jitter          (DJ):    0.000ns
    Phase Error              (PE):    0.000ns

    Location             Delay type                Incr(ns)  Path(ns)    Netlist Resource(s)
  -------------------------------------------------------------------    -------------------
                         (clock clk_pin rise edge)    0.000     0.000 r  
                         input delay                  1.000     1.000    
    N17                                               0.000     1.000 f  reset (IN)
                         net (fo=0)                   0.000     1.000    reset
    N17                  IBUF (Prop_ibuf_I_O)         1.477     2.477 f  reset_IBUF_inst/O
                         net (fo=1145, routed)        6.577     9.053    divider_inst/reset_IBUF
    SLICE_X48Y94         FDCE                                         f  divider_inst/counter_reg[0]/CLR
  -------------------------------------------------------------------    -------------------

                         (clock clk_pin rise edge)  100.000   100.000 r  
    E3                                                0.000   100.000 r  clk_in (IN)
                         net (fo=0)                   0.000   100.000    clk_in
    E3                   IBUF (Prop_ibuf_I_O)         1.411   101.411 r  clk_in_IBUF_inst/O
                         net (fo=1, routed)           1.920   103.331    clk_in_IBUF
    BUFGCTRL_X0Y16       BUFG (Prop_bufg_I_O)         0.091   103.422 r  clk_in_IBUF_BUFG_inst/O
                         net (fo=86, routed)          1.513   104.936    divider_inst/clk_in_IBUF_BUFG
    SLICE_X48Y94         FDCE                                         r  divider_inst/counter_reg[0]/C
                         clock pessimism              0.000   104.936    
                         clock uncertainty           -0.035   104.900    
    SLICE_X48Y94         FDCE (Recov_fdce_C_CLR)     -0.405   104.495    divider_inst/counter_reg[0]
  -------------------------------------------------------------------
                         required time                        104.495    
                         arrival time                          -9.053    
  -------------------------------------------------------------------
                         slack                                 95.442    

Slack (MET) :             95.497ns  (required time - arrival time)
  Source:                 reset
                            (input port clocked by clk_pin  {rise@0.000ns fall@50.000ns period=100.000ns})
  Destination:            divider_inst/counter_reg[3]/CLR
                            (recovery check against rising-edge clock clk_pin  {rise@0.000ns fall@50.000ns period=100.000ns})
  Path Group:             **async_default**
  Path Type:              Recovery (Max at Slow Process Corner)
  Requirement:            100.000ns  (clk_pin rise@100.000ns - clk_pin rise@0.000ns)
  Data Path Delay:        8.042ns  (logic 1.477ns (18.361%)  route 6.566ns (81.639%))
  Logic Levels:           1  (IBUF=1)
  Input Delay:            1.000ns
  Clock Path Skew:        4.936ns (DCD - SCD + CPR)
    Destination Clock Delay (DCD):    4.936ns = ( 104.936 - 100.000 ) 
    Source Clock Delay      (SCD):    0.000ns
    Clock Pessimism Removal (CPR):    0.000ns
  Clock Uncertainty:      0.035ns  ((TSJ^2 + TIJ^2)^1/2 + DJ) / 2 + PE
    Total System Jitter     (TSJ):    0.071ns
    Total Input Jitter      (TIJ):    0.000ns
    Discrete Jitter          (DJ):    0.000ns
    Phase Error              (PE):    0.000ns

    Location             Delay type                Incr(ns)  Path(ns)    Netlist Resource(s)
  -------------------------------------------------------------------    -------------------
                         (clock clk_pin rise edge)    0.000     0.000 r  
                         input delay                  1.000     1.000    
    N17                                               0.000     1.000 f  reset (IN)
                         net (fo=0)                   0.000     1.000    reset
    N17                  IBUF (Prop_ibuf_I_O)         1.477     2.477 f  reset_IBUF_inst/O
                         net (fo=1145, routed)        6.566     9.042    divider_inst/reset_IBUF
    SLICE_X46Y93         FDCE                                         f  divider_inst/counter_reg[3]/CLR
  -------------------------------------------------------------------    -------------------

                         (clock clk_pin rise edge)  100.000   100.000 r  
    E3                                                0.000   100.000 r  clk_in (IN)
                         net (fo=0)                   0.000   100.000    clk_in
    E3                   IBUF (Prop_ibuf_I_O)         1.411   101.411 r  clk_in_IBUF_inst/O
                         net (fo=1, routed)           1.920   103.331    clk_in_IBUF
    BUFGCTRL_X0Y16       BUFG (Prop_bufg_I_O)         0.091   103.422 r  clk_in_IBUF_BUFG_inst/O
                         net (fo=86, routed)          1.513   104.936    divider_inst/clk_in_IBUF_BUFG
    SLICE_X46Y93         FDCE                                         r  divider_inst/counter_reg[3]/C
                         clock pessimism              0.000   104.936    
                         clock uncertainty           -0.035   104.900    
    SLICE_X46Y93         FDCE (Recov_fdce_C_CLR)     -0.361   104.539    divider_inst/counter_reg[3]
  -------------------------------------------------------------------
                         required time                        104.539    
                         arrival time                          -9.042    
  -------------------------------------------------------------------
                         slack                                 95.497    





Min Delay Paths
--------------------------------------------------------------------------------------
Slack (MET) :             0.734ns  (arrival time - required time)
  Source:                 reset
                            (input port clocked by clk_pin  {rise@0.000ns fall@50.000ns period=100.000ns})
  Destination:            print/i_data_store_reg[12]/CLR
                            (removal check against rising-edge clock clk_pin  {rise@0.000ns fall@50.000ns period=100.000ns})
  Path Group:             **async_default**
  Path Type:              Removal (Min at Slow Process Corner)
  Requirement:            0.000ns  (clk_pin rise@0.000ns - clk_pin rise@0.000ns)
  Data Path Delay:        4.758ns  (logic 1.406ns (29.553%)  route 3.352ns (70.447%))
  Logic Levels:           1  (IBUF=1)
  Input Delay:            1.000ns
  Clock Path Skew:        5.232ns (DCD - SCD - CPR)
    Destination Clock Delay (DCD):    5.232ns
    Source Clock Delay      (SCD):    0.000ns
    Clock Pessimism Removal (CPR):    -0.000ns

    Location             Delay type                Incr(ns)  Path(ns)    Netlist Resource(s)
  -------------------------------------------------------------------    -------------------
                         (clock clk_pin rise edge)    0.000     0.000 r  
                         input delay                  1.000     1.000    
    N17                                               0.000     1.000 f  reset (IN)
                         net (fo=0)                   0.000     1.000    reset
    N17                  IBUF (Prop_ibuf_I_O)         1.406     2.406 f  reset_IBUF_inst/O
                         net (fo=1145, routed)        3.352     5.758    print/reset_IBUF
    SLICE_X31Y69         FDCE                                         f  print/i_data_store_reg[12]/CLR
  -------------------------------------------------------------------    -------------------

                         (clock clk_pin rise edge)    0.000     0.000 r  
    E3                                                0.000     0.000 r  clk_in (IN)
                         net (fo=0)                   0.000     0.000    clk_in
    E3                   IBUF (Prop_ibuf_I_O)         1.482     1.482 r  clk_in_IBUF_inst/O
                         net (fo=1, routed)           2.025     3.506    clk_in_IBUF
    BUFGCTRL_X0Y16       BUFG (Prop_bufg_I_O)         0.096     3.602 r  clk_in_IBUF_BUFG_inst/O
                         net (fo=86, routed)          1.629     5.232    print/clk_in_IBUF_BUFG
    SLICE_X31Y69         FDCE                                         r  print/i_data_store_reg[12]/C
                         clock pessimism              0.000     5.232    
    SLICE_X31Y69         FDCE (Remov_fdce_C_CLR)     -0.208     5.024    print/i_data_store_reg[12]
  -------------------------------------------------------------------
                         required time                         -5.024    
                         arrival time                           5.758    
  -------------------------------------------------------------------
                         slack                                  0.734    

Slack (MET) :             0.734ns  (arrival time - required time)
  Source:                 reset
                            (input port clocked by clk_pin  {rise@0.000ns fall@50.000ns period=100.000ns})
  Destination:            print/i_data_store_reg[13]/CLR
                            (removal check against rising-edge clock clk_pin  {rise@0.000ns fall@50.000ns period=100.000ns})
  Path Group:             **async_default**
  Path Type:              Removal (Min at Slow Process Corner)
  Requirement:            0.000ns  (clk_pin rise@0.000ns - clk_pin rise@0.000ns)
  Data Path Delay:        4.758ns  (logic 1.406ns (29.553%)  route 3.352ns (70.447%))
  Logic Levels:           1  (IBUF=1)
  Input Delay:            1.000ns
  Clock Path Skew:        5.232ns (DCD - SCD - CPR)
    Destination Clock Delay (DCD):    5.232ns
    Source Clock Delay      (SCD):    0.000ns
    Clock Pessimism Removal (CPR):    -0.000ns

    Location             Delay type                Incr(ns)  Path(ns)    Netlist Resource(s)
  -------------------------------------------------------------------    -------------------
                         (clock clk_pin rise edge)    0.000     0.000 r  
                         input delay                  1.000     1.000    
    N17                                               0.000     1.000 f  reset (IN)
                         net (fo=0)                   0.000     1.000    reset
    N17                  IBUF (Prop_ibuf_I_O)         1.406     2.406 f  reset_IBUF_inst/O
                         net (fo=1145, routed)        3.352     5.758    print/reset_IBUF
    SLICE_X31Y69         FDCE                                         f  print/i_data_store_reg[13]/CLR
  -------------------------------------------------------------------    -------------------

                         (clock clk_pin rise edge)    0.000     0.000 r  
    E3                                                0.000     0.000 r  clk_in (IN)
                         net (fo=0)                   0.000     0.000    clk_in
    E3                   IBUF (Prop_ibuf_I_O)         1.482     1.482 r  clk_in_IBUF_inst/O
                         net (fo=1, routed)           2.025     3.506    clk_in_IBUF
    BUFGCTRL_X0Y16       BUFG (Prop_bufg_I_O)         0.096     3.602 r  clk_in_IBUF_BUFG_inst/O
                         net (fo=86, routed)          1.629     5.232    print/clk_in_IBUF_BUFG
    SLICE_X31Y69         FDCE                                         r  print/i_data_store_reg[13]/C
                         clock pessimism              0.000     5.232    
    SLICE_X31Y69         FDCE (Remov_fdce_C_CLR)     -0.208     5.024    print/i_data_store_reg[13]
  -------------------------------------------------------------------
                         required time                         -5.024    
                         arrival time                           5.758    
  -------------------------------------------------------------------
                         slack                                  0.734    

Slack (MET) :             0.734ns  (arrival time - required time)
  Source:                 reset
                            (input port clocked by clk_pin  {rise@0.000ns fall@50.000ns period=100.000ns})
  Destination:            print/i_data_store_reg[14]/CLR
                            (removal check against rising-edge clock clk_pin  {rise@0.000ns fall@50.000ns period=100.000ns})
  Path Group:             **async_default**
  Path Type:              Removal (Min at Slow Process Corner)
  Requirement:            0.000ns  (clk_pin rise@0.000ns - clk_pin rise@0.000ns)
  Data Path Delay:        4.758ns  (logic 1.406ns (29.553%)  route 3.352ns (70.447%))
  Logic Levels:           1  (IBUF=1)
  Input Delay:            1.000ns
  Clock Path Skew:        5.232ns (DCD - SCD - CPR)
    Destination Clock Delay (DCD):    5.232ns
    Source Clock Delay      (SCD):    0.000ns
    Clock Pessimism Removal (CPR):    -0.000ns

    Location             Delay type                Incr(ns)  Path(ns)    Netlist Resource(s)
  -------------------------------------------------------------------    -------------------
                         (clock clk_pin rise edge)    0.000     0.000 r  
                         input delay                  1.000     1.000    
    N17                                               0.000     1.000 f  reset (IN)
                         net (fo=0)                   0.000     1.000    reset
    N17                  IBUF (Prop_ibuf_I_O)         1.406     2.406 f  reset_IBUF_inst/O
                         net (fo=1145, routed)        3.352     5.758    print/reset_IBUF
    SLICE_X31Y69         FDCE                                         f  print/i_data_store_reg[14]/CLR
  -------------------------------------------------------------------    -------------------

                         (clock clk_pin rise edge)    0.000     0.000 r  
    E3                                                0.000     0.000 r  clk_in (IN)
                         net (fo=0)                   0.000     0.000    clk_in
    E3                   IBUF (Prop_ibuf_I_O)         1.482     1.482 r  clk_in_IBUF_inst/O
                         net (fo=1, routed)           2.025     3.506    clk_in_IBUF
    BUFGCTRL_X0Y16       BUFG (Prop_bufg_I_O)         0.096     3.602 r  clk_in_IBUF_BUFG_inst/O
                         net (fo=86, routed)          1.629     5.232    print/clk_in_IBUF_BUFG
    SLICE_X31Y69         FDCE                                         r  print/i_data_store_reg[14]/C
                         clock pessimism              0.000     5.232    
    SLICE_X31Y69         FDCE (Remov_fdce_C_CLR)     -0.208     5.024    print/i_data_store_reg[14]
  -------------------------------------------------------------------
                         required time                         -5.024    
                         arrival time                           5.758    
  -------------------------------------------------------------------
                         slack                                  0.734    

Slack (MET) :             0.734ns  (arrival time - required time)
  Source:                 reset
                            (input port clocked by clk_pin  {rise@0.000ns fall@50.000ns period=100.000ns})
  Destination:            print/i_data_store_reg[15]/CLR
                            (removal check against rising-edge clock clk_pin  {rise@0.000ns fall@50.000ns period=100.000ns})
  Path Group:             **async_default**
  Path Type:              Removal (Min at Slow Process Corner)
  Requirement:            0.000ns  (clk_pin rise@0.000ns - clk_pin rise@0.000ns)
  Data Path Delay:        4.758ns  (logic 1.406ns (29.553%)  route 3.352ns (70.447%))
  Logic Levels:           1  (IBUF=1)
  Input Delay:            1.000ns
  Clock Path Skew:        5.232ns (DCD - SCD - CPR)
    Destination Clock Delay (DCD):    5.232ns
    Source Clock Delay      (SCD):    0.000ns
    Clock Pessimism Removal (CPR):    -0.000ns

    Location             Delay type                Incr(ns)  Path(ns)    Netlist Resource(s)
  -------------------------------------------------------------------    -------------------
                         (clock clk_pin rise edge)    0.000     0.000 r  
                         input delay                  1.000     1.000    
    N17                                               0.000     1.000 f  reset (IN)
                         net (fo=0)                   0.000     1.000    reset
    N17                  IBUF (Prop_ibuf_I_O)         1.406     2.406 f  reset_IBUF_inst/O
                         net (fo=1145, routed)        3.352     5.758    print/reset_IBUF
    SLICE_X31Y69         FDCE                                         f  print/i_data_store_reg[15]/CLR
  -------------------------------------------------------------------    -------------------

                         (clock clk_pin rise edge)    0.000     0.000 r  
    E3                                                0.000     0.000 r  clk_in (IN)
                         net (fo=0)                   0.000     0.000    clk_in
    E3                   IBUF (Prop_ibuf_I_O)         1.482     1.482 r  clk_in_IBUF_inst/O
                         net (fo=1, routed)           2.025     3.506    clk_in_IBUF
    BUFGCTRL_X0Y16       BUFG (Prop_bufg_I_O)         0.096     3.602 r  clk_in_IBUF_BUFG_inst/O
                         net (fo=86, routed)          1.629     5.232    print/clk_in_IBUF_BUFG
    SLICE_X31Y69         FDCE                                         r  print/i_data_store_reg[15]/C
                         clock pessimism              0.000     5.232    
    SLICE_X31Y69         FDCE (Remov_fdce_C_CLR)     -0.208     5.024    print/i_data_store_reg[15]
  -------------------------------------------------------------------
                         required time                         -5.024    
                         arrival time                           5.758    
  -------------------------------------------------------------------
                         slack                                  0.734    

Slack (MET) :             0.734ns  (arrival time - required time)
  Source:                 reset
                            (input port clocked by clk_pin  {rise@0.000ns fall@50.000ns period=100.000ns})
  Destination:            print/i_data_store_reg[29]/CLR
                            (removal check against rising-edge clock clk_pin  {rise@0.000ns fall@50.000ns period=100.000ns})
  Path Group:             **async_default**
  Path Type:              Removal (Min at Slow Process Corner)
  Requirement:            0.000ns  (clk_pin rise@0.000ns - clk_pin rise@0.000ns)
  Data Path Delay:        4.758ns  (logic 1.406ns (29.553%)  route 3.352ns (70.447%))
  Logic Levels:           1  (IBUF=1)
  Input Delay:            1.000ns
  Clock Path Skew:        5.232ns (DCD - SCD - CPR)
    Destination Clock Delay (DCD):    5.232ns
    Source Clock Delay      (SCD):    0.000ns
    Clock Pessimism Removal (CPR):    -0.000ns

    Location             Delay type                Incr(ns)  Path(ns)    Netlist Resource(s)
  -------------------------------------------------------------------    -------------------
                         (clock clk_pin rise edge)    0.000     0.000 r  
                         input delay                  1.000     1.000    
    N17                                               0.000     1.000 f  reset (IN)
                         net (fo=0)                   0.000     1.000    reset
    N17                  IBUF (Prop_ibuf_I_O)         1.406     2.406 f  reset_IBUF_inst/O
                         net (fo=1145, routed)        3.352     5.758    print/reset_IBUF
    SLICE_X31Y69         FDCE                                         f  print/i_data_store_reg[29]/CLR
  -------------------------------------------------------------------    -------------------

                         (clock clk_pin rise edge)    0.000     0.000 r  
    E3                                                0.000     0.000 r  clk_in (IN)
                         net (fo=0)                   0.000     0.000    clk_in
    E3                   IBUF (Prop_ibuf_I_O)         1.482     1.482 r  clk_in_IBUF_inst/O
                         net (fo=1, routed)           2.025     3.506    clk_in_IBUF
    BUFGCTRL_X0Y16       BUFG (Prop_bufg_I_O)         0.096     3.602 r  clk_in_IBUF_BUFG_inst/O
                         net (fo=86, routed)          1.629     5.232    print/clk_in_IBUF_BUFG
    SLICE_X31Y69         FDCE                                         r  print/i_data_store_reg[29]/C
                         clock pessimism              0.000     5.232    
    SLICE_X31Y69         FDCE (Remov_fdce_C_CLR)     -0.208     5.024    print/i_data_store_reg[29]
  -------------------------------------------------------------------
                         required time                         -5.024    
                         arrival time                           5.758    
  -------------------------------------------------------------------
                         slack                                  0.734    

Slack (MET) :             0.942ns  (arrival time - required time)
  Source:                 reset
                            (input port clocked by clk_pin  {rise@0.000ns fall@50.000ns period=100.000ns})
  Destination:            print/i_data_store_reg[20]/CLR
                            (removal check against rising-edge clock clk_pin  {rise@0.000ns fall@50.000ns period=100.000ns})
  Path Group:             **async_default**
  Path Type:              Removal (Min at Slow Process Corner)
  Requirement:            0.000ns  (clk_pin rise@0.000ns - clk_pin rise@0.000ns)
  Data Path Delay:        5.022ns  (logic 1.406ns (27.998%)  route 3.616ns (72.002%))
  Logic Levels:           1  (IBUF=1)
  Input Delay:            1.000ns
  Clock Path Skew:        5.235ns (DCD - SCD - CPR)
    Destination Clock Delay (DCD):    5.235ns
    Source Clock Delay      (SCD):    0.000ns
    Clock Pessimism Removal (CPR):    -0.000ns

    Location             Delay type                Incr(ns)  Path(ns)    Netlist Resource(s)
  -------------------------------------------------------------------    -------------------
                         (clock clk_pin rise edge)    0.000     0.000 r  
                         input delay                  1.000     1.000    
    N17                                               0.000     1.000 f  reset (IN)
                         net (fo=0)                   0.000     1.000    reset
    N17                  IBUF (Prop_ibuf_I_O)         1.406     2.406 f  reset_IBUF_inst/O
                         net (fo=1145, routed)        3.616     6.022    print/reset_IBUF
    SLICE_X30Y67         FDCE                                         f  print/i_data_store_reg[20]/CLR
  -------------------------------------------------------------------    -------------------

                         (clock clk_pin rise edge)    0.000     0.000 r  
    E3                                                0.000     0.000 r  clk_in (IN)
                         net (fo=0)                   0.000     0.000    clk_in
    E3                   IBUF (Prop_ibuf_I_O)         1.482     1.482 r  clk_in_IBUF_inst/O
                         net (fo=1, routed)           2.025     3.506    clk_in_IBUF
    BUFGCTRL_X0Y16       BUFG (Prop_bufg_I_O)         0.096     3.602 r  clk_in_IBUF_BUFG_inst/O
                         net (fo=86, routed)          1.632     5.235    print/clk_in_IBUF_BUFG
    SLICE_X30Y67         FDCE                                         r  print/i_data_store_reg[20]/C
                         clock pessimism              0.000     5.235    
    SLICE_X30Y67         FDCE (Remov_fdce_C_CLR)     -0.155     5.080    print/i_data_store_reg[20]
  -------------------------------------------------------------------
                         required time                         -5.080    
                         arrival time                           6.022    
  -------------------------------------------------------------------
                         slack                                  0.942    

Slack (MET) :             0.942ns  (arrival time - required time)
  Source:                 reset
                            (input port clocked by clk_pin  {rise@0.000ns fall@50.000ns period=100.000ns})
  Destination:            print/i_data_store_reg[21]/CLR
                            (removal check against rising-edge clock clk_pin  {rise@0.000ns fall@50.000ns period=100.000ns})
  Path Group:             **async_default**
  Path Type:              Removal (Min at Slow Process Corner)
  Requirement:            0.000ns  (clk_pin rise@0.000ns - clk_pin rise@0.000ns)
  Data Path Delay:        5.022ns  (logic 1.406ns (27.998%)  route 3.616ns (72.002%))
  Logic Levels:           1  (IBUF=1)
  Input Delay:            1.000ns
  Clock Path Skew:        5.235ns (DCD - SCD - CPR)
    Destination Clock Delay (DCD):    5.235ns
    Source Clock Delay      (SCD):    0.000ns
    Clock Pessimism Removal (CPR):    -0.000ns

    Location             Delay type                Incr(ns)  Path(ns)    Netlist Resource(s)
  -------------------------------------------------------------------    -------------------
                         (clock clk_pin rise edge)    0.000     0.000 r  
                         input delay                  1.000     1.000    
    N17                                               0.000     1.000 f  reset (IN)
                         net (fo=0)                   0.000     1.000    reset
    N17                  IBUF (Prop_ibuf_I_O)         1.406     2.406 f  reset_IBUF_inst/O
                         net (fo=1145, routed)        3.616     6.022    print/reset_IBUF
    SLICE_X30Y67         FDCE                                         f  print/i_data_store_reg[21]/CLR
  -------------------------------------------------------------------    -------------------

                         (clock clk_pin rise edge)    0.000     0.000 r  
    E3                                                0.000     0.000 r  clk_in (IN)
                         net (fo=0)                   0.000     0.000    clk_in
    E3                   IBUF (Prop_ibuf_I_O)         1.482     1.482 r  clk_in_IBUF_inst/O
                         net (fo=1, routed)           2.025     3.506    clk_in_IBUF
    BUFGCTRL_X0Y16       BUFG (Prop_bufg_I_O)         0.096     3.602 r  clk_in_IBUF_BUFG_inst/O
                         net (fo=86, routed)          1.632     5.235    print/clk_in_IBUF_BUFG
    SLICE_X30Y67         FDCE                                         r  print/i_data_store_reg[21]/C
                         clock pessimism              0.000     5.235    
    SLICE_X30Y67         FDCE (Remov_fdce_C_CLR)     -0.155     5.080    print/i_data_store_reg[21]
  -------------------------------------------------------------------
                         required time                         -5.080    
                         arrival time                           6.022    
  -------------------------------------------------------------------
                         slack                                  0.942    

Slack (MET) :             0.942ns  (arrival time - required time)
  Source:                 reset
                            (input port clocked by clk_pin  {rise@0.000ns fall@50.000ns period=100.000ns})
  Destination:            print/i_data_store_reg[22]/CLR
                            (removal check against rising-edge clock clk_pin  {rise@0.000ns fall@50.000ns period=100.000ns})
  Path Group:             **async_default**
  Path Type:              Removal (Min at Slow Process Corner)
  Requirement:            0.000ns  (clk_pin rise@0.000ns - clk_pin rise@0.000ns)
  Data Path Delay:        5.022ns  (logic 1.406ns (27.998%)  route 3.616ns (72.002%))
  Logic Levels:           1  (IBUF=1)
  Input Delay:            1.000ns
  Clock Path Skew:        5.235ns (DCD - SCD - CPR)
    Destination Clock Delay (DCD):    5.235ns
    Source Clock Delay      (SCD):    0.000ns
    Clock Pessimism Removal (CPR):    -0.000ns

    Location             Delay type                Incr(ns)  Path(ns)    Netlist Resource(s)
  -------------------------------------------------------------------    -------------------
                         (clock clk_pin rise edge)    0.000     0.000 r  
                         input delay                  1.000     1.000    
    N17                                               0.000     1.000 f  reset (IN)
                         net (fo=0)                   0.000     1.000    reset
    N17                  IBUF (Prop_ibuf_I_O)         1.406     2.406 f  reset_IBUF_inst/O
                         net (fo=1145, routed)        3.616     6.022    print/reset_IBUF
    SLICE_X30Y67         FDCE                                         f  print/i_data_store_reg[22]/CLR
  -------------------------------------------------------------------    -------------------

                         (clock clk_pin rise edge)    0.000     0.000 r  
    E3                                                0.000     0.000 r  clk_in (IN)
                         net (fo=0)                   0.000     0.000    clk_in
    E3                   IBUF (Prop_ibuf_I_O)         1.482     1.482 r  clk_in_IBUF_inst/O
                         net (fo=1, routed)           2.025     3.506    clk_in_IBUF
    BUFGCTRL_X0Y16       BUFG (Prop_bufg_I_O)         0.096     3.602 r  clk_in_IBUF_BUFG_inst/O
                         net (fo=86, routed)          1.632     5.235    print/clk_in_IBUF_BUFG
    SLICE_X30Y67         FDCE                                         r  print/i_data_store_reg[22]/C
                         clock pessimism              0.000     5.235    
    SLICE_X30Y67         FDCE (Remov_fdce_C_CLR)     -0.155     5.080    print/i_data_store_reg[22]
  -------------------------------------------------------------------
                         required time                         -5.080    
                         arrival time                           6.022    
  -------------------------------------------------------------------
                         slack                                  0.942    

Slack (MET) :             0.942ns  (arrival time - required time)
  Source:                 reset
                            (input port clocked by clk_pin  {rise@0.000ns fall@50.000ns period=100.000ns})
  Destination:            print/i_data_store_reg[23]/CLR
                            (removal check against rising-edge clock clk_pin  {rise@0.000ns fall@50.000ns period=100.000ns})
  Path Group:             **async_default**
  Path Type:              Removal (Min at Slow Process Corner)
  Requirement:            0.000ns  (clk_pin rise@0.000ns - clk_pin rise@0.000ns)
  Data Path Delay:        5.022ns  (logic 1.406ns (27.998%)  route 3.616ns (72.002%))
  Logic Levels:           1  (IBUF=1)
  Input Delay:            1.000ns
  Clock Path Skew:        5.235ns (DCD - SCD - CPR)
    Destination Clock Delay (DCD):    5.235ns
    Source Clock Delay      (SCD):    0.000ns
    Clock Pessimism Removal (CPR):    -0.000ns

    Location             Delay type                Incr(ns)  Path(ns)    Netlist Resource(s)
  -------------------------------------------------------------------    -------------------
                         (clock clk_pin rise edge)    0.000     0.000 r  
                         input delay                  1.000     1.000    
    N17                                               0.000     1.000 f  reset (IN)
                         net (fo=0)                   0.000     1.000    reset
    N17                  IBUF (Prop_ibuf_I_O)         1.406     2.406 f  reset_IBUF_inst/O
                         net (fo=1145, routed)        3.616     6.022    print/reset_IBUF
    SLICE_X30Y67         FDCE                                         f  print/i_data_store_reg[23]/CLR
  -------------------------------------------------------------------    -------------------

                         (clock clk_pin rise edge)    0.000     0.000 r  
    E3                                                0.000     0.000 r  clk_in (IN)
                         net (fo=0)                   0.000     0.000    clk_in
    E3                   IBUF (Prop_ibuf_I_O)         1.482     1.482 r  clk_in_IBUF_inst/O
                         net (fo=1, routed)           2.025     3.506    clk_in_IBUF
    BUFGCTRL_X0Y16       BUFG (Prop_bufg_I_O)         0.096     3.602 r  clk_in_IBUF_BUFG_inst/O
                         net (fo=86, routed)          1.632     5.235    print/clk_in_IBUF_BUFG
    SLICE_X30Y67         FDCE                                         r  print/i_data_store_reg[23]/C
                         clock pessimism              0.000     5.235    
    SLICE_X30Y67         FDCE (Remov_fdce_C_CLR)     -0.155     5.080    print/i_data_store_reg[23]
  -------------------------------------------------------------------
                         required time                         -5.080    
                         arrival time                           6.022    
  -------------------------------------------------------------------
                         slack                                  0.942    

Slack (MET) :             0.985ns  (arrival time - required time)
  Source:                 reset
                            (input port clocked by clk_pin  {rise@0.000ns fall@50.000ns period=100.000ns})
  Destination:            print/o_seg_r_reg[2]/PRE
                            (removal check against rising-edge clock clk_pin  {rise@0.000ns fall@50.000ns period=100.000ns})
  Path Group:             **async_default**
  Path Type:              Removal (Min at Slow Process Corner)
  Requirement:            0.000ns  (clk_pin rise@0.000ns - clk_pin rise@0.000ns)
  Data Path Delay:        5.057ns  (logic 1.406ns (27.804%)  route 3.651ns (72.196%))
  Logic Levels:           1  (IBUF=1)
  Input Delay:            1.000ns
  Clock Path Skew:        5.233ns (DCD - SCD - CPR)
    Destination Clock Delay (DCD):    5.233ns
    Source Clock Delay      (SCD):    0.000ns
    Clock Pessimism Removal (CPR):    -0.000ns

    Location             Delay type                Incr(ns)  Path(ns)    Netlist Resource(s)
  -------------------------------------------------------------------    -------------------
                         (clock clk_pin rise edge)    0.000     0.000 r  
                         input delay                  1.000     1.000    
    N17                                               0.000     1.000 f  reset (IN)
                         net (fo=0)                   0.000     1.000    reset
    N17                  IBUF (Prop_ibuf_I_O)         1.406     2.406 f  reset_IBUF_inst/O
                         net (fo=1145, routed)        3.651     6.057    print/reset_IBUF
    SLICE_X30Y68         FDPE                                         f  print/o_seg_r_reg[2]/PRE
  -------------------------------------------------------------------    -------------------

                         (clock clk_pin rise edge)    0.000     0.000 r  
    E3                                                0.000     0.000 r  clk_in (IN)
                         net (fo=0)                   0.000     0.000    clk_in
    E3                   IBUF (Prop_ibuf_I_O)         1.482     1.482 r  clk_in_IBUF_inst/O
                         net (fo=1, routed)           2.025     3.506    clk_in_IBUF
    BUFGCTRL_X0Y16       BUFG (Prop_bufg_I_O)         0.096     3.602 r  clk_in_IBUF_BUFG_inst/O
                         net (fo=86, routed)          1.630     5.233    print/clk_in_IBUF_BUFG
    SLICE_X30Y68         FDPE                                         r  print/o_seg_r_reg[2]/C
                         clock pessimism              0.000     5.233    
    SLICE_X30Y68         FDPE (Remov_fdpe_C_PRE)     -0.161     5.072    print/o_seg_r_reg[2]
  -------------------------------------------------------------------
                         required time                         -5.072    
                         arrival time                           6.057    
  -------------------------------------------------------------------
                         slack                                  0.985    





