#-----------------------------------------------------------
# Vivado v2019.1 (64-bit)
# SW Build 2552052 on Fri May 24 14:49:42 MDT 2019
# IP Build 2548770 on Fri May 24 18:01:18 MDT 2019
# Start of session at: Sat May 25 17:10:51 2024
# Process ID: 41868
# Current directory: E:/cOMPUTERaRCHITECTURE/EXP2/zrx/MipsOS/Project/OpenMIPS
# Command line: vivado.exe -gui_launcher_event rodinguilauncherevent56772 E:\cOMPUTERaRCHITECTURE\EXP2\zrx\MipsOS\Project\OpenMIPS\OpenMIPS.xpr
# Log file: E:/cOMPUTERaRCHITECTURE/EXP2/zrx/MipsOS/Project/OpenMIPS/vivado.log
# Journal file: E:/cOMPUTERaRCHITECTURE/EXP2/zrx/MipsOS/Project/OpenMIPS\vivado.jou
#-----------------------------------------------------------
start_gui
open_project E:/cOMPUTERaRCHITECTURE/EXP2/zrx/MipsOS/Project/OpenMIPS/OpenMIPS.xpr
INFO: [Project 1-313] Project file moved from 'D:/Ray/Vivado/OpenMIPS' since last save.
Scanning sources...
Finished scanning sources
INFO: [IP_Flow 19-234] Refreshing IP repositories
INFO: [IP_Flow 19-1704] No user IP repositories specified
INFO: [IP_Flow 19-2313] Loaded Vivado IP repository 'D:/vivado_2019_1_files/Vivado/2019.1/data/ip'.
open_project: Time (s): cpu = 00:00:16 ; elapsed = 00:00:09 . Memory (MB): peak = 774.219 ; gain = 160.855
update_compile_order -fileset sources_1
generate_target Simulation [get_files E:/cOMPUTERaRCHITECTURE/EXP2/zrx/MipsOS/Project/OpenMIPS/OpenMIPS.srcs/sources_1/ip/mig_7series_0/mig_7series_0.xci]
INFO: [IP_Flow 19-1686] Generating 'Simulation' target for IP 'mig_7series_0'...
generate_target: Time (s): cpu = 00:00:12 ; elapsed = 00:00:48 . Memory (MB): peak = 1088.141 ; gain = 164.500
export_ip_user_files -of_objects [get_files E:/cOMPUTERaRCHITECTURE/EXP2/zrx/MipsOS/Project/OpenMIPS/OpenMIPS.srcs/sources_1/ip/mig_7series_0/mig_7series_0.xci] -no_script -sync -force -quiet
export_simulation -of_objects [get_files E:/cOMPUTERaRCHITECTURE/EXP2/zrx/MipsOS/Project/OpenMIPS/OpenMIPS.srcs/sources_1/ip/mig_7series_0/mig_7series_0.xci] -directory E:/cOMPUTERaRCHITECTURE/EXP2/zrx/MipsOS/Project/OpenMIPS/OpenMIPS.ip_user_files/sim_scripts -ip_user_files_dir E:/cOMPUTERaRCHITECTURE/EXP2/zrx/MipsOS/Project/OpenMIPS/OpenMIPS.ip_user_files -ipstatic_source_dir E:/cOMPUTERaRCHITECTURE/EXP2/zrx/MipsOS/Project/OpenMIPS/OpenMIPS.ip_user_files/ipstatic -lib_map_path [list {modelsim=E:/cOMPUTERaRCHITECTURE/EXP2/zrx/MipsOS/Project/OpenMIPS/OpenMIPS.cache/compile_simlib/modelsim} {questa=E:/cOMPUTERaRCHITECTURE/EXP2/zrx/MipsOS/Project/OpenMIPS/OpenMIPS.cache/compile_simlib/questa} {riviera=E:/cOMPUTERaRCHITECTURE/EXP2/zrx/MipsOS/Project/OpenMIPS/OpenMIPS.cache/compile_simlib/riviera} {activehdl=E:/cOMPUTERaRCHITECTURE/EXP2/zrx/MipsOS/Project/OpenMIPS/OpenMIPS.cache/compile_simlib/activehdl}] -use_ip_compiled_libs -force -quiet
launch_simulation
INFO: [Vivado 12-5698] Checking validity of IPs in the design for the 'XSim' simulator...
INFO: [Vivado 12-5682] Launching behavioral simulation in 'E:/cOMPUTERaRCHITECTURE/EXP2/zrx/MipsOS/Project/OpenMIPS/OpenMIPS.sim/sim_1/behav/xsim'
INFO: [Vivado 12-4795] Using compiled simulation libraries for IPs
INFO: [SIM-utils-51] Simulation object is 'sim_1'
INFO: [USF-XSim-7] Finding pre-compiled libraries...
INFO: [USF-XSim-11] File 'D:/vivado_2019_1_files/Vivado/2019.1/data/xsim/xsim.ini' copied to run dir:'E:/cOMPUTERaRCHITECTURE/EXP2/zrx/MipsOS/Project/OpenMIPS/OpenMIPS.sim/sim_1/behav/xsim'
INFO: [SIM-utils-54] Inspecting design source files for 'openmips_min_sopc_tb' in fileset 'sim_1'...
INFO: [USF-XSim-97] Finding global include files...
INFO: [USF-XSim-98] Fetching design files from 'sim_1'...
INFO: [USF-XSim-2] XSim::Compile design
INFO: [USF-XSim-61] Executing 'COMPILE and ANALYZE' step in 'E:/cOMPUTERaRCHITECTURE/EXP2/zrx/MipsOS/Project/OpenMIPS/OpenMIPS.sim/sim_1/behav/xsim'
"xvlog --incr --relax -prj openmips_min_sopc_tb_vlog.prj"
INFO: [VRFC 10-2263] Analyzing Verilog file "E:/cOMPUTERaRCHITECTURE/EXP2/zrx/MipsOS/Project/OpenMIPS/OpenMIPS.srcs/sources_1/ip/mig_7series_0/mig_7series_0/user_design/rtl/clocking/mig_7series_v4_2_clk_ibuf.v" into library xil_defaultlib
INFO: [VRFC 10-311] analyzing module mig_7series_v4_2_clk_ibuf
INFO: [VRFC 10-2263] Analyzing Verilog file "E:/cOMPUTERaRCHITECTURE/EXP2/zrx/MipsOS/Project/OpenMIPS/OpenMIPS.srcs/sources_1/ip/mig_7series_0/mig_7series_0/user_design/rtl/clocking/mig_7series_v4_2_infrastructure.v" into library xil_defaultlib
INFO: [VRFC 10-311] analyzing module mig_7series_v4_2_infrastructure
INFO: [VRFC 10-2263] Analyzing Verilog file "E:/cOMPUTERaRCHITECTURE/EXP2/zrx/MipsOS/Project/OpenMIPS/OpenMIPS.srcs/sources_1/ip/mig_7series_0/mig_7series_0/user_design/rtl/clocking/mig_7series_v4_2_iodelay_ctrl.v" into library xil_defaultlib
INFO: [VRFC 10-311] analyzing module mig_7series_v4_2_iodelay_ctrl
INFO: [VRFC 10-2263] Analyzing Verilog file "E:/cOMPUTERaRCHITECTURE/EXP2/zrx/MipsOS/Project/OpenMIPS/OpenMIPS.srcs/sources_1/ip/mig_7series_0/mig_7series_0/user_design/rtl/clocking/mig_7series_v4_2_tempmon.v" into library xil_defaultlib
INFO: [VRFC 10-311] analyzing module mig_7series_v4_2_tempmon
INFO: [VRFC 10-2263] Analyzing Verilog file "E:/cOMPUTERaRCHITECTURE/EXP2/zrx/MipsOS/Project/OpenMIPS/OpenMIPS.srcs/sources_1/ip/mig_7series_0/mig_7series_0/user_design/rtl/controller/mig_7series_v4_2_arb_mux.v" into library xil_defaultlib
INFO: [VRFC 10-311] analyzing module mig_7series_v4_2_arb_mux
INFO: [VRFC 10-2263] Analyzing Verilog file "E:/cOMPUTERaRCHITECTURE/EXP2/zrx/MipsOS/Project/OpenMIPS/OpenMIPS.srcs/sources_1/ip/mig_7series_0/mig_7series_0/user_design/rtl/controller/mig_7series_v4_2_arb_row_col.v" into library xil_defaultlib
INFO: [VRFC 10-311] analyzing module mig_7series_v4_2_arb_row_col
WARNING: [VRFC 10-2654] begin/end is required for generate-for in this mode of verilog [E:/cOMPUTERaRCHITECTURE/EXP2/zrx/MipsOS/Project/OpenMIPS/OpenMIPS.srcs/sources_1/ip/mig_7series_0/mig_7series_0/user_design/rtl/controller/mig_7series_v4_2_arb_row_col.v:252]
INFO: [VRFC 10-2263] Analyzing Verilog file "E:/cOMPUTERaRCHITECTURE/EXP2/zrx/MipsOS/Project/OpenMIPS/OpenMIPS.srcs/sources_1/ip/mig_7series_0/mig_7series_0/user_design/rtl/controller/mig_7series_v4_2_arb_select.v" into library xil_defaultlib
INFO: [VRFC 10-311] analyzing module mig_7series_v4_2_arb_select
INFO: [VRFC 10-2263] Analyzing Verilog file "E:/cOMPUTERaRCHITECTURE/EXP2/zrx/MipsOS/Project/OpenMIPS/OpenMIPS.srcs/sources_1/ip/mig_7series_0/mig_7series_0/user_design/rtl/controller/mig_7series_v4_2_bank_cntrl.v" into library xil_defaultlib
INFO: [VRFC 10-311] analyzing module mig_7series_v4_2_bank_cntrl
INFO: [VRFC 10-2263] Analyzing Verilog file "E:/cOMPUTERaRCHITECTURE/EXP2/zrx/MipsOS/Project/OpenMIPS/OpenMIPS.srcs/sources_1/ip/mig_7series_0/mig_7series_0/user_design/rtl/controller/mig_7series_v4_2_bank_common.v" into library xil_defaultlib
INFO: [VRFC 10-311] analyzing module mig_7series_v4_2_bank_common
INFO: [VRFC 10-2263] Analyzing Verilog file "E:/cOMPUTERaRCHITECTURE/EXP2/zrx/MipsOS/Project/OpenMIPS/OpenMIPS.srcs/sources_1/ip/mig_7series_0/mig_7series_0/user_design/rtl/controller/mig_7series_v4_2_bank_compare.v" into library xil_defaultlib
INFO: [VRFC 10-311] analyzing module mig_7series_v4_2_bank_compare
INFO: [VRFC 10-2263] Analyzing Verilog file "E:/cOMPUTERaRCHITECTURE/EXP2/zrx/MipsOS/Project/OpenMIPS/OpenMIPS.srcs/sources_1/ip/mig_7series_0/mig_7series_0/user_design/rtl/controller/mig_7series_v4_2_bank_mach.v" into library xil_defaultlib
INFO: [VRFC 10-311] analyzing module mig_7series_v4_2_bank_mach
INFO: [VRFC 10-2263] Analyzing Verilog file "E:/cOMPUTERaRCHITECTURE/EXP2/zrx/MipsOS/Project/OpenMIPS/OpenMIPS.srcs/sources_1/ip/mig_7series_0/mig_7series_0/user_design/rtl/controller/mig_7series_v4_2_bank_queue.v" into library xil_defaultlib
INFO: [VRFC 10-311] analyzing module mig_7series_v4_2_bank_queue
INFO: [VRFC 10-2263] Analyzing Verilog file "E:/cOMPUTERaRCHITECTURE/EXP2/zrx/MipsOS/Project/OpenMIPS/OpenMIPS.srcs/sources_1/ip/mig_7series_0/mig_7series_0/user_design/rtl/controller/mig_7series_v4_2_bank_state.v" into library xil_defaultlib
INFO: [VRFC 10-311] analyzing module mig_7series_v4_2_bank_state
INFO: [VRFC 10-2263] Analyzing Verilog file "E:/cOMPUTERaRCHITECTURE/EXP2/zrx/MipsOS/Project/OpenMIPS/OpenMIPS.srcs/sources_1/ip/mig_7series_0/mig_7series_0/user_design/rtl/controller/mig_7series_v4_2_col_mach.v" into library xil_defaultlib
INFO: [VRFC 10-311] analyzing module mig_7series_v4_2_col_mach
INFO: [VRFC 10-2263] Analyzing Verilog file "E:/cOMPUTERaRCHITECTURE/EXP2/zrx/MipsOS/Project/OpenMIPS/OpenMIPS.srcs/sources_1/ip/mig_7series_0/mig_7series_0/user_design/rtl/controller/mig_7series_v4_2_mc.v" into library xil_defaultlib
INFO: [VRFC 10-311] analyzing module mig_7series_v4_2_mc
INFO: [VRFC 10-2263] Analyzing Verilog file "E:/cOMPUTERaRCHITECTURE/EXP2/zrx/MipsOS/Project/OpenMIPS/OpenMIPS.srcs/sources_1/ip/mig_7series_0/mig_7series_0/user_design/rtl/controller/mig_7series_v4_2_rank_cntrl.v" into library xil_defaultlib
INFO: [VRFC 10-311] analyzing module mig_7series_v4_2_rank_cntrl
INFO: [VRFC 10-2263] Analyzing Verilog file "E:/cOMPUTERaRCHITECTURE/EXP2/zrx/MipsOS/Project/OpenMIPS/OpenMIPS.srcs/sources_1/ip/mig_7series_0/mig_7series_0/user_design/rtl/controller/mig_7series_v4_2_rank_common.v" into library xil_defaultlib
INFO: [VRFC 10-311] analyzing module mig_7series_v4_2_rank_common
INFO: [VRFC 10-2263] Analyzing Verilog file "E:/cOMPUTERaRCHITECTURE/EXP2/zrx/MipsOS/Project/OpenMIPS/OpenMIPS.srcs/sources_1/ip/mig_7series_0/mig_7series_0/user_design/rtl/controller/mig_7series_v4_2_rank_mach.v" into library xil_defaultlib
INFO: [VRFC 10-311] analyzing module mig_7series_v4_2_rank_mach
INFO: [VRFC 10-2263] Analyzing Verilog file "E:/cOMPUTERaRCHITECTURE/EXP2/zrx/MipsOS/Project/OpenMIPS/OpenMIPS.srcs/sources_1/ip/mig_7series_0/mig_7series_0/user_design/rtl/controller/mig_7series_v4_2_round_robin_arb.v" into library xil_defaultlib
INFO: [VRFC 10-311] analyzing module mig_7series_v4_2_round_robin_arb
INFO: [VRFC 10-2263] Analyzing Verilog file "E:/cOMPUTERaRCHITECTURE/EXP2/zrx/MipsOS/Project/OpenMIPS/OpenMIPS.srcs/sources_1/ip/mig_7series_0/mig_7series_0/user_design/rtl/ecc/mig_7series_v4_2_ecc_buf.v" into library xil_defaultlib
INFO: [VRFC 10-311] analyzing module mig_7series_v4_2_ecc_buf
INFO: [VRFC 10-2263] Analyzing Verilog file "E:/cOMPUTERaRCHITECTURE/EXP2/zrx/MipsOS/Project/OpenMIPS/OpenMIPS.srcs/sources_1/ip/mig_7series_0/mig_7series_0/user_design/rtl/ecc/mig_7series_v4_2_ecc_dec_fix.v" into library xil_defaultlib
INFO: [VRFC 10-311] analyzing module mig_7series_v4_2_ecc_dec_fix
INFO: [VRFC 10-2263] Analyzing Verilog file "E:/cOMPUTERaRCHITECTURE/EXP2/zrx/MipsOS/Project/OpenMIPS/OpenMIPS.srcs/sources_1/ip/mig_7series_0/mig_7series_0/user_design/rtl/ecc/mig_7series_v4_2_ecc_gen.v" into library xil_defaultlib
INFO: [VRFC 10-311] analyzing module mig_7series_v4_2_ecc_gen
INFO: [VRFC 10-2263] Analyzing Verilog file "E:/cOMPUTERaRCHITECTURE/EXP2/zrx/MipsOS/Project/OpenMIPS/OpenMIPS.srcs/sources_1/ip/mig_7series_0/mig_7series_0/user_design/rtl/ecc/mig_7series_v4_2_ecc_merge_enc.v" into library xil_defaultlib
INFO: [VRFC 10-311] analyzing module mig_7series_v4_2_ecc_merge_enc
INFO: [VRFC 10-2263] Analyzing Verilog file "E:/cOMPUTERaRCHITECTURE/EXP2/zrx/MipsOS/Project/OpenMIPS/OpenMIPS.srcs/sources_1/ip/mig_7series_0/mig_7series_0/user_design/rtl/ecc/mig_7series_v4_2_fi_xor.v" into library xil_defaultlib
INFO: [VRFC 10-311] analyzing module mig_7series_v4_2_fi_xor
INFO: [VRFC 10-2263] Analyzing Verilog file "E:/cOMPUTERaRCHITECTURE/EXP2/zrx/MipsOS/Project/OpenMIPS/OpenMIPS.srcs/sources_1/ip/mig_7series_0/mig_7series_0/user_design/rtl/ip_top/mig_7series_v4_2_mem_intfc.v" into library xil_defaultlib
INFO: [VRFC 10-311] analyzing module mig_7series_v4_2_mem_intfc
INFO: [VRFC 10-2263] Analyzing Verilog file "E:/cOMPUTERaRCHITECTURE/EXP2/zrx/MipsOS/Project/OpenMIPS/OpenMIPS.srcs/sources_1/ip/mig_7series_0/mig_7series_0/user_design/rtl/ip_top/mig_7series_v4_2_memc_ui_top_std.v" into library xil_defaultlib
INFO: [VRFC 10-311] analyzing module mig_7series_v4_2_memc_ui_top_std
INFO: [VRFC 10-2263] Analyzing Verilog file "E:/cOMPUTERaRCHITECTURE/EXP2/zrx/MipsOS/Project/OpenMIPS/OpenMIPS.srcs/sources_1/ip/mig_7series_0/mig_7series_0/user_design/rtl/phy/mig_7series_v4_2_ddr_byte_group_io.v" into library xil_defaultlib
INFO: [VRFC 10-311] analyzing module mig_7series_v4_2_ddr_byte_group_io
INFO: [VRFC 10-2263] Analyzing Verilog file "E:/cOMPUTERaRCHITECTURE/EXP2/zrx/MipsOS/Project/OpenMIPS/OpenMIPS.srcs/sources_1/ip/mig_7series_0/mig_7series_0/user_design/rtl/phy/mig_7series_v4_2_ddr_byte_lane.v" into library xil_defaultlib
INFO: [VRFC 10-311] analyzing module mig_7series_v4_2_ddr_byte_lane
INFO: [VRFC 10-2263] Analyzing Verilog file "E:/cOMPUTERaRCHITECTURE/EXP2/zrx/MipsOS/Project/OpenMIPS/OpenMIPS.srcs/sources_1/ip/mig_7series_0/mig_7series_0/user_design/rtl/phy/mig_7series_v4_2_ddr_phy_tempmon.v" into library xil_defaultlib
INFO: [VRFC 10-311] analyzing module mig_7series_v4_2_ddr_phy_tempmon
INFO: [VRFC 10-2263] Analyzing Verilog file "E:/cOMPUTERaRCHITECTURE/EXP2/zrx/MipsOS/Project/OpenMIPS/OpenMIPS.srcs/sources_1/ip/mig_7series_0/mig_7series_0/user_design/rtl/phy/mig_7series_v4_2_ddr_calib_top.v" into library xil_defaultlib
INFO: [VRFC 10-311] analyzing module mig_7series_v4_2_ddr_calib_top
INFO: [VRFC 10-2263] Analyzing Verilog file "E:/cOMPUTERaRCHITECTURE/EXP2/zrx/MipsOS/Project/OpenMIPS/OpenMIPS.srcs/sources_1/ip/mig_7series_0/mig_7series_0/user_design/rtl/phy/mig_7series_v4_2_ddr_if_post_fifo.v" into library xil_defaultlib
INFO: [VRFC 10-311] analyzing module mig_7series_v4_2_ddr_if_post_fifo
INFO: [VRFC 10-2263] Analyzing Verilog file "E:/cOMPUTERaRCHITECTURE/EXP2/zrx/MipsOS/Project/OpenMIPS/OpenMIPS.srcs/sources_1/ip/mig_7series_0/mig_7series_0/user_design/rtl/phy/mig_7series_v4_2_ddr_mc_phy.v" into library xil_defaultlib
INFO: [VRFC 10-311] analyzing module mig_7series_v4_2_ddr_mc_phy
INFO: [VRFC 10-2263] Analyzing Verilog file "E:/cOMPUTERaRCHITECTURE/EXP2/zrx/MipsOS/Project/OpenMIPS/OpenMIPS.srcs/sources_1/ip/mig_7series_0/mig_7series_0/user_design/rtl/phy/mig_7series_v4_2_ddr_mc_phy_wrapper.v" into library xil_defaultlib
INFO: [VRFC 10-311] analyzing module mig_7series_v4_2_ddr_mc_phy_wrapper
INFO: [VRFC 10-2263] Analyzing Verilog file "E:/cOMPUTERaRCHITECTURE/EXP2/zrx/MipsOS/Project/OpenMIPS/OpenMIPS.srcs/sources_1/ip/mig_7series_0/mig_7series_0/user_design/rtl/phy/mig_7series_v4_2_ddr_of_pre_fifo.v" into library xil_defaultlib
INFO: [VRFC 10-311] analyzing module mig_7series_v4_2_ddr_of_pre_fifo
INFO: [VRFC 10-2263] Analyzing Verilog file "E:/cOMPUTERaRCHITECTURE/EXP2/zrx/MipsOS/Project/OpenMIPS/OpenMIPS.srcs/sources_1/ip/mig_7series_0/mig_7series_0/user_design/rtl/phy/mig_7series_v4_2_ddr_phy_4lanes.v" into library xil_defaultlib
INFO: [VRFC 10-311] analyzing module mig_7series_v4_2_ddr_phy_4lanes
INFO: [VRFC 10-2263] Analyzing Verilog file "E:/cOMPUTERaRCHITECTURE/EXP2/zrx/MipsOS/Project/OpenMIPS/OpenMIPS.srcs/sources_1/ip/mig_7series_0/mig_7series_0/user_design/rtl/phy/mig_7series_v4_2_ddr_phy_init.v" into library xil_defaultlib
INFO: [VRFC 10-311] analyzing module mig_7series_v4_2_ddr_phy_init
INFO: [VRFC 10-2263] Analyzing Verilog file "E:/cOMPUTERaRCHITECTURE/EXP2/zrx/MipsOS/Project/OpenMIPS/OpenMIPS.srcs/sources_1/ip/mig_7series_0/mig_7series_0/user_design/rtl/phy/mig_7series_v4_2_ddr_phy_dqs_found_cal.v" into library xil_defaultlib
INFO: [VRFC 10-311] analyzing module mig_7series_v4_2_ddr_phy_dqs_found_cal
INFO: [VRFC 10-2263] Analyzing Verilog file "E:/cOMPUTERaRCHITECTURE/EXP2/zrx/MipsOS/Project/OpenMIPS/OpenMIPS.srcs/sources_1/ip/mig_7series_0/mig_7series_0/user_design/rtl/phy/mig_7series_v4_2_ddr_phy_dqs_found_cal_hr.v" into library xil_defaultlib
INFO: [VRFC 10-311] analyzing module mig_7series_v4_2_ddr_phy_dqs_found_cal_hr
INFO: [VRFC 10-2263] Analyzing Verilog file "E:/cOMPUTERaRCHITECTURE/EXP2/zrx/MipsOS/Project/OpenMIPS/OpenMIPS.srcs/sources_1/ip/mig_7series_0/mig_7series_0/user_design/rtl/phy/mig_7series_v4_2_ddr_phy_oclkdelay_cal.v" into library xil_defaultlib
INFO: [VRFC 10-311] analyzing module mig_7series_v4_2_ddr_phy_oclkdelay_cal
INFO: [VRFC 10-2263] Analyzing Verilog file "E:/cOMPUTERaRCHITECTURE/EXP2/zrx/MipsOS/Project/OpenMIPS/OpenMIPS.srcs/sources_1/ip/mig_7series_0/mig_7series_0/user_design/rtl/phy/mig_7series_v4_2_ddr_phy_prbs_rdlvl.v" into library xil_defaultlib
INFO: [VRFC 10-311] analyzing module mig_7series_v4_2_ddr_phy_prbs_rdlvl
INFO: [VRFC 10-2263] Analyzing Verilog file "E:/cOMPUTERaRCHITECTURE/EXP2/zrx/MipsOS/Project/OpenMIPS/OpenMIPS.srcs/sources_1/ip/mig_7series_0/mig_7series_0/user_design/rtl/phy/mig_7series_v4_2_ddr_phy_rdlvl.v" into library xil_defaultlib
INFO: [VRFC 10-311] analyzing module mig_7series_v4_2_ddr_phy_rdlvl
INFO: [VRFC 10-2263] Analyzing Verilog file "E:/cOMPUTERaRCHITECTURE/EXP2/zrx/MipsOS/Project/OpenMIPS/OpenMIPS.srcs/sources_1/ip/mig_7series_0/mig_7series_0/user_design/rtl/phy/mig_7series_v4_2_ddr_phy_top.v" into library xil_defaultlib
INFO: [VRFC 10-311] analyzing module mig_7series_v4_2_ddr_phy_top
INFO: [VRFC 10-2263] Analyzing Verilog file "E:/cOMPUTERaRCHITECTURE/EXP2/zrx/MipsOS/Project/OpenMIPS/OpenMIPS.srcs/sources_1/ip/mig_7series_0/mig_7series_0/user_design/rtl/phy/mig_7series_v4_2_ddr_phy_wrcal.v" into library xil_defaultlib
INFO: [VRFC 10-311] analyzing module mig_7series_v4_2_ddr_phy_wrcal
INFO: [VRFC 10-2263] Analyzing Verilog file "E:/cOMPUTERaRCHITECTURE/EXP2/zrx/MipsOS/Project/OpenMIPS/OpenMIPS.srcs/sources_1/ip/mig_7series_0/mig_7series_0/user_design/rtl/phy/mig_7series_v4_2_ddr_phy_wrlvl_off_delay.v" into library xil_defaultlib
INFO: [VRFC 10-311] analyzing module mig_7series_v4_2_ddr_phy_wrlvl_off_delay
INFO: [VRFC 10-2263] Analyzing Verilog file "E:/cOMPUTERaRCHITECTURE/EXP2/zrx/MipsOS/Project/OpenMIPS/OpenMIPS.srcs/sources_1/ip/mig_7series_0/mig_7series_0/user_design/rtl/phy/mig_7series_v4_2_ddr_prbs_gen.v" into library xil_defaultlib
INFO: [VRFC 10-311] analyzing module mig_7series_v4_2_ddr_prbs_gen
INFO: [VRFC 10-2263] Analyzing Verilog file "E:/cOMPUTERaRCHITECTURE/EXP2/zrx/MipsOS/Project/OpenMIPS/OpenMIPS.srcs/sources_1/ip/mig_7series_0/mig_7series_0/user_design/rtl/phy/mig_7series_v4_2_ddr_phy_ck_addr_cmd_delay.v" into library xil_defaultlib
INFO: [VRFC 10-311] analyzing module mig_7series_v4_2_ddr_phy_ck_addr_cmd_delay
INFO: [VRFC 10-2263] Analyzing Verilog file "E:/cOMPUTERaRCHITECTURE/EXP2/zrx/MipsOS/Project/OpenMIPS/OpenMIPS.srcs/sources_1/ip/mig_7series_0/mig_7series_0/user_design/rtl/phy/mig_7series_v4_2_ddr_phy_wrlvl.v" into library xil_defaultlib
INFO: [VRFC 10-311] analyzing module mig_7series_v4_2_ddr_phy_wrlvl
INFO: [VRFC 10-2263] Analyzing Verilog file "E:/cOMPUTERaRCHITECTURE/EXP2/zrx/MipsOS/Project/OpenMIPS/OpenMIPS.srcs/sources_1/ip/mig_7series_0/mig_7series_0/user_design/rtl/phy/mig_7series_v4_2_ddr_phy_ocd_lim.v" into library xil_defaultlib
INFO: [VRFC 10-311] analyzing module mig_7series_v4_2_ddr_phy_ocd_lim
INFO: [VRFC 10-2263] Analyzing Verilog file "E:/cOMPUTERaRCHITECTURE/EXP2/zrx/MipsOS/Project/OpenMIPS/OpenMIPS.srcs/sources_1/ip/mig_7series_0/mig_7series_0/user_design/rtl/phy/mig_7series_v4_2_poc_top.v" into library xil_defaultlib
INFO: [VRFC 10-311] analyzing module mig_7series_v4_2_poc_top
INFO: [VRFC 10-2263] Analyzing Verilog file "E:/cOMPUTERaRCHITECTURE/EXP2/zrx/MipsOS/Project/OpenMIPS/OpenMIPS.srcs/sources_1/ip/mig_7series_0/mig_7series_0/user_design/rtl/phy/mig_7series_v4_2_ddr_phy_ocd_mux.v" into library xil_defaultlib
INFO: [VRFC 10-311] analyzing module mig_7series_v4_2_ddr_phy_ocd_mux
INFO: [VRFC 10-2263] Analyzing Verilog file "E:/cOMPUTERaRCHITECTURE/EXP2/zrx/MipsOS/Project/OpenMIPS/OpenMIPS.srcs/sources_1/ip/mig_7series_0/mig_7series_0/user_design/rtl/phy/mig_7series_v4_2_ddr_phy_ocd_data.v" into library xil_defaultlib
INFO: [VRFC 10-311] analyzing module mig_7series_v4_2_ddr_phy_ocd_data
INFO: [VRFC 10-2263] Analyzing Verilog file "E:/cOMPUTERaRCHITECTURE/EXP2/zrx/MipsOS/Project/OpenMIPS/OpenMIPS.srcs/sources_1/ip/mig_7series_0/mig_7series_0/user_design/rtl/phy/mig_7series_v4_2_ddr_phy_ocd_samp.v" into library xil_defaultlib
INFO: [VRFC 10-311] analyzing module mig_7series_v4_2_ddr_phy_ocd_samp
INFO: [VRFC 10-2263] Analyzing Verilog file "E:/cOMPUTERaRCHITECTURE/EXP2/zrx/MipsOS/Project/OpenMIPS/OpenMIPS.srcs/sources_1/ip/mig_7series_0/mig_7series_0/user_design/rtl/phy/mig_7series_v4_2_ddr_phy_ocd_edge.v" into library xil_defaultlib
INFO: [VRFC 10-311] analyzing module mig_7series_v4_2_ddr_phy_ocd_edge
INFO: [VRFC 10-2263] Analyzing Verilog file "E:/cOMPUTERaRCHITECTURE/EXP2/zrx/MipsOS/Project/OpenMIPS/OpenMIPS.srcs/sources_1/ip/mig_7series_0/mig_7series_0/user_design/rtl/phy/mig_7series_v4_2_ddr_phy_ocd_cntlr.v" into library xil_defaultlib
INFO: [VRFC 10-311] analyzing module mig_7series_v4_2_ddr_phy_ocd_cntlr
INFO: [VRFC 10-2263] Analyzing Verilog file "E:/cOMPUTERaRCHITECTURE/EXP2/zrx/MipsOS/Project/OpenMIPS/OpenMIPS.srcs/sources_1/ip/mig_7series_0/mig_7series_0/user_design/rtl/phy/mig_7series_v4_2_ddr_phy_ocd_po_cntlr.v" into library xil_defaultlib
INFO: [VRFC 10-311] analyzing module mig_7series_v4_2_ddr_phy_ocd_po_cntlr
INFO: [VRFC 10-2263] Analyzing Verilog file "E:/cOMPUTERaRCHITECTURE/EXP2/zrx/MipsOS/Project/OpenMIPS/OpenMIPS.srcs/sources_1/ip/mig_7series_0/mig_7series_0/user_design/rtl/phy/mig_7series_v4_2_poc_pd.v" into library xil_defaultlib
INFO: [VRFC 10-311] analyzing module mig_7series_v4_2_poc_pd
INFO: [VRFC 10-2263] Analyzing Verilog file "E:/cOMPUTERaRCHITECTURE/EXP2/zrx/MipsOS/Project/OpenMIPS/OpenMIPS.srcs/sources_1/ip/mig_7series_0/mig_7series_0/user_design/rtl/phy/mig_7series_v4_2_poc_tap_base.v" into library xil_defaultlib
INFO: [VRFC 10-311] analyzing module mig_7series_v4_2_poc_tap_base
INFO: [VRFC 10-2263] Analyzing Verilog file "E:/cOMPUTERaRCHITECTURE/EXP2/zrx/MipsOS/Project/OpenMIPS/OpenMIPS.srcs/sources_1/ip/mig_7series_0/mig_7series_0/user_design/rtl/phy/mig_7series_v4_2_poc_meta.v" into library xil_defaultlib
INFO: [VRFC 10-311] analyzing module mig_7series_v4_2_poc_meta
INFO: [VRFC 10-2263] Analyzing Verilog file "E:/cOMPUTERaRCHITECTURE/EXP2/zrx/MipsOS/Project/OpenMIPS/OpenMIPS.srcs/sources_1/ip/mig_7series_0/mig_7series_0/user_design/rtl/phy/mig_7series_v4_2_poc_edge_store.v" into library xil_defaultlib
INFO: [VRFC 10-311] analyzing module mig_7series_v4_2_poc_edge_store
INFO: [VRFC 10-2263] Analyzing Verilog file "E:/cOMPUTERaRCHITECTURE/EXP2/zrx/MipsOS/Project/OpenMIPS/OpenMIPS.srcs/sources_1/ip/mig_7series_0/mig_7series_0/user_design/rtl/phy/mig_7series_v4_2_poc_cc.v" into library xil_defaultlib
INFO: [VRFC 10-311] analyzing module mig_7series_v4_2_poc_cc
INFO: [VRFC 10-2263] Analyzing Verilog file "E:/cOMPUTERaRCHITECTURE/EXP2/zrx/MipsOS/Project/OpenMIPS/OpenMIPS.srcs/sources_1/ip/mig_7series_0/mig_7series_0/user_design/rtl/ui/mig_7series_v4_2_ui_cmd.v" into library xil_defaultlib
INFO: [VRFC 10-311] analyzing module mig_7series_v4_2_ui_cmd
INFO: [VRFC 10-2263] Analyzing Verilog file "E:/cOMPUTERaRCHITECTURE/EXP2/zrx/MipsOS/Project/OpenMIPS/OpenMIPS.srcs/sources_1/ip/mig_7series_0/mig_7series_0/user_design/rtl/ui/mig_7series_v4_2_ui_rd_data.v" into library xil_defaultlib
INFO: [VRFC 10-311] analyzing module mig_7series_v4_2_ui_rd_data
INFO: [VRFC 10-2263] Analyzing Verilog file "E:/cOMPUTERaRCHITECTURE/EXP2/zrx/MipsOS/Project/OpenMIPS/OpenMIPS.srcs/sources_1/ip/mig_7series_0/mig_7series_0/user_design/rtl/ui/mig_7series_v4_2_ui_top.v" into library xil_defaultlib
INFO: [VRFC 10-311] analyzing module mig_7series_v4_2_ui_top
INFO: [VRFC 10-2263] Analyzing Verilog file "E:/cOMPUTERaRCHITECTURE/EXP2/zrx/MipsOS/Project/OpenMIPS/OpenMIPS.srcs/sources_1/ip/mig_7series_0/mig_7series_0/user_design/rtl/ui/mig_7series_v4_2_ui_wr_data.v" into library xil_defaultlib
INFO: [VRFC 10-311] analyzing module mig_7series_v4_2_ui_wr_data
INFO: [VRFC 10-2263] Analyzing Verilog file "E:/cOMPUTERaRCHITECTURE/EXP2/zrx/MipsOS/Project/OpenMIPS/OpenMIPS.srcs/sources_1/ip/mig_7series_0/mig_7series_0/user_design/rtl/mig_7series_0_mig_sim.v" into library xil_defaultlib
INFO: [VRFC 10-311] analyzing module mig_7series_0_mig
INFO: [VRFC 10-2458] undeclared symbol dbg_sel_po_incdec, assumed default net type wire [E:/cOMPUTERaRCHITECTURE/EXP2/zrx/MipsOS/Project/OpenMIPS/OpenMIPS.srcs/sources_1/ip/mig_7series_0/mig_7series_0/user_design/rtl/mig_7series_0_mig_sim.v:1022]
INFO: [VRFC 10-2458] undeclared symbol dbg_po_f_inc, assumed default net type wire [E:/cOMPUTERaRCHITECTURE/EXP2/zrx/MipsOS/Project/OpenMIPS/OpenMIPS.srcs/sources_1/ip/mig_7series_0/mig_7series_0/user_design/rtl/mig_7series_0_mig_sim.v:1026]
INFO: [VRFC 10-2458] undeclared symbol dbg_po_f_stg23_sel, assumed default net type wire [E:/cOMPUTERaRCHITECTURE/EXP2/zrx/MipsOS/Project/OpenMIPS/OpenMIPS.srcs/sources_1/ip/mig_7series_0/mig_7series_0/user_design/rtl/mig_7series_0_mig_sim.v:1027]
INFO: [VRFC 10-2458] undeclared symbol dbg_po_f_dec, assumed default net type wire [E:/cOMPUTERaRCHITECTURE/EXP2/zrx/MipsOS/Project/OpenMIPS/OpenMIPS.srcs/sources_1/ip/mig_7series_0/mig_7series_0/user_design/rtl/mig_7series_0_mig_sim.v:1028]
INFO: [VRFC 10-2458] undeclared symbol dbg_poc, assumed default net type wire [E:/cOMPUTERaRCHITECTURE/EXP2/zrx/MipsOS/Project/OpenMIPS/OpenMIPS.srcs/sources_1/ip/mig_7series_0/mig_7series_0/user_design/rtl/mig_7series_0_mig_sim.v:1082]
INFO: [VRFC 10-2263] Analyzing Verilog file "E:/cOMPUTERaRCHITECTURE/EXP2/zrx/MipsOS/Project/OpenMIPS/OpenMIPS.srcs/sources_1/ip/mig_7series_0/mig_7series_0/user_design/rtl/mig_7series_0.v" into library xil_defaultlib
INFO: [VRFC 10-311] analyzing module mig_7series_0
INFO: [VRFC 10-2263] Analyzing Verilog file "E:/cOMPUTERaRCHITECTURE/EXP2/zrx/MipsOS/Project/OpenMIPS/OpenMIPS.srcs/sources_1/ip/clk_wiz_0/clk_wiz_0_clk_wiz.v" into library xil_defaultlib
INFO: [VRFC 10-311] analyzing module clk_wiz_0_clk_wiz
INFO: [VRFC 10-2263] Analyzing Verilog file "E:/cOMPUTERaRCHITECTURE/EXP2/zrx/MipsOS/Project/OpenMIPS/OpenMIPS.srcs/sources_1/ip/clk_wiz_0/clk_wiz_0.v" into library xil_defaultlib
INFO: [VRFC 10-311] analyzing module clk_wiz_0
INFO: [VRFC 10-2263] Analyzing Verilog file "E:/cOMPUTERaRCHITECTURE/EXP2/zrx/MipsOS/Project/OpenMIPS/OpenMIPS.srcs/sources_1/new/ddr/DDR2.v" into library xil_defaultlib
INFO: [VRFC 10-311] analyzing module DDR2
INFO: [VRFC 10-2263] Analyzing Verilog file "E:/cOMPUTERaRCHITECTURE/EXP2/zrx/MipsOS/Project/OpenMIPS/OpenMIPS.srcs/sources_1/new/OpenMIPS/LLbit_reg.v" into library xil_defaultlib
INFO: [VRFC 10-311] analyzing module LLbit_reg
INFO: [VRFC 10-2263] Analyzing Verilog file "E:/cOMPUTERaRCHITECTURE/EXP2/zrx/MipsOS/Project/OpenMIPS/OpenMIPS.srcs/sources_1/new/OpenMIPS/cp0_reg.v" into library xil_defaultlib
INFO: [VRFC 10-311] analyzing module cp0_reg
INFO: [VRFC 10-2263] Analyzing Verilog file "E:/cOMPUTERaRCHITECTURE/EXP2/zrx/MipsOS/Project/OpenMIPS/OpenMIPS.srcs/sources_1/new/OpenMIPS/ctrl.v" into library xil_defaultlib
INFO: [VRFC 10-311] analyzing module ctrl
INFO: [VRFC 10-2263] Analyzing Verilog file "E:/cOMPUTERaRCHITECTURE/EXP2/zrx/MipsOS/Project/OpenMIPS/OpenMIPS.srcs/sim_1/new/ddr2_model.v" into library xil_defaultlib
INFO: [VRFC 10-311] analyzing module ddr2_model
INFO: [VRFC 10-2263] Analyzing Verilog file "E:/cOMPUTERaRCHITECTURE/EXP2/zrx/MipsOS/Project/OpenMIPS/OpenMIPS.srcs/sources_1/new/OpenMIPS/div.v" into library xil_defaultlib
INFO: [VRFC 10-311] analyzing module div
INFO: [VRFC 10-2263] Analyzing Verilog file "E:/cOMPUTERaRCHITECTURE/EXP2/zrx/MipsOS/Project/OpenMIPS/OpenMIPS.srcs/sources_1/new/OpenMIPS/ex.v" into library xil_defaultlib
INFO: [VRFC 10-311] analyzing module ex
INFO: [VRFC 10-2263] Analyzing Verilog file "E:/cOMPUTERaRCHITECTURE/EXP2/zrx/MipsOS/Project/OpenMIPS/OpenMIPS.srcs/sources_1/new/OpenMIPS/ex_mem.v" into library xil_defaultlib
INFO: [VRFC 10-311] analyzing module ex_mem
INFO: [VRFC 10-2263] Analyzing Verilog file "E:/cOMPUTERaRCHITECTURE/EXP2/zrx/MipsOS/Project/OpenMIPS/OpenMIPS.srcs/sources_1/new/flash_rom.v" into library xil_defaultlib
INFO: [VRFC 10-311] analyzing module flash_rom
INFO: [VRFC 10-2263] Analyzing Verilog file "E:/cOMPUTERaRCHITECTURE/EXP2/zrx/MipsOS/Project/OpenMIPS/OpenMIPS.srcs/sources_1/new/gpio/gpio_top.v" into library xil_defaultlib
ERROR: [VRFC 10-3195] cannot open include file 'timescale.v' [E:/cOMPUTERaRCHITECTURE/EXP2/zrx/MipsOS/Project/OpenMIPS/OpenMIPS.srcs/sources_1/new/gpio/gpio_top.v:2]
INFO: [VRFC 10-311] analyzing module gpio_top
ERROR: [VRFC 10-2865] module 'gpio_top' ignored due to previous errors [E:/cOMPUTERaRCHITECTURE/EXP2/zrx/MipsOS/Project/OpenMIPS/OpenMIPS.srcs/sources_1/new/gpio/gpio_top.v:6]
"xvhdl --incr --relax -prj openmips_min_sopc_tb_vhdl.prj"
INFO: [VRFC 10-163] Analyzing VHDL file "E:/cOMPUTERaRCHITECTURE/EXP2/zrx/MipsOS/Project/OpenMIPS/OpenMIPS.srcs/sources_1/new/ddr/Ram2Ddr.vhd" into library xil_defaultlib
INFO: [VRFC 10-3107] analyzing entity 'Ram2Ddr'
run_program: Time (s): cpu = 00:00:01 ; elapsed = 00:00:13 . Memory (MB): peak = 1124.211 ; gain = 0.000
INFO: [USF-XSim-69] 'compile' step finished in '13' seconds
INFO: [USF-XSim-99] Step results log file:'E:/cOMPUTERaRCHITECTURE/EXP2/zrx/MipsOS/Project/OpenMIPS/OpenMIPS.sim/sim_1/behav/xsim/xvlog.log'
ERROR: [USF-XSim-62] 'compile' step failed with error(s). Please check the Tcl console output or 'E:/cOMPUTERaRCHITECTURE/EXP2/zrx/MipsOS/Project/OpenMIPS/OpenMIPS.sim/sim_1/behav/xsim/xvlog.log' file for more information.
ERROR: [Vivado 12-4473] Detected error while running simulation. Please correct the issue and retry this operation.
launch_simulation: Time (s): cpu = 00:00:03 ; elapsed = 00:00:16 . Memory (MB): peak = 1124.211 ; gain = 0.000
ERROR: [Common 17-39] 'launch_simulation' failed due to earlier errors.
close [ open E:/cOMPUTERaRCHITECTURE/EXP2/zrx/MipsOS/Project/OpenMIPS/OpenMIPS.srcs/sources_1/new/timescale.v w ]
add_files E:/cOMPUTERaRCHITECTURE/EXP2/zrx/MipsOS/Project/OpenMIPS/OpenMIPS.srcs/sources_1/new/timescale.v
update_compile_order -fileset sources_1
launch_simulation
INFO: [Vivado 12-5698] Checking validity of IPs in the design for the 'XSim' simulator...
INFO: [Vivado 12-5682] Launching behavioral simulation in 'E:/cOMPUTERaRCHITECTURE/EXP2/zrx/MipsOS/Project/OpenMIPS/OpenMIPS.sim/sim_1/behav/xsim'
INFO: [Vivado 12-4795] Using compiled simulation libraries for IPs
INFO: [SIM-utils-51] Simulation object is 'sim_1'
INFO: [USF-XSim-7] Finding pre-compiled libraries...
INFO: [USF-XSim-11] File 'D:/vivado_2019_1_files/Vivado/2019.1/data/xsim/xsim.ini' copied to run dir:'E:/cOMPUTERaRCHITECTURE/EXP2/zrx/MipsOS/Project/OpenMIPS/OpenMIPS.sim/sim_1/behav/xsim'
INFO: [SIM-utils-54] Inspecting design source files for 'openmips_min_sopc_tb' in fileset 'sim_1'...
INFO: [USF-XSim-97] Finding global include files...
INFO: [USF-XSim-98] Fetching design files from 'sim_1'...
INFO: [USF-XSim-2] XSim::Compile design
INFO: [USF-XSim-61] Executing 'COMPILE and ANALYZE' step in 'E:/cOMPUTERaRCHITECTURE/EXP2/zrx/MipsOS/Project/OpenMIPS/OpenMIPS.sim/sim_1/behav/xsim'
"xvlog --incr --relax -prj openmips_min_sopc_tb_vlog.prj"
INFO: [VRFC 10-2263] Analyzing Verilog file "E:/cOMPUTERaRCHITECTURE/EXP2/zrx/MipsOS/Project/OpenMIPS/OpenMIPS.srcs/sources_1/ip/mig_7series_0/mig_7series_0/user_design/rtl/clocking/mig_7series_v4_2_clk_ibuf.v" into library xil_defaultlib
INFO: [VRFC 10-311] analyzing module mig_7series_v4_2_clk_ibuf
INFO: [VRFC 10-2263] Analyzing Verilog file "E:/cOMPUTERaRCHITECTURE/EXP2/zrx/MipsOS/Project/OpenMIPS/OpenMIPS.srcs/sources_1/ip/mig_7series_0/mig_7series_0/user_design/rtl/clocking/mig_7series_v4_2_infrastructure.v" into library xil_defaultlib
INFO: [VRFC 10-311] analyzing module mig_7series_v4_2_infrastructure
INFO: [VRFC 10-2263] Analyzing Verilog file "E:/cOMPUTERaRCHITECTURE/EXP2/zrx/MipsOS/Project/OpenMIPS/OpenMIPS.srcs/sources_1/ip/mig_7series_0/mig_7series_0/user_design/rtl/clocking/mig_7series_v4_2_iodelay_ctrl.v" into library xil_defaultlib
INFO: [VRFC 10-311] analyzing module mig_7series_v4_2_iodelay_ctrl
INFO: [VRFC 10-2263] Analyzing Verilog file "E:/cOMPUTERaRCHITECTURE/EXP2/zrx/MipsOS/Project/OpenMIPS/OpenMIPS.srcs/sources_1/ip/mig_7series_0/mig_7series_0/user_design/rtl/clocking/mig_7series_v4_2_tempmon.v" into library xil_defaultlib
INFO: [VRFC 10-311] analyzing module mig_7series_v4_2_tempmon
INFO: [VRFC 10-2263] Analyzing Verilog file "E:/cOMPUTERaRCHITECTURE/EXP2/zrx/MipsOS/Project/OpenMIPS/OpenMIPS.srcs/sources_1/ip/mig_7series_0/mig_7series_0/user_design/rtl/controller/mig_7series_v4_2_arb_mux.v" into library xil_defaultlib
INFO: [VRFC 10-311] analyzing module mig_7series_v4_2_arb_mux
INFO: [VRFC 10-2263] Analyzing Verilog file "E:/cOMPUTERaRCHITECTURE/EXP2/zrx/MipsOS/Project/OpenMIPS/OpenMIPS.srcs/sources_1/ip/mig_7series_0/mig_7series_0/user_design/rtl/controller/mig_7series_v4_2_arb_row_col.v" into library xil_defaultlib
INFO: [VRFC 10-311] analyzing module mig_7series_v4_2_arb_row_col
WARNING: [VRFC 10-2654] begin/end is required for generate-for in this mode of verilog [E:/cOMPUTERaRCHITECTURE/EXP2/zrx/MipsOS/Project/OpenMIPS/OpenMIPS.srcs/sources_1/ip/mig_7series_0/mig_7series_0/user_design/rtl/controller/mig_7series_v4_2_arb_row_col.v:252]
INFO: [VRFC 10-2263] Analyzing Verilog file "E:/cOMPUTERaRCHITECTURE/EXP2/zrx/MipsOS/Project/OpenMIPS/OpenMIPS.srcs/sources_1/ip/mig_7series_0/mig_7series_0/user_design/rtl/controller/mig_7series_v4_2_arb_select.v" into library xil_defaultlib
INFO: [VRFC 10-311] analyzing module mig_7series_v4_2_arb_select
INFO: [VRFC 10-2263] Analyzing Verilog file "E:/cOMPUTERaRCHITECTURE/EXP2/zrx/MipsOS/Project/OpenMIPS/OpenMIPS.srcs/sources_1/ip/mig_7series_0/mig_7series_0/user_design/rtl/controller/mig_7series_v4_2_bank_cntrl.v" into library xil_defaultlib
INFO: [VRFC 10-311] analyzing module mig_7series_v4_2_bank_cntrl
INFO: [VRFC 10-2263] Analyzing Verilog file "E:/cOMPUTERaRCHITECTURE/EXP2/zrx/MipsOS/Project/OpenMIPS/OpenMIPS.srcs/sources_1/ip/mig_7series_0/mig_7series_0/user_design/rtl/controller/mig_7series_v4_2_bank_common.v" into library xil_defaultlib
INFO: [VRFC 10-311] analyzing module mig_7series_v4_2_bank_common
INFO: [VRFC 10-2263] Analyzing Verilog file "E:/cOMPUTERaRCHITECTURE/EXP2/zrx/MipsOS/Project/OpenMIPS/OpenMIPS.srcs/sources_1/ip/mig_7series_0/mig_7series_0/user_design/rtl/controller/mig_7series_v4_2_bank_compare.v" into library xil_defaultlib
INFO: [VRFC 10-311] analyzing module mig_7series_v4_2_bank_compare
INFO: [VRFC 10-2263] Analyzing Verilog file "E:/cOMPUTERaRCHITECTURE/EXP2/zrx/MipsOS/Project/OpenMIPS/OpenMIPS.srcs/sources_1/ip/mig_7series_0/mig_7series_0/user_design/rtl/controller/mig_7series_v4_2_bank_mach.v" into library xil_defaultlib
INFO: [VRFC 10-311] analyzing module mig_7series_v4_2_bank_mach
INFO: [VRFC 10-2263] Analyzing Verilog file "E:/cOMPUTERaRCHITECTURE/EXP2/zrx/MipsOS/Project/OpenMIPS/OpenMIPS.srcs/sources_1/ip/mig_7series_0/mig_7series_0/user_design/rtl/controller/mig_7series_v4_2_bank_queue.v" into library xil_defaultlib
INFO: [VRFC 10-311] analyzing module mig_7series_v4_2_bank_queue
INFO: [VRFC 10-2263] Analyzing Verilog file "E:/cOMPUTERaRCHITECTURE/EXP2/zrx/MipsOS/Project/OpenMIPS/OpenMIPS.srcs/sources_1/ip/mig_7series_0/mig_7series_0/user_design/rtl/controller/mig_7series_v4_2_bank_state.v" into library xil_defaultlib
INFO: [VRFC 10-311] analyzing module mig_7series_v4_2_bank_state
INFO: [VRFC 10-2263] Analyzing Verilog file "E:/cOMPUTERaRCHITECTURE/EXP2/zrx/MipsOS/Project/OpenMIPS/OpenMIPS.srcs/sources_1/ip/mig_7series_0/mig_7series_0/user_design/rtl/controller/mig_7series_v4_2_col_mach.v" into library xil_defaultlib
INFO: [VRFC 10-311] analyzing module mig_7series_v4_2_col_mach
INFO: [VRFC 10-2263] Analyzing Verilog file "E:/cOMPUTERaRCHITECTURE/EXP2/zrx/MipsOS/Project/OpenMIPS/OpenMIPS.srcs/sources_1/ip/mig_7series_0/mig_7series_0/user_design/rtl/controller/mig_7series_v4_2_mc.v" into library xil_defaultlib
INFO: [VRFC 10-311] analyzing module mig_7series_v4_2_mc
INFO: [VRFC 10-2263] Analyzing Verilog file "E:/cOMPUTERaRCHITECTURE/EXP2/zrx/MipsOS/Project/OpenMIPS/OpenMIPS.srcs/sources_1/ip/mig_7series_0/mig_7series_0/user_design/rtl/controller/mig_7series_v4_2_rank_cntrl.v" into library xil_defaultlib
INFO: [VRFC 10-311] analyzing module mig_7series_v4_2_rank_cntrl
INFO: [VRFC 10-2263] Analyzing Verilog file "E:/cOMPUTERaRCHITECTURE/EXP2/zrx/MipsOS/Project/OpenMIPS/OpenMIPS.srcs/sources_1/ip/mig_7series_0/mig_7series_0/user_design/rtl/controller/mig_7series_v4_2_rank_common.v" into library xil_defaultlib
INFO: [VRFC 10-311] analyzing module mig_7series_v4_2_rank_common
INFO: [VRFC 10-2263] Analyzing Verilog file "E:/cOMPUTERaRCHITECTURE/EXP2/zrx/MipsOS/Project/OpenMIPS/OpenMIPS.srcs/sources_1/ip/mig_7series_0/mig_7series_0/user_design/rtl/controller/mig_7series_v4_2_rank_mach.v" into library xil_defaultlib
INFO: [VRFC 10-311] analyzing module mig_7series_v4_2_rank_mach
INFO: [VRFC 10-2263] Analyzing Verilog file "E:/cOMPUTERaRCHITECTURE/EXP2/zrx/MipsOS/Project/OpenMIPS/OpenMIPS.srcs/sources_1/ip/mig_7series_0/mig_7series_0/user_design/rtl/controller/mig_7series_v4_2_round_robin_arb.v" into library xil_defaultlib
INFO: [VRFC 10-311] analyzing module mig_7series_v4_2_round_robin_arb
INFO: [VRFC 10-2263] Analyzing Verilog file "E:/cOMPUTERaRCHITECTURE/EXP2/zrx/MipsOS/Project/OpenMIPS/OpenMIPS.srcs/sources_1/ip/mig_7series_0/mig_7series_0/user_design/rtl/ecc/mig_7series_v4_2_ecc_buf.v" into library xil_defaultlib
INFO: [VRFC 10-311] analyzing module mig_7series_v4_2_ecc_buf
INFO: [VRFC 10-2263] Analyzing Verilog file "E:/cOMPUTERaRCHITECTURE/EXP2/zrx/MipsOS/Project/OpenMIPS/OpenMIPS.srcs/sources_1/ip/mig_7series_0/mig_7series_0/user_design/rtl/ecc/mig_7series_v4_2_ecc_dec_fix.v" into library xil_defaultlib
INFO: [VRFC 10-311] analyzing module mig_7series_v4_2_ecc_dec_fix
INFO: [VRFC 10-2263] Analyzing Verilog file "E:/cOMPUTERaRCHITECTURE/EXP2/zrx/MipsOS/Project/OpenMIPS/OpenMIPS.srcs/sources_1/ip/mig_7series_0/mig_7series_0/user_design/rtl/ecc/mig_7series_v4_2_ecc_gen.v" into library xil_defaultlib
INFO: [VRFC 10-311] analyzing module mig_7series_v4_2_ecc_gen
INFO: [VRFC 10-2263] Analyzing Verilog file "E:/cOMPUTERaRCHITECTURE/EXP2/zrx/MipsOS/Project/OpenMIPS/OpenMIPS.srcs/sources_1/ip/mig_7series_0/mig_7series_0/user_design/rtl/ecc/mig_7series_v4_2_ecc_merge_enc.v" into library xil_defaultlib
INFO: [VRFC 10-311] analyzing module mig_7series_v4_2_ecc_merge_enc
INFO: [VRFC 10-2263] Analyzing Verilog file "E:/cOMPUTERaRCHITECTURE/EXP2/zrx/MipsOS/Project/OpenMIPS/OpenMIPS.srcs/sources_1/ip/mig_7series_0/mig_7series_0/user_design/rtl/ecc/mig_7series_v4_2_fi_xor.v" into library xil_defaultlib
INFO: [VRFC 10-311] analyzing module mig_7series_v4_2_fi_xor
INFO: [VRFC 10-2263] Analyzing Verilog file "E:/cOMPUTERaRCHITECTURE/EXP2/zrx/MipsOS/Project/OpenMIPS/OpenMIPS.srcs/sources_1/ip/mig_7series_0/mig_7series_0/user_design/rtl/ip_top/mig_7series_v4_2_mem_intfc.v" into library xil_defaultlib
INFO: [VRFC 10-311] analyzing module mig_7series_v4_2_mem_intfc
INFO: [VRFC 10-2263] Analyzing Verilog file "E:/cOMPUTERaRCHITECTURE/EXP2/zrx/MipsOS/Project/OpenMIPS/OpenMIPS.srcs/sources_1/ip/mig_7series_0/mig_7series_0/user_design/rtl/ip_top/mig_7series_v4_2_memc_ui_top_std.v" into library xil_defaultlib
INFO: [VRFC 10-311] analyzing module mig_7series_v4_2_memc_ui_top_std
INFO: [VRFC 10-2263] Analyzing Verilog file "E:/cOMPUTERaRCHITECTURE/EXP2/zrx/MipsOS/Project/OpenMIPS/OpenMIPS.srcs/sources_1/ip/mig_7series_0/mig_7series_0/user_design/rtl/phy/mig_7series_v4_2_ddr_byte_group_io.v" into library xil_defaultlib
INFO: [VRFC 10-311] analyzing module mig_7series_v4_2_ddr_byte_group_io
INFO: [VRFC 10-2263] Analyzing Verilog file "E:/cOMPUTERaRCHITECTURE/EXP2/zrx/MipsOS/Project/OpenMIPS/OpenMIPS.srcs/sources_1/ip/mig_7series_0/mig_7series_0/user_design/rtl/phy/mig_7series_v4_2_ddr_byte_lane.v" into library xil_defaultlib
INFO: [VRFC 10-311] analyzing module mig_7series_v4_2_ddr_byte_lane
INFO: [VRFC 10-2263] Analyzing Verilog file "E:/cOMPUTERaRCHITECTURE/EXP2/zrx/MipsOS/Project/OpenMIPS/OpenMIPS.srcs/sources_1/ip/mig_7series_0/mig_7series_0/user_design/rtl/phy/mig_7series_v4_2_ddr_phy_tempmon.v" into library xil_defaultlib
INFO: [VRFC 10-311] analyzing module mig_7series_v4_2_ddr_phy_tempmon
INFO: [VRFC 10-2263] Analyzing Verilog file "E:/cOMPUTERaRCHITECTURE/EXP2/zrx/MipsOS/Project/OpenMIPS/OpenMIPS.srcs/sources_1/ip/mig_7series_0/mig_7series_0/user_design/rtl/phy/mig_7series_v4_2_ddr_calib_top.v" into library xil_defaultlib
INFO: [VRFC 10-311] analyzing module mig_7series_v4_2_ddr_calib_top
INFO: [VRFC 10-2263] Analyzing Verilog file "E:/cOMPUTERaRCHITECTURE/EXP2/zrx/MipsOS/Project/OpenMIPS/OpenMIPS.srcs/sources_1/ip/mig_7series_0/mig_7series_0/user_design/rtl/phy/mig_7series_v4_2_ddr_if_post_fifo.v" into library xil_defaultlib
INFO: [VRFC 10-311] analyzing module mig_7series_v4_2_ddr_if_post_fifo
INFO: [VRFC 10-2263] Analyzing Verilog file "E:/cOMPUTERaRCHITECTURE/EXP2/zrx/MipsOS/Project/OpenMIPS/OpenMIPS.srcs/sources_1/ip/mig_7series_0/mig_7series_0/user_design/rtl/phy/mig_7series_v4_2_ddr_mc_phy.v" into library xil_defaultlib
INFO: [VRFC 10-311] analyzing module mig_7series_v4_2_ddr_mc_phy
INFO: [VRFC 10-2263] Analyzing Verilog file "E:/cOMPUTERaRCHITECTURE/EXP2/zrx/MipsOS/Project/OpenMIPS/OpenMIPS.srcs/sources_1/ip/mig_7series_0/mig_7series_0/user_design/rtl/phy/mig_7series_v4_2_ddr_mc_phy_wrapper.v" into library xil_defaultlib
INFO: [VRFC 10-311] analyzing module mig_7series_v4_2_ddr_mc_phy_wrapper
INFO: [VRFC 10-2263] Analyzing Verilog file "E:/cOMPUTERaRCHITECTURE/EXP2/zrx/MipsOS/Project/OpenMIPS/OpenMIPS.srcs/sources_1/ip/mig_7series_0/mig_7series_0/user_design/rtl/phy/mig_7series_v4_2_ddr_of_pre_fifo.v" into library xil_defaultlib
INFO: [VRFC 10-311] analyzing module mig_7series_v4_2_ddr_of_pre_fifo
INFO: [VRFC 10-2263] Analyzing Verilog file "E:/cOMPUTERaRCHITECTURE/EXP2/zrx/MipsOS/Project/OpenMIPS/OpenMIPS.srcs/sources_1/ip/mig_7series_0/mig_7series_0/user_design/rtl/phy/mig_7series_v4_2_ddr_phy_4lanes.v" into library xil_defaultlib
INFO: [VRFC 10-311] analyzing module mig_7series_v4_2_ddr_phy_4lanes
INFO: [VRFC 10-2263] Analyzing Verilog file "E:/cOMPUTERaRCHITECTURE/EXP2/zrx/MipsOS/Project/OpenMIPS/OpenMIPS.srcs/sources_1/ip/mig_7series_0/mig_7series_0/user_design/rtl/phy/mig_7series_v4_2_ddr_phy_init.v" into library xil_defaultlib
INFO: [VRFC 10-311] analyzing module mig_7series_v4_2_ddr_phy_init
INFO: [VRFC 10-2263] Analyzing Verilog file "E:/cOMPUTERaRCHITECTURE/EXP2/zrx/MipsOS/Project/OpenMIPS/OpenMIPS.srcs/sources_1/ip/mig_7series_0/mig_7series_0/user_design/rtl/phy/mig_7series_v4_2_ddr_phy_dqs_found_cal.v" into library xil_defaultlib
INFO: [VRFC 10-311] analyzing module mig_7series_v4_2_ddr_phy_dqs_found_cal
INFO: [VRFC 10-2263] Analyzing Verilog file "E:/cOMPUTERaRCHITECTURE/EXP2/zrx/MipsOS/Project/OpenMIPS/OpenMIPS.srcs/sources_1/ip/mig_7series_0/mig_7series_0/user_design/rtl/phy/mig_7series_v4_2_ddr_phy_dqs_found_cal_hr.v" into library xil_defaultlib
INFO: [VRFC 10-311] analyzing module mig_7series_v4_2_ddr_phy_dqs_found_cal_hr
INFO: [VRFC 10-2263] Analyzing Verilog file "E:/cOMPUTERaRCHITECTURE/EXP2/zrx/MipsOS/Project/OpenMIPS/OpenMIPS.srcs/sources_1/ip/mig_7series_0/mig_7series_0/user_design/rtl/phy/mig_7series_v4_2_ddr_phy_oclkdelay_cal.v" into library xil_defaultlib
INFO: [VRFC 10-311] analyzing module mig_7series_v4_2_ddr_phy_oclkdelay_cal
INFO: [VRFC 10-2263] Analyzing Verilog file "E:/cOMPUTERaRCHITECTURE/EXP2/zrx/MipsOS/Project/OpenMIPS/OpenMIPS.srcs/sources_1/ip/mig_7series_0/mig_7series_0/user_design/rtl/phy/mig_7series_v4_2_ddr_phy_prbs_rdlvl.v" into library xil_defaultlib
INFO: [VRFC 10-311] analyzing module mig_7series_v4_2_ddr_phy_prbs_rdlvl
INFO: [VRFC 10-2263] Analyzing Verilog file "E:/cOMPUTERaRCHITECTURE/EXP2/zrx/MipsOS/Project/OpenMIPS/OpenMIPS.srcs/sources_1/ip/mig_7series_0/mig_7series_0/user_design/rtl/phy/mig_7series_v4_2_ddr_phy_rdlvl.v" into library xil_defaultlib
INFO: [VRFC 10-311] analyzing module mig_7series_v4_2_ddr_phy_rdlvl
INFO: [VRFC 10-2263] Analyzing Verilog file "E:/cOMPUTERaRCHITECTURE/EXP2/zrx/MipsOS/Project/OpenMIPS/OpenMIPS.srcs/sources_1/ip/mig_7series_0/mig_7series_0/user_design/rtl/phy/mig_7series_v4_2_ddr_phy_top.v" into library xil_defaultlib
INFO: [VRFC 10-311] analyzing module mig_7series_v4_2_ddr_phy_top
INFO: [VRFC 10-2263] Analyzing Verilog file "E:/cOMPUTERaRCHITECTURE/EXP2/zrx/MipsOS/Project/OpenMIPS/OpenMIPS.srcs/sources_1/ip/mig_7series_0/mig_7series_0/user_design/rtl/phy/mig_7series_v4_2_ddr_phy_wrcal.v" into library xil_defaultlib
INFO: [VRFC 10-311] analyzing module mig_7series_v4_2_ddr_phy_wrcal
INFO: [VRFC 10-2263] Analyzing Verilog file "E:/cOMPUTERaRCHITECTURE/EXP2/zrx/MipsOS/Project/OpenMIPS/OpenMIPS.srcs/sources_1/ip/mig_7series_0/mig_7series_0/user_design/rtl/phy/mig_7series_v4_2_ddr_phy_wrlvl_off_delay.v" into library xil_defaultlib
INFO: [VRFC 10-311] analyzing module mig_7series_v4_2_ddr_phy_wrlvl_off_delay
INFO: [VRFC 10-2263] Analyzing Verilog file "E:/cOMPUTERaRCHITECTURE/EXP2/zrx/MipsOS/Project/OpenMIPS/OpenMIPS.srcs/sources_1/ip/mig_7series_0/mig_7series_0/user_design/rtl/phy/mig_7series_v4_2_ddr_prbs_gen.v" into library xil_defaultlib
INFO: [VRFC 10-311] analyzing module mig_7series_v4_2_ddr_prbs_gen
INFO: [VRFC 10-2263] Analyzing Verilog file "E:/cOMPUTERaRCHITECTURE/EXP2/zrx/MipsOS/Project/OpenMIPS/OpenMIPS.srcs/sources_1/ip/mig_7series_0/mig_7series_0/user_design/rtl/phy/mig_7series_v4_2_ddr_phy_ck_addr_cmd_delay.v" into library xil_defaultlib
INFO: [VRFC 10-311] analyzing module mig_7series_v4_2_ddr_phy_ck_addr_cmd_delay
INFO: [VRFC 10-2263] Analyzing Verilog file "E:/cOMPUTERaRCHITECTURE/EXP2/zrx/MipsOS/Project/OpenMIPS/OpenMIPS.srcs/sources_1/ip/mig_7series_0/mig_7series_0/user_design/rtl/phy/mig_7series_v4_2_ddr_phy_wrlvl.v" into library xil_defaultlib
INFO: [VRFC 10-311] analyzing module mig_7series_v4_2_ddr_phy_wrlvl
INFO: [VRFC 10-2263] Analyzing Verilog file "E:/cOMPUTERaRCHITECTURE/EXP2/zrx/MipsOS/Project/OpenMIPS/OpenMIPS.srcs/sources_1/ip/mig_7series_0/mig_7series_0/user_design/rtl/phy/mig_7series_v4_2_ddr_phy_ocd_lim.v" into library xil_defaultlib
INFO: [VRFC 10-311] analyzing module mig_7series_v4_2_ddr_phy_ocd_lim
INFO: [VRFC 10-2263] Analyzing Verilog file "E:/cOMPUTERaRCHITECTURE/EXP2/zrx/MipsOS/Project/OpenMIPS/OpenMIPS.srcs/sources_1/ip/mig_7series_0/mig_7series_0/user_design/rtl/phy/mig_7series_v4_2_poc_top.v" into library xil_defaultlib
INFO: [VRFC 10-311] analyzing module mig_7series_v4_2_poc_top
INFO: [VRFC 10-2263] Analyzing Verilog file "E:/cOMPUTERaRCHITECTURE/EXP2/zrx/MipsOS/Project/OpenMIPS/OpenMIPS.srcs/sources_1/ip/mig_7series_0/mig_7series_0/user_design/rtl/phy/mig_7series_v4_2_ddr_phy_ocd_mux.v" into library xil_defaultlib
INFO: [VRFC 10-311] analyzing module mig_7series_v4_2_ddr_phy_ocd_mux
INFO: [VRFC 10-2263] Analyzing Verilog file "E:/cOMPUTERaRCHITECTURE/EXP2/zrx/MipsOS/Project/OpenMIPS/OpenMIPS.srcs/sources_1/ip/mig_7series_0/mig_7series_0/user_design/rtl/phy/mig_7series_v4_2_ddr_phy_ocd_data.v" into library xil_defaultlib
INFO: [VRFC 10-311] analyzing module mig_7series_v4_2_ddr_phy_ocd_data
INFO: [VRFC 10-2263] Analyzing Verilog file "E:/cOMPUTERaRCHITECTURE/EXP2/zrx/MipsOS/Project/OpenMIPS/OpenMIPS.srcs/sources_1/ip/mig_7series_0/mig_7series_0/user_design/rtl/phy/mig_7series_v4_2_ddr_phy_ocd_samp.v" into library xil_defaultlib
INFO: [VRFC 10-311] analyzing module mig_7series_v4_2_ddr_phy_ocd_samp
INFO: [VRFC 10-2263] Analyzing Verilog file "E:/cOMPUTERaRCHITECTURE/EXP2/zrx/MipsOS/Project/OpenMIPS/OpenMIPS.srcs/sources_1/ip/mig_7series_0/mig_7series_0/user_design/rtl/phy/mig_7series_v4_2_ddr_phy_ocd_edge.v" into library xil_defaultlib
INFO: [VRFC 10-311] analyzing module mig_7series_v4_2_ddr_phy_ocd_edge
INFO: [VRFC 10-2263] Analyzing Verilog file "E:/cOMPUTERaRCHITECTURE/EXP2/zrx/MipsOS/Project/OpenMIPS/OpenMIPS.srcs/sources_1/ip/mig_7series_0/mig_7series_0/user_design/rtl/phy/mig_7series_v4_2_ddr_phy_ocd_cntlr.v" into library xil_defaultlib
INFO: [VRFC 10-311] analyzing module mig_7series_v4_2_ddr_phy_ocd_cntlr
INFO: [VRFC 10-2263] Analyzing Verilog file "E:/cOMPUTERaRCHITECTURE/EXP2/zrx/MipsOS/Project/OpenMIPS/OpenMIPS.srcs/sources_1/ip/mig_7series_0/mig_7series_0/user_design/rtl/phy/mig_7series_v4_2_ddr_phy_ocd_po_cntlr.v" into library xil_defaultlib
INFO: [VRFC 10-311] analyzing module mig_7series_v4_2_ddr_phy_ocd_po_cntlr
INFO: [VRFC 10-2263] Analyzing Verilog file "E:/cOMPUTERaRCHITECTURE/EXP2/zrx/MipsOS/Project/OpenMIPS/OpenMIPS.srcs/sources_1/ip/mig_7series_0/mig_7series_0/user_design/rtl/phy/mig_7series_v4_2_poc_pd.v" into library xil_defaultlib
INFO: [VRFC 10-311] analyzing module mig_7series_v4_2_poc_pd
INFO: [VRFC 10-2263] Analyzing Verilog file "E:/cOMPUTERaRCHITECTURE/EXP2/zrx/MipsOS/Project/OpenMIPS/OpenMIPS.srcs/sources_1/ip/mig_7series_0/mig_7series_0/user_design/rtl/phy/mig_7series_v4_2_poc_tap_base.v" into library xil_defaultlib
INFO: [VRFC 10-311] analyzing module mig_7series_v4_2_poc_tap_base
INFO: [VRFC 10-2263] Analyzing Verilog file "E:/cOMPUTERaRCHITECTURE/EXP2/zrx/MipsOS/Project/OpenMIPS/OpenMIPS.srcs/sources_1/ip/mig_7series_0/mig_7series_0/user_design/rtl/phy/mig_7series_v4_2_poc_meta.v" into library xil_defaultlib
INFO: [VRFC 10-311] analyzing module mig_7series_v4_2_poc_meta
INFO: [VRFC 10-2263] Analyzing Verilog file "E:/cOMPUTERaRCHITECTURE/EXP2/zrx/MipsOS/Project/OpenMIPS/OpenMIPS.srcs/sources_1/ip/mig_7series_0/mig_7series_0/user_design/rtl/phy/mig_7series_v4_2_poc_edge_store.v" into library xil_defaultlib
INFO: [VRFC 10-311] analyzing module mig_7series_v4_2_poc_edge_store
INFO: [VRFC 10-2263] Analyzing Verilog file "E:/cOMPUTERaRCHITECTURE/EXP2/zrx/MipsOS/Project/OpenMIPS/OpenMIPS.srcs/sources_1/ip/mig_7series_0/mig_7series_0/user_design/rtl/phy/mig_7series_v4_2_poc_cc.v" into library xil_defaultlib
INFO: [VRFC 10-311] analyzing module mig_7series_v4_2_poc_cc
INFO: [VRFC 10-2263] Analyzing Verilog file "E:/cOMPUTERaRCHITECTURE/EXP2/zrx/MipsOS/Project/OpenMIPS/OpenMIPS.srcs/sources_1/ip/mig_7series_0/mig_7series_0/user_design/rtl/ui/mig_7series_v4_2_ui_cmd.v" into library xil_defaultlib
INFO: [VRFC 10-311] analyzing module mig_7series_v4_2_ui_cmd
INFO: [VRFC 10-2263] Analyzing Verilog file "E:/cOMPUTERaRCHITECTURE/EXP2/zrx/MipsOS/Project/OpenMIPS/OpenMIPS.srcs/sources_1/ip/mig_7series_0/mig_7series_0/user_design/rtl/ui/mig_7series_v4_2_ui_rd_data.v" into library xil_defaultlib
INFO: [VRFC 10-311] analyzing module mig_7series_v4_2_ui_rd_data
INFO: [VRFC 10-2263] Analyzing Verilog file "E:/cOMPUTERaRCHITECTURE/EXP2/zrx/MipsOS/Project/OpenMIPS/OpenMIPS.srcs/sources_1/ip/mig_7series_0/mig_7series_0/user_design/rtl/ui/mig_7series_v4_2_ui_top.v" into library xil_defaultlib
INFO: [VRFC 10-311] analyzing module mig_7series_v4_2_ui_top
INFO: [VRFC 10-2263] Analyzing Verilog file "E:/cOMPUTERaRCHITECTURE/EXP2/zrx/MipsOS/Project/OpenMIPS/OpenMIPS.srcs/sources_1/ip/mig_7series_0/mig_7series_0/user_design/rtl/ui/mig_7series_v4_2_ui_wr_data.v" into library xil_defaultlib
INFO: [VRFC 10-311] analyzing module mig_7series_v4_2_ui_wr_data
INFO: [VRFC 10-2263] Analyzing Verilog file "E:/cOMPUTERaRCHITECTURE/EXP2/zrx/MipsOS/Project/OpenMIPS/OpenMIPS.srcs/sources_1/ip/mig_7series_0/mig_7series_0/user_design/rtl/mig_7series_0_mig_sim.v" into library xil_defaultlib
INFO: [VRFC 10-311] analyzing module mig_7series_0_mig
INFO: [VRFC 10-2458] undeclared symbol dbg_sel_po_incdec, assumed default net type wire [E:/cOMPUTERaRCHITECTURE/EXP2/zrx/MipsOS/Project/OpenMIPS/OpenMIPS.srcs/sources_1/ip/mig_7series_0/mig_7series_0/user_design/rtl/mig_7series_0_mig_sim.v:1022]
INFO: [VRFC 10-2458] undeclared symbol dbg_po_f_inc, assumed default net type wire [E:/cOMPUTERaRCHITECTURE/EXP2/zrx/MipsOS/Project/OpenMIPS/OpenMIPS.srcs/sources_1/ip/mig_7series_0/mig_7series_0/user_design/rtl/mig_7series_0_mig_sim.v:1026]
INFO: [VRFC 10-2458] undeclared symbol dbg_po_f_stg23_sel, assumed default net type wire [E:/cOMPUTERaRCHITECTURE/EXP2/zrx/MipsOS/Project/OpenMIPS/OpenMIPS.srcs/sources_1/ip/mig_7series_0/mig_7series_0/user_design/rtl/mig_7series_0_mig_sim.v:1027]
INFO: [VRFC 10-2458] undeclared symbol dbg_po_f_dec, assumed default net type wire [E:/cOMPUTERaRCHITECTURE/EXP2/zrx/MipsOS/Project/OpenMIPS/OpenMIPS.srcs/sources_1/ip/mig_7series_0/mig_7series_0/user_design/rtl/mig_7series_0_mig_sim.v:1028]
INFO: [VRFC 10-2458] undeclared symbol dbg_poc, assumed default net type wire [E:/cOMPUTERaRCHITECTURE/EXP2/zrx/MipsOS/Project/OpenMIPS/OpenMIPS.srcs/sources_1/ip/mig_7series_0/mig_7series_0/user_design/rtl/mig_7series_0_mig_sim.v:1082]
INFO: [VRFC 10-2263] Analyzing Verilog file "E:/cOMPUTERaRCHITECTURE/EXP2/zrx/MipsOS/Project/OpenMIPS/OpenMIPS.srcs/sources_1/ip/mig_7series_0/mig_7series_0/user_design/rtl/mig_7series_0.v" into library xil_defaultlib
INFO: [VRFC 10-311] analyzing module mig_7series_0
INFO: [VRFC 10-2263] Analyzing Verilog file "E:/cOMPUTERaRCHITECTURE/EXP2/zrx/MipsOS/Project/OpenMIPS/OpenMIPS.srcs/sources_1/ip/clk_wiz_0/clk_wiz_0_clk_wiz.v" into library xil_defaultlib
INFO: [VRFC 10-311] analyzing module clk_wiz_0_clk_wiz
INFO: [VRFC 10-2263] Analyzing Verilog file "E:/cOMPUTERaRCHITECTURE/EXP2/zrx/MipsOS/Project/OpenMIPS/OpenMIPS.srcs/sources_1/ip/clk_wiz_0/clk_wiz_0.v" into library xil_defaultlib
INFO: [VRFC 10-311] analyzing module clk_wiz_0
INFO: [VRFC 10-2263] Analyzing Verilog file "E:/cOMPUTERaRCHITECTURE/EXP2/zrx/MipsOS/Project/OpenMIPS/OpenMIPS.srcs/sources_1/new/ddr/DDR2.v" into library xil_defaultlib
INFO: [VRFC 10-311] analyzing module DDR2
INFO: [VRFC 10-2263] Analyzing Verilog file "E:/cOMPUTERaRCHITECTURE/EXP2/zrx/MipsOS/Project/OpenMIPS/OpenMIPS.srcs/sources_1/new/OpenMIPS/LLbit_reg.v" into library xil_defaultlib
INFO: [VRFC 10-311] analyzing module LLbit_reg
INFO: [VRFC 10-2263] Analyzing Verilog file "E:/cOMPUTERaRCHITECTURE/EXP2/zrx/MipsOS/Project/OpenMIPS/OpenMIPS.srcs/sources_1/new/OpenMIPS/cp0_reg.v" into library xil_defaultlib
INFO: [VRFC 10-311] analyzing module cp0_reg
INFO: [VRFC 10-2263] Analyzing Verilog file "E:/cOMPUTERaRCHITECTURE/EXP2/zrx/MipsOS/Project/OpenMIPS/OpenMIPS.srcs/sources_1/new/OpenMIPS/ctrl.v" into library xil_defaultlib
INFO: [VRFC 10-311] analyzing module ctrl
INFO: [VRFC 10-2263] Analyzing Verilog file "E:/cOMPUTERaRCHITECTURE/EXP2/zrx/MipsOS/Project/OpenMIPS/OpenMIPS.srcs/sim_1/new/ddr2_model.v" into library xil_defaultlib
INFO: [VRFC 10-311] analyzing module ddr2_model
INFO: [VRFC 10-2263] Analyzing Verilog file "E:/cOMPUTERaRCHITECTURE/EXP2/zrx/MipsOS/Project/OpenMIPS/OpenMIPS.srcs/sources_1/new/OpenMIPS/div.v" into library xil_defaultlib
INFO: [VRFC 10-311] analyzing module div
INFO: [VRFC 10-2263] Analyzing Verilog file "E:/cOMPUTERaRCHITECTURE/EXP2/zrx/MipsOS/Project/OpenMIPS/OpenMIPS.srcs/sources_1/new/OpenMIPS/ex.v" into library xil_defaultlib
INFO: [VRFC 10-311] analyzing module ex
INFO: [VRFC 10-2263] Analyzing Verilog file "E:/cOMPUTERaRCHITECTURE/EXP2/zrx/MipsOS/Project/OpenMIPS/OpenMIPS.srcs/sources_1/new/OpenMIPS/ex_mem.v" into library xil_defaultlib
INFO: [VRFC 10-311] analyzing module ex_mem
INFO: [VRFC 10-2263] Analyzing Verilog file "E:/cOMPUTERaRCHITECTURE/EXP2/zrx/MipsOS/Project/OpenMIPS/OpenMIPS.srcs/sources_1/new/flash_rom.v" into library xil_defaultlib
INFO: [VRFC 10-311] analyzing module flash_rom
INFO: [VRFC 10-2263] Analyzing Verilog file "E:/cOMPUTERaRCHITECTURE/EXP2/zrx/MipsOS/Project/OpenMIPS/OpenMIPS.srcs/sources_1/new/gpio/gpio_top.v" into library xil_defaultlib
INFO: [VRFC 10-311] analyzing module gpio_top
INFO: [VRFC 10-2263] Analyzing Verilog file "E:/cOMPUTERaRCHITECTURE/EXP2/zrx/MipsOS/Project/OpenMIPS/OpenMIPS.srcs/sources_1/new/OpenMIPS/hilo_reg.v" into library xil_defaultlib
INFO: [VRFC 10-311] analyzing module hilo_reg
INFO: [VRFC 10-2263] Analyzing Verilog file "E:/cOMPUTERaRCHITECTURE/EXP2/zrx/MipsOS/Project/OpenMIPS/OpenMIPS.srcs/sources_1/new/OpenMIPS/id.v" into library xil_defaultlib
INFO: [VRFC 10-311] analyzing module id
INFO: [VRFC 10-2263] Analyzing Verilog file "E:/cOMPUTERaRCHITECTURE/EXP2/zrx/MipsOS/Project/OpenMIPS/OpenMIPS.srcs/sources_1/new/OpenMIPS/id_ex.v" into library xil_defaultlib
INFO: [VRFC 10-311] analyzing module id_ex
INFO: [VRFC 10-2263] Analyzing Verilog file "E:/cOMPUTERaRCHITECTURE/EXP2/zrx/MipsOS/Project/OpenMIPS/OpenMIPS.srcs/sources_1/new/OpenMIPS/if_id.v" into library xil_defaultlib
INFO: [VRFC 10-311] analyzing module if_id
INFO: [VRFC 10-2263] Analyzing Verilog file "E:/cOMPUTERaRCHITECTURE/EXP2/zrx/MipsOS/Project/OpenMIPS/OpenMIPS.srcs/sources_1/new/OpenMIPS/mem.v" into library xil_defaultlib
INFO: [VRFC 10-311] analyzing module mem
INFO: [VRFC 10-2263] Analyzing Verilog file "E:/cOMPUTERaRCHITECTURE/EXP2/zrx/MipsOS/Project/OpenMIPS/OpenMIPS.srcs/sources_1/new/OpenMIPS/mem_wb.v" into library xil_defaultlib
INFO: [VRFC 10-311] analyzing module mem_wb
INFO: [VRFC 10-2263] Analyzing Verilog file "E:/cOMPUTERaRCHITECTURE/EXP2/zrx/MipsOS/Project/OpenMIPS/OpenMIPS.srcs/sources_1/new/OpenMIPS/openmips.v" into library xil_defaultlib
INFO: [VRFC 10-311] analyzing module openmips
INFO: [VRFC 10-2263] Analyzing Verilog file "E:/cOMPUTERaRCHITECTURE/EXP2/zrx/MipsOS/Project/OpenMIPS/OpenMIPS.srcs/sources_1/new/openmips_min_sopc.v" into library xil_defaultlib
INFO: [VRFC 10-311] analyzing module openmips_min_sopc
INFO: [VRFC 10-2263] Analyzing Verilog file "E:/cOMPUTERaRCHITECTURE/EXP2/zrx/MipsOS/Project/OpenMIPS/OpenMIPS.srcs/sources_1/new/OpenMIPS/pc_reg.v" into library xil_defaultlib
INFO: [VRFC 10-311] analyzing module pc_reg
INFO: [VRFC 10-2263] Analyzing Verilog file "E:/cOMPUTERaRCHITECTURE/EXP2/zrx/MipsOS/Project/OpenMIPS/OpenMIPS.srcs/sources_1/new/uart/raminfr.v" into library xil_defaultlib
INFO: [VRFC 10-311] analyzing module raminfr
INFO: [VRFC 10-2263] Analyzing Verilog file "E:/cOMPUTERaRCHITECTURE/EXP2/zrx/MipsOS/Project/OpenMIPS/OpenMIPS.srcs/sources_1/new/OpenMIPS/regfile.v" into library xil_defaultlib
INFO: [VRFC 10-311] analyzing module regfile
INFO: [VRFC 10-2263] Analyzing Verilog file "E:/cOMPUTERaRCHITECTURE/EXP2/zrx/MipsOS/Project/OpenMIPS/OpenMIPS.srcs/sources_1/new/uart/uart_debug_if.v" into library xil_defaultlib
INFO: [VRFC 10-311] analyzing module uart_debug_if
INFO: [VRFC 10-2263] Analyzing Verilog file "E:/cOMPUTERaRCHITECTURE/EXP2/zrx/MipsOS/Project/OpenMIPS/OpenMIPS.srcs/sources_1/new/uart/uart_receiver.v" into library xil_defaultlib
INFO: [VRFC 10-311] analyzing module uart_receiver
INFO: [VRFC 10-2263] Analyzing Verilog file "E:/cOMPUTERaRCHITECTURE/EXP2/zrx/MipsOS/Project/OpenMIPS/OpenMIPS.srcs/sources_1/new/uart/uart_regs.v" into library xil_defaultlib
INFO: [VRFC 10-311] analyzing module uart_regs
INFO: [VRFC 10-2458] undeclared symbol rf_overrun, assumed default net type wire [E:/cOMPUTERaRCHITECTURE/EXP2/zrx/MipsOS/Project/OpenMIPS/OpenMIPS.srcs/sources_1/new/uart/uart_regs.v:400]
INFO: [VRFC 10-2458] undeclared symbol rf_push_pulse, assumed default net type wire [E:/cOMPUTERaRCHITECTURE/EXP2/zrx/MipsOS/Project/OpenMIPS/OpenMIPS.srcs/sources_1/new/uart/uart_regs.v:400]
INFO: [VRFC 10-2263] Analyzing Verilog file "E:/cOMPUTERaRCHITECTURE/EXP2/zrx/MipsOS/Project/OpenMIPS/OpenMIPS.srcs/sources_1/new/uart/uart_rfifo.v" into library xil_defaultlib
INFO: [VRFC 10-311] analyzing module uart_rfifo
INFO: [VRFC 10-2263] Analyzing Verilog file "E:/cOMPUTERaRCHITECTURE/EXP2/zrx/MipsOS/Project/OpenMIPS/OpenMIPS.srcs/sources_1/new/uart/uart_sync_flops.v" into library xil_defaultlib
INFO: [VRFC 10-311] analyzing module uart_sync_flops
INFO: [VRFC 10-2263] Analyzing Verilog file "E:/cOMPUTERaRCHITECTURE/EXP2/zrx/MipsOS/Project/OpenMIPS/OpenMIPS.srcs/sources_1/new/uart/uart_tfifo.v" into library xil_defaultlib
INFO: [VRFC 10-311] analyzing module uart_tfifo
INFO: [VRFC 10-2263] Analyzing Verilog file "E:/cOMPUTERaRCHITECTURE/EXP2/zrx/MipsOS/Project/OpenMIPS/OpenMIPS.srcs/sources_1/new/uart/uart_top.v" into library xil_defaultlib
INFO: [VRFC 10-311] analyzing module uart_top
INFO: [VRFC 10-2263] Analyzing Verilog file "E:/cOMPUTERaRCHITECTURE/EXP2/zrx/MipsOS/Project/OpenMIPS/OpenMIPS.srcs/sources_1/new/uart/uart_transmitter.v" into library xil_defaultlib
INFO: [VRFC 10-311] analyzing module uart_transmitter
INFO: [VRFC 10-2263] Analyzing Verilog file "E:/cOMPUTERaRCHITECTURE/EXP2/zrx/MipsOS/Project/OpenMIPS/OpenMIPS.srcs/sources_1/new/uart/uart_wb.v" into library xil_defaultlib
INFO: [VRFC 10-311] analyzing module uart_wb
INFO: [VRFC 10-2263] Analyzing Verilog file "E:/cOMPUTERaRCHITECTURE/EXP2/zrx/MipsOS/Project/OpenMIPS/OpenMIPS.srcs/sources_1/new/wb_conmax/wb_conmax_arb.v" into library xil_defaultlib
INFO: [VRFC 10-311] analyzing module wb_conmax_arb
INFO: [VRFC 10-2263] Analyzing Verilog file "E:/cOMPUTERaRCHITECTURE/EXP2/zrx/MipsOS/Project/OpenMIPS/OpenMIPS.srcs/sources_1/new/wb_conmax/wb_conmax_master_if.v" into library xil_defaultlib
INFO: [VRFC 10-311] analyzing module wb_conmax_master_if
INFO: [VRFC 10-2263] Analyzing Verilog file "E:/cOMPUTERaRCHITECTURE/EXP2/zrx/MipsOS/Project/OpenMIPS/OpenMIPS.srcs/sources_1/new/wb_conmax/wb_conmax_msel.v" into library xil_defaultlib
INFO: [VRFC 10-311] analyzing module wb_conmax_msel
INFO: [VRFC 10-2263] Analyzing Verilog file "E:/cOMPUTERaRCHITECTURE/EXP2/zrx/MipsOS/Project/OpenMIPS/OpenMIPS.srcs/sources_1/new/wb_conmax/wb_conmax_pri_dec.v" into library xil_defaultlib
INFO: [VRFC 10-311] analyzing module wb_conmax_pri_dec
INFO: [VRFC 10-2263] Analyzing Verilog file "E:/cOMPUTERaRCHITECTURE/EXP2/zrx/MipsOS/Project/OpenMIPS/OpenMIPS.srcs/sources_1/new/wb_conmax/wb_conmax_pri_enc.v" into library xil_defaultlib
INFO: [VRFC 10-311] analyzing module wb_conmax_pri_enc
INFO: [VRFC 10-2263] Analyzing Verilog file "E:/cOMPUTERaRCHITECTURE/EXP2/zrx/MipsOS/Project/OpenMIPS/OpenMIPS.srcs/sources_1/new/wb_conmax/wb_conmax_rf.v" into library xil_defaultlib
INFO: [VRFC 10-311] analyzing module wb_conmax_rf
INFO: [VRFC 10-2263] Analyzing Verilog file "E:/cOMPUTERaRCHITECTURE/EXP2/zrx/MipsOS/Project/OpenMIPS/OpenMIPS.srcs/sources_1/new/wb_conmax/wb_conmax_slave_if.v" into library xil_defaultlib
INFO: [VRFC 10-311] analyzing module wb_conmax_slave_if
INFO: [VRFC 10-2263] Analyzing Verilog file "E:/cOMPUTERaRCHITECTURE/EXP2/zrx/MipsOS/Project/OpenMIPS/OpenMIPS.srcs/sources_1/new/wb_conmax/wb_conmax_top.v" into library xil_defaultlib
INFO: [VRFC 10-311] analyzing module wb_conmax_top
INFO: [VRFC 10-2263] Analyzing Verilog file "E:/cOMPUTERaRCHITECTURE/EXP2/zrx/MipsOS/Project/OpenMIPS/OpenMIPS.srcs/sources_1/new/OpenMIPS/wishbone_bus_if.v" into library xil_defaultlib
INFO: [VRFC 10-311] analyzing module wishbone_bus_if
INFO: [VRFC 10-2263] Analyzing Verilog file "E:/cOMPUTERaRCHITECTURE/EXP2/zrx/MipsOS/Project/OpenMIPS/OpenMIPS.srcs/sim_1/new/openmips_min_sopc_tb.v" into library xil_defaultlib
INFO: [VRFC 10-311] analyzing module openmips_min_sopc_tb
INFO: [VRFC 10-2263] Analyzing Verilog file "E:/cOMPUTERaRCHITECTURE/EXP2/zrx/MipsOS/Project/OpenMIPS/OpenMIPS.sim/sim_1/behav/xsim/glbl.v" into library xil_defaultlib
INFO: [VRFC 10-311] analyzing module glbl
"xvhdl --incr --relax -prj openmips_min_sopc_tb_vhdl.prj"
run_program: Time (s): cpu = 00:00:01 ; elapsed = 00:00:23 . Memory (MB): peak = 1779.020 ; gain = 0.000
INFO: [USF-XSim-69] 'compile' step finished in '23' seconds
INFO: [USF-XSim-3] XSim::Elaborate design
INFO: [USF-XSim-61] Executing 'ELABORATE' step in 'E:/cOMPUTERaRCHITECTURE/EXP2/zrx/MipsOS/Project/OpenMIPS/OpenMIPS.sim/sim_1/behav/xsim'
"xelab -wto 4c9d15a03076431c966d8e493222eb77 --incr --debug typical --relax --mt 2 -L xil_defaultlib -L unisims_ver -L unimacro_ver -L secureip -L xpm --snapshot openmips_min_sopc_tb_behav xil_defaultlib.openmips_min_sopc_tb xil_defaultlib.glbl -log elaborate.log"
Vivado Simulator 2019.1
Copyright 1986-1999, 2001-2019 Xilinx, Inc. All Rights Reserved.
Running: D:/vivado_2019_1_files/Vivado/2019.1/bin/unwrapped/win64.o/xelab.exe -wto 4c9d15a03076431c966d8e493222eb77 --incr --debug typical --relax --mt 2 -L xil_defaultlib -L unisims_ver -L unimacro_ver -L secureip -L xpm --snapshot openmips_min_sopc_tb_behav xil_defaultlib.openmips_min_sopc_tb xil_defaultlib.glbl -log elaborate.log 
Using 2 slave threads.
Starting static elaboration
ERROR: [VRFC 10-3180] cannot find port 'dtube_data' on this module [E:/cOMPUTERaRCHITECTURE/EXP2/zrx/MipsOS/Project/OpenMIPS/OpenMIPS.srcs/sim_1/new/openmips_min_sopc_tb.v:81]
ERROR: [VRFC 10-3180] cannot find port 'dtube_cs_n' on this module [E:/cOMPUTERaRCHITECTURE/EXP2/zrx/MipsOS/Project/OpenMIPS/OpenMIPS.srcs/sim_1/new/openmips_min_sopc_tb.v:80]
ERROR: [XSIM 43-3322] Static elaboration of top level Verilog design unit(s) in library work failed.
INFO: [USF-XSim-69] 'elaborate' step finished in '2' seconds
INFO: [USF-XSim-99] Step results log file:'E:/cOMPUTERaRCHITECTURE/EXP2/zrx/MipsOS/Project/OpenMIPS/OpenMIPS.sim/sim_1/behav/xsim/elaborate.log'
ERROR: [USF-XSim-62] 'elaborate' step failed with error(s). Please check the Tcl console output or 'E:/cOMPUTERaRCHITECTURE/EXP2/zrx/MipsOS/Project/OpenMIPS/OpenMIPS.sim/sim_1/behav/xsim/elaborate.log' file for more information.
ERROR: [Vivado 12-4473] Detected error while running simulation. Please correct the issue and retry this operation.
launch_simulation: Time (s): cpu = 00:00:02 ; elapsed = 00:00:28 . Memory (MB): peak = 1779.020 ; gain = 0.000
ERROR: [Common 17-39] 'launch_simulation' failed due to earlier errors.
launch_simulation
INFO: [Vivado 12-5698] Checking validity of IPs in the design for the 'XSim' simulator...
INFO: [Vivado 12-5682] Launching behavioral simulation in 'E:/cOMPUTERaRCHITECTURE/EXP2/zrx/MipsOS/Project/OpenMIPS/OpenMIPS.sim/sim_1/behav/xsim'
INFO: [Vivado 12-4795] Using compiled simulation libraries for IPs
INFO: [SIM-utils-51] Simulation object is 'sim_1'
INFO: [USF-XSim-7] Finding pre-compiled libraries...
INFO: [USF-XSim-11] File 'D:/vivado_2019_1_files/Vivado/2019.1/data/xsim/xsim.ini' copied to run dir:'E:/cOMPUTERaRCHITECTURE/EXP2/zrx/MipsOS/Project/OpenMIPS/OpenMIPS.sim/sim_1/behav/xsim'
INFO: [SIM-utils-54] Inspecting design source files for 'openmips_min_sopc_tb' in fileset 'sim_1'...
INFO: [USF-XSim-97] Finding global include files...
INFO: [USF-XSim-98] Fetching design files from 'sim_1'...
INFO: [USF-XSim-2] XSim::Compile design
INFO: [USF-XSim-61] Executing 'COMPILE and ANALYZE' step in 'E:/cOMPUTERaRCHITECTURE/EXP2/zrx/MipsOS/Project/OpenMIPS/OpenMIPS.sim/sim_1/behav/xsim'
"xvlog --incr --relax -prj openmips_min_sopc_tb_vlog.prj"
INFO: [VRFC 10-2263] Analyzing Verilog file "E:/cOMPUTERaRCHITECTURE/EXP2/zrx/MipsOS/Project/OpenMIPS/OpenMIPS.srcs/sources_1/ip/mig_7series_0/mig_7series_0/user_design/rtl/clocking/mig_7series_v4_2_clk_ibuf.v" into library xil_defaultlib
INFO: [VRFC 10-311] analyzing module mig_7series_v4_2_clk_ibuf
INFO: [VRFC 10-2263] Analyzing Verilog file "E:/cOMPUTERaRCHITECTURE/EXP2/zrx/MipsOS/Project/OpenMIPS/OpenMIPS.srcs/sources_1/ip/mig_7series_0/mig_7series_0/user_design/rtl/clocking/mig_7series_v4_2_infrastructure.v" into library xil_defaultlib
INFO: [VRFC 10-311] analyzing module mig_7series_v4_2_infrastructure
INFO: [VRFC 10-2263] Analyzing Verilog file "E:/cOMPUTERaRCHITECTURE/EXP2/zrx/MipsOS/Project/OpenMIPS/OpenMIPS.srcs/sources_1/ip/mig_7series_0/mig_7series_0/user_design/rtl/clocking/mig_7series_v4_2_iodelay_ctrl.v" into library xil_defaultlib
INFO: [VRFC 10-311] analyzing module mig_7series_v4_2_iodelay_ctrl
INFO: [VRFC 10-2263] Analyzing Verilog file "E:/cOMPUTERaRCHITECTURE/EXP2/zrx/MipsOS/Project/OpenMIPS/OpenMIPS.srcs/sources_1/ip/mig_7series_0/mig_7series_0/user_design/rtl/clocking/mig_7series_v4_2_tempmon.v" into library xil_defaultlib
INFO: [VRFC 10-311] analyzing module mig_7series_v4_2_tempmon
INFO: [VRFC 10-2263] Analyzing Verilog file "E:/cOMPUTERaRCHITECTURE/EXP2/zrx/MipsOS/Project/OpenMIPS/OpenMIPS.srcs/sources_1/ip/mig_7series_0/mig_7series_0/user_design/rtl/controller/mig_7series_v4_2_arb_mux.v" into library xil_defaultlib
INFO: [VRFC 10-311] analyzing module mig_7series_v4_2_arb_mux
INFO: [VRFC 10-2263] Analyzing Verilog file "E:/cOMPUTERaRCHITECTURE/EXP2/zrx/MipsOS/Project/OpenMIPS/OpenMIPS.srcs/sources_1/ip/mig_7series_0/mig_7series_0/user_design/rtl/controller/mig_7series_v4_2_arb_row_col.v" into library xil_defaultlib
INFO: [VRFC 10-311] analyzing module mig_7series_v4_2_arb_row_col
WARNING: [VRFC 10-2654] begin/end is required for generate-for in this mode of verilog [E:/cOMPUTERaRCHITECTURE/EXP2/zrx/MipsOS/Project/OpenMIPS/OpenMIPS.srcs/sources_1/ip/mig_7series_0/mig_7series_0/user_design/rtl/controller/mig_7series_v4_2_arb_row_col.v:252]
INFO: [VRFC 10-2263] Analyzing Verilog file "E:/cOMPUTERaRCHITECTURE/EXP2/zrx/MipsOS/Project/OpenMIPS/OpenMIPS.srcs/sources_1/ip/mig_7series_0/mig_7series_0/user_design/rtl/controller/mig_7series_v4_2_arb_select.v" into library xil_defaultlib
INFO: [VRFC 10-311] analyzing module mig_7series_v4_2_arb_select
INFO: [VRFC 10-2263] Analyzing Verilog file "E:/cOMPUTERaRCHITECTURE/EXP2/zrx/MipsOS/Project/OpenMIPS/OpenMIPS.srcs/sources_1/ip/mig_7series_0/mig_7series_0/user_design/rtl/controller/mig_7series_v4_2_bank_cntrl.v" into library xil_defaultlib
INFO: [VRFC 10-311] analyzing module mig_7series_v4_2_bank_cntrl
INFO: [VRFC 10-2263] Analyzing Verilog file "E:/cOMPUTERaRCHITECTURE/EXP2/zrx/MipsOS/Project/OpenMIPS/OpenMIPS.srcs/sources_1/ip/mig_7series_0/mig_7series_0/user_design/rtl/controller/mig_7series_v4_2_bank_common.v" into library xil_defaultlib
INFO: [VRFC 10-311] analyzing module mig_7series_v4_2_bank_common
INFO: [VRFC 10-2263] Analyzing Verilog file "E:/cOMPUTERaRCHITECTURE/EXP2/zrx/MipsOS/Project/OpenMIPS/OpenMIPS.srcs/sources_1/ip/mig_7series_0/mig_7series_0/user_design/rtl/controller/mig_7series_v4_2_bank_compare.v" into library xil_defaultlib
INFO: [VRFC 10-311] analyzing module mig_7series_v4_2_bank_compare
INFO: [VRFC 10-2263] Analyzing Verilog file "E:/cOMPUTERaRCHITECTURE/EXP2/zrx/MipsOS/Project/OpenMIPS/OpenMIPS.srcs/sources_1/ip/mig_7series_0/mig_7series_0/user_design/rtl/controller/mig_7series_v4_2_bank_mach.v" into library xil_defaultlib
INFO: [VRFC 10-311] analyzing module mig_7series_v4_2_bank_mach
INFO: [VRFC 10-2263] Analyzing Verilog file "E:/cOMPUTERaRCHITECTURE/EXP2/zrx/MipsOS/Project/OpenMIPS/OpenMIPS.srcs/sources_1/ip/mig_7series_0/mig_7series_0/user_design/rtl/controller/mig_7series_v4_2_bank_queue.v" into library xil_defaultlib
INFO: [VRFC 10-311] analyzing module mig_7series_v4_2_bank_queue
INFO: [VRFC 10-2263] Analyzing Verilog file "E:/cOMPUTERaRCHITECTURE/EXP2/zrx/MipsOS/Project/OpenMIPS/OpenMIPS.srcs/sources_1/ip/mig_7series_0/mig_7series_0/user_design/rtl/controller/mig_7series_v4_2_bank_state.v" into library xil_defaultlib
INFO: [VRFC 10-311] analyzing module mig_7series_v4_2_bank_state
INFO: [VRFC 10-2263] Analyzing Verilog file "E:/cOMPUTERaRCHITECTURE/EXP2/zrx/MipsOS/Project/OpenMIPS/OpenMIPS.srcs/sources_1/ip/mig_7series_0/mig_7series_0/user_design/rtl/controller/mig_7series_v4_2_col_mach.v" into library xil_defaultlib
INFO: [VRFC 10-311] analyzing module mig_7series_v4_2_col_mach
INFO: [VRFC 10-2263] Analyzing Verilog file "E:/cOMPUTERaRCHITECTURE/EXP2/zrx/MipsOS/Project/OpenMIPS/OpenMIPS.srcs/sources_1/ip/mig_7series_0/mig_7series_0/user_design/rtl/controller/mig_7series_v4_2_mc.v" into library xil_defaultlib
INFO: [VRFC 10-311] analyzing module mig_7series_v4_2_mc
INFO: [VRFC 10-2263] Analyzing Verilog file "E:/cOMPUTERaRCHITECTURE/EXP2/zrx/MipsOS/Project/OpenMIPS/OpenMIPS.srcs/sources_1/ip/mig_7series_0/mig_7series_0/user_design/rtl/controller/mig_7series_v4_2_rank_cntrl.v" into library xil_defaultlib
INFO: [VRFC 10-311] analyzing module mig_7series_v4_2_rank_cntrl
INFO: [VRFC 10-2263] Analyzing Verilog file "E:/cOMPUTERaRCHITECTURE/EXP2/zrx/MipsOS/Project/OpenMIPS/OpenMIPS.srcs/sources_1/ip/mig_7series_0/mig_7series_0/user_design/rtl/controller/mig_7series_v4_2_rank_common.v" into library xil_defaultlib
INFO: [VRFC 10-311] analyzing module mig_7series_v4_2_rank_common
INFO: [VRFC 10-2263] Analyzing Verilog file "E:/cOMPUTERaRCHITECTURE/EXP2/zrx/MipsOS/Project/OpenMIPS/OpenMIPS.srcs/sources_1/ip/mig_7series_0/mig_7series_0/user_design/rtl/controller/mig_7series_v4_2_rank_mach.v" into library xil_defaultlib
INFO: [VRFC 10-311] analyzing module mig_7series_v4_2_rank_mach
INFO: [VRFC 10-2263] Analyzing Verilog file "E:/cOMPUTERaRCHITECTURE/EXP2/zrx/MipsOS/Project/OpenMIPS/OpenMIPS.srcs/sources_1/ip/mig_7series_0/mig_7series_0/user_design/rtl/controller/mig_7series_v4_2_round_robin_arb.v" into library xil_defaultlib
INFO: [VRFC 10-311] analyzing module mig_7series_v4_2_round_robin_arb
INFO: [VRFC 10-2263] Analyzing Verilog file "E:/cOMPUTERaRCHITECTURE/EXP2/zrx/MipsOS/Project/OpenMIPS/OpenMIPS.srcs/sources_1/ip/mig_7series_0/mig_7series_0/user_design/rtl/ecc/mig_7series_v4_2_ecc_buf.v" into library xil_defaultlib
INFO: [VRFC 10-311] analyzing module mig_7series_v4_2_ecc_buf
INFO: [VRFC 10-2263] Analyzing Verilog file "E:/cOMPUTERaRCHITECTURE/EXP2/zrx/MipsOS/Project/OpenMIPS/OpenMIPS.srcs/sources_1/ip/mig_7series_0/mig_7series_0/user_design/rtl/ecc/mig_7series_v4_2_ecc_dec_fix.v" into library xil_defaultlib
INFO: [VRFC 10-311] analyzing module mig_7series_v4_2_ecc_dec_fix
INFO: [VRFC 10-2263] Analyzing Verilog file "E:/cOMPUTERaRCHITECTURE/EXP2/zrx/MipsOS/Project/OpenMIPS/OpenMIPS.srcs/sources_1/ip/mig_7series_0/mig_7series_0/user_design/rtl/ecc/mig_7series_v4_2_ecc_gen.v" into library xil_defaultlib
INFO: [VRFC 10-311] analyzing module mig_7series_v4_2_ecc_gen
INFO: [VRFC 10-2263] Analyzing Verilog file "E:/cOMPUTERaRCHITECTURE/EXP2/zrx/MipsOS/Project/OpenMIPS/OpenMIPS.srcs/sources_1/ip/mig_7series_0/mig_7series_0/user_design/rtl/ecc/mig_7series_v4_2_ecc_merge_enc.v" into library xil_defaultlib
INFO: [VRFC 10-311] analyzing module mig_7series_v4_2_ecc_merge_enc
INFO: [VRFC 10-2263] Analyzing Verilog file "E:/cOMPUTERaRCHITECTURE/EXP2/zrx/MipsOS/Project/OpenMIPS/OpenMIPS.srcs/sources_1/ip/mig_7series_0/mig_7series_0/user_design/rtl/ecc/mig_7series_v4_2_fi_xor.v" into library xil_defaultlib
INFO: [VRFC 10-311] analyzing module mig_7series_v4_2_fi_xor
INFO: [VRFC 10-2263] Analyzing Verilog file "E:/cOMPUTERaRCHITECTURE/EXP2/zrx/MipsOS/Project/OpenMIPS/OpenMIPS.srcs/sources_1/ip/mig_7series_0/mig_7series_0/user_design/rtl/ip_top/mig_7series_v4_2_mem_intfc.v" into library xil_defaultlib
INFO: [VRFC 10-311] analyzing module mig_7series_v4_2_mem_intfc
INFO: [VRFC 10-2263] Analyzing Verilog file "E:/cOMPUTERaRCHITECTURE/EXP2/zrx/MipsOS/Project/OpenMIPS/OpenMIPS.srcs/sources_1/ip/mig_7series_0/mig_7series_0/user_design/rtl/ip_top/mig_7series_v4_2_memc_ui_top_std.v" into library xil_defaultlib
INFO: [VRFC 10-311] analyzing module mig_7series_v4_2_memc_ui_top_std
INFO: [VRFC 10-2263] Analyzing Verilog file "E:/cOMPUTERaRCHITECTURE/EXP2/zrx/MipsOS/Project/OpenMIPS/OpenMIPS.srcs/sources_1/ip/mig_7series_0/mig_7series_0/user_design/rtl/phy/mig_7series_v4_2_ddr_byte_group_io.v" into library xil_defaultlib
INFO: [VRFC 10-311] analyzing module mig_7series_v4_2_ddr_byte_group_io
INFO: [VRFC 10-2263] Analyzing Verilog file "E:/cOMPUTERaRCHITECTURE/EXP2/zrx/MipsOS/Project/OpenMIPS/OpenMIPS.srcs/sources_1/ip/mig_7series_0/mig_7series_0/user_design/rtl/phy/mig_7series_v4_2_ddr_byte_lane.v" into library xil_defaultlib
INFO: [VRFC 10-311] analyzing module mig_7series_v4_2_ddr_byte_lane
INFO: [VRFC 10-2263] Analyzing Verilog file "E:/cOMPUTERaRCHITECTURE/EXP2/zrx/MipsOS/Project/OpenMIPS/OpenMIPS.srcs/sources_1/ip/mig_7series_0/mig_7series_0/user_design/rtl/phy/mig_7series_v4_2_ddr_phy_tempmon.v" into library xil_defaultlib
INFO: [VRFC 10-311] analyzing module mig_7series_v4_2_ddr_phy_tempmon
INFO: [VRFC 10-2263] Analyzing Verilog file "E:/cOMPUTERaRCHITECTURE/EXP2/zrx/MipsOS/Project/OpenMIPS/OpenMIPS.srcs/sources_1/ip/mig_7series_0/mig_7series_0/user_design/rtl/phy/mig_7series_v4_2_ddr_calib_top.v" into library xil_defaultlib
INFO: [VRFC 10-311] analyzing module mig_7series_v4_2_ddr_calib_top
INFO: [VRFC 10-2263] Analyzing Verilog file "E:/cOMPUTERaRCHITECTURE/EXP2/zrx/MipsOS/Project/OpenMIPS/OpenMIPS.srcs/sources_1/ip/mig_7series_0/mig_7series_0/user_design/rtl/phy/mig_7series_v4_2_ddr_if_post_fifo.v" into library xil_defaultlib
INFO: [VRFC 10-311] analyzing module mig_7series_v4_2_ddr_if_post_fifo
INFO: [VRFC 10-2263] Analyzing Verilog file "E:/cOMPUTERaRCHITECTURE/EXP2/zrx/MipsOS/Project/OpenMIPS/OpenMIPS.srcs/sources_1/ip/mig_7series_0/mig_7series_0/user_design/rtl/phy/mig_7series_v4_2_ddr_mc_phy.v" into library xil_defaultlib
INFO: [VRFC 10-311] analyzing module mig_7series_v4_2_ddr_mc_phy
INFO: [VRFC 10-2263] Analyzing Verilog file "E:/cOMPUTERaRCHITECTURE/EXP2/zrx/MipsOS/Project/OpenMIPS/OpenMIPS.srcs/sources_1/ip/mig_7series_0/mig_7series_0/user_design/rtl/phy/mig_7series_v4_2_ddr_mc_phy_wrapper.v" into library xil_defaultlib
INFO: [VRFC 10-311] analyzing module mig_7series_v4_2_ddr_mc_phy_wrapper
INFO: [VRFC 10-2263] Analyzing Verilog file "E:/cOMPUTERaRCHITECTURE/EXP2/zrx/MipsOS/Project/OpenMIPS/OpenMIPS.srcs/sources_1/ip/mig_7series_0/mig_7series_0/user_design/rtl/phy/mig_7series_v4_2_ddr_of_pre_fifo.v" into library xil_defaultlib
INFO: [VRFC 10-311] analyzing module mig_7series_v4_2_ddr_of_pre_fifo
INFO: [VRFC 10-2263] Analyzing Verilog file "E:/cOMPUTERaRCHITECTURE/EXP2/zrx/MipsOS/Project/OpenMIPS/OpenMIPS.srcs/sources_1/ip/mig_7series_0/mig_7series_0/user_design/rtl/phy/mig_7series_v4_2_ddr_phy_4lanes.v" into library xil_defaultlib
INFO: [VRFC 10-311] analyzing module mig_7series_v4_2_ddr_phy_4lanes
INFO: [VRFC 10-2263] Analyzing Verilog file "E:/cOMPUTERaRCHITECTURE/EXP2/zrx/MipsOS/Project/OpenMIPS/OpenMIPS.srcs/sources_1/ip/mig_7series_0/mig_7series_0/user_design/rtl/phy/mig_7series_v4_2_ddr_phy_init.v" into library xil_defaultlib
INFO: [VRFC 10-311] analyzing module mig_7series_v4_2_ddr_phy_init
INFO: [VRFC 10-2263] Analyzing Verilog file "E:/cOMPUTERaRCHITECTURE/EXP2/zrx/MipsOS/Project/OpenMIPS/OpenMIPS.srcs/sources_1/ip/mig_7series_0/mig_7series_0/user_design/rtl/phy/mig_7series_v4_2_ddr_phy_dqs_found_cal.v" into library xil_defaultlib
INFO: [VRFC 10-311] analyzing module mig_7series_v4_2_ddr_phy_dqs_found_cal
INFO: [VRFC 10-2263] Analyzing Verilog file "E:/cOMPUTERaRCHITECTURE/EXP2/zrx/MipsOS/Project/OpenMIPS/OpenMIPS.srcs/sources_1/ip/mig_7series_0/mig_7series_0/user_design/rtl/phy/mig_7series_v4_2_ddr_phy_dqs_found_cal_hr.v" into library xil_defaultlib
INFO: [VRFC 10-311] analyzing module mig_7series_v4_2_ddr_phy_dqs_found_cal_hr
INFO: [VRFC 10-2263] Analyzing Verilog file "E:/cOMPUTERaRCHITECTURE/EXP2/zrx/MipsOS/Project/OpenMIPS/OpenMIPS.srcs/sources_1/ip/mig_7series_0/mig_7series_0/user_design/rtl/phy/mig_7series_v4_2_ddr_phy_oclkdelay_cal.v" into library xil_defaultlib
INFO: [VRFC 10-311] analyzing module mig_7series_v4_2_ddr_phy_oclkdelay_cal
INFO: [VRFC 10-2263] Analyzing Verilog file "E:/cOMPUTERaRCHITECTURE/EXP2/zrx/MipsOS/Project/OpenMIPS/OpenMIPS.srcs/sources_1/ip/mig_7series_0/mig_7series_0/user_design/rtl/phy/mig_7series_v4_2_ddr_phy_prbs_rdlvl.v" into library xil_defaultlib
INFO: [VRFC 10-311] analyzing module mig_7series_v4_2_ddr_phy_prbs_rdlvl
INFO: [VRFC 10-2263] Analyzing Verilog file "E:/cOMPUTERaRCHITECTURE/EXP2/zrx/MipsOS/Project/OpenMIPS/OpenMIPS.srcs/sources_1/ip/mig_7series_0/mig_7series_0/user_design/rtl/phy/mig_7series_v4_2_ddr_phy_rdlvl.v" into library xil_defaultlib
INFO: [VRFC 10-311] analyzing module mig_7series_v4_2_ddr_phy_rdlvl
INFO: [VRFC 10-2263] Analyzing Verilog file "E:/cOMPUTERaRCHITECTURE/EXP2/zrx/MipsOS/Project/OpenMIPS/OpenMIPS.srcs/sources_1/ip/mig_7series_0/mig_7series_0/user_design/rtl/phy/mig_7series_v4_2_ddr_phy_top.v" into library xil_defaultlib
INFO: [VRFC 10-311] analyzing module mig_7series_v4_2_ddr_phy_top
INFO: [VRFC 10-2263] Analyzing Verilog file "E:/cOMPUTERaRCHITECTURE/EXP2/zrx/MipsOS/Project/OpenMIPS/OpenMIPS.srcs/sources_1/ip/mig_7series_0/mig_7series_0/user_design/rtl/phy/mig_7series_v4_2_ddr_phy_wrcal.v" into library xil_defaultlib
INFO: [VRFC 10-311] analyzing module mig_7series_v4_2_ddr_phy_wrcal
INFO: [VRFC 10-2263] Analyzing Verilog file "E:/cOMPUTERaRCHITECTURE/EXP2/zrx/MipsOS/Project/OpenMIPS/OpenMIPS.srcs/sources_1/ip/mig_7series_0/mig_7series_0/user_design/rtl/phy/mig_7series_v4_2_ddr_phy_wrlvl_off_delay.v" into library xil_defaultlib
INFO: [VRFC 10-311] analyzing module mig_7series_v4_2_ddr_phy_wrlvl_off_delay
INFO: [VRFC 10-2263] Analyzing Verilog file "E:/cOMPUTERaRCHITECTURE/EXP2/zrx/MipsOS/Project/OpenMIPS/OpenMIPS.srcs/sources_1/ip/mig_7series_0/mig_7series_0/user_design/rtl/phy/mig_7series_v4_2_ddr_prbs_gen.v" into library xil_defaultlib
INFO: [VRFC 10-311] analyzing module mig_7series_v4_2_ddr_prbs_gen
INFO: [VRFC 10-2263] Analyzing Verilog file "E:/cOMPUTERaRCHITECTURE/EXP2/zrx/MipsOS/Project/OpenMIPS/OpenMIPS.srcs/sources_1/ip/mig_7series_0/mig_7series_0/user_design/rtl/phy/mig_7series_v4_2_ddr_phy_ck_addr_cmd_delay.v" into library xil_defaultlib
INFO: [VRFC 10-311] analyzing module mig_7series_v4_2_ddr_phy_ck_addr_cmd_delay
INFO: [VRFC 10-2263] Analyzing Verilog file "E:/cOMPUTERaRCHITECTURE/EXP2/zrx/MipsOS/Project/OpenMIPS/OpenMIPS.srcs/sources_1/ip/mig_7series_0/mig_7series_0/user_design/rtl/phy/mig_7series_v4_2_ddr_phy_wrlvl.v" into library xil_defaultlib
INFO: [VRFC 10-311] analyzing module mig_7series_v4_2_ddr_phy_wrlvl
INFO: [VRFC 10-2263] Analyzing Verilog file "E:/cOMPUTERaRCHITECTURE/EXP2/zrx/MipsOS/Project/OpenMIPS/OpenMIPS.srcs/sources_1/ip/mig_7series_0/mig_7series_0/user_design/rtl/phy/mig_7series_v4_2_ddr_phy_ocd_lim.v" into library xil_defaultlib
INFO: [VRFC 10-311] analyzing module mig_7series_v4_2_ddr_phy_ocd_lim
INFO: [VRFC 10-2263] Analyzing Verilog file "E:/cOMPUTERaRCHITECTURE/EXP2/zrx/MipsOS/Project/OpenMIPS/OpenMIPS.srcs/sources_1/ip/mig_7series_0/mig_7series_0/user_design/rtl/phy/mig_7series_v4_2_poc_top.v" into library xil_defaultlib
INFO: [VRFC 10-311] analyzing module mig_7series_v4_2_poc_top
INFO: [VRFC 10-2263] Analyzing Verilog file "E:/cOMPUTERaRCHITECTURE/EXP2/zrx/MipsOS/Project/OpenMIPS/OpenMIPS.srcs/sources_1/ip/mig_7series_0/mig_7series_0/user_design/rtl/phy/mig_7series_v4_2_ddr_phy_ocd_mux.v" into library xil_defaultlib
INFO: [VRFC 10-311] analyzing module mig_7series_v4_2_ddr_phy_ocd_mux
INFO: [VRFC 10-2263] Analyzing Verilog file "E:/cOMPUTERaRCHITECTURE/EXP2/zrx/MipsOS/Project/OpenMIPS/OpenMIPS.srcs/sources_1/ip/mig_7series_0/mig_7series_0/user_design/rtl/phy/mig_7series_v4_2_ddr_phy_ocd_data.v" into library xil_defaultlib
INFO: [VRFC 10-311] analyzing module mig_7series_v4_2_ddr_phy_ocd_data
INFO: [VRFC 10-2263] Analyzing Verilog file "E:/cOMPUTERaRCHITECTURE/EXP2/zrx/MipsOS/Project/OpenMIPS/OpenMIPS.srcs/sources_1/ip/mig_7series_0/mig_7series_0/user_design/rtl/phy/mig_7series_v4_2_ddr_phy_ocd_samp.v" into library xil_defaultlib
INFO: [VRFC 10-311] analyzing module mig_7series_v4_2_ddr_phy_ocd_samp
INFO: [VRFC 10-2263] Analyzing Verilog file "E:/cOMPUTERaRCHITECTURE/EXP2/zrx/MipsOS/Project/OpenMIPS/OpenMIPS.srcs/sources_1/ip/mig_7series_0/mig_7series_0/user_design/rtl/phy/mig_7series_v4_2_ddr_phy_ocd_edge.v" into library xil_defaultlib
INFO: [VRFC 10-311] analyzing module mig_7series_v4_2_ddr_phy_ocd_edge
INFO: [VRFC 10-2263] Analyzing Verilog file "E:/cOMPUTERaRCHITECTURE/EXP2/zrx/MipsOS/Project/OpenMIPS/OpenMIPS.srcs/sources_1/ip/mig_7series_0/mig_7series_0/user_design/rtl/phy/mig_7series_v4_2_ddr_phy_ocd_cntlr.v" into library xil_defaultlib
INFO: [VRFC 10-311] analyzing module mig_7series_v4_2_ddr_phy_ocd_cntlr
INFO: [VRFC 10-2263] Analyzing Verilog file "E:/cOMPUTERaRCHITECTURE/EXP2/zrx/MipsOS/Project/OpenMIPS/OpenMIPS.srcs/sources_1/ip/mig_7series_0/mig_7series_0/user_design/rtl/phy/mig_7series_v4_2_ddr_phy_ocd_po_cntlr.v" into library xil_defaultlib
INFO: [VRFC 10-311] analyzing module mig_7series_v4_2_ddr_phy_ocd_po_cntlr
INFO: [VRFC 10-2263] Analyzing Verilog file "E:/cOMPUTERaRCHITECTURE/EXP2/zrx/MipsOS/Project/OpenMIPS/OpenMIPS.srcs/sources_1/ip/mig_7series_0/mig_7series_0/user_design/rtl/phy/mig_7series_v4_2_poc_pd.v" into library xil_defaultlib
INFO: [VRFC 10-311] analyzing module mig_7series_v4_2_poc_pd
INFO: [VRFC 10-2263] Analyzing Verilog file "E:/cOMPUTERaRCHITECTURE/EXP2/zrx/MipsOS/Project/OpenMIPS/OpenMIPS.srcs/sources_1/ip/mig_7series_0/mig_7series_0/user_design/rtl/phy/mig_7series_v4_2_poc_tap_base.v" into library xil_defaultlib
INFO: [VRFC 10-311] analyzing module mig_7series_v4_2_poc_tap_base
INFO: [VRFC 10-2263] Analyzing Verilog file "E:/cOMPUTERaRCHITECTURE/EXP2/zrx/MipsOS/Project/OpenMIPS/OpenMIPS.srcs/sources_1/ip/mig_7series_0/mig_7series_0/user_design/rtl/phy/mig_7series_v4_2_poc_meta.v" into library xil_defaultlib
INFO: [VRFC 10-311] analyzing module mig_7series_v4_2_poc_meta
INFO: [VRFC 10-2263] Analyzing Verilog file "E:/cOMPUTERaRCHITECTURE/EXP2/zrx/MipsOS/Project/OpenMIPS/OpenMIPS.srcs/sources_1/ip/mig_7series_0/mig_7series_0/user_design/rtl/phy/mig_7series_v4_2_poc_edge_store.v" into library xil_defaultlib
INFO: [VRFC 10-311] analyzing module mig_7series_v4_2_poc_edge_store
INFO: [VRFC 10-2263] Analyzing Verilog file "E:/cOMPUTERaRCHITECTURE/EXP2/zrx/MipsOS/Project/OpenMIPS/OpenMIPS.srcs/sources_1/ip/mig_7series_0/mig_7series_0/user_design/rtl/phy/mig_7series_v4_2_poc_cc.v" into library xil_defaultlib
INFO: [VRFC 10-311] analyzing module mig_7series_v4_2_poc_cc
INFO: [VRFC 10-2263] Analyzing Verilog file "E:/cOMPUTERaRCHITECTURE/EXP2/zrx/MipsOS/Project/OpenMIPS/OpenMIPS.srcs/sources_1/ip/mig_7series_0/mig_7series_0/user_design/rtl/ui/mig_7series_v4_2_ui_cmd.v" into library xil_defaultlib
INFO: [VRFC 10-311] analyzing module mig_7series_v4_2_ui_cmd
INFO: [VRFC 10-2263] Analyzing Verilog file "E:/cOMPUTERaRCHITECTURE/EXP2/zrx/MipsOS/Project/OpenMIPS/OpenMIPS.srcs/sources_1/ip/mig_7series_0/mig_7series_0/user_design/rtl/ui/mig_7series_v4_2_ui_rd_data.v" into library xil_defaultlib
INFO: [VRFC 10-311] analyzing module mig_7series_v4_2_ui_rd_data
INFO: [VRFC 10-2263] Analyzing Verilog file "E:/cOMPUTERaRCHITECTURE/EXP2/zrx/MipsOS/Project/OpenMIPS/OpenMIPS.srcs/sources_1/ip/mig_7series_0/mig_7series_0/user_design/rtl/ui/mig_7series_v4_2_ui_top.v" into library xil_defaultlib
INFO: [VRFC 10-311] analyzing module mig_7series_v4_2_ui_top
INFO: [VRFC 10-2263] Analyzing Verilog file "E:/cOMPUTERaRCHITECTURE/EXP2/zrx/MipsOS/Project/OpenMIPS/OpenMIPS.srcs/sources_1/ip/mig_7series_0/mig_7series_0/user_design/rtl/ui/mig_7series_v4_2_ui_wr_data.v" into library xil_defaultlib
INFO: [VRFC 10-311] analyzing module mig_7series_v4_2_ui_wr_data
INFO: [VRFC 10-2263] Analyzing Verilog file "E:/cOMPUTERaRCHITECTURE/EXP2/zrx/MipsOS/Project/OpenMIPS/OpenMIPS.srcs/sources_1/ip/mig_7series_0/mig_7series_0/user_design/rtl/mig_7series_0_mig_sim.v" into library xil_defaultlib
INFO: [VRFC 10-311] analyzing module mig_7series_0_mig
INFO: [VRFC 10-2458] undeclared symbol dbg_sel_po_incdec, assumed default net type wire [E:/cOMPUTERaRCHITECTURE/EXP2/zrx/MipsOS/Project/OpenMIPS/OpenMIPS.srcs/sources_1/ip/mig_7series_0/mig_7series_0/user_design/rtl/mig_7series_0_mig_sim.v:1022]
INFO: [VRFC 10-2458] undeclared symbol dbg_po_f_inc, assumed default net type wire [E:/cOMPUTERaRCHITECTURE/EXP2/zrx/MipsOS/Project/OpenMIPS/OpenMIPS.srcs/sources_1/ip/mig_7series_0/mig_7series_0/user_design/rtl/mig_7series_0_mig_sim.v:1026]
INFO: [VRFC 10-2458] undeclared symbol dbg_po_f_stg23_sel, assumed default net type wire [E:/cOMPUTERaRCHITECTURE/EXP2/zrx/MipsOS/Project/OpenMIPS/OpenMIPS.srcs/sources_1/ip/mig_7series_0/mig_7series_0/user_design/rtl/mig_7series_0_mig_sim.v:1027]
INFO: [VRFC 10-2458] undeclared symbol dbg_po_f_dec, assumed default net type wire [E:/cOMPUTERaRCHITECTURE/EXP2/zrx/MipsOS/Project/OpenMIPS/OpenMIPS.srcs/sources_1/ip/mig_7series_0/mig_7series_0/user_design/rtl/mig_7series_0_mig_sim.v:1028]
INFO: [VRFC 10-2458] undeclared symbol dbg_poc, assumed default net type wire [E:/cOMPUTERaRCHITECTURE/EXP2/zrx/MipsOS/Project/OpenMIPS/OpenMIPS.srcs/sources_1/ip/mig_7series_0/mig_7series_0/user_design/rtl/mig_7series_0_mig_sim.v:1082]
INFO: [VRFC 10-2263] Analyzing Verilog file "E:/cOMPUTERaRCHITECTURE/EXP2/zrx/MipsOS/Project/OpenMIPS/OpenMIPS.srcs/sources_1/ip/mig_7series_0/mig_7series_0/user_design/rtl/mig_7series_0.v" into library xil_defaultlib
INFO: [VRFC 10-311] analyzing module mig_7series_0
INFO: [VRFC 10-2263] Analyzing Verilog file "E:/cOMPUTERaRCHITECTURE/EXP2/zrx/MipsOS/Project/OpenMIPS/OpenMIPS.srcs/sources_1/ip/clk_wiz_0/clk_wiz_0_clk_wiz.v" into library xil_defaultlib
INFO: [VRFC 10-311] analyzing module clk_wiz_0_clk_wiz
INFO: [VRFC 10-2263] Analyzing Verilog file "E:/cOMPUTERaRCHITECTURE/EXP2/zrx/MipsOS/Project/OpenMIPS/OpenMIPS.srcs/sources_1/ip/clk_wiz_0/clk_wiz_0.v" into library xil_defaultlib
INFO: [VRFC 10-311] analyzing module clk_wiz_0
INFO: [VRFC 10-2263] Analyzing Verilog file "E:/cOMPUTERaRCHITECTURE/EXP2/zrx/MipsOS/Project/OpenMIPS/OpenMIPS.srcs/sources_1/new/ddr/DDR2.v" into library xil_defaultlib
INFO: [VRFC 10-311] analyzing module DDR2
INFO: [VRFC 10-2263] Analyzing Verilog file "E:/cOMPUTERaRCHITECTURE/EXP2/zrx/MipsOS/Project/OpenMIPS/OpenMIPS.srcs/sources_1/new/OpenMIPS/LLbit_reg.v" into library xil_defaultlib
INFO: [VRFC 10-311] analyzing module LLbit_reg
INFO: [VRFC 10-2263] Analyzing Verilog file "E:/cOMPUTERaRCHITECTURE/EXP2/zrx/MipsOS/Project/OpenMIPS/OpenMIPS.srcs/sources_1/new/OpenMIPS/cp0_reg.v" into library xil_defaultlib
INFO: [VRFC 10-311] analyzing module cp0_reg
INFO: [VRFC 10-2263] Analyzing Verilog file "E:/cOMPUTERaRCHITECTURE/EXP2/zrx/MipsOS/Project/OpenMIPS/OpenMIPS.srcs/sources_1/new/OpenMIPS/ctrl.v" into library xil_defaultlib
INFO: [VRFC 10-311] analyzing module ctrl
INFO: [VRFC 10-2263] Analyzing Verilog file "E:/cOMPUTERaRCHITECTURE/EXP2/zrx/MipsOS/Project/OpenMIPS/OpenMIPS.srcs/sim_1/new/ddr2_model.v" into library xil_defaultlib
INFO: [VRFC 10-311] analyzing module ddr2_model
INFO: [VRFC 10-2263] Analyzing Verilog file "E:/cOMPUTERaRCHITECTURE/EXP2/zrx/MipsOS/Project/OpenMIPS/OpenMIPS.srcs/sources_1/new/OpenMIPS/div.v" into library xil_defaultlib
INFO: [VRFC 10-311] analyzing module div
INFO: [VRFC 10-2263] Analyzing Verilog file "E:/cOMPUTERaRCHITECTURE/EXP2/zrx/MipsOS/Project/OpenMIPS/OpenMIPS.srcs/sources_1/new/OpenMIPS/ex.v" into library xil_defaultlib
INFO: [VRFC 10-311] analyzing module ex
INFO: [VRFC 10-2263] Analyzing Verilog file "E:/cOMPUTERaRCHITECTURE/EXP2/zrx/MipsOS/Project/OpenMIPS/OpenMIPS.srcs/sources_1/new/OpenMIPS/ex_mem.v" into library xil_defaultlib
INFO: [VRFC 10-311] analyzing module ex_mem
INFO: [VRFC 10-2263] Analyzing Verilog file "E:/cOMPUTERaRCHITECTURE/EXP2/zrx/MipsOS/Project/OpenMIPS/OpenMIPS.srcs/sources_1/new/flash_rom.v" into library xil_defaultlib
INFO: [VRFC 10-311] analyzing module flash_rom
INFO: [VRFC 10-2263] Analyzing Verilog file "E:/cOMPUTERaRCHITECTURE/EXP2/zrx/MipsOS/Project/OpenMIPS/OpenMIPS.srcs/sources_1/new/gpio/gpio_top.v" into library xil_defaultlib
INFO: [VRFC 10-311] analyzing module gpio_top
INFO: [VRFC 10-2263] Analyzing Verilog file "E:/cOMPUTERaRCHITECTURE/EXP2/zrx/MipsOS/Project/OpenMIPS/OpenMIPS.srcs/sources_1/new/OpenMIPS/hilo_reg.v" into library xil_defaultlib
INFO: [VRFC 10-311] analyzing module hilo_reg
INFO: [VRFC 10-2263] Analyzing Verilog file "E:/cOMPUTERaRCHITECTURE/EXP2/zrx/MipsOS/Project/OpenMIPS/OpenMIPS.srcs/sources_1/new/OpenMIPS/id.v" into library xil_defaultlib
INFO: [VRFC 10-311] analyzing module id
INFO: [VRFC 10-2263] Analyzing Verilog file "E:/cOMPUTERaRCHITECTURE/EXP2/zrx/MipsOS/Project/OpenMIPS/OpenMIPS.srcs/sources_1/new/OpenMIPS/id_ex.v" into library xil_defaultlib
INFO: [VRFC 10-311] analyzing module id_ex
INFO: [VRFC 10-2263] Analyzing Verilog file "E:/cOMPUTERaRCHITECTURE/EXP2/zrx/MipsOS/Project/OpenMIPS/OpenMIPS.srcs/sources_1/new/OpenMIPS/if_id.v" into library xil_defaultlib
INFO: [VRFC 10-311] analyzing module if_id
INFO: [VRFC 10-2263] Analyzing Verilog file "E:/cOMPUTERaRCHITECTURE/EXP2/zrx/MipsOS/Project/OpenMIPS/OpenMIPS.srcs/sources_1/new/OpenMIPS/mem.v" into library xil_defaultlib
INFO: [VRFC 10-311] analyzing module mem
INFO: [VRFC 10-2263] Analyzing Verilog file "E:/cOMPUTERaRCHITECTURE/EXP2/zrx/MipsOS/Project/OpenMIPS/OpenMIPS.srcs/sources_1/new/OpenMIPS/mem_wb.v" into library xil_defaultlib
INFO: [VRFC 10-311] analyzing module mem_wb
INFO: [VRFC 10-2263] Analyzing Verilog file "E:/cOMPUTERaRCHITECTURE/EXP2/zrx/MipsOS/Project/OpenMIPS/OpenMIPS.srcs/sources_1/new/OpenMIPS/openmips.v" into library xil_defaultlib
INFO: [VRFC 10-311] analyzing module openmips
INFO: [VRFC 10-2263] Analyzing Verilog file "E:/cOMPUTERaRCHITECTURE/EXP2/zrx/MipsOS/Project/OpenMIPS/OpenMIPS.srcs/sources_1/new/openmips_min_sopc.v" into library xil_defaultlib
INFO: [VRFC 10-311] analyzing module openmips_min_sopc
INFO: [VRFC 10-2263] Analyzing Verilog file "E:/cOMPUTERaRCHITECTURE/EXP2/zrx/MipsOS/Project/OpenMIPS/OpenMIPS.srcs/sources_1/new/OpenMIPS/pc_reg.v" into library xil_defaultlib
INFO: [VRFC 10-311] analyzing module pc_reg
INFO: [VRFC 10-2263] Analyzing Verilog file "E:/cOMPUTERaRCHITECTURE/EXP2/zrx/MipsOS/Project/OpenMIPS/OpenMIPS.srcs/sources_1/new/uart/raminfr.v" into library xil_defaultlib
INFO: [VRFC 10-311] analyzing module raminfr
INFO: [VRFC 10-2263] Analyzing Verilog file "E:/cOMPUTERaRCHITECTURE/EXP2/zrx/MipsOS/Project/OpenMIPS/OpenMIPS.srcs/sources_1/new/OpenMIPS/regfile.v" into library xil_defaultlib
INFO: [VRFC 10-311] analyzing module regfile
INFO: [VRFC 10-2263] Analyzing Verilog file "E:/cOMPUTERaRCHITECTURE/EXP2/zrx/MipsOS/Project/OpenMIPS/OpenMIPS.srcs/sources_1/new/uart/uart_debug_if.v" into library xil_defaultlib
INFO: [VRFC 10-311] analyzing module uart_debug_if
INFO: [VRFC 10-2263] Analyzing Verilog file "E:/cOMPUTERaRCHITECTURE/EXP2/zrx/MipsOS/Project/OpenMIPS/OpenMIPS.srcs/sources_1/new/uart/uart_receiver.v" into library xil_defaultlib
INFO: [VRFC 10-311] analyzing module uart_receiver
INFO: [VRFC 10-2263] Analyzing Verilog file "E:/cOMPUTERaRCHITECTURE/EXP2/zrx/MipsOS/Project/OpenMIPS/OpenMIPS.srcs/sources_1/new/uart/uart_regs.v" into library xil_defaultlib
INFO: [VRFC 10-311] analyzing module uart_regs
INFO: [VRFC 10-2458] undeclared symbol rf_overrun, assumed default net type wire [E:/cOMPUTERaRCHITECTURE/EXP2/zrx/MipsOS/Project/OpenMIPS/OpenMIPS.srcs/sources_1/new/uart/uart_regs.v:400]
INFO: [VRFC 10-2458] undeclared symbol rf_push_pulse, assumed default net type wire [E:/cOMPUTERaRCHITECTURE/EXP2/zrx/MipsOS/Project/OpenMIPS/OpenMIPS.srcs/sources_1/new/uart/uart_regs.v:400]
INFO: [VRFC 10-2263] Analyzing Verilog file "E:/cOMPUTERaRCHITECTURE/EXP2/zrx/MipsOS/Project/OpenMIPS/OpenMIPS.srcs/sources_1/new/uart/uart_rfifo.v" into library xil_defaultlib
INFO: [VRFC 10-311] analyzing module uart_rfifo
INFO: [VRFC 10-2263] Analyzing Verilog file "E:/cOMPUTERaRCHITECTURE/EXP2/zrx/MipsOS/Project/OpenMIPS/OpenMIPS.srcs/sources_1/new/uart/uart_sync_flops.v" into library xil_defaultlib
INFO: [VRFC 10-311] analyzing module uart_sync_flops
INFO: [VRFC 10-2263] Analyzing Verilog file "E:/cOMPUTERaRCHITECTURE/EXP2/zrx/MipsOS/Project/OpenMIPS/OpenMIPS.srcs/sources_1/new/uart/uart_tfifo.v" into library xil_defaultlib
INFO: [VRFC 10-311] analyzing module uart_tfifo
INFO: [VRFC 10-2263] Analyzing Verilog file "E:/cOMPUTERaRCHITECTURE/EXP2/zrx/MipsOS/Project/OpenMIPS/OpenMIPS.srcs/sources_1/new/uart/uart_top.v" into library xil_defaultlib
INFO: [VRFC 10-311] analyzing module uart_top
INFO: [VRFC 10-2263] Analyzing Verilog file "E:/cOMPUTERaRCHITECTURE/EXP2/zrx/MipsOS/Project/OpenMIPS/OpenMIPS.srcs/sources_1/new/uart/uart_transmitter.v" into library xil_defaultlib
INFO: [VRFC 10-311] analyzing module uart_transmitter
INFO: [VRFC 10-2263] Analyzing Verilog file "E:/cOMPUTERaRCHITECTURE/EXP2/zrx/MipsOS/Project/OpenMIPS/OpenMIPS.srcs/sources_1/new/uart/uart_wb.v" into library xil_defaultlib
INFO: [VRFC 10-311] analyzing module uart_wb
INFO: [VRFC 10-2263] Analyzing Verilog file "E:/cOMPUTERaRCHITECTURE/EXP2/zrx/MipsOS/Project/OpenMIPS/OpenMIPS.srcs/sources_1/new/wb_conmax/wb_conmax_arb.v" into library xil_defaultlib
INFO: [VRFC 10-311] analyzing module wb_conmax_arb
INFO: [VRFC 10-2263] Analyzing Verilog file "E:/cOMPUTERaRCHITECTURE/EXP2/zrx/MipsOS/Project/OpenMIPS/OpenMIPS.srcs/sources_1/new/wb_conmax/wb_conmax_master_if.v" into library xil_defaultlib
INFO: [VRFC 10-311] analyzing module wb_conmax_master_if
INFO: [VRFC 10-2263] Analyzing Verilog file "E:/cOMPUTERaRCHITECTURE/EXP2/zrx/MipsOS/Project/OpenMIPS/OpenMIPS.srcs/sources_1/new/wb_conmax/wb_conmax_msel.v" into library xil_defaultlib
INFO: [VRFC 10-311] analyzing module wb_conmax_msel
INFO: [VRFC 10-2263] Analyzing Verilog file "E:/cOMPUTERaRCHITECTURE/EXP2/zrx/MipsOS/Project/OpenMIPS/OpenMIPS.srcs/sources_1/new/wb_conmax/wb_conmax_pri_dec.v" into library xil_defaultlib
INFO: [VRFC 10-311] analyzing module wb_conmax_pri_dec
INFO: [VRFC 10-2263] Analyzing Verilog file "E:/cOMPUTERaRCHITECTURE/EXP2/zrx/MipsOS/Project/OpenMIPS/OpenMIPS.srcs/sources_1/new/wb_conmax/wb_conmax_pri_enc.v" into library xil_defaultlib
INFO: [VRFC 10-311] analyzing module wb_conmax_pri_enc
INFO: [VRFC 10-2263] Analyzing Verilog file "E:/cOMPUTERaRCHITECTURE/EXP2/zrx/MipsOS/Project/OpenMIPS/OpenMIPS.srcs/sources_1/new/wb_conmax/wb_conmax_rf.v" into library xil_defaultlib
INFO: [VRFC 10-311] analyzing module wb_conmax_rf
INFO: [VRFC 10-2263] Analyzing Verilog file "E:/cOMPUTERaRCHITECTURE/EXP2/zrx/MipsOS/Project/OpenMIPS/OpenMIPS.srcs/sources_1/new/wb_conmax/wb_conmax_slave_if.v" into library xil_defaultlib
INFO: [VRFC 10-311] analyzing module wb_conmax_slave_if
INFO: [VRFC 10-2263] Analyzing Verilog file "E:/cOMPUTERaRCHITECTURE/EXP2/zrx/MipsOS/Project/OpenMIPS/OpenMIPS.srcs/sources_1/new/wb_conmax/wb_conmax_top.v" into library xil_defaultlib
INFO: [VRFC 10-311] analyzing module wb_conmax_top
INFO: [VRFC 10-2263] Analyzing Verilog file "E:/cOMPUTERaRCHITECTURE/EXP2/zrx/MipsOS/Project/OpenMIPS/OpenMIPS.srcs/sources_1/new/OpenMIPS/wishbone_bus_if.v" into library xil_defaultlib
INFO: [VRFC 10-311] analyzing module wishbone_bus_if
INFO: [VRFC 10-2263] Analyzing Verilog file "E:/cOMPUTERaRCHITECTURE/EXP2/zrx/MipsOS/Project/OpenMIPS/OpenMIPS.srcs/sim_1/new/openmips_min_sopc_tb.v" into library xil_defaultlib
INFO: [VRFC 10-311] analyzing module openmips_min_sopc_tb
"xvhdl --incr --relax -prj openmips_min_sopc_tb_vhdl.prj"
run_program: Time (s): cpu = 00:00:01 ; elapsed = 00:00:23 . Memory (MB): peak = 1779.020 ; gain = 0.000
INFO: [USF-XSim-69] 'compile' step finished in '23' seconds
INFO: [USF-XSim-3] XSim::Elaborate design
INFO: [USF-XSim-61] Executing 'ELABORATE' step in 'E:/cOMPUTERaRCHITECTURE/EXP2/zrx/MipsOS/Project/OpenMIPS/OpenMIPS.sim/sim_1/behav/xsim'
"xelab -wto 4c9d15a03076431c966d8e493222eb77 --incr --debug typical --relax --mt 2 -L xil_defaultlib -L unisims_ver -L unimacro_ver -L secureip -L xpm --snapshot openmips_min_sopc_tb_behav xil_defaultlib.openmips_min_sopc_tb xil_defaultlib.glbl -log elaborate.log"
Vivado Simulator 2019.1
Copyright 1986-1999, 2001-2019 Xilinx, Inc. All Rights Reserved.
Running: D:/vivado_2019_1_files/Vivado/2019.1/bin/unwrapped/win64.o/xelab.exe -wto 4c9d15a03076431c966d8e493222eb77 --incr --debug typical --relax --mt 2 -L xil_defaultlib -L unisims_ver -L unimacro_ver -L secureip -L xpm --snapshot openmips_min_sopc_tb_behav xil_defaultlib.openmips_min_sopc_tb xil_defaultlib.glbl -log elaborate.log 
Using 2 slave threads.
Starting static elaboration
ERROR: [VRFC 10-3180] cannot find port 'dtube_cs_n' on this module [E:/cOMPUTERaRCHITECTURE/EXP2/zrx/MipsOS/Project/OpenMIPS/OpenMIPS.srcs/sim_1/new/openmips_min_sopc_tb.v:80]
ERROR: [XSIM 43-3322] Static elaboration of top level Verilog design unit(s) in library work failed.
INFO: [USF-XSim-69] 'elaborate' step finished in '1' seconds
INFO: [USF-XSim-99] Step results log file:'E:/cOMPUTERaRCHITECTURE/EXP2/zrx/MipsOS/Project/OpenMIPS/OpenMIPS.sim/sim_1/behav/xsim/elaborate.log'
ERROR: [USF-XSim-62] 'elaborate' step failed with error(s). Please check the Tcl console output or 'E:/cOMPUTERaRCHITECTURE/EXP2/zrx/MipsOS/Project/OpenMIPS/OpenMIPS.sim/sim_1/behav/xsim/elaborate.log' file for more information.
ERROR: [Vivado 12-4473] Detected error while running simulation. Please correct the issue and retry this operation.
launch_simulation: Time (s): cpu = 00:00:02 ; elapsed = 00:00:27 . Memory (MB): peak = 1779.020 ; gain = 0.000
ERROR: [Common 17-39] 'launch_simulation' failed due to earlier errors.
launch_simulation
INFO: [Vivado 12-5698] Checking validity of IPs in the design for the 'XSim' simulator...
INFO: [Vivado 12-5682] Launching behavioral simulation in 'E:/cOMPUTERaRCHITECTURE/EXP2/zrx/MipsOS/Project/OpenMIPS/OpenMIPS.sim/sim_1/behav/xsim'
INFO: [Vivado 12-4795] Using compiled simulation libraries for IPs
INFO: [SIM-utils-51] Simulation object is 'sim_1'
INFO: [USF-XSim-7] Finding pre-compiled libraries...
INFO: [USF-XSim-11] File 'D:/vivado_2019_1_files/Vivado/2019.1/data/xsim/xsim.ini' copied to run dir:'E:/cOMPUTERaRCHITECTURE/EXP2/zrx/MipsOS/Project/OpenMIPS/OpenMIPS.sim/sim_1/behav/xsim'
INFO: [SIM-utils-54] Inspecting design source files for 'openmips_min_sopc_tb' in fileset 'sim_1'...
INFO: [USF-XSim-97] Finding global include files...
INFO: [USF-XSim-98] Fetching design files from 'sim_1'...
INFO: [USF-XSim-2] XSim::Compile design
INFO: [USF-XSim-61] Executing 'COMPILE and ANALYZE' step in 'E:/cOMPUTERaRCHITECTURE/EXP2/zrx/MipsOS/Project/OpenMIPS/OpenMIPS.sim/sim_1/behav/xsim'
"xvlog --incr --relax -prj openmips_min_sopc_tb_vlog.prj"
INFO: [VRFC 10-2263] Analyzing Verilog file "E:/cOMPUTERaRCHITECTURE/EXP2/zrx/MipsOS/Project/OpenMIPS/OpenMIPS.srcs/sources_1/ip/mig_7series_0/mig_7series_0/user_design/rtl/clocking/mig_7series_v4_2_clk_ibuf.v" into library xil_defaultlib
INFO: [VRFC 10-311] analyzing module mig_7series_v4_2_clk_ibuf
INFO: [VRFC 10-2263] Analyzing Verilog file "E:/cOMPUTERaRCHITECTURE/EXP2/zrx/MipsOS/Project/OpenMIPS/OpenMIPS.srcs/sources_1/ip/mig_7series_0/mig_7series_0/user_design/rtl/clocking/mig_7series_v4_2_infrastructure.v" into library xil_defaultlib
INFO: [VRFC 10-311] analyzing module mig_7series_v4_2_infrastructure
INFO: [VRFC 10-2263] Analyzing Verilog file "E:/cOMPUTERaRCHITECTURE/EXP2/zrx/MipsOS/Project/OpenMIPS/OpenMIPS.srcs/sources_1/ip/mig_7series_0/mig_7series_0/user_design/rtl/clocking/mig_7series_v4_2_iodelay_ctrl.v" into library xil_defaultlib
INFO: [VRFC 10-311] analyzing module mig_7series_v4_2_iodelay_ctrl
INFO: [VRFC 10-2263] Analyzing Verilog file "E:/cOMPUTERaRCHITECTURE/EXP2/zrx/MipsOS/Project/OpenMIPS/OpenMIPS.srcs/sources_1/ip/mig_7series_0/mig_7series_0/user_design/rtl/clocking/mig_7series_v4_2_tempmon.v" into library xil_defaultlib
INFO: [VRFC 10-311] analyzing module mig_7series_v4_2_tempmon
INFO: [VRFC 10-2263] Analyzing Verilog file "E:/cOMPUTERaRCHITECTURE/EXP2/zrx/MipsOS/Project/OpenMIPS/OpenMIPS.srcs/sources_1/ip/mig_7series_0/mig_7series_0/user_design/rtl/controller/mig_7series_v4_2_arb_mux.v" into library xil_defaultlib
INFO: [VRFC 10-311] analyzing module mig_7series_v4_2_arb_mux
INFO: [VRFC 10-2263] Analyzing Verilog file "E:/cOMPUTERaRCHITECTURE/EXP2/zrx/MipsOS/Project/OpenMIPS/OpenMIPS.srcs/sources_1/ip/mig_7series_0/mig_7series_0/user_design/rtl/controller/mig_7series_v4_2_arb_row_col.v" into library xil_defaultlib
INFO: [VRFC 10-311] analyzing module mig_7series_v4_2_arb_row_col
WARNING: [VRFC 10-2654] begin/end is required for generate-for in this mode of verilog [E:/cOMPUTERaRCHITECTURE/EXP2/zrx/MipsOS/Project/OpenMIPS/OpenMIPS.srcs/sources_1/ip/mig_7series_0/mig_7series_0/user_design/rtl/controller/mig_7series_v4_2_arb_row_col.v:252]
INFO: [VRFC 10-2263] Analyzing Verilog file "E:/cOMPUTERaRCHITECTURE/EXP2/zrx/MipsOS/Project/OpenMIPS/OpenMIPS.srcs/sources_1/ip/mig_7series_0/mig_7series_0/user_design/rtl/controller/mig_7series_v4_2_arb_select.v" into library xil_defaultlib
INFO: [VRFC 10-311] analyzing module mig_7series_v4_2_arb_select
INFO: [VRFC 10-2263] Analyzing Verilog file "E:/cOMPUTERaRCHITECTURE/EXP2/zrx/MipsOS/Project/OpenMIPS/OpenMIPS.srcs/sources_1/ip/mig_7series_0/mig_7series_0/user_design/rtl/controller/mig_7series_v4_2_bank_cntrl.v" into library xil_defaultlib
INFO: [VRFC 10-311] analyzing module mig_7series_v4_2_bank_cntrl
INFO: [VRFC 10-2263] Analyzing Verilog file "E:/cOMPUTERaRCHITECTURE/EXP2/zrx/MipsOS/Project/OpenMIPS/OpenMIPS.srcs/sources_1/ip/mig_7series_0/mig_7series_0/user_design/rtl/controller/mig_7series_v4_2_bank_common.v" into library xil_defaultlib
INFO: [VRFC 10-311] analyzing module mig_7series_v4_2_bank_common
INFO: [VRFC 10-2263] Analyzing Verilog file "E:/cOMPUTERaRCHITECTURE/EXP2/zrx/MipsOS/Project/OpenMIPS/OpenMIPS.srcs/sources_1/ip/mig_7series_0/mig_7series_0/user_design/rtl/controller/mig_7series_v4_2_bank_compare.v" into library xil_defaultlib
INFO: [VRFC 10-311] analyzing module mig_7series_v4_2_bank_compare
INFO: [VRFC 10-2263] Analyzing Verilog file "E:/cOMPUTERaRCHITECTURE/EXP2/zrx/MipsOS/Project/OpenMIPS/OpenMIPS.srcs/sources_1/ip/mig_7series_0/mig_7series_0/user_design/rtl/controller/mig_7series_v4_2_bank_mach.v" into library xil_defaultlib
INFO: [VRFC 10-311] analyzing module mig_7series_v4_2_bank_mach
INFO: [VRFC 10-2263] Analyzing Verilog file "E:/cOMPUTERaRCHITECTURE/EXP2/zrx/MipsOS/Project/OpenMIPS/OpenMIPS.srcs/sources_1/ip/mig_7series_0/mig_7series_0/user_design/rtl/controller/mig_7series_v4_2_bank_queue.v" into library xil_defaultlib
INFO: [VRFC 10-311] analyzing module mig_7series_v4_2_bank_queue
INFO: [VRFC 10-2263] Analyzing Verilog file "E:/cOMPUTERaRCHITECTURE/EXP2/zrx/MipsOS/Project/OpenMIPS/OpenMIPS.srcs/sources_1/ip/mig_7series_0/mig_7series_0/user_design/rtl/controller/mig_7series_v4_2_bank_state.v" into library xil_defaultlib
INFO: [VRFC 10-311] analyzing module mig_7series_v4_2_bank_state
INFO: [VRFC 10-2263] Analyzing Verilog file "E:/cOMPUTERaRCHITECTURE/EXP2/zrx/MipsOS/Project/OpenMIPS/OpenMIPS.srcs/sources_1/ip/mig_7series_0/mig_7series_0/user_design/rtl/controller/mig_7series_v4_2_col_mach.v" into library xil_defaultlib
INFO: [VRFC 10-311] analyzing module mig_7series_v4_2_col_mach
INFO: [VRFC 10-2263] Analyzing Verilog file "E:/cOMPUTERaRCHITECTURE/EXP2/zrx/MipsOS/Project/OpenMIPS/OpenMIPS.srcs/sources_1/ip/mig_7series_0/mig_7series_0/user_design/rtl/controller/mig_7series_v4_2_mc.v" into library xil_defaultlib
INFO: [VRFC 10-311] analyzing module mig_7series_v4_2_mc
INFO: [VRFC 10-2263] Analyzing Verilog file "E:/cOMPUTERaRCHITECTURE/EXP2/zrx/MipsOS/Project/OpenMIPS/OpenMIPS.srcs/sources_1/ip/mig_7series_0/mig_7series_0/user_design/rtl/controller/mig_7series_v4_2_rank_cntrl.v" into library xil_defaultlib
INFO: [VRFC 10-311] analyzing module mig_7series_v4_2_rank_cntrl
INFO: [VRFC 10-2263] Analyzing Verilog file "E:/cOMPUTERaRCHITECTURE/EXP2/zrx/MipsOS/Project/OpenMIPS/OpenMIPS.srcs/sources_1/ip/mig_7series_0/mig_7series_0/user_design/rtl/controller/mig_7series_v4_2_rank_common.v" into library xil_defaultlib
INFO: [VRFC 10-311] analyzing module mig_7series_v4_2_rank_common
INFO: [VRFC 10-2263] Analyzing Verilog file "E:/cOMPUTERaRCHITECTURE/EXP2/zrx/MipsOS/Project/OpenMIPS/OpenMIPS.srcs/sources_1/ip/mig_7series_0/mig_7series_0/user_design/rtl/controller/mig_7series_v4_2_rank_mach.v" into library xil_defaultlib
INFO: [VRFC 10-311] analyzing module mig_7series_v4_2_rank_mach
INFO: [VRFC 10-2263] Analyzing Verilog file "E:/cOMPUTERaRCHITECTURE/EXP2/zrx/MipsOS/Project/OpenMIPS/OpenMIPS.srcs/sources_1/ip/mig_7series_0/mig_7series_0/user_design/rtl/controller/mig_7series_v4_2_round_robin_arb.v" into library xil_defaultlib
INFO: [VRFC 10-311] analyzing module mig_7series_v4_2_round_robin_arb
INFO: [VRFC 10-2263] Analyzing Verilog file "E:/cOMPUTERaRCHITECTURE/EXP2/zrx/MipsOS/Project/OpenMIPS/OpenMIPS.srcs/sources_1/ip/mig_7series_0/mig_7series_0/user_design/rtl/ecc/mig_7series_v4_2_ecc_buf.v" into library xil_defaultlib
INFO: [VRFC 10-311] analyzing module mig_7series_v4_2_ecc_buf
INFO: [VRFC 10-2263] Analyzing Verilog file "E:/cOMPUTERaRCHITECTURE/EXP2/zrx/MipsOS/Project/OpenMIPS/OpenMIPS.srcs/sources_1/ip/mig_7series_0/mig_7series_0/user_design/rtl/ecc/mig_7series_v4_2_ecc_dec_fix.v" into library xil_defaultlib
INFO: [VRFC 10-311] analyzing module mig_7series_v4_2_ecc_dec_fix
INFO: [VRFC 10-2263] Analyzing Verilog file "E:/cOMPUTERaRCHITECTURE/EXP2/zrx/MipsOS/Project/OpenMIPS/OpenMIPS.srcs/sources_1/ip/mig_7series_0/mig_7series_0/user_design/rtl/ecc/mig_7series_v4_2_ecc_gen.v" into library xil_defaultlib
INFO: [VRFC 10-311] analyzing module mig_7series_v4_2_ecc_gen
INFO: [VRFC 10-2263] Analyzing Verilog file "E:/cOMPUTERaRCHITECTURE/EXP2/zrx/MipsOS/Project/OpenMIPS/OpenMIPS.srcs/sources_1/ip/mig_7series_0/mig_7series_0/user_design/rtl/ecc/mig_7series_v4_2_ecc_merge_enc.v" into library xil_defaultlib
INFO: [VRFC 10-311] analyzing module mig_7series_v4_2_ecc_merge_enc
INFO: [VRFC 10-2263] Analyzing Verilog file "E:/cOMPUTERaRCHITECTURE/EXP2/zrx/MipsOS/Project/OpenMIPS/OpenMIPS.srcs/sources_1/ip/mig_7series_0/mig_7series_0/user_design/rtl/ecc/mig_7series_v4_2_fi_xor.v" into library xil_defaultlib
INFO: [VRFC 10-311] analyzing module mig_7series_v4_2_fi_xor
INFO: [VRFC 10-2263] Analyzing Verilog file "E:/cOMPUTERaRCHITECTURE/EXP2/zrx/MipsOS/Project/OpenMIPS/OpenMIPS.srcs/sources_1/ip/mig_7series_0/mig_7series_0/user_design/rtl/ip_top/mig_7series_v4_2_mem_intfc.v" into library xil_defaultlib
INFO: [VRFC 10-311] analyzing module mig_7series_v4_2_mem_intfc
INFO: [VRFC 10-2263] Analyzing Verilog file "E:/cOMPUTERaRCHITECTURE/EXP2/zrx/MipsOS/Project/OpenMIPS/OpenMIPS.srcs/sources_1/ip/mig_7series_0/mig_7series_0/user_design/rtl/ip_top/mig_7series_v4_2_memc_ui_top_std.v" into library xil_defaultlib
INFO: [VRFC 10-311] analyzing module mig_7series_v4_2_memc_ui_top_std
INFO: [VRFC 10-2263] Analyzing Verilog file "E:/cOMPUTERaRCHITECTURE/EXP2/zrx/MipsOS/Project/OpenMIPS/OpenMIPS.srcs/sources_1/ip/mig_7series_0/mig_7series_0/user_design/rtl/phy/mig_7series_v4_2_ddr_byte_group_io.v" into library xil_defaultlib
INFO: [VRFC 10-311] analyzing module mig_7series_v4_2_ddr_byte_group_io
INFO: [VRFC 10-2263] Analyzing Verilog file "E:/cOMPUTERaRCHITECTURE/EXP2/zrx/MipsOS/Project/OpenMIPS/OpenMIPS.srcs/sources_1/ip/mig_7series_0/mig_7series_0/user_design/rtl/phy/mig_7series_v4_2_ddr_byte_lane.v" into library xil_defaultlib
INFO: [VRFC 10-311] analyzing module mig_7series_v4_2_ddr_byte_lane
INFO: [VRFC 10-2263] Analyzing Verilog file "E:/cOMPUTERaRCHITECTURE/EXP2/zrx/MipsOS/Project/OpenMIPS/OpenMIPS.srcs/sources_1/ip/mig_7series_0/mig_7series_0/user_design/rtl/phy/mig_7series_v4_2_ddr_phy_tempmon.v" into library xil_defaultlib
INFO: [VRFC 10-311] analyzing module mig_7series_v4_2_ddr_phy_tempmon
INFO: [VRFC 10-2263] Analyzing Verilog file "E:/cOMPUTERaRCHITECTURE/EXP2/zrx/MipsOS/Project/OpenMIPS/OpenMIPS.srcs/sources_1/ip/mig_7series_0/mig_7series_0/user_design/rtl/phy/mig_7series_v4_2_ddr_calib_top.v" into library xil_defaultlib
INFO: [VRFC 10-311] analyzing module mig_7series_v4_2_ddr_calib_top
INFO: [VRFC 10-2263] Analyzing Verilog file "E:/cOMPUTERaRCHITECTURE/EXP2/zrx/MipsOS/Project/OpenMIPS/OpenMIPS.srcs/sources_1/ip/mig_7series_0/mig_7series_0/user_design/rtl/phy/mig_7series_v4_2_ddr_if_post_fifo.v" into library xil_defaultlib
INFO: [VRFC 10-311] analyzing module mig_7series_v4_2_ddr_if_post_fifo
INFO: [VRFC 10-2263] Analyzing Verilog file "E:/cOMPUTERaRCHITECTURE/EXP2/zrx/MipsOS/Project/OpenMIPS/OpenMIPS.srcs/sources_1/ip/mig_7series_0/mig_7series_0/user_design/rtl/phy/mig_7series_v4_2_ddr_mc_phy.v" into library xil_defaultlib
INFO: [VRFC 10-311] analyzing module mig_7series_v4_2_ddr_mc_phy
INFO: [VRFC 10-2263] Analyzing Verilog file "E:/cOMPUTERaRCHITECTURE/EXP2/zrx/MipsOS/Project/OpenMIPS/OpenMIPS.srcs/sources_1/ip/mig_7series_0/mig_7series_0/user_design/rtl/phy/mig_7series_v4_2_ddr_mc_phy_wrapper.v" into library xil_defaultlib
INFO: [VRFC 10-311] analyzing module mig_7series_v4_2_ddr_mc_phy_wrapper
INFO: [VRFC 10-2263] Analyzing Verilog file "E:/cOMPUTERaRCHITECTURE/EXP2/zrx/MipsOS/Project/OpenMIPS/OpenMIPS.srcs/sources_1/ip/mig_7series_0/mig_7series_0/user_design/rtl/phy/mig_7series_v4_2_ddr_of_pre_fifo.v" into library xil_defaultlib
INFO: [VRFC 10-311] analyzing module mig_7series_v4_2_ddr_of_pre_fifo
INFO: [VRFC 10-2263] Analyzing Verilog file "E:/cOMPUTERaRCHITECTURE/EXP2/zrx/MipsOS/Project/OpenMIPS/OpenMIPS.srcs/sources_1/ip/mig_7series_0/mig_7series_0/user_design/rtl/phy/mig_7series_v4_2_ddr_phy_4lanes.v" into library xil_defaultlib
INFO: [VRFC 10-311] analyzing module mig_7series_v4_2_ddr_phy_4lanes
INFO: [VRFC 10-2263] Analyzing Verilog file "E:/cOMPUTERaRCHITECTURE/EXP2/zrx/MipsOS/Project/OpenMIPS/OpenMIPS.srcs/sources_1/ip/mig_7series_0/mig_7series_0/user_design/rtl/phy/mig_7series_v4_2_ddr_phy_init.v" into library xil_defaultlib
INFO: [VRFC 10-311] analyzing module mig_7series_v4_2_ddr_phy_init
INFO: [VRFC 10-2263] Analyzing Verilog file "E:/cOMPUTERaRCHITECTURE/EXP2/zrx/MipsOS/Project/OpenMIPS/OpenMIPS.srcs/sources_1/ip/mig_7series_0/mig_7series_0/user_design/rtl/phy/mig_7series_v4_2_ddr_phy_dqs_found_cal.v" into library xil_defaultlib
INFO: [VRFC 10-311] analyzing module mig_7series_v4_2_ddr_phy_dqs_found_cal
INFO: [VRFC 10-2263] Analyzing Verilog file "E:/cOMPUTERaRCHITECTURE/EXP2/zrx/MipsOS/Project/OpenMIPS/OpenMIPS.srcs/sources_1/ip/mig_7series_0/mig_7series_0/user_design/rtl/phy/mig_7series_v4_2_ddr_phy_dqs_found_cal_hr.v" into library xil_defaultlib
INFO: [VRFC 10-311] analyzing module mig_7series_v4_2_ddr_phy_dqs_found_cal_hr
INFO: [VRFC 10-2263] Analyzing Verilog file "E:/cOMPUTERaRCHITECTURE/EXP2/zrx/MipsOS/Project/OpenMIPS/OpenMIPS.srcs/sources_1/ip/mig_7series_0/mig_7series_0/user_design/rtl/phy/mig_7series_v4_2_ddr_phy_oclkdelay_cal.v" into library xil_defaultlib
INFO: [VRFC 10-311] analyzing module mig_7series_v4_2_ddr_phy_oclkdelay_cal
INFO: [VRFC 10-2263] Analyzing Verilog file "E:/cOMPUTERaRCHITECTURE/EXP2/zrx/MipsOS/Project/OpenMIPS/OpenMIPS.srcs/sources_1/ip/mig_7series_0/mig_7series_0/user_design/rtl/phy/mig_7series_v4_2_ddr_phy_prbs_rdlvl.v" into library xil_defaultlib
INFO: [VRFC 10-311] analyzing module mig_7series_v4_2_ddr_phy_prbs_rdlvl
INFO: [VRFC 10-2263] Analyzing Verilog file "E:/cOMPUTERaRCHITECTURE/EXP2/zrx/MipsOS/Project/OpenMIPS/OpenMIPS.srcs/sources_1/ip/mig_7series_0/mig_7series_0/user_design/rtl/phy/mig_7series_v4_2_ddr_phy_rdlvl.v" into library xil_defaultlib
INFO: [VRFC 10-311] analyzing module mig_7series_v4_2_ddr_phy_rdlvl
INFO: [VRFC 10-2263] Analyzing Verilog file "E:/cOMPUTERaRCHITECTURE/EXP2/zrx/MipsOS/Project/OpenMIPS/OpenMIPS.srcs/sources_1/ip/mig_7series_0/mig_7series_0/user_design/rtl/phy/mig_7series_v4_2_ddr_phy_top.v" into library xil_defaultlib
INFO: [VRFC 10-311] analyzing module mig_7series_v4_2_ddr_phy_top
INFO: [VRFC 10-2263] Analyzing Verilog file "E:/cOMPUTERaRCHITECTURE/EXP2/zrx/MipsOS/Project/OpenMIPS/OpenMIPS.srcs/sources_1/ip/mig_7series_0/mig_7series_0/user_design/rtl/phy/mig_7series_v4_2_ddr_phy_wrcal.v" into library xil_defaultlib
INFO: [VRFC 10-311] analyzing module mig_7series_v4_2_ddr_phy_wrcal
INFO: [VRFC 10-2263] Analyzing Verilog file "E:/cOMPUTERaRCHITECTURE/EXP2/zrx/MipsOS/Project/OpenMIPS/OpenMIPS.srcs/sources_1/ip/mig_7series_0/mig_7series_0/user_design/rtl/phy/mig_7series_v4_2_ddr_phy_wrlvl_off_delay.v" into library xil_defaultlib
INFO: [VRFC 10-311] analyzing module mig_7series_v4_2_ddr_phy_wrlvl_off_delay
INFO: [VRFC 10-2263] Analyzing Verilog file "E:/cOMPUTERaRCHITECTURE/EXP2/zrx/MipsOS/Project/OpenMIPS/OpenMIPS.srcs/sources_1/ip/mig_7series_0/mig_7series_0/user_design/rtl/phy/mig_7series_v4_2_ddr_prbs_gen.v" into library xil_defaultlib
INFO: [VRFC 10-311] analyzing module mig_7series_v4_2_ddr_prbs_gen
INFO: [VRFC 10-2263] Analyzing Verilog file "E:/cOMPUTERaRCHITECTURE/EXP2/zrx/MipsOS/Project/OpenMIPS/OpenMIPS.srcs/sources_1/ip/mig_7series_0/mig_7series_0/user_design/rtl/phy/mig_7series_v4_2_ddr_phy_ck_addr_cmd_delay.v" into library xil_defaultlib
INFO: [VRFC 10-311] analyzing module mig_7series_v4_2_ddr_phy_ck_addr_cmd_delay
INFO: [VRFC 10-2263] Analyzing Verilog file "E:/cOMPUTERaRCHITECTURE/EXP2/zrx/MipsOS/Project/OpenMIPS/OpenMIPS.srcs/sources_1/ip/mig_7series_0/mig_7series_0/user_design/rtl/phy/mig_7series_v4_2_ddr_phy_wrlvl.v" into library xil_defaultlib
INFO: [VRFC 10-311] analyzing module mig_7series_v4_2_ddr_phy_wrlvl
INFO: [VRFC 10-2263] Analyzing Verilog file "E:/cOMPUTERaRCHITECTURE/EXP2/zrx/MipsOS/Project/OpenMIPS/OpenMIPS.srcs/sources_1/ip/mig_7series_0/mig_7series_0/user_design/rtl/phy/mig_7series_v4_2_ddr_phy_ocd_lim.v" into library xil_defaultlib
INFO: [VRFC 10-311] analyzing module mig_7series_v4_2_ddr_phy_ocd_lim
INFO: [VRFC 10-2263] Analyzing Verilog file "E:/cOMPUTERaRCHITECTURE/EXP2/zrx/MipsOS/Project/OpenMIPS/OpenMIPS.srcs/sources_1/ip/mig_7series_0/mig_7series_0/user_design/rtl/phy/mig_7series_v4_2_poc_top.v" into library xil_defaultlib
INFO: [VRFC 10-311] analyzing module mig_7series_v4_2_poc_top
INFO: [VRFC 10-2263] Analyzing Verilog file "E:/cOMPUTERaRCHITECTURE/EXP2/zrx/MipsOS/Project/OpenMIPS/OpenMIPS.srcs/sources_1/ip/mig_7series_0/mig_7series_0/user_design/rtl/phy/mig_7series_v4_2_ddr_phy_ocd_mux.v" into library xil_defaultlib
INFO: [VRFC 10-311] analyzing module mig_7series_v4_2_ddr_phy_ocd_mux
INFO: [VRFC 10-2263] Analyzing Verilog file "E:/cOMPUTERaRCHITECTURE/EXP2/zrx/MipsOS/Project/OpenMIPS/OpenMIPS.srcs/sources_1/ip/mig_7series_0/mig_7series_0/user_design/rtl/phy/mig_7series_v4_2_ddr_phy_ocd_data.v" into library xil_defaultlib
INFO: [VRFC 10-311] analyzing module mig_7series_v4_2_ddr_phy_ocd_data
INFO: [VRFC 10-2263] Analyzing Verilog file "E:/cOMPUTERaRCHITECTURE/EXP2/zrx/MipsOS/Project/OpenMIPS/OpenMIPS.srcs/sources_1/ip/mig_7series_0/mig_7series_0/user_design/rtl/phy/mig_7series_v4_2_ddr_phy_ocd_samp.v" into library xil_defaultlib
INFO: [VRFC 10-311] analyzing module mig_7series_v4_2_ddr_phy_ocd_samp
INFO: [VRFC 10-2263] Analyzing Verilog file "E:/cOMPUTERaRCHITECTURE/EXP2/zrx/MipsOS/Project/OpenMIPS/OpenMIPS.srcs/sources_1/ip/mig_7series_0/mig_7series_0/user_design/rtl/phy/mig_7series_v4_2_ddr_phy_ocd_edge.v" into library xil_defaultlib
INFO: [VRFC 10-311] analyzing module mig_7series_v4_2_ddr_phy_ocd_edge
INFO: [VRFC 10-2263] Analyzing Verilog file "E:/cOMPUTERaRCHITECTURE/EXP2/zrx/MipsOS/Project/OpenMIPS/OpenMIPS.srcs/sources_1/ip/mig_7series_0/mig_7series_0/user_design/rtl/phy/mig_7series_v4_2_ddr_phy_ocd_cntlr.v" into library xil_defaultlib
INFO: [VRFC 10-311] analyzing module mig_7series_v4_2_ddr_phy_ocd_cntlr
INFO: [VRFC 10-2263] Analyzing Verilog file "E:/cOMPUTERaRCHITECTURE/EXP2/zrx/MipsOS/Project/OpenMIPS/OpenMIPS.srcs/sources_1/ip/mig_7series_0/mig_7series_0/user_design/rtl/phy/mig_7series_v4_2_ddr_phy_ocd_po_cntlr.v" into library xil_defaultlib
INFO: [VRFC 10-311] analyzing module mig_7series_v4_2_ddr_phy_ocd_po_cntlr
INFO: [VRFC 10-2263] Analyzing Verilog file "E:/cOMPUTERaRCHITECTURE/EXP2/zrx/MipsOS/Project/OpenMIPS/OpenMIPS.srcs/sources_1/ip/mig_7series_0/mig_7series_0/user_design/rtl/phy/mig_7series_v4_2_poc_pd.v" into library xil_defaultlib
INFO: [VRFC 10-311] analyzing module mig_7series_v4_2_poc_pd
INFO: [VRFC 10-2263] Analyzing Verilog file "E:/cOMPUTERaRCHITECTURE/EXP2/zrx/MipsOS/Project/OpenMIPS/OpenMIPS.srcs/sources_1/ip/mig_7series_0/mig_7series_0/user_design/rtl/phy/mig_7series_v4_2_poc_tap_base.v" into library xil_defaultlib
INFO: [VRFC 10-311] analyzing module mig_7series_v4_2_poc_tap_base
INFO: [VRFC 10-2263] Analyzing Verilog file "E:/cOMPUTERaRCHITECTURE/EXP2/zrx/MipsOS/Project/OpenMIPS/OpenMIPS.srcs/sources_1/ip/mig_7series_0/mig_7series_0/user_design/rtl/phy/mig_7series_v4_2_poc_meta.v" into library xil_defaultlib
INFO: [VRFC 10-311] analyzing module mig_7series_v4_2_poc_meta
INFO: [VRFC 10-2263] Analyzing Verilog file "E:/cOMPUTERaRCHITECTURE/EXP2/zrx/MipsOS/Project/OpenMIPS/OpenMIPS.srcs/sources_1/ip/mig_7series_0/mig_7series_0/user_design/rtl/phy/mig_7series_v4_2_poc_edge_store.v" into library xil_defaultlib
INFO: [VRFC 10-311] analyzing module mig_7series_v4_2_poc_edge_store
INFO: [VRFC 10-2263] Analyzing Verilog file "E:/cOMPUTERaRCHITECTURE/EXP2/zrx/MipsOS/Project/OpenMIPS/OpenMIPS.srcs/sources_1/ip/mig_7series_0/mig_7series_0/user_design/rtl/phy/mig_7series_v4_2_poc_cc.v" into library xil_defaultlib
INFO: [VRFC 10-311] analyzing module mig_7series_v4_2_poc_cc
INFO: [VRFC 10-2263] Analyzing Verilog file "E:/cOMPUTERaRCHITECTURE/EXP2/zrx/MipsOS/Project/OpenMIPS/OpenMIPS.srcs/sources_1/ip/mig_7series_0/mig_7series_0/user_design/rtl/ui/mig_7series_v4_2_ui_cmd.v" into library xil_defaultlib
INFO: [VRFC 10-311] analyzing module mig_7series_v4_2_ui_cmd
INFO: [VRFC 10-2263] Analyzing Verilog file "E:/cOMPUTERaRCHITECTURE/EXP2/zrx/MipsOS/Project/OpenMIPS/OpenMIPS.srcs/sources_1/ip/mig_7series_0/mig_7series_0/user_design/rtl/ui/mig_7series_v4_2_ui_rd_data.v" into library xil_defaultlib
INFO: [VRFC 10-311] analyzing module mig_7series_v4_2_ui_rd_data
INFO: [VRFC 10-2263] Analyzing Verilog file "E:/cOMPUTERaRCHITECTURE/EXP2/zrx/MipsOS/Project/OpenMIPS/OpenMIPS.srcs/sources_1/ip/mig_7series_0/mig_7series_0/user_design/rtl/ui/mig_7series_v4_2_ui_top.v" into library xil_defaultlib
INFO: [VRFC 10-311] analyzing module mig_7series_v4_2_ui_top
INFO: [VRFC 10-2263] Analyzing Verilog file "E:/cOMPUTERaRCHITECTURE/EXP2/zrx/MipsOS/Project/OpenMIPS/OpenMIPS.srcs/sources_1/ip/mig_7series_0/mig_7series_0/user_design/rtl/ui/mig_7series_v4_2_ui_wr_data.v" into library xil_defaultlib
INFO: [VRFC 10-311] analyzing module mig_7series_v4_2_ui_wr_data
INFO: [VRFC 10-2263] Analyzing Verilog file "E:/cOMPUTERaRCHITECTURE/EXP2/zrx/MipsOS/Project/OpenMIPS/OpenMIPS.srcs/sources_1/ip/mig_7series_0/mig_7series_0/user_design/rtl/mig_7series_0_mig_sim.v" into library xil_defaultlib
INFO: [VRFC 10-311] analyzing module mig_7series_0_mig
INFO: [VRFC 10-2458] undeclared symbol dbg_sel_po_incdec, assumed default net type wire [E:/cOMPUTERaRCHITECTURE/EXP2/zrx/MipsOS/Project/OpenMIPS/OpenMIPS.srcs/sources_1/ip/mig_7series_0/mig_7series_0/user_design/rtl/mig_7series_0_mig_sim.v:1022]
INFO: [VRFC 10-2458] undeclared symbol dbg_po_f_inc, assumed default net type wire [E:/cOMPUTERaRCHITECTURE/EXP2/zrx/MipsOS/Project/OpenMIPS/OpenMIPS.srcs/sources_1/ip/mig_7series_0/mig_7series_0/user_design/rtl/mig_7series_0_mig_sim.v:1026]
INFO: [VRFC 10-2458] undeclared symbol dbg_po_f_stg23_sel, assumed default net type wire [E:/cOMPUTERaRCHITECTURE/EXP2/zrx/MipsOS/Project/OpenMIPS/OpenMIPS.srcs/sources_1/ip/mig_7series_0/mig_7series_0/user_design/rtl/mig_7series_0_mig_sim.v:1027]
INFO: [VRFC 10-2458] undeclared symbol dbg_po_f_dec, assumed default net type wire [E:/cOMPUTERaRCHITECTURE/EXP2/zrx/MipsOS/Project/OpenMIPS/OpenMIPS.srcs/sources_1/ip/mig_7series_0/mig_7series_0/user_design/rtl/mig_7series_0_mig_sim.v:1028]
INFO: [VRFC 10-2458] undeclared symbol dbg_poc, assumed default net type wire [E:/cOMPUTERaRCHITECTURE/EXP2/zrx/MipsOS/Project/OpenMIPS/OpenMIPS.srcs/sources_1/ip/mig_7series_0/mig_7series_0/user_design/rtl/mig_7series_0_mig_sim.v:1082]
INFO: [VRFC 10-2263] Analyzing Verilog file "E:/cOMPUTERaRCHITECTURE/EXP2/zrx/MipsOS/Project/OpenMIPS/OpenMIPS.srcs/sources_1/ip/mig_7series_0/mig_7series_0/user_design/rtl/mig_7series_0.v" into library xil_defaultlib
INFO: [VRFC 10-311] analyzing module mig_7series_0
INFO: [VRFC 10-2263] Analyzing Verilog file "E:/cOMPUTERaRCHITECTURE/EXP2/zrx/MipsOS/Project/OpenMIPS/OpenMIPS.srcs/sources_1/ip/clk_wiz_0/clk_wiz_0_clk_wiz.v" into library xil_defaultlib
INFO: [VRFC 10-311] analyzing module clk_wiz_0_clk_wiz
INFO: [VRFC 10-2263] Analyzing Verilog file "E:/cOMPUTERaRCHITECTURE/EXP2/zrx/MipsOS/Project/OpenMIPS/OpenMIPS.srcs/sources_1/ip/clk_wiz_0/clk_wiz_0.v" into library xil_defaultlib
INFO: [VRFC 10-311] analyzing module clk_wiz_0
INFO: [VRFC 10-2263] Analyzing Verilog file "E:/cOMPUTERaRCHITECTURE/EXP2/zrx/MipsOS/Project/OpenMIPS/OpenMIPS.srcs/sources_1/new/ddr/DDR2.v" into library xil_defaultlib
INFO: [VRFC 10-311] analyzing module DDR2
INFO: [VRFC 10-2263] Analyzing Verilog file "E:/cOMPUTERaRCHITECTURE/EXP2/zrx/MipsOS/Project/OpenMIPS/OpenMIPS.srcs/sources_1/new/OpenMIPS/LLbit_reg.v" into library xil_defaultlib
INFO: [VRFC 10-311] analyzing module LLbit_reg
INFO: [VRFC 10-2263] Analyzing Verilog file "E:/cOMPUTERaRCHITECTURE/EXP2/zrx/MipsOS/Project/OpenMIPS/OpenMIPS.srcs/sources_1/new/OpenMIPS/cp0_reg.v" into library xil_defaultlib
INFO: [VRFC 10-311] analyzing module cp0_reg
INFO: [VRFC 10-2263] Analyzing Verilog file "E:/cOMPUTERaRCHITECTURE/EXP2/zrx/MipsOS/Project/OpenMIPS/OpenMIPS.srcs/sources_1/new/OpenMIPS/ctrl.v" into library xil_defaultlib
INFO: [VRFC 10-311] analyzing module ctrl
INFO: [VRFC 10-2263] Analyzing Verilog file "E:/cOMPUTERaRCHITECTURE/EXP2/zrx/MipsOS/Project/OpenMIPS/OpenMIPS.srcs/sim_1/new/ddr2_model.v" into library xil_defaultlib
INFO: [VRFC 10-311] analyzing module ddr2_model
INFO: [VRFC 10-2263] Analyzing Verilog file "E:/cOMPUTERaRCHITECTURE/EXP2/zrx/MipsOS/Project/OpenMIPS/OpenMIPS.srcs/sources_1/new/OpenMIPS/div.v" into library xil_defaultlib
INFO: [VRFC 10-311] analyzing module div
INFO: [VRFC 10-2263] Analyzing Verilog file "E:/cOMPUTERaRCHITECTURE/EXP2/zrx/MipsOS/Project/OpenMIPS/OpenMIPS.srcs/sources_1/new/OpenMIPS/ex.v" into library xil_defaultlib
INFO: [VRFC 10-311] analyzing module ex
INFO: [VRFC 10-2263] Analyzing Verilog file "E:/cOMPUTERaRCHITECTURE/EXP2/zrx/MipsOS/Project/OpenMIPS/OpenMIPS.srcs/sources_1/new/OpenMIPS/ex_mem.v" into library xil_defaultlib
INFO: [VRFC 10-311] analyzing module ex_mem
INFO: [VRFC 10-2263] Analyzing Verilog file "E:/cOMPUTERaRCHITECTURE/EXP2/zrx/MipsOS/Project/OpenMIPS/OpenMIPS.srcs/sources_1/new/flash_rom.v" into library xil_defaultlib
INFO: [VRFC 10-311] analyzing module flash_rom
INFO: [VRFC 10-2263] Analyzing Verilog file "E:/cOMPUTERaRCHITECTURE/EXP2/zrx/MipsOS/Project/OpenMIPS/OpenMIPS.srcs/sources_1/new/gpio/gpio_top.v" into library xil_defaultlib
INFO: [VRFC 10-311] analyzing module gpio_top
INFO: [VRFC 10-2263] Analyzing Verilog file "E:/cOMPUTERaRCHITECTURE/EXP2/zrx/MipsOS/Project/OpenMIPS/OpenMIPS.srcs/sources_1/new/OpenMIPS/hilo_reg.v" into library xil_defaultlib
INFO: [VRFC 10-311] analyzing module hilo_reg
INFO: [VRFC 10-2263] Analyzing Verilog file "E:/cOMPUTERaRCHITECTURE/EXP2/zrx/MipsOS/Project/OpenMIPS/OpenMIPS.srcs/sources_1/new/OpenMIPS/id.v" into library xil_defaultlib
INFO: [VRFC 10-311] analyzing module id
INFO: [VRFC 10-2263] Analyzing Verilog file "E:/cOMPUTERaRCHITECTURE/EXP2/zrx/MipsOS/Project/OpenMIPS/OpenMIPS.srcs/sources_1/new/OpenMIPS/id_ex.v" into library xil_defaultlib
INFO: [VRFC 10-311] analyzing module id_ex
INFO: [VRFC 10-2263] Analyzing Verilog file "E:/cOMPUTERaRCHITECTURE/EXP2/zrx/MipsOS/Project/OpenMIPS/OpenMIPS.srcs/sources_1/new/OpenMIPS/if_id.v" into library xil_defaultlib
INFO: [VRFC 10-311] analyzing module if_id
INFO: [VRFC 10-2263] Analyzing Verilog file "E:/cOMPUTERaRCHITECTURE/EXP2/zrx/MipsOS/Project/OpenMIPS/OpenMIPS.srcs/sources_1/new/OpenMIPS/mem.v" into library xil_defaultlib
INFO: [VRFC 10-311] analyzing module mem
INFO: [VRFC 10-2263] Analyzing Verilog file "E:/cOMPUTERaRCHITECTURE/EXP2/zrx/MipsOS/Project/OpenMIPS/OpenMIPS.srcs/sources_1/new/OpenMIPS/mem_wb.v" into library xil_defaultlib
INFO: [VRFC 10-311] analyzing module mem_wb
INFO: [VRFC 10-2263] Analyzing Verilog file "E:/cOMPUTERaRCHITECTURE/EXP2/zrx/MipsOS/Project/OpenMIPS/OpenMIPS.srcs/sources_1/new/OpenMIPS/openmips.v" into library xil_defaultlib
INFO: [VRFC 10-311] analyzing module openmips
INFO: [VRFC 10-2263] Analyzing Verilog file "E:/cOMPUTERaRCHITECTURE/EXP2/zrx/MipsOS/Project/OpenMIPS/OpenMIPS.srcs/sources_1/new/openmips_min_sopc.v" into library xil_defaultlib
INFO: [VRFC 10-311] analyzing module openmips_min_sopc
INFO: [VRFC 10-2263] Analyzing Verilog file "E:/cOMPUTERaRCHITECTURE/EXP2/zrx/MipsOS/Project/OpenMIPS/OpenMIPS.srcs/sources_1/new/OpenMIPS/pc_reg.v" into library xil_defaultlib
INFO: [VRFC 10-311] analyzing module pc_reg
INFO: [VRFC 10-2263] Analyzing Verilog file "E:/cOMPUTERaRCHITECTURE/EXP2/zrx/MipsOS/Project/OpenMIPS/OpenMIPS.srcs/sources_1/new/uart/raminfr.v" into library xil_defaultlib
INFO: [VRFC 10-311] analyzing module raminfr
INFO: [VRFC 10-2263] Analyzing Verilog file "E:/cOMPUTERaRCHITECTURE/EXP2/zrx/MipsOS/Project/OpenMIPS/OpenMIPS.srcs/sources_1/new/OpenMIPS/regfile.v" into library xil_defaultlib
INFO: [VRFC 10-311] analyzing module regfile
INFO: [VRFC 10-2263] Analyzing Verilog file "E:/cOMPUTERaRCHITECTURE/EXP2/zrx/MipsOS/Project/OpenMIPS/OpenMIPS.srcs/sources_1/new/uart/uart_debug_if.v" into library xil_defaultlib
INFO: [VRFC 10-311] analyzing module uart_debug_if
INFO: [VRFC 10-2263] Analyzing Verilog file "E:/cOMPUTERaRCHITECTURE/EXP2/zrx/MipsOS/Project/OpenMIPS/OpenMIPS.srcs/sources_1/new/uart/uart_receiver.v" into library xil_defaultlib
INFO: [VRFC 10-311] analyzing module uart_receiver
INFO: [VRFC 10-2263] Analyzing Verilog file "E:/cOMPUTERaRCHITECTURE/EXP2/zrx/MipsOS/Project/OpenMIPS/OpenMIPS.srcs/sources_1/new/uart/uart_regs.v" into library xil_defaultlib
INFO: [VRFC 10-311] analyzing module uart_regs
INFO: [VRFC 10-2458] undeclared symbol rf_overrun, assumed default net type wire [E:/cOMPUTERaRCHITECTURE/EXP2/zrx/MipsOS/Project/OpenMIPS/OpenMIPS.srcs/sources_1/new/uart/uart_regs.v:400]
INFO: [VRFC 10-2458] undeclared symbol rf_push_pulse, assumed default net type wire [E:/cOMPUTERaRCHITECTURE/EXP2/zrx/MipsOS/Project/OpenMIPS/OpenMIPS.srcs/sources_1/new/uart/uart_regs.v:400]
INFO: [VRFC 10-2263] Analyzing Verilog file "E:/cOMPUTERaRCHITECTURE/EXP2/zrx/MipsOS/Project/OpenMIPS/OpenMIPS.srcs/sources_1/new/uart/uart_rfifo.v" into library xil_defaultlib
INFO: [VRFC 10-311] analyzing module uart_rfifo
INFO: [VRFC 10-2263] Analyzing Verilog file "E:/cOMPUTERaRCHITECTURE/EXP2/zrx/MipsOS/Project/OpenMIPS/OpenMIPS.srcs/sources_1/new/uart/uart_sync_flops.v" into library xil_defaultlib
INFO: [VRFC 10-311] analyzing module uart_sync_flops
INFO: [VRFC 10-2263] Analyzing Verilog file "E:/cOMPUTERaRCHITECTURE/EXP2/zrx/MipsOS/Project/OpenMIPS/OpenMIPS.srcs/sources_1/new/uart/uart_tfifo.v" into library xil_defaultlib
INFO: [VRFC 10-311] analyzing module uart_tfifo
INFO: [VRFC 10-2263] Analyzing Verilog file "E:/cOMPUTERaRCHITECTURE/EXP2/zrx/MipsOS/Project/OpenMIPS/OpenMIPS.srcs/sources_1/new/uart/uart_top.v" into library xil_defaultlib
INFO: [VRFC 10-311] analyzing module uart_top
INFO: [VRFC 10-2263] Analyzing Verilog file "E:/cOMPUTERaRCHITECTURE/EXP2/zrx/MipsOS/Project/OpenMIPS/OpenMIPS.srcs/sources_1/new/uart/uart_transmitter.v" into library xil_defaultlib
INFO: [VRFC 10-311] analyzing module uart_transmitter
INFO: [VRFC 10-2263] Analyzing Verilog file "E:/cOMPUTERaRCHITECTURE/EXP2/zrx/MipsOS/Project/OpenMIPS/OpenMIPS.srcs/sources_1/new/uart/uart_wb.v" into library xil_defaultlib
INFO: [VRFC 10-311] analyzing module uart_wb
INFO: [VRFC 10-2263] Analyzing Verilog file "E:/cOMPUTERaRCHITECTURE/EXP2/zrx/MipsOS/Project/OpenMIPS/OpenMIPS.srcs/sources_1/new/wb_conmax/wb_conmax_arb.v" into library xil_defaultlib
INFO: [VRFC 10-311] analyzing module wb_conmax_arb
INFO: [VRFC 10-2263] Analyzing Verilog file "E:/cOMPUTERaRCHITECTURE/EXP2/zrx/MipsOS/Project/OpenMIPS/OpenMIPS.srcs/sources_1/new/wb_conmax/wb_conmax_master_if.v" into library xil_defaultlib
INFO: [VRFC 10-311] analyzing module wb_conmax_master_if
INFO: [VRFC 10-2263] Analyzing Verilog file "E:/cOMPUTERaRCHITECTURE/EXP2/zrx/MipsOS/Project/OpenMIPS/OpenMIPS.srcs/sources_1/new/wb_conmax/wb_conmax_msel.v" into library xil_defaultlib
INFO: [VRFC 10-311] analyzing module wb_conmax_msel
INFO: [VRFC 10-2263] Analyzing Verilog file "E:/cOMPUTERaRCHITECTURE/EXP2/zrx/MipsOS/Project/OpenMIPS/OpenMIPS.srcs/sources_1/new/wb_conmax/wb_conmax_pri_dec.v" into library xil_defaultlib
INFO: [VRFC 10-311] analyzing module wb_conmax_pri_dec
INFO: [VRFC 10-2263] Analyzing Verilog file "E:/cOMPUTERaRCHITECTURE/EXP2/zrx/MipsOS/Project/OpenMIPS/OpenMIPS.srcs/sources_1/new/wb_conmax/wb_conmax_pri_enc.v" into library xil_defaultlib
INFO: [VRFC 10-311] analyzing module wb_conmax_pri_enc
INFO: [VRFC 10-2263] Analyzing Verilog file "E:/cOMPUTERaRCHITECTURE/EXP2/zrx/MipsOS/Project/OpenMIPS/OpenMIPS.srcs/sources_1/new/wb_conmax/wb_conmax_rf.v" into library xil_defaultlib
INFO: [VRFC 10-311] analyzing module wb_conmax_rf
INFO: [VRFC 10-2263] Analyzing Verilog file "E:/cOMPUTERaRCHITECTURE/EXP2/zrx/MipsOS/Project/OpenMIPS/OpenMIPS.srcs/sources_1/new/wb_conmax/wb_conmax_slave_if.v" into library xil_defaultlib
INFO: [VRFC 10-311] analyzing module wb_conmax_slave_if
INFO: [VRFC 10-2263] Analyzing Verilog file "E:/cOMPUTERaRCHITECTURE/EXP2/zrx/MipsOS/Project/OpenMIPS/OpenMIPS.srcs/sources_1/new/wb_conmax/wb_conmax_top.v" into library xil_defaultlib
INFO: [VRFC 10-311] analyzing module wb_conmax_top
INFO: [VRFC 10-2263] Analyzing Verilog file "E:/cOMPUTERaRCHITECTURE/EXP2/zrx/MipsOS/Project/OpenMIPS/OpenMIPS.srcs/sources_1/new/OpenMIPS/wishbone_bus_if.v" into library xil_defaultlib
INFO: [VRFC 10-311] analyzing module wishbone_bus_if
INFO: [VRFC 10-2263] Analyzing Verilog file "E:/cOMPUTERaRCHITECTURE/EXP2/zrx/MipsOS/Project/OpenMIPS/OpenMIPS.srcs/sim_1/new/openmips_min_sopc_tb.v" into library xil_defaultlib
INFO: [VRFC 10-311] analyzing module openmips_min_sopc_tb
"xvhdl --incr --relax -prj openmips_min_sopc_tb_vhdl.prj"
run_program: Time (s): cpu = 00:00:00 ; elapsed = 00:00:29 . Memory (MB): peak = 1779.020 ; gain = 0.000
INFO: [USF-XSim-69] 'compile' step finished in '29' seconds
INFO: [USF-XSim-3] XSim::Elaborate design
INFO: [USF-XSim-61] Executing 'ELABORATE' step in 'E:/cOMPUTERaRCHITECTURE/EXP2/zrx/MipsOS/Project/OpenMIPS/OpenMIPS.sim/sim_1/behav/xsim'
"xelab -wto 4c9d15a03076431c966d8e493222eb77 --incr --debug typical --relax --mt 2 -L xil_defaultlib -L unisims_ver -L unimacro_ver -L secureip -L xpm --snapshot openmips_min_sopc_tb_behav xil_defaultlib.openmips_min_sopc_tb xil_defaultlib.glbl -log elaborate.log"
Vivado Simulator 2019.1
Copyright 1986-1999, 2001-2019 Xilinx, Inc. All Rights Reserved.
Running: D:/vivado_2019_1_files/Vivado/2019.1/bin/unwrapped/win64.o/xelab.exe -wto 4c9d15a03076431c966d8e493222eb77 --incr --debug typical --relax --mt 2 -L xil_defaultlib -L unisims_ver -L unimacro_ver -L secureip -L xpm --snapshot openmips_min_sopc_tb_behav xil_defaultlib.openmips_min_sopc_tb xil_defaultlib.glbl -log elaborate.log 
Using 2 slave threads.
Starting static elaboration
WARNING: [VRFC 10-3091] actual bit length 1 differs from formal bit length 1024 for port 'dbg_poc' [E:/cOMPUTERaRCHITECTURE/EXP2/zrx/MipsOS/Project/OpenMIPS/OpenMIPS.srcs/sources_1/ip/mig_7series_0/mig_7series_0/user_design/rtl/mig_7series_0_mig_sim.v:1082]
WARNING: [VRFC 10-3091] actual bit length 12 differs from formal bit length 4 for port 'pi_dqs_found_lanes' [E:/cOMPUTERaRCHITECTURE/EXP2/zrx/MipsOS/Project/OpenMIPS/OpenMIPS.srcs/sources_1/ip/mig_7series_0/mig_7series_0/user_design/rtl/phy/mig_7series_v4_2_ddr_mc_phy_wrapper.v:1671]
WARNING: [VRFC 10-3091] actual bit length 12 differs from formal bit length 4 for port 'pi_phase_locked_lanes' [E:/cOMPUTERaRCHITECTURE/EXP2/zrx/MipsOS/Project/OpenMIPS/OpenMIPS.srcs/sources_1/ip/mig_7series_0/mig_7series_0/user_design/rtl/phy/mig_7series_v4_2_ddr_mc_phy_wrapper.v:1679]
WARNING: [VRFC 10-3091] actual bit length 12 differs from formal bit length 4 for port 'pi_dqs_found_lanes' [E:/cOMPUTERaRCHITECTURE/EXP2/zrx/MipsOS/Project/OpenMIPS/OpenMIPS.srcs/sources_1/ip/mig_7series_0/mig_7series_0/user_design/rtl/phy/mig_7series_v4_2_ddr_phy_top.v:1340]
WARNING: [VRFC 10-3091] actual bit length 2 differs from formal bit length 1 for port 'fine_adjust_lane_cnt' [E:/cOMPUTERaRCHITECTURE/EXP2/zrx/MipsOS/Project/OpenMIPS/OpenMIPS.srcs/sources_1/ip/mig_7series_0/mig_7series_0/user_design/rtl/phy/mig_7series_v4_2_ddr_calib_top.v:1963]
Completed static elaboration
Starting simulation data flow analysis
Completed simulation data flow analysis
Time Resolution for simulation is 1fs
Compiling package std.standard
Compiling package std.textio
Compiling package ieee.std_logic_1164
Compiling module xil_defaultlib.pc_reg
Compiling module xil_defaultlib.if_id
Compiling module xil_defaultlib.id
Compiling module xil_defaultlib.regfile
Compiling module xil_defaultlib.id_ex
Compiling module xil_defaultlib.ex
Compiling module xil_defaultlib.ex_mem
Compiling module xil_defaultlib.mem
Compiling module xil_defaultlib.mem_wb
Compiling module xil_defaultlib.hilo_reg
Compiling module xil_defaultlib.ctrl
Compiling module xil_defaultlib.div
Compiling module xil_defaultlib.LLbit_reg
Compiling module xil_defaultlib.cp0_reg
Compiling module xil_defaultlib.wishbone_bus_if
Compiling module xil_defaultlib.openmips
Compiling module xil_defaultlib.uart_wb
Compiling module xil_defaultlib.raminfr
Compiling module xil_defaultlib.uart_tfifo
Compiling module xil_defaultlib.uart_transmitter
Compiling module xil_defaultlib.uart_sync_flops(width=1,init_val...
Compiling module xil_defaultlib.uart_rfifo(fifo_width=11)
Compiling module xil_defaultlib.uart_receiver
Compiling module xil_defaultlib.uart_regs
Compiling module xil_defaultlib.uart_debug_if
Compiling module xil_defaultlib.uart_top
Compiling module xil_defaultlib.gpio_top
Compiling module unisims_ver.STARTUPE2(SIM_CCLK_FREQ=10.0)
Compiling module xil_defaultlib.flash_rom
Compiling module unisims_ver.IBUF
Compiling module unisims_ver.MMCME2_ADV(CLKFBOUT_MULT_F=10.0,...
Compiling module unisims_ver.BUFG
Compiling module xil_defaultlib.clk_wiz_0_clk_wiz
Compiling module xil_defaultlib.clk_wiz_0
Compiling module unisims_ver.IDELAYCTRL_default
Compiling module xil_defaultlib.mig_7series_v4_2_iodelay_ctrl(IO...
Compiling module xil_defaultlib.mig_7series_v4_2_clk_ibuf(SYSCLK...
Compiling module xil_defaultlib.mig_7series_v4_2_tempmon(TEMP_MO...
Compiling module unisims_ver.PLLE2_ADV(CLKFBOUT_MULT=6,CLKIN1...
Compiling module unisims_ver.BUFH
Compiling module unisims_ver.MMCME2_ADV(BANDWIDTH="HIGH",CLKF...
Compiling module xil_defaultlib.mig_7series_v4_2_infrastructure(...
Compiling module unisims_ver.SRLC32E_default
Compiling module xil_defaultlib.mig_7series_v4_2_rank_cntrl(DQRD...
Compiling module xil_defaultlib.mig_7series_v4_2_round_robin_arb...
Compiling module xil_defaultlib.mig_7series_v4_2_round_robin_arb...
Compiling module xil_defaultlib.mig_7series_v4_2_rank_common(DRA...
Compiling module xil_defaultlib.mig_7series_v4_2_rank_mach(CS_WI...
Compiling module xil_defaultlib.mig_7series_v4_2_bank_compare(CO...
Compiling module xil_defaultlib.mig_7series_v4_2_bank_state(CWL=...
Compiling module xil_defaultlib.mig_7series_v4_2_bank_queue(ORDE...
Compiling module xil_defaultlib.mig_7series_v4_2_bank_cntrl(COL_...
Compiling module xil_defaultlib.mig_7series_v4_2_bank_state(CWL=...
Compiling module xil_defaultlib.mig_7series_v4_2_bank_queue(ORDE...
Compiling module xil_defaultlib.mig_7series_v4_2_bank_cntrl(COL_...
Compiling module xil_defaultlib.mig_7series_v4_2_bank_state(CWL=...
Compiling module xil_defaultlib.mig_7series_v4_2_bank_queue(ORDE...
Compiling module xil_defaultlib.mig_7series_v4_2_bank_cntrl(COL_...
Compiling module xil_defaultlib.mig_7series_v4_2_bank_state(CWL=...
Compiling module xil_defaultlib.mig_7series_v4_2_bank_queue(ORDE...
Compiling module xil_defaultlib.mig_7series_v4_2_bank_cntrl(COL_...
Compiling module xil_defaultlib.mig_7series_v4_2_bank_common(LOW...
Compiling module xil_defaultlib.mig_7series_v4_2_round_robin_arb...
Compiling module xil_defaultlib.mig_7series_v4_2_arb_row_col(CWL...
Compiling module xil_defaultlib.mig_7series_v4_2_arb_select(CS_W...
Compiling module xil_defaultlib.mig_7series_v4_2_arb_mux(CS_WIDT...
Compiling module xil_defaultlib.mig_7series_v4_2_bank_mach(COL_W...
Compiling module unisims_ver.RAM32M
Compiling module xil_defaultlib.mig_7series_v4_2_col_mach(COL_WI...
Compiling module xil_defaultlib.mig_7series_v4_2_mc(COL_WIDTH=10...
Compiling module unisims_ver.OBUF
Compiling module unisims_ver.OBUFT
Compiling module unisims_ver.IOBUF_INTERMDISABLE(IBUF_LOW_PWR...
Compiling module unisims_ver.IOBUFDS_INTERMDISABLE(DQS_BIAS="...
Compiling module xil_defaultlib.mig_7series_v4_2_ddr_of_pre_fifo...
Compiling module xil_defaultlib.mig_7series_v4_2_ddr_of_pre_fifo...
Compiling module unisims_ver.BUFIO
Compiling module xil_defaultlib.mig_7series_v4_2_ddr_if_post_fif...
Compiling module xil_defaultlib.mig_7series_v4_2_ddr_of_pre_fifo...
Compiling module unisims_ver.PHASER_IN_PHY(BURST_MODE="TRUE",...
Compiling module unisims_ver.PHASER_OUT_PHY(CLKOUT_DIV=2,DATA...
Compiling module unisims_ver.IN_FIFO
Compiling module unisims_ver.OUT_FIFO
Compiling module unisims_ver.ISERDESE2(INTERFACE_TYPE="MEMORY...
Compiling module unisims_ver.IDELAYE2(HIGH_PERFORMANCE_MODE="...
Compiling module unisims_ver.OSERDESE2(INIT_OQ=1'b1,INIT_TQ=1...
Compiling module unisims_ver.OSERDESE2(INIT_OQ=1'b1,INIT_TQ=1...
Compiling module unisims_ver.ODDR(DDR_CLK_EDGE="SAME_EDGE")
Compiling module xil_defaultlib.mig_7series_v4_2_ddr_byte_group_...
Compiling module xil_defaultlib.mig_7series_v4_2_ddr_byte_lane(P...
Compiling module unisims_ver.PHASER_OUT_PHY(FINE_DELAY=60,MEM...
Compiling module unisims_ver.OUT_FIFO(ARRAY_MODE="ARRAY_MODE_...
Compiling module unisims_ver.OSERDESE2(DATA_RATE_OQ="SDR",DAT...
Compiling module xil_defaultlib.mig_7series_v4_2_ddr_byte_group_...
Compiling module xil_defaultlib.mig_7series_v4_2_ddr_byte_lane(A...
Compiling module unisims_ver.PHASER_IN_PHY(BURST_MODE="TRUE",...
Compiling module xil_defaultlib.mig_7series_v4_2_ddr_byte_group_...
Compiling module xil_defaultlib.mig_7series_v4_2_ddr_byte_lane(A...
Compiling module xil_defaultlib.mig_7series_v4_2_ddr_byte_group_...
Compiling module unisims_ver.OBUFDS
Compiling module xil_defaultlib.mig_7series_v4_2_ddr_byte_lane(A...
Compiling module unisims_ver.PHY_CONTROL(AO_TOGGLE=1,BURST_MO...
Compiling module unisims_ver.PHASER_REF
Compiling module xil_defaultlib.mig_7series_v4_2_ddr_phy_4lanes(...
Compiling module xil_defaultlib.mig_7series_v4_2_ddr_mc_phy(DATA...
Compiling module xil_defaultlib.mig_7series_v4_2_ddr_mc_phy_wrap...
Compiling module xil_defaultlib.mig_7series_v4_2_ddr_prbs_gen(DQ...
Compiling module xil_defaultlib.mig_7series_v4_2_ddr_phy_init(tC...
Compiling module xil_defaultlib.mig_7series_v4_2_ddr_phy_wrcal(n...
Compiling module xil_defaultlib.mig_7series_v4_2_ddr_phy_wrlvl_o...
Compiling module xil_defaultlib.mig_7series_v4_2_ddr_phy_dqs_fou...
Compiling module xil_defaultlib.mig_7series_v4_2_ddr_phy_rdlvl(n...
Compiling module xil_defaultlib.mig_7series_v4_2_ddr_phy_tempmon...
Compiling module xil_defaultlib.mig_7series_v4_2_ddr_calib_top(n...
Compiling module xil_defaultlib.mig_7series_v4_2_ddr_phy_top(DDR...
Compiling module xil_defaultlib.mig_7series_v4_2_mem_intfc(PAYLO...
Compiling module xil_defaultlib.mig_7series_v4_2_ui_cmd(ADDR_WID...
Compiling module xil_defaultlib.mig_7series_v4_2_ui_wr_data(APP_...
Compiling module xil_defaultlib.mig_7series_v4_2_ui_rd_data(APP_...
Compiling module xil_defaultlib.mig_7series_v4_2_ui_top(APP_DATA...
Compiling module xil_defaultlib.mig_7series_v4_2_memc_ui_top_std...
Compiling module xil_defaultlib.mig_7series_0_mig_default
Compiling module xil_defaultlib.mig_7series_0
Compiling architecture behavioral of entity xil_defaultlib.Ram2Ddr [ram2ddr_default]
Compiling module xil_defaultlib.DDR2
Compiling module xil_defaultlib.wb_conmax_master_if(sw=4)
Compiling module xil_defaultlib.wb_conmax_arb
Compiling module xil_defaultlib.wb_conmax_pri_dec(pri_sel=2'b10)
Compiling module xil_defaultlib.wb_conmax_pri_enc(pri_sel=2'b10)
Compiling module xil_defaultlib.wb_conmax_msel(pri_sel=2'b10)
Compiling module xil_defaultlib.wb_conmax_slave_if(sw=4)
Compiling module xil_defaultlib.wb_conmax_rf(sw=4)
Compiling module xil_defaultlib.wb_conmax_top_default
Compiling module xil_defaultlib.openmips_min_sopc
Compiling module xil_defaultlib.ddr2_model_default
Compiling module xil_defaultlib.openmips_min_sopc_tb
Compiling module xil_defaultlib.glbl
Built simulation snapshot openmips_min_sopc_tb_behav

****** Webtalk v2019.1 (64-bit)
  **** SW Build 2552052 on Fri May 24 14:49:42 MDT 2019
  **** IP Build 2548770 on Fri May 24 18:01:18 MDT 2019
    ** Copyright 1986-2019 Xilinx, Inc. All Rights Reserved.

source E:/cOMPUTERaRCHITECTURE/EXP2/zrx/MipsOS/Project/OpenMIPS/OpenMIPS.sim/sim_1/behav/xsim/xsim.dir/openmips_min_sopc_tb_behav/webtalk/xsim_webtalk.tcl -notrace
INFO: [Common 17-206] Exiting Webtalk at Sat May 25 17:29:25 2024...
run_program: Time (s): cpu = 00:00:01 ; elapsed = 00:00:55 . Memory (MB): peak = 1779.020 ; gain = 0.000
INFO: [USF-XSim-69] 'elaborate' step finished in '55' seconds
INFO: [USF-XSim-4] XSim::Simulate design
INFO: [USF-XSim-61] Executing 'SIMULATE' step in 'E:/cOMPUTERaRCHITECTURE/EXP2/zrx/MipsOS/Project/OpenMIPS/OpenMIPS.sim/sim_1/behav/xsim'
INFO: [USF-XSim-98] *** Running xsim
   with args "openmips_min_sopc_tb_behav -key {Behavioral:sim_1:Functional:openmips_min_sopc_tb} -tclbatch {openmips_min_sopc_tb.tcl} -view {E:/cOMPUTERaRCHITECTURE/EXP2/zrx/MipsOS/Project/OpenMIPS/openmips_min_sopc_tb_behav.wcfg} -log {simulate.log}"
INFO: [USF-XSim-8] Loading simulator feature
Vivado Simulator 2019.1
Time resolution is 1 fs
open_wave_config E:/cOMPUTERaRCHITECTURE/EXP2/zrx/MipsOS/Project/OpenMIPS/openmips_min_sopc_tb_behav.wcfg
WARNING: Simulation object /openmips_min_sopc_tb/openmips_min_sopc0/clk_R was not found in the design.
WARNING: Simulation object /openmips_min_sopc_tb/openmips_min_sopc0/dtube_cs_n was not found in the design.
WARNING: Simulation object /openmips_min_sopc_tb/openmips_min_sopc0/dtube_data was not found in the design.
WARNING: Simulation object /openmips_min_sopc_tb/openmips_min_sopc0/dtube_cs_n_temp was not found in the design.
WARNING: Simulation object /openmips_min_sopc_tb/openmips_min_sopc0/rst_count was not found in the design.
WARNING: Simulation object /openmips_min_sopc_tb/openmips_min_sopc0/rst_n_in was not found in the design.
WARNING: Simulation object /openmips_min_sopc_tb/openmips_min_sopc0/openmips0/mem_reg1_i was not found in the design.
WARNING: Simulation object /openmips_min_sopc_tb/openmips_min_sopc0/openmips0/rom_addr_o was not found in the design.
WARNING: Simulation object /openmips_min_sopc_tb/openmips_min_sopc0/GraphicsController/wb_clk_i was not found in the design.
WARNING: Simulation object /openmips_min_sopc_tb/openmips_min_sopc0/GraphicsController/wb_rst_i was not found in the design.
WARNING: Simulation object /openmips_min_sopc_tb/openmips_min_sopc0/GraphicsController/wb_cyc_i was not found in the design.
WARNING: Simulation object /openmips_min_sopc_tb/openmips_min_sopc0/GraphicsController/wb_stb_i was not found in the design.
WARNING: Simulation object /openmips_min_sopc_tb/openmips_min_sopc0/GraphicsController/wb_we_i was not found in the design.
WARNING: Simulation object /openmips_min_sopc_tb/openmips_min_sopc0/GraphicsController/wb_sel_i was not found in the design.
WARNING: Simulation object /openmips_min_sopc_tb/openmips_min_sopc0/GraphicsController/wb_adr_i was not found in the design.
WARNING: Simulation object /openmips_min_sopc_tb/openmips_min_sopc0/GraphicsController/wb_dat_i was not found in the design.
WARNING: Simulation object /openmips_min_sopc_tb/openmips_min_sopc0/GraphicsController/wb_dat_o was not found in the design.
WARNING: Simulation object /openmips_min_sopc_tb/openmips_min_sopc0/GraphicsController/wb_ack_o was not found in the design.
WARNING: Simulation object /openmips_min_sopc_tb/openmips_min_sopc0/GraphicsController/VGA_HS_O was not found in the design.
WARNING: Simulation object /openmips_min_sopc_tb/openmips_min_sopc0/GraphicsController/VGA_VS_O was not found in the design.
WARNING: Simulation object /openmips_min_sopc_tb/openmips_min_sopc0/GraphicsController/VGA_R was not found in the design.
WARNING: Simulation object /openmips_min_sopc_tb/openmips_min_sopc0/GraphicsController/VGA_G was not found in the design.
WARNING: Simulation object /openmips_min_sopc_tb/openmips_min_sopc0/GraphicsController/VGA_B was not found in the design.
WARNING: Simulation object /openmips_min_sopc_tb/openmips_min_sopc0/GraphicsController/rst was not found in the design.
WARNING: Simulation object /openmips_min_sopc_tb/openmips_min_sopc0/GraphicsController/inputAddrShowRam was not found in the design.
WARNING: Simulation object /openmips_min_sopc_tb/openmips_min_sopc0/GraphicsController/inputDataShowRam was not found in the design.
WARNING: Simulation object /openmips_min_sopc_tb/openmips_min_sopc0/GraphicsController/inputDataOuputShowRam was not found in the design.
WARNING: Simulation object /openmips_min_sopc_tb/openmips_min_sopc0/GraphicsController/inputDataOuputShowRamW was not found in the design.
WARNING: Simulation object /openmips_min_sopc_tb/openmips_min_sopc0/GraphicsController/weaShowRam was not found in the design.
WARNING: Simulation object /openmips_min_sopc_tb/openmips_min_sopc0/GraphicsController/instate was not found in the design.
WARNING: Simulation object /openmips_min_sopc_tb/openmips_min_sopc0/GraphicsController/cnt was not found in the design.
WARNING: Simulation object /openmips_min_sopc_tb/openmips_min_sopc0/GraphicsController/pix_stb was not found in the design.
WARNING: Simulation object /openmips_min_sopc_tb/openmips_min_sopc0/GraphicsController/y was not found in the design.
WARNING: Simulation object /openmips_min_sopc_tb/openmips_min_sopc0/GraphicsController/AsciiAddr was not found in the design.
WARNING: Simulation object /openmips_min_sopc_tb/openmips_min_sopc0/GraphicsController/AsciiDataW was not found in the design.
WARNING: Simulation object /openmips_min_sopc_tb/openmips_min_sopc0/GraphicsController/AsciiData was not found in the design.
WARNING: Simulation object /openmips_min_sopc_tb/openmips_min_sopc0/GraphicsController/vgaAddrShowRam was not found in the design.
WARNING: Simulation object /openmips_min_sopc_tb/openmips_min_sopc0/GraphicsController/vgaDataShowRamW was not found in the design.
WARNING: Simulation object /openmips_min_sopc_tb/openmips_min_sopc0/GraphicsController/vgaDataShowRam was not found in the design.
WARNING: Simulation object /openmips_min_sopc_tb/openmips_min_sopc0/GraphicsController/vgaWriteEnable was not found in the design.
WARNING: Simulation object /openmips_min_sopc_tb/openmips_min_sopc0/GraphicsController/DrawAscii was not found in the design.
WARNING: Simulation object /openmips_min_sopc_tb/openmips_min_sopc0/GraphicsController/lineNow was not found in the design.
WARNING: Simulation object /openmips_min_sopc_tb/openmips_min_sopc0/GraphicsController/lineNowX was not found in the design.
WARNING: Simulation object /openmips_min_sopc_tb/openmips_min_sopc0/GraphicsController/lineBuffer was not found in the design.
WARNING: Simulation object /openmips_min_sopc_tb/openmips_min_sopc0/GraphicsController/state was not found in the design.
WARNING: Simulation object /openmips_min_sopc_tb/openmips_min_sopc0/GraphicsController/next_state was not found in the design.
WARNING: Simulation object /openmips_min_sopc_tb/openmips_min_sopc0/GraphicsController/drawX was not found in the design.
WARNING: Simulation object /openmips_min_sopc_tb/openmips_min_sopc0/GraphicsController/drawY was not found in the design.
WARNING: Simulation object /openmips_min_sopc_tb/openmips_min_sopc0/GraphicsController/drawHeight was not found in the design.
WARNING: Simulation object /openmips_min_sopc_tb/openmips_min_sopc0/GraphicsController/drawWidth was not found in the design.
WARNING: Simulation object /openmips_min_sopc_tb/openmips_min_sopc0/GraphicsController/wordbuf was not found in the design.
WARNING: Simulation object /openmips_min_sopc_tb/openmips_min_sopc0/GraphicsController/lineNowCount was not found in the design.
WARNING: Simulation object /openmips_min_sopc_tb/openmips_min_sopc0/GraphicsController/isDrawPoint was not found in the design.
WARNING: Simulation object /openmips_min_sopc_tb/openmips_min_sopc0/GraphicsController/x was not found in the design.
WARNING: Simulation object /openmips_min_sopc_tb/openmips_min_sopc0/GraphicsController/loadAsciiAddr was not found in the design.
WARNING: Simulation object /openmips_min_sopc_tb/openmips_min_sopc0/GraphicsController/nowYInShowRam was not found in the design.
WARNING: Simulation object /openmips_min_sopc_tb/openmips_min_sopc0/GraphicsController/nowXInShowRam was not found in the design.
WARNING: Simulation object /openmips_min_sopc_tb/openmips_min_sopc0/GraphicsController/writeAddr was not found in the design.
WARNING: Simulation object /openmips_min_sopc_tb/openmips_min_sopc0/GraphicsController/screenlinebuf was not found in the design.
WARNING: Simulation object /openmips_min_sopc_tb/openmips_min_sopc0/GraphicsController/vga_r_data was not found in the design.
WARNING: Simulation object /openmips_min_sopc_tb/openmips_min_sopc0/GraphicsController/vga_g_data was not found in the design.
WARNING: Simulation object /openmips_min_sopc_tb/openmips_min_sopc0/GraphicsController/vga_b_data was not found in the design.
open_wave_config: Time (s): cpu = 00:00:16 ; elapsed = 00:00:16 . Memory (MB): peak = 1779.020 ; gain = 0.000
source openmips_min_sopc_tb.tcl
# set curr_wave [current_wave_config]
# if { [string length $curr_wave] == 0 } {
#   if { [llength [get_objects]] > 0} {
#     add_wave /
#     set_property needs_save false [current_wave_config]
#   } else {
#      send_msg_id Add_Wave-1 WARNING "No top level signals found. Simulator will start without a wave window. If you want to open a wave window go to 'File->New Waveform Configuration' or type 'create_wave_config' in the TCL console."
#   }
# }
# run 1000ns
(openmips_min_sopc_tb.openmips_min_sopc0.uart_top0) UART INFO: Data bus width is 32. Debug Interface present.

(openmips_min_sopc_tb.openmips_min_sopc0.uart_top0) UART INFO: Doesn't have baudrate output

############# Write Clocks PLLE2_ADV Parameters #############

nCK_PER_CLK      =       4
CLK_PERIOD       =    4999
CLKIN1_PERIOD    =   4.999
DIVCLK_DIVIDE    =       1
CLKFBOUT_MULT    =       6
VCO_PERIOD       =   833.0
CLKOUT0_DIVIDE_F =       2
CLKOUT1_DIVIDE   =       4
CLKOUT2_DIVIDE   =      64
CLKOUT3_DIVIDE   =      16
CLKOUT0_PERIOD   =    1666
CLKOUT1_PERIOD   =    3332
CLKOUT2_PERIOD   =   53312
CLKOUT3_PERIOD   =   13328
CLKOUT4_PERIOD   =    6664
############################################################

############# MMCME2_ADV Parameters #############

MMCM_MULT_F           =          15
MMCM_VCO_FREQ (MHz)   = 1200.000
MMCM_VCO_PERIOD       = 833.333
#################################################

openmips_min_sopc_tb.openmips_min_sopc0.DDR2.Ram.Inst_DDR.u_mig_7series_0_mig.u_memc_ui_top_std.mem_intfc0.ddr_phy_top0.u_ddr_mc_phy_wrapper.u_ddr_mc_phy : BYTE_LANES_B0 = f BYTE_LANES_B1 = 0 DATA_CTL_B0 = 5 DATA_CTL_B1 = 0
openmips_min_sopc_tb.openmips_min_sopc0.DDR2.Ram.Inst_DDR.u_mig_7series_0_mig.u_memc_ui_top_std.mem_intfc0.ddr_phy_top0.u_ddr_mc_phy_wrapper.u_ddr_mc_phy : HIGHEST_LANE =           4 HIGHEST_LANE_B0 =           4 HIGHEST_LANE_B1 =           0
openmips_min_sopc_tb.openmips_min_sopc0.DDR2.Ram.Inst_DDR.u_mig_7series_0_mig.u_memc_ui_top_std.mem_intfc0.ddr_phy_top0.u_ddr_mc_phy_wrapper.u_ddr_mc_phy : HIGHEST_BANK =           1
openmips_min_sopc_tb.openmips_min_sopc0.DDR2.Ram.Inst_DDR.u_mig_7series_0_mig.u_memc_ui_top_std.mem_intfc0.ddr_phy_top0.u_ddr_mc_phy_wrapper.u_ddr_mc_phy : FREQ_REF_PERIOD         = 1666.00 
openmips_min_sopc_tb.openmips_min_sopc0.DDR2.Ram.Inst_DDR.u_mig_7series_0_mig.u_memc_ui_top_std.mem_intfc0.ddr_phy_top0.u_ddr_mc_phy_wrapper.u_ddr_mc_phy : DDR_TCK                 = 3333 
openmips_min_sopc_tb.openmips_min_sopc0.DDR2.Ram.Inst_DDR.u_mig_7series_0_mig.u_memc_ui_top_std.mem_intfc0.ddr_phy_top0.u_ddr_mc_phy_wrapper.u_ddr_mc_phy : PO_S2_TAPS_SIZE         = 13.02 
openmips_min_sopc_tb.openmips_min_sopc0.DDR2.Ram.Inst_DDR.u_mig_7series_0_mig.u_memc_ui_top_std.mem_intfc0.ddr_phy_top0.u_ddr_mc_phy_wrapper.u_ddr_mc_phy : PO_CIRC_BUF_EARLY       = 1 
openmips_min_sopc_tb.openmips_min_sopc0.DDR2.Ram.Inst_DDR.u_mig_7series_0_mig.u_memc_ui_top_std.mem_intfc0.ddr_phy_top0.u_ddr_mc_phy_wrapper.u_ddr_mc_phy : PO_CIRC_BUF_OFFSET      = 1783.43 
openmips_min_sopc_tb.openmips_min_sopc0.DDR2.Ram.Inst_DDR.u_mig_7series_0_mig.u_memc_ui_top_std.mem_intfc0.ddr_phy_top0.u_ddr_mc_phy_wrapper.u_ddr_mc_phy : PO_CIRC_BUF_META_ZONE   = 200.00 
openmips_min_sopc_tb.openmips_min_sopc0.DDR2.Ram.Inst_DDR.u_mig_7series_0_mig.u_memc_ui_top_std.mem_intfc0.ddr_phy_top0.u_ddr_mc_phy_wrapper.u_ddr_mc_phy : PO_STG2_FINE_INTR_DLY   = 944.72 
openmips_min_sopc_tb.openmips_min_sopc0.DDR2.Ram.Inst_DDR.u_mig_7series_0_mig.u_memc_ui_top_std.mem_intfc0.ddr_phy_top0.u_ddr_mc_phy_wrapper.u_ddr_mc_phy : PO_STG2_COARSE_INTR_DLY = 604.85 
openmips_min_sopc_tb.openmips_min_sopc0.DDR2.Ram.Inst_DDR.u_mig_7series_0_mig.u_memc_ui_top_std.mem_intfc0.ddr_phy_top0.u_ddr_mc_phy_wrapper.u_ddr_mc_phy : PO_STG2_INTRINSIC_DELAY = 1549.57 
openmips_min_sopc_tb.openmips_min_sopc0.DDR2.Ram.Inst_DDR.u_mig_7series_0_mig.u_memc_ui_top_std.mem_intfc0.ddr_phy_top0.u_ddr_mc_phy_wrapper.u_ddr_mc_phy : PO_CIRC_BUF_DELAY       = 60 
openmips_min_sopc_tb.openmips_min_sopc0.DDR2.Ram.Inst_DDR.u_mig_7series_0_mig.u_memc_ui_top_std.mem_intfc0.ddr_phy_top0.u_ddr_mc_phy_wrapper.u_ddr_mc_phy : PO_INTRINSIC_DELAY      = 1549.57 
openmips_min_sopc_tb.openmips_min_sopc0.DDR2.Ram.Inst_DDR.u_mig_7series_0_mig.u_memc_ui_top_std.mem_intfc0.ddr_phy_top0.u_ddr_mc_phy_wrapper.u_ddr_mc_phy : PO_DELAY                = 2330.51 
openmips_min_sopc_tb.openmips_min_sopc0.DDR2.Ram.Inst_DDR.u_mig_7series_0_mig.u_memc_ui_top_std.mem_intfc0.ddr_phy_top0.u_ddr_mc_phy_wrapper.u_ddr_mc_phy : PO_OCLK_DELAY           = 0 
openmips_min_sopc_tb.openmips_min_sopc0.DDR2.Ram.Inst_DDR.u_mig_7series_0_mig.u_memc_ui_top_std.mem_intfc0.ddr_phy_top0.u_ddr_mc_phy_wrapper.u_ddr_mc_phy : L_PHY_0_PO_FINE_DELAY   = 60 
openmips_min_sopc_tb.openmips_min_sopc0.DDR2.Ram.Inst_DDR.u_mig_7series_0_mig.u_memc_ui_top_std.mem_intfc0.ddr_phy_top0.u_ddr_mc_phy_wrapper.u_ddr_mc_phy : PI_STG1_INTRINSIC_DELAY = 0.00 
openmips_min_sopc_tb.openmips_min_sopc0.DDR2.Ram.Inst_DDR.u_mig_7series_0_mig.u_memc_ui_top_std.mem_intfc0.ddr_phy_top0.u_ddr_mc_phy_wrapper.u_ddr_mc_phy : PI_STG2_INTRINSIC_DELAY = 919.47 
openmips_min_sopc_tb.openmips_min_sopc0.DDR2.Ram.Inst_DDR.u_mig_7series_0_mig.u_memc_ui_top_std.mem_intfc0.ddr_phy_top0.u_ddr_mc_phy_wrapper.u_ddr_mc_phy : PI_INTRINSIC_DELAY      = 919.47 
openmips_min_sopc_tb.openmips_min_sopc0.DDR2.Ram.Inst_DDR.u_mig_7series_0_mig.u_memc_ui_top_std.mem_intfc0.ddr_phy_top0.u_ddr_mc_phy_wrapper.u_ddr_mc_phy : PI_MAX_STG2_DELAY       = 819.98 
openmips_min_sopc_tb.openmips_min_sopc0.DDR2.Ram.Inst_DDR.u_mig_7series_0_mig.u_memc_ui_top_std.mem_intfc0.ddr_phy_top0.u_ddr_mc_phy_wrapper.u_ddr_mc_phy : PI_OFFSET               = 212.00 
openmips_min_sopc_tb.openmips_min_sopc0.DDR2.Ram.Inst_DDR.u_mig_7series_0_mig.u_memc_ui_top_std.mem_intfc0.ddr_phy_top0.u_ddr_mc_phy_wrapper.u_ddr_mc_phy : PI_STG2_DELAY           = 212.00 
openmips_min_sopc_tb.openmips_min_sopc0.DDR2.Ram.Inst_DDR.u_mig_7series_0_mig.u_memc_ui_top_std.mem_intfc0.ddr_phy_top0.u_ddr_mc_phy_wrapper.u_ddr_mc_phy :PI_STG2_DELAY_CAND       = 212.00 
openmips_min_sopc_tb.openmips_min_sopc0.DDR2.Ram.Inst_DDR.u_mig_7series_0_mig.u_memc_ui_top_std.mem_intfc0.ddr_phy_top0.u_ddr_mc_phy_wrapper.u_ddr_mc_phy : DEFAULT_RCLK_DELAY      = 16 
openmips_min_sopc_tb.openmips_min_sopc0.DDR2.Ram.Inst_DDR.u_mig_7series_0_mig.u_memc_ui_top_std.mem_intfc0.ddr_phy_top0.u_ddr_mc_phy_wrapper.u_ddr_mc_phy : RCLK_SELECT_EDGE        = 111 
xsim: Time (s): cpu = 00:00:23 ; elapsed = 00:00:21 . Memory (MB): peak = 1779.020 ; gain = 0.000
INFO: [USF-XSim-96] XSim completed. Design snapshot 'openmips_min_sopc_tb_behav' loaded.
INFO: [USF-XSim-97] XSim simulation ran for 1000ns
launch_simulation: Time (s): cpu = 00:00:26 ; elapsed = 00:01:48 . Memory (MB): peak = 1779.020 ; gain = 0.000
reset_run mig_7series_0_synth_1
WARNING: [Vivado 12-1017] Problems encountered:
1. Failed to delete one or more files in run directory E:/cOMPUTERaRCHITECTURE/EXP2/zrx/MipsOS/Project/OpenMIPS/OpenMIPS.runs/mig_7series_0_synth_1

reset_run synth_1
INFO: [Project 1-974] Auto Incremental Compile:: New reference dcp wns is less than threshold, current reference dcp will not be replaced
INFO: [filemgmt 20-762] Replacing file 'E:/cOMPUTERaRCHITECTURE/EXP2/zrx/MipsOS/Project/OpenMIPS/OpenMIPS.srcs/utils_1/imports/synth_1/openmips_min_sopc.dcp' with file 'E:/cOMPUTERaRCHITECTURE/EXP2/zrx/MipsOS/Project/OpenMIPS/OpenMIPS.runs/synth_1/openmips_min_sopc.dcp'.
INFO: [filemgmt 20-1080] Importing file from 'E:/cOMPUTERaRCHITECTURE/EXP2/zrx/MipsOS/Project/OpenMIPS/OpenMIPS.runs/synth_1/openmips_min_sopc.dcp' to 'E:/cOMPUTERaRCHITECTURE/EXP2/zrx/MipsOS/Project/OpenMIPS/OpenMIPS.srcs/utils_1/imports/synth_1/openmips_min_sopc.dcp'.
WARNING: [Vivado 12-1017] Problems encountered:
1. Failed to delete one or more files in run directory E:/cOMPUTERaRCHITECTURE/EXP2/zrx/MipsOS/Project/OpenMIPS/OpenMIPS.runs/synth_1

launch_runs synth_1 -jobs 4
INFO: [IP_Flow 19-1686] Generating 'Synthesis' target for IP 'mig_7series_0'...
INFO: [IP_Flow 19-1686] Generating 'Implementation' target for IP 'mig_7series_0'...
[Sat May 25 17:39:47 2024] Launched mig_7series_0_synth_1...
Run output will be captured here: E:/cOMPUTERaRCHITECTURE/EXP2/zrx/MipsOS/Project/OpenMIPS/OpenMIPS.runs/mig_7series_0_synth_1/runme.log
[Sat May 25 17:39:47 2024] Launched synth_1...
Run output will be captured here: E:/cOMPUTERaRCHITECTURE/EXP2/zrx/MipsOS/Project/OpenMIPS/OpenMIPS.runs/synth_1/runme.log
launch_runs: Time (s): cpu = 00:00:14 ; elapsed = 00:01:28 . Memory (MB): peak = 1779.020 ; gain = 0.000
reset_run synth_1
WARNING: [Vivado 12-1017] Problems encountered:
1. Failed to delete one or more files in run directory E:/cOMPUTERaRCHITECTURE/EXP2/zrx/MipsOS/Project/OpenMIPS/OpenMIPS.runs/synth_1

launch_runs synth_1 -jobs 4
[Sat May 25 18:11:30 2024] Launched synth_1...
Run output will be captured here: E:/cOMPUTERaRCHITECTURE/EXP2/zrx/MipsOS/Project/OpenMIPS/OpenMIPS.runs/synth_1/runme.log
reset_run synth_1
WARNING: [Vivado 12-1017] Problems encountered:
1. Failed to delete one or more files in run directory E:/cOMPUTERaRCHITECTURE/EXP2/zrx/MipsOS/Project/OpenMIPS/OpenMIPS.runs/synth_1

launch_runs synth_1 -jobs 4
[Sat May 25 18:14:34 2024] Launched synth_1...
Run output will be captured here: E:/cOMPUTERaRCHITECTURE/EXP2/zrx/MipsOS/Project/OpenMIPS/OpenMIPS.runs/synth_1/runme.log
launch_runs impl_1 -jobs 4
[Sat May 25 18:22:31 2024] Launched impl_1...
Run output will be captured here: E:/cOMPUTERaRCHITECTURE/EXP2/zrx/MipsOS/Project/OpenMIPS/OpenMIPS.runs/impl_1/runme.log
launch_runs impl_1 -to_step write_bitstream -jobs 4
[Sat May 25 18:28:29 2024] Launched impl_1...
Run output will be captured here: E:/cOMPUTERaRCHITECTURE/EXP2/zrx/MipsOS/Project/OpenMIPS/OpenMIPS.runs/impl_1/runme.log
open_hw
connect_hw_server
INFO: [Labtools 27-2285] Connecting to hw_server url TCP:localhost:3121
INFO: [Labtools 27-2222] Launching hw_server...
INFO: [Labtools 27-2221] Launch Output:

****** Xilinx hw_server v2019.1
  **** Build date : May 24 2019 at 15:13:31
    ** Copyright 1986-2019 Xilinx, Inc. All Rights Reserved.


open_hw_target
INFO: [Labtoolstcl 44-466] Opening hw_target localhost:3121/xilinx_tcf/Digilent/210292742715A
set_property PROGRAM.FILE {E:/cOMPUTERaRCHITECTURE/EXP2/zrx/MipsOS/Project/OpenMIPS/OpenMIPS.runs/impl_1/openmips_min_sopc.bit} [get_hw_devices xc7a100t_0]
current_hw_device [get_hw_devices xc7a100t_0]
refresh_hw_device -update_hw_probes false [lindex [get_hw_devices xc7a100t_0] 0]
INFO: [Labtools 27-1434] Device xc7a100t (JTAG device index = 0) is programmed with a design that has no supported debug core(s) in it.
create_hw_cfgmem -hw_device [get_hw_devices xc7a100t_0] -mem_dev [lindex [get_cfgmem_parts {s25fl128sxxxxxx0-spi-x1_x2_x4}] 0]
set_property PROGRAM.ADDRESS_RANGE  {use_file} [ get_property PROGRAM.HW_CFGMEM [lindex [get_hw_devices xc7a100t_0] 0]]
set_property PROGRAM.FILES [list "E:/cOMPUTERaRCHITECTURE/EXP2/source_code/OS.bin" ] [ get_property PROGRAM.HW_CFGMEM [lindex [get_hw_devices xc7a100t_0] 0]]
set_property PROGRAM.UNUSED_PIN_TERMINATION {pull-none} [ get_property PROGRAM.HW_CFGMEM [lindex [get_hw_devices xc7a100t_0] 0]]
set_property PROGRAM.BLANK_CHECK  0 [ get_property PROGRAM.HW_CFGMEM [lindex [get_hw_devices xc7a100t_0] 0]]
set_property PROGRAM.ERASE  1 [ get_property PROGRAM.HW_CFGMEM [lindex [get_hw_devices xc7a100t_0] 0]]
set_property PROGRAM.CFG_PROGRAM  1 [ get_property PROGRAM.HW_CFGMEM [lindex [get_hw_devices xc7a100t_0] 0]]
set_property PROGRAM.VERIFY  1 [ get_property PROGRAM.HW_CFGMEM [lindex [get_hw_devices xc7a100t_0] 0]]
set_property PROGRAM.CHECKSUM  0 [ get_property PROGRAM.HW_CFGMEM [lindex [get_hw_devices xc7a100t_0] 0]]
set_property PROGRAM.ADDRESS_RANGE  {use_file} [ get_property PROGRAM.HW_CFGMEM [lindex [get_hw_devices xc7a100t_0] 0]]
set_property PROGRAM.FILES [list "E:/cOMPUTERaRCHITECTURE/EXP2/source_code/OS.bin" ] [ get_property PROGRAM.HW_CFGMEM [lindex [get_hw_devices xc7a100t_0] 0]]
set_property PROGRAM.PRM_FILE {} [ get_property PROGRAM.HW_CFGMEM [lindex [get_hw_devices xc7a100t_0] 0]]
set_property PROGRAM.UNUSED_PIN_TERMINATION {pull-none} [ get_property PROGRAM.HW_CFGMEM [lindex [get_hw_devices xc7a100t_0] 0]]
set_property PROGRAM.BLANK_CHECK  0 [ get_property PROGRAM.HW_CFGMEM [lindex [get_hw_devices xc7a100t_0] 0]]
set_property PROGRAM.ERASE  1 [ get_property PROGRAM.HW_CFGMEM [lindex [get_hw_devices xc7a100t_0] 0]]
set_property PROGRAM.CFG_PROGRAM  1 [ get_property PROGRAM.HW_CFGMEM [lindex [get_hw_devices xc7a100t_0] 0]]
set_property PROGRAM.VERIFY  1 [ get_property PROGRAM.HW_CFGMEM [lindex [get_hw_devices xc7a100t_0] 0]]
set_property PROGRAM.CHECKSUM  0 [ get_property PROGRAM.HW_CFGMEM [lindex [get_hw_devices xc7a100t_0] 0]]
startgroup 
create_hw_bitstream -hw_device [lindex [get_hw_devices xc7a100t_0] 0] [get_property PROGRAM.HW_CFGMEM_BITFILE [ lindex [get_hw_devices xc7a100t_0] 0]]; program_hw_devices [lindex [get_hw_devices xc7a100t_0] 0]; refresh_hw_device [lindex [get_hw_devices xc7a100t_0] 0];
INFO: [Labtools 27-3164] End of startup status: HIGH
INFO: [Labtools 27-2302] Device xc7a100t (JTAG device index = 0) is programmed with a design that has 1 SPI core(s).
program_hw_cfgmem -hw_cfgmem [ get_property PROGRAM.HW_CFGMEM [lindex [get_hw_devices xc7a100t_0] 0]]
Mfg ID : 1   Memory Type : 20   Memory Capacity : 18   Device ID 1 : 0   Device ID 2 : 0
Performing Erase Operation...
Erase Operation successful.
Performing Program and Verify Operations...
Program/Verify Operation successful.
INFO: [Labtoolstcl 44-377] Flash programming completed successfully
endgroup
set_property PROBES.FILE {} [get_hw_devices xc7a100t_0]
set_property FULL_PROBES.FILE {} [get_hw_devices xc7a100t_0]
set_property PROGRAM.FILE {E:/cOMPUTERaRCHITECTURE/EXP2/zrx/MipsOS/Project/OpenMIPS/OpenMIPS.runs/impl_1/openmips_min_sopc.bit} [get_hw_devices xc7a100t_0]
program_hw_devices [get_hw_devices xc7a100t_0]
INFO: [Labtools 27-3164] End of startup status: HIGH
refresh_hw_device [lindex [get_hw_devices xc7a100t_0] 0]
INFO: [Labtools 27-1434] Device xc7a100t (JTAG device index = 0) is programmed with a design that has no supported debug core(s) in it.
ERROR: [Labtoolstcl 44-513] HW Target shutdown. Closing target: localhost:3121/xilinx_tcf/Digilent/210292742715A
INFO: [Labtoolstcl 44-466] Opening hw_target localhost:3121/xilinx_tcf/Digilent/210292742715A
INFO: [Labtools 27-1435] Device xc7a100t (JTAG device index = 0) is not programmed (DONE status = 0).
WARNING: [Labtoolstcl 44-129] No matching hw_ila_data was found.
ERROR: [Labtoolstcl 44-513] HW Target shutdown. Closing target: localhost:3121/xilinx_tcf/Digilent/210292742715A
INFO: [Labtoolstcl 44-466] Opening hw_target localhost:3121/xilinx_tcf/Digilent/210292742715A
INFO: [Labtools 27-1435] Device xc7a100t (JTAG device index = 0) is not programmed (DONE status = 0).
WARNING: [Labtoolstcl 44-129] No matching hw_ila_data was found.
set_property PROGRAM.ADDRESS_RANGE  {use_file} [ get_property PROGRAM.HW_CFGMEM [lindex [get_hw_devices xc7a100t_0] 0]]
set_property PROGRAM.FILES [list "E:/cOMPUTERaRCHITECTURE/EXP2/source_code/OS.bin" ] [ get_property PROGRAM.HW_CFGMEM [lindex [get_hw_devices xc7a100t_0] 0]]
set_property PROGRAM.PRM_FILE {} [ get_property PROGRAM.HW_CFGMEM [lindex [get_hw_devices xc7a100t_0] 0]]
set_property PROGRAM.UNUSED_PIN_TERMINATION {pull-none} [ get_property PROGRAM.HW_CFGMEM [lindex [get_hw_devices xc7a100t_0] 0]]
set_property PROGRAM.BLANK_CHECK  0 [ get_property PROGRAM.HW_CFGMEM [lindex [get_hw_devices xc7a100t_0] 0]]
set_property PROGRAM.ERASE  1 [ get_property PROGRAM.HW_CFGMEM [lindex [get_hw_devices xc7a100t_0] 0]]
set_property PROGRAM.CFG_PROGRAM  1 [ get_property PROGRAM.HW_CFGMEM [lindex [get_hw_devices xc7a100t_0] 0]]
set_property PROGRAM.VERIFY  1 [ get_property PROGRAM.HW_CFGMEM [lindex [get_hw_devices xc7a100t_0] 0]]
set_property PROGRAM.CHECKSUM  0 [ get_property PROGRAM.HW_CFGMEM [lindex [get_hw_devices xc7a100t_0] 0]]
startgroup 
create_hw_bitstream -hw_device [lindex [get_hw_devices xc7a100t_0] 0] [get_property PROGRAM.HW_CFGMEM_BITFILE [ lindex [get_hw_devices xc7a100t_0] 0]]; program_hw_devices [lindex [get_hw_devices xc7a100t_0] 0]; refresh_hw_device [lindex [get_hw_devices xc7a100t_0] 0];
INFO: [Labtools 27-3164] End of startup status: HIGH
INFO: [Labtools 27-2302] Device xc7a100t (JTAG device index = 0) is programmed with a design that has 1 SPI core(s).
program_hw_cfgmem -hw_cfgmem [ get_property PROGRAM.HW_CFGMEM [lindex [get_hw_devices xc7a100t_0] 0]]
Mfg ID : 1   Memory Type : 20   Memory Capacity : 18   Device ID 1 : 0   Device ID 2 : 0
Performing Erase Operation...
Erase Operation successful.
Performing Program and Verify Operations...
Program/Verify Operation successful.
INFO: [Labtoolstcl 44-377] Flash programming completed successfully
endgroup
set_property PROBES.FILE {} [get_hw_devices xc7a100t_0]
set_property FULL_PROBES.FILE {} [get_hw_devices xc7a100t_0]
set_property PROGRAM.FILE {E:/cOMPUTERaRCHITECTURE/EXP2/zrx/MipsOS/Project/OpenMIPS/OpenMIPS.runs/impl_1/openmips_min_sopc.bit} [get_hw_devices xc7a100t_0]
program_hw_devices [get_hw_devices xc7a100t_0]
INFO: [Labtools 27-3164] End of startup status: HIGH
refresh_hw_device [lindex [get_hw_devices xc7a100t_0] 0]
INFO: [Labtools 27-1434] Device xc7a100t (JTAG device index = 0) is programmed with a design that has no supported debug core(s) in it.
ERROR: [Labtoolstcl 44-513] HW Target shutdown. Closing target: localhost:3121/xilinx_tcf/Digilent/210292742715A
INFO: [Labtoolstcl 44-466] Opening hw_target localhost:3121/xilinx_tcf/Digilent/210292742715A
INFO: [Labtools 27-1435] Device xc7a100t (JTAG device index = 0) is not programmed (DONE status = 0).
WARNING: [Labtoolstcl 44-129] No matching hw_ila_data was found.
ERROR: [Labtoolstcl 44-513] HW Target shutdown. Closing target: localhost:3121/xilinx_tcf/Digilent/210292742715A
INFO: [Labtoolstcl 44-466] Opening hw_target localhost:3121/xilinx_tcf/Digilent/210292742715A
INFO: [Labtools 27-1435] Device xc7a100t (JTAG device index = 0) is not programmed (DONE status = 0).
WARNING: [Labtoolstcl 44-129] No matching hw_ila_data was found.
set_property PROBES.FILE {} [get_hw_devices xc7a100t_0]
set_property FULL_PROBES.FILE {} [get_hw_devices xc7a100t_0]
set_property PROGRAM.FILE {E:/cOMPUTERaRCHITECTURE/EXP2/zrx/MipsOS/Project/OpenMIPS/OpenMIPS.runs/impl_1/openmips_min_sopc.bit} [get_hw_devices xc7a100t_0]
program_hw_devices [get_hw_devices xc7a100t_0]
INFO: [Labtools 27-3164] End of startup status: HIGH
refresh_hw_device [lindex [get_hw_devices xc7a100t_0] 0]
INFO: [Labtools 27-1434] Device xc7a100t (JTAG device index = 0) is programmed with a design that has no supported debug core(s) in it.
set_property PROBES.FILE {} [get_hw_devices xc7a100t_0]
set_property FULL_PROBES.FILE {} [get_hw_devices xc7a100t_0]
set_property PROGRAM.FILE {E:/cOMPUTERaRCHITECTURE/EXP2/zrx/MipsOS/Project/OpenMIPS/OpenMIPS.runs/impl_1/openmips_min_sopc.bit} [get_hw_devices xc7a100t_0]
program_hw_devices [get_hw_devices xc7a100t_0]
INFO: [Labtools 27-3164] End of startup status: HIGH
refresh_hw_device [lindex [get_hw_devices xc7a100t_0] 0]
INFO: [Labtools 27-1434] Device xc7a100t (JTAG device index = 0) is programmed with a design that has no supported debug core(s) in it.
ERROR: [Labtoolstcl 44-513] HW Target shutdown. Closing target: localhost:3121/xilinx_tcf/Digilent/210292742715A
close_hw
open_hw
close_hw
set_property -dict [list CONFIG.XML_INPUT_FILE {mig_a.prj} CONFIG.RESET_BOARD_INTERFACE {Custom} CONFIG.MIG_DONT_TOUCH_PARAM {Custom} CONFIG.BOARD_MIG_PARAM {Custom} CONFIG.SYSTEM_RESET.INSERT_VIP {0} CONFIG.CLK_REF_I.INSERT_VIP {0} CONFIG.RESET.INSERT_VIP {0} CONFIG.DDR3_RESET.INSERT_VIP {0} CONFIG.DDR2_RESET.INSERT_VIP {0} CONFIG.LPDDR2_RESET.INSERT_VIP {0} CONFIG.QDRIIP_RESET.INSERT_VIP {0} CONFIG.RLDII_RESET.INSERT_VIP {0} CONFIG.RLDIII_RESET.INSERT_VIP {0} CONFIG.CLOCK.INSERT_VIP {0} CONFIG.MMCM_CLKOUT0.INSERT_VIP {0} CONFIG.MMCM_CLKOUT1.INSERT_VIP {0} CONFIG.MMCM_CLKOUT2.INSERT_VIP {0} CONFIG.MMCM_CLKOUT3.INSERT_VIP {0} CONFIG.MMCM_CLKOUT4.INSERT_VIP {0} CONFIG.S_AXI_CTRL.INSERT_VIP {0} CONFIG.S_AXI.INSERT_VIP {0} CONFIG.SYS_CLK_I.INSERT_VIP {0} CONFIG.ARESETN.INSERT_VIP {0} CONFIG.C0_RESET.INSERT_VIP {0} CONFIG.C0_DDR3_RESET.INSERT_VIP {0} CONFIG.C0_DDR2_RESET.INSERT_VIP {0} CONFIG.C0_LPDDR2_RESET.INSERT_VIP {0} CONFIG.C0_QDRIIP_RESET.INSERT_VIP {0} CONFIG.C0_RLDII_RESET.INSERT_VIP {0} CONFIG.C0_RLDIII_RESET.INSERT_VIP {0} CONFIG.C0_CLOCK.INSERT_VIP {0} CONFIG.C0_MMCM_CLKOUT0.INSERT_VIP {0} CONFIG.C0_MMCM_CLKOUT1.INSERT_VIP {0} CONFIG.C0_MMCM_CLKOUT2.INSERT_VIP {0} CONFIG.C0_MMCM_CLKOUT3.INSERT_VIP {0} CONFIG.C0_MMCM_CLKOUT4.INSERT_VIP {0} CONFIG.S0_AXI_CTRL.INSERT_VIP {0} CONFIG.S0_AXI.INSERT_VIP {0} CONFIG.C0_SYS_CLK_I.INSERT_VIP {0} CONFIG.C0_ARESETN.INSERT_VIP {0} CONFIG.C1_RESET.INSERT_VIP {0} CONFIG.C1_DDR3_RESET.INSERT_VIP {0} CONFIG.C1_DDR2_RESET.INSERT_VIP {0} CONFIG.C1_LPDDR2_RESET.INSERT_VIP {0} CONFIG.C1_QDRIIP_RESET.INSERT_VIP {0} CONFIG.C1_RLDII_RESET.INSERT_VIP {0} CONFIG.C1_RLDIII_RESET.INSERT_VIP {0} CONFIG.C1_CLOCK.INSERT_VIP {0} CONFIG.C1_MMCM_CLKOUT0.INSERT_VIP {0} CONFIG.C1_MMCM_CLKOUT1.INSERT_VIP {0} CONFIG.C1_MMCM_CLKOUT2.INSERT_VIP {0} CONFIG.C1_MMCM_CLKOUT3.INSERT_VIP {0} CONFIG.C1_MMCM_CLKOUT4.INSERT_VIP {0} CONFIG.S1_AXI_CTRL.INSERT_VIP {0} CONFIG.S1_AXI.INSERT_VIP {0} CONFIG.C1_SYS_CLK_I.INSERT_VIP {0} CONFIG.C1_ARESETN.INSERT_VIP {0} CONFIG.C2_RESET.INSERT_VIP {0} CONFIG.C2_DDR3_RESET.INSERT_VIP {0} CONFIG.C2_DDR2_RESET.INSERT_VIP {0} CONFIG.C2_LPDDR2_RESET.INSERT_VIP {0} CONFIG.C2_QDRIIP_RESET.INSERT_VIP {0} CONFIG.C2_RLDII_RESET.INSERT_VIP {0} CONFIG.C2_RLDIII_RESET.INSERT_VIP {0} CONFIG.C2_CLOCK.INSERT_VIP {0} CONFIG.C2_MMCM_CLKOUT0.INSERT_VIP {0} CONFIG.C2_MMCM_CLKOUT1.INSERT_VIP {0} CONFIG.C2_MMCM_CLKOUT2.INSERT_VIP {0} CONFIG.C2_MMCM_CLKOUT3.INSERT_VIP {0} CONFIG.C2_MMCM_CLKOUT4.INSERT_VIP {0} CONFIG.S2_AXI_CTRL.INSERT_VIP {0} CONFIG.S2_AXI.INSERT_VIP {0} CONFIG.C2_SYS_CLK_I.INSERT_VIP {0} CONFIG.C2_ARESETN.INSERT_VIP {0} CONFIG.C3_RESET.INSERT_VIP {0} CONFIG.C3_DDR3_RESET.INSERT_VIP {0} CONFIG.C3_DDR2_RESET.INSERT_VIP {0} CONFIG.C3_LPDDR2_RESET.INSERT_VIP {0} CONFIG.C3_QDRIIP_RESET.INSERT_VIP {0} CONFIG.C3_RLDII_RESET.INSERT_VIP {0} CONFIG.C3_RLDIII_RESET.INSERT_VIP {0} CONFIG.C3_CLOCK.INSERT_VIP {0} CONFIG.C3_MMCM_CLKOUT0.INSERT_VIP {0} CONFIG.C3_MMCM_CLKOUT1.INSERT_VIP {0} CONFIG.C3_MMCM_CLKOUT2.INSERT_VIP {0} CONFIG.C3_MMCM_CLKOUT3.INSERT_VIP {0} CONFIG.C3_MMCM_CLKOUT4.INSERT_VIP {0} CONFIG.S3_AXI_CTRL.INSERT_VIP {0} CONFIG.S3_AXI.INSERT_VIP {0} CONFIG.C3_SYS_CLK_I.INSERT_VIP {0} CONFIG.C3_ARESETN.INSERT_VIP {0} CONFIG.C4_RESET.INSERT_VIP {0} CONFIG.C4_DDR3_RESET.INSERT_VIP {0} CONFIG.C4_DDR2_RESET.INSERT_VIP {0} CONFIG.C4_LPDDR2_RESET.INSERT_VIP {0} CONFIG.C4_QDRIIP_RESET.INSERT_VIP {0} CONFIG.C4_RLDII_RESET.INSERT_VIP {0} CONFIG.C4_RLDIII_RESET.INSERT_VIP {0} CONFIG.C4_CLOCK.INSERT_VIP {0} CONFIG.C4_MMCM_CLKOUT0.INSERT_VIP {0} CONFIG.C4_MMCM_CLKOUT1.INSERT_VIP {0} CONFIG.C4_MMCM_CLKOUT2.INSERT_VIP {0} CONFIG.C4_MMCM_CLKOUT3.INSERT_VIP {0} CONFIG.C4_MMCM_CLKOUT4.INSERT_VIP {0} CONFIG.S4_AXI_CTRL.INSERT_VIP {0} CONFIG.S4_AXI.INSERT_VIP {0} CONFIG.C4_SYS_CLK_I.INSERT_VIP {0} CONFIG.C4_ARESETN.INSERT_VIP {0} CONFIG.C5_RESET.INSERT_VIP {0} CONFIG.C5_DDR3_RESET.INSERT_VIP {0} CONFIG.C5_DDR2_RESET.INSERT_VIP {0} CONFIG.C5_LPDDR2_RESET.INSERT_VIP {0} CONFIG.C5_QDRIIP_RESET.INSERT_VIP {0} CONFIG.C5_RLDII_RESET.INSERT_VIP {0} CONFIG.C5_RLDIII_RESET.INSERT_VIP {0} CONFIG.C5_CLOCK.INSERT_VIP {0} CONFIG.C5_MMCM_CLKOUT0.INSERT_VIP {0} CONFIG.C5_MMCM_CLKOUT1.INSERT_VIP {0} CONFIG.C5_MMCM_CLKOUT2.INSERT_VIP {0} CONFIG.C5_MMCM_CLKOUT3.INSERT_VIP {0} CONFIG.C5_MMCM_CLKOUT4.INSERT_VIP {0} CONFIG.S5_AXI_CTRL.INSERT_VIP {0} CONFIG.S5_AXI.INSERT_VIP {0} CONFIG.C5_SYS_CLK_I.INSERT_VIP {0} CONFIG.C5_ARESETN.INSERT_VIP {0} CONFIG.C6_RESET.INSERT_VIP {0} CONFIG.C6_DDR3_RESET.INSERT_VIP {0} CONFIG.C6_DDR2_RESET.INSERT_VIP {0} CONFIG.C6_LPDDR2_RESET.INSERT_VIP {0} CONFIG.C6_QDRIIP_RESET.INSERT_VIP {0} CONFIG.C6_RLDII_RESET.INSERT_VIP {0} CONFIG.C6_RLDIII_RESET.INSERT_VIP {0} CONFIG.C6_CLOCK.INSERT_VIP {0} CONFIG.C6_MMCM_CLKOUT0.INSERT_VIP {0} CONFIG.C6_MMCM_CLKOUT1.INSERT_VIP {0} CONFIG.C6_MMCM_CLKOUT2.INSERT_VIP {0} CONFIG.C6_MMCM_CLKOUT3.INSERT_VIP {0} CONFIG.C6_MMCM_CLKOUT4.INSERT_VIP {0} CONFIG.S6_AXI_CTRL.INSERT_VIP {0} CONFIG.S6_AXI.INSERT_VIP {0} CONFIG.C6_SYS_CLK_I.INSERT_VIP {0} CONFIG.C6_ARESETN.INSERT_VIP {0} CONFIG.C7_RESET.INSERT_VIP {0} CONFIG.C7_DDR3_RESET.INSERT_VIP {0} CONFIG.C7_DDR2_RESET.INSERT_VIP {0} CONFIG.C7_LPDDR2_RESET.INSERT_VIP {0} CONFIG.C7_QDRIIP_RESET.INSERT_VIP {0} CONFIG.C7_RLDII_RESET.INSERT_VIP {0} CONFIG.C7_RLDIII_RESET.INSERT_VIP {0} CONFIG.C7_CLOCK.INSERT_VIP {0} CONFIG.C7_MMCM_CLKOUT0.INSERT_VIP {0} CONFIG.C7_MMCM_CLKOUT1.INSERT_VIP {0} CONFIG.C7_MMCM_CLKOUT2.INSERT_VIP {0} CONFIG.C7_MMCM_CLKOUT3.INSERT_VIP {0} CONFIG.C7_MMCM_CLKOUT4.INSERT_VIP {0} CONFIG.S7_AXI_CTRL.INSERT_VIP {0} CONFIG.S7_AXI.INSERT_VIP {0} CONFIG.C7_SYS_CLK_I.INSERT_VIP {0} CONFIG.C7_ARESETN.INSERT_VIP {0}] [get_ips mig_7series_0]
generate_target {instantiation_template} [get_files e:/cOMPUTERaRCHITECTURE/EXP2/zrx/MipsOS/Project/OpenMIPS/OpenMIPS.srcs/sources_1/ip/mig_7series_0/mig_7series_0.xci]
INFO: [IP_Flow 19-1686] Generating 'Instantiation Template' target for IP 'mig_7series_0'...
generate_target: Time (s): cpu = 00:00:01 ; elapsed = 00:00:10 . Memory (MB): peak = 3317.750 ; gain = 0.000
open_hw
connect_hw_server
INFO: [Labtools 27-2285] Connecting to hw_server url TCP:localhost:3121
INFO: [Labtools 27-2222] Launching hw_server...
INFO: [Labtools 27-2221] Launch Output:

****** Xilinx hw_server v2019.1
  **** Build date : May 24 2019 at 15:13:31
    ** Copyright 1986-2019 Xilinx, Inc. All Rights Reserved.


open_hw_target
INFO: [Labtoolstcl 44-466] Opening hw_target localhost:3121/xilinx_tcf/Digilent/210292742715A
ERROR: [Labtools 27-2269] No devices detected on target localhost:3121/xilinx_tcf/Digilent/210292742715A.
Check cable connectivity and that the target board is powered up then
use the disconnect_hw_server and connect_hw_server to re-register this hardware target.
ERROR: [Common 17-39] 'open_hw_target' failed due to earlier errors.
reset_run synth_1
INFO: [Project 1-974] Auto Incremental Compile:: New reference dcp wns is less than threshold, current reference dcp will not be replaced
INFO: [filemgmt 20-762] Replacing file 'E:/cOMPUTERaRCHITECTURE/EXP2/zrx/MipsOS/Project/OpenMIPS/OpenMIPS.srcs/utils_1/imports/synth_1/openmips_min_sopc.dcp' with file 'E:/cOMPUTERaRCHITECTURE/EXP2/zrx/MipsOS/Project/OpenMIPS/OpenMIPS.runs/synth_1/openmips_min_sopc.dcp'.
INFO: [filemgmt 20-1080] Importing file from 'E:/cOMPUTERaRCHITECTURE/EXP2/zrx/MipsOS/Project/OpenMIPS/OpenMIPS.runs/synth_1/openmips_min_sopc.dcp' to 'E:/cOMPUTERaRCHITECTURE/EXP2/zrx/MipsOS/Project/OpenMIPS/OpenMIPS.srcs/utils_1/imports/synth_1/openmips_min_sopc.dcp'.
WARNING: [Vivado 12-1017] Problems encountered:
1. Failed to delete one or more files in run directory E:/cOMPUTERaRCHITECTURE/EXP2/zrx/MipsOS/Project/OpenMIPS/OpenMIPS.runs/synth_1

reset_run mig_7series_0_synth_1
WARNING: [Vivado 12-1017] Problems encountered:
1. Failed to delete one or more files in run directory E:/cOMPUTERaRCHITECTURE/EXP2/zrx/MipsOS/Project/OpenMIPS/OpenMIPS.runs/mig_7series_0_synth_1

launch_runs impl_1 -to_step write_bitstream -jobs 4
INFO: [IP_Flow 19-1686] Generating 'Synthesis' target for IP 'mig_7series_0'...
INFO: [IP_Flow 19-1686] Generating 'Implementation' target for IP 'mig_7series_0'...
[Sat May 25 19:39:56 2024] Launched mig_7series_0_synth_1, synth_1...
Run output will be captured here:
mig_7series_0_synth_1: E:/cOMPUTERaRCHITECTURE/EXP2/zrx/MipsOS/Project/OpenMIPS/OpenMIPS.runs/mig_7series_0_synth_1/runme.log
synth_1: E:/cOMPUTERaRCHITECTURE/EXP2/zrx/MipsOS/Project/OpenMIPS/OpenMIPS.runs/synth_1/runme.log
[Sat May 25 19:39:56 2024] Launched impl_1...
Run output will be captured here: E:/cOMPUTERaRCHITECTURE/EXP2/zrx/MipsOS/Project/OpenMIPS/OpenMIPS.runs/impl_1/runme.log
launch_runs: Time (s): cpu = 00:00:02 ; elapsed = 00:00:34 . Memory (MB): peak = 3317.750 ; gain = 0.000
open_run impl_1
INFO: [Device 21-403] Loading part xc7a100tcsg324-1
INFO: [Netlist 29-17] Analyzing 568 Unisim elements for replacement
INFO: [Netlist 29-28] Unisim Transformation completed in 1 CPU seconds
INFO: [Project 1-479] Netlist was created with Vivado 2019.1
INFO: [Project 1-570] Preparing netlist for logic optimization
WARNING: [Constraints 18-550] Could not create 'IBUF_LOW_PWR' constraint because net 'DDR2/clk_1/clk_in1' is not directly connected to top level port. Synthesis is ignored for IBUF_LOW_PWR but preserved for implementation.
INFO: [Timing 38-478] Restoring timing data from binary archive.
INFO: [Timing 38-479] Binary timing data restore complete.
INFO: [Project 1-856] Restoring constraints from binary archive.
INFO: [Project 1-853] Binary constraint restore complete.
Reading placer database...
Read XDEF File: Time (s): cpu = 00:00:03 ; elapsed = 00:00:02 . Memory (MB): peak = 3825.539 ; gain = 0.000
Finished XDEF File Restore: Time (s): cpu = 00:00:05 ; elapsed = 00:00:05 . Memory (MB): peak = 3825.539 ; gain = 0.000
INFO: [Project 1-837] Checkpoint contains data reused from an Incremental Compile. Run report_incremental_reuse for further information about reused data.
Netlist sorting complete. Time (s): cpu = 00:00:00 ; elapsed = 00:00:00.004 . Memory (MB): peak = 3825.539 ; gain = 0.000
INFO: [Project 1-111] Unisim Transformation Summary:
  A total of 140 instances were transformed.
  IOBUFDS_INTERMDISABLE => IOBUFDS_INTERMDISABLE (IBUFDS_INTERMDISABLE_INT, IBUFDS_INTERMDISABLE_INT, INV, OBUFTDS, OBUFTDS): 2 instances
  IOBUF_INTERMDISABLE => IOBUF_INTERMDISABLE (IBUF_INTERMDISABLE, OBUFT): 16 instances
  OBUFDS => OBUFDS_DUAL_BUF (INV, OBUFDS, OBUFDS): 1 instances
  RAM32M => RAM32M (RAMD32, RAMD32, RAMD32, RAMD32, RAMD32, RAMD32, RAMS32, RAMS32): 120 instances
  SRLC32E => SRL16E: 1 instances

open_run: Time (s): cpu = 00:00:37 ; elapsed = 00:00:42 . Memory (MB): peak = 3972.664 ; gain = 654.914
open_report: Time (s): cpu = 00:00:10 ; elapsed = 00:00:07 . Memory (MB): peak = 3994.500 ; gain = 21.836
set_property PROBES.FILE {} [get_hw_devices xc7a100t_0]
set_property FULL_PROBES.FILE {} [get_hw_devices xc7a100t_0]
set_property PROGRAM.FILE {E:/cOMPUTERaRCHITECTURE/EXP2/zrx/MipsOS/Project/OpenMIPS/OpenMIPS.runs/impl_1/openmips_min_sopc.bit} [get_hw_devices xc7a100t_0]
program_hw_devices [get_hw_devices xc7a100t_0]
INFO: [Labtools 27-3164] End of startup status: HIGH
refresh_hw_device [lindex [get_hw_devices xc7a100t_0] 0]
INFO: [Labtools 27-1434] Device xc7a100t (JTAG device index = 0) is programmed with a design that has no supported debug core(s) in it.
create_hw_cfgmem -hw_device [get_hw_devices xc7a100t_0] -mem_dev [lindex [get_cfgmem_parts {s25fl128sxxxxxx0-spi-x1_x2_x4}] 0]
set_property PROGRAM.ADDRESS_RANGE  {use_file} [ get_property PROGRAM.HW_CFGMEM [lindex [get_hw_devices xc7a100t_0] 0]]
set_property PROGRAM.FILES [list "E:/cOMPUTERaRCHITECTURE/EXP2/source_code/OS.bin" ] [ get_property PROGRAM.HW_CFGMEM [lindex [get_hw_devices xc7a100t_0] 0]]
set_property PROGRAM.PRM_FILE {} [ get_property PROGRAM.HW_CFGMEM [lindex [get_hw_devices xc7a100t_0] 0]]
set_property PROGRAM.UNUSED_PIN_TERMINATION {pull-none} [ get_property PROGRAM.HW_CFGMEM [lindex [get_hw_devices xc7a100t_0] 0]]
set_property PROGRAM.BLANK_CHECK  0 [ get_property PROGRAM.HW_CFGMEM [lindex [get_hw_devices xc7a100t_0] 0]]
set_property PROGRAM.ERASE  1 [ get_property PROGRAM.HW_CFGMEM [lindex [get_hw_devices xc7a100t_0] 0]]
set_property PROGRAM.CFG_PROGRAM  1 [ get_property PROGRAM.HW_CFGMEM [lindex [get_hw_devices xc7a100t_0] 0]]
set_property PROGRAM.VERIFY  1 [ get_property PROGRAM.HW_CFGMEM [lindex [get_hw_devices xc7a100t_0] 0]]
set_property PROGRAM.CHECKSUM  0 [ get_property PROGRAM.HW_CFGMEM [lindex [get_hw_devices xc7a100t_0] 0]]
startgroup 
create_hw_bitstream -hw_device [lindex [get_hw_devices xc7a100t_0] 0] [get_property PROGRAM.HW_CFGMEM_BITFILE [ lindex [get_hw_devices xc7a100t_0] 0]]; program_hw_devices [lindex [get_hw_devices xc7a100t_0] 0]; refresh_hw_device [lindex [get_hw_devices xc7a100t_0] 0];
INFO: [Labtools 27-3164] End of startup status: HIGH
INFO: [Labtools 27-2302] Device xc7a100t (JTAG device index = 0) is programmed with a design that has 1 SPI core(s).
program_hw_cfgmem -hw_cfgmem [ get_property PROGRAM.HW_CFGMEM [lindex [get_hw_devices xc7a100t_0] 0]]
Mfg ID : 1   Memory Type : 20   Memory Capacity : 18   Device ID 1 : 0   Device ID 2 : 0
Performing Erase Operation...
Erase Operation successful.
Performing Program and Verify Operations...
Program/Verify Operation successful.
INFO: [Labtoolstcl 44-377] Flash programming completed successfully
endgroup
set_property PROBES.FILE {} [get_hw_devices xc7a100t_0]
set_property FULL_PROBES.FILE {} [get_hw_devices xc7a100t_0]
set_property PROGRAM.FILE {E:/cOMPUTERaRCHITECTURE/EXP2/zrx/MipsOS/Project/OpenMIPS/OpenMIPS.runs/impl_1/openmips_min_sopc.bit} [get_hw_devices xc7a100t_0]
program_hw_devices [get_hw_devices xc7a100t_0]
INFO: [Labtools 27-3164] End of startup status: HIGH
refresh_hw_device [lindex [get_hw_devices xc7a100t_0] 0]
INFO: [Labtools 27-1434] Device xc7a100t (JTAG device index = 0) is programmed with a design that has no supported debug core(s) in it.
ERROR: [Labtoolstcl 44-513] HW Target shutdown. Closing target: localhost:3121/xilinx_tcf/Digilent/210292742715A
INFO: [Labtoolstcl 44-466] Opening hw_target localhost:3121/xilinx_tcf/Digilent/210292742715A
INFO: [Labtools 27-1435] Device xc7a100t (JTAG device index = 0) is not programmed (DONE status = 0).
WARNING: [Labtoolstcl 44-129] No matching hw_ila_data was found.
set_property PROBES.FILE {} [get_hw_devices xc7a100t_0]
set_property FULL_PROBES.FILE {} [get_hw_devices xc7a100t_0]
set_property PROGRAM.FILE {E:/cOMPUTERaRCHITECTURE/EXP2/zrx/MipsOS/Project/OpenMIPS/OpenMIPS.runs/impl_1/openmips_min_sopc.bit} [get_hw_devices xc7a100t_0]
program_hw_devices [get_hw_devices xc7a100t_0]
INFO: [Labtools 27-3164] End of startup status: HIGH
refresh_hw_device [lindex [get_hw_devices xc7a100t_0] 0]
INFO: [Labtools 27-1434] Device xc7a100t (JTAG device index = 0) is programmed with a design that has no supported debug core(s) in it.
set_property PROGRAM.ADDRESS_RANGE  {use_file} [ get_property PROGRAM.HW_CFGMEM [lindex [get_hw_devices xc7a100t_0] 0]]
set_property PROGRAM.FILES [list "E:/cOMPUTERaRCHITECTURE/EXP2/source_code/OS.bin" ] [ get_property PROGRAM.HW_CFGMEM [lindex [get_hw_devices xc7a100t_0] 0]]
set_property PROGRAM.UNUSED_PIN_TERMINATION {pull-none} [ get_property PROGRAM.HW_CFGMEM [lindex [get_hw_devices xc7a100t_0] 0]]
set_property PROGRAM.BLANK_CHECK  0 [ get_property PROGRAM.HW_CFGMEM [lindex [get_hw_devices xc7a100t_0] 0]]
set_property PROGRAM.ERASE  1 [ get_property PROGRAM.HW_CFGMEM [lindex [get_hw_devices xc7a100t_0] 0]]
set_property PROGRAM.CFG_PROGRAM  1 [ get_property PROGRAM.HW_CFGMEM [lindex [get_hw_devices xc7a100t_0] 0]]
set_property PROGRAM.VERIFY  1 [ get_property PROGRAM.HW_CFGMEM [lindex [get_hw_devices xc7a100t_0] 0]]
set_property PROGRAM.CHECKSUM  0 [ get_property PROGRAM.HW_CFGMEM [lindex [get_hw_devices xc7a100t_0] 0]]
set_property PROGRAM.ADDRESS_RANGE  {use_file} [ get_property PROGRAM.HW_CFGMEM [lindex [get_hw_devices xc7a100t_0] 0]]
set_property PROGRAM.FILES [list "E:/cOMPUTERaRCHITECTURE/EXP2/source_code/OS.bin" ] [ get_property PROGRAM.HW_CFGMEM [lindex [get_hw_devices xc7a100t_0] 0]]
set_property PROGRAM.PRM_FILE {} [ get_property PROGRAM.HW_CFGMEM [lindex [get_hw_devices xc7a100t_0] 0]]
set_property PROGRAM.UNUSED_PIN_TERMINATION {pull-none} [ get_property PROGRAM.HW_CFGMEM [lindex [get_hw_devices xc7a100t_0] 0]]
set_property PROGRAM.BLANK_CHECK  0 [ get_property PROGRAM.HW_CFGMEM [lindex [get_hw_devices xc7a100t_0] 0]]
set_property PROGRAM.ERASE  1 [ get_property PROGRAM.HW_CFGMEM [lindex [get_hw_devices xc7a100t_0] 0]]
set_property PROGRAM.CFG_PROGRAM  1 [ get_property PROGRAM.HW_CFGMEM [lindex [get_hw_devices xc7a100t_0] 0]]
set_property PROGRAM.VERIFY  1 [ get_property PROGRAM.HW_CFGMEM [lindex [get_hw_devices xc7a100t_0] 0]]
set_property PROGRAM.CHECKSUM  0 [ get_property PROGRAM.HW_CFGMEM [lindex [get_hw_devices xc7a100t_0] 0]]
startgroup 
create_hw_bitstream -hw_device [lindex [get_hw_devices xc7a100t_0] 0] [get_property PROGRAM.HW_CFGMEM_BITFILE [ lindex [get_hw_devices xc7a100t_0] 0]]; program_hw_devices [lindex [get_hw_devices xc7a100t_0] 0]; refresh_hw_device [lindex [get_hw_devices xc7a100t_0] 0];
INFO: [Labtools 27-3164] End of startup status: HIGH
INFO: [Labtools 27-2302] Device xc7a100t (JTAG device index = 0) is programmed with a design that has 1 SPI core(s).
program_hw_cfgmem -hw_cfgmem [ get_property PROGRAM.HW_CFGMEM [lindex [get_hw_devices xc7a100t_0] 0]]
Mfg ID : 1   Memory Type : 20   Memory Capacity : 18   Device ID 1 : 0   Device ID 2 : 0
Performing Erase Operation...
Erase Operation successful.
Performing Program and Verify Operations...
Program/Verify Operation successful.
INFO: [Labtoolstcl 44-377] Flash programming completed successfully
endgroup
set_property PROBES.FILE {} [get_hw_devices xc7a100t_0]
set_property FULL_PROBES.FILE {} [get_hw_devices xc7a100t_0]
set_property PROGRAM.FILE {E:/cOMPUTERaRCHITECTURE/EXP2/zrx/MipsOS/Project/OpenMIPS/OpenMIPS.runs/impl_1/openmips_min_sopc.bit} [get_hw_devices xc7a100t_0]
program_hw_devices [get_hw_devices xc7a100t_0]
INFO: [Labtools 27-3164] End of startup status: HIGH
refresh_hw_device [lindex [get_hw_devices xc7a100t_0] 0]
INFO: [Labtools 27-1434] Device xc7a100t (JTAG device index = 0) is programmed with a design that has no supported debug core(s) in it.
ERROR: [Labtoolstcl 44-513] HW Target shutdown. Closing target: localhost:3121/xilinx_tcf/Digilent/210292742715A
close_sim
INFO: [Simtcl 6-16] Simulation closed
exit
INFO: [Common 17-206] Exiting Vivado at Sat May 25 22:24:36 2024...
