Copyright 1986-2018 Xilinx, Inc. All Rights Reserved.
--------------------------------------------------------------------------------------------------------------------------------------------------------------------------------------------------
| Tool Version : Vivado v.2018.3 (win64) Build 2405991 Thu Dec  6 23:38:27 MST 2018
| Date         : Fri Apr 10 17:48:04 2026
| Host         : LAPTOP-V0AHCU9H running 64-bit major release  (build 9200)
| Command      : report_timing_summary -max_paths 10 -file top_board_timing_summary_routed.rpt -pb top_board_timing_summary_routed.pb -rpx top_board_timing_summary_routed.rpx -warn_on_violation
| Design       : top_board
| Device       : 7a100t-csg324
| Speed File   : -1  PRODUCTION 1.23 2018-06-13
--------------------------------------------------------------------------------------------------------------------------------------------------------------------------------------------------

Timing Summary Report

------------------------------------------------------------------------------------------------
| Timer Settings
| --------------
------------------------------------------------------------------------------------------------

  Enable Multi Corner Analysis               :  Yes
  Enable Pessimism Removal                   :  Yes
  Pessimism Removal Resolution               :  Nearest Common Node
  Enable Input Delay Default Clock           :  No
  Enable Preset / Clear Arcs                 :  No
  Disable Flight Delays                      :  No
  Ignore I/O Paths                           :  No
  Timing Early Launch at Borrowing Latches   :  false

  Corner  Analyze    Analyze    
  Name    Max Paths  Min Paths  
  ------  ---------  ---------  
  Slow    Yes        Yes        
  Fast    Yes        Yes        



check_timing report

Table of Contents
-----------------
1. checking no_clock
2. checking constant_clock
3. checking pulse_width_clock
4. checking unconstrained_internal_endpoints
5. checking no_input_delay
6. checking no_output_delay
7. checking multiple_clock
8. checking generated_clocks
9. checking loops
10. checking partial_input_delay
11. checking partial_output_delay
12. checking latch_loops

1. checking no_clock
--------------------
 There are 10816 register/latch pins with no clock driven by root clock pin: divider_cpu/clk_out_reg/Q (HIGH)

 There are 3 register/latch pins with no clock driven by root clock pin: seg7_display/cnt_reg[14]/Q (HIGH)


2. checking constant_clock
--------------------------
 There are 0 register/latch pins with constant_clock.


3. checking pulse_width_clock
-----------------------------
 There are 0 register/latch pins which need pulse_width check


4. checking unconstrained_internal_endpoints
--------------------------------------------
 There are 24260 pins that are not constrained for maximum delay. (HIGH)

 There are 0 pins that are not constrained for maximum delay due to constant clock.


5. checking no_input_delay
--------------------------
 There is 1 input port with no input delay specified. (HIGH)

 There are 0 input ports with no input delay but user has a false path constraint.


6. checking no_output_delay
---------------------------
 There are 0 ports with no output delay specified.

 There are 0 ports with no output delay but user has a false path constraint

 There are 0 ports with no output delay but with a timing clock defined on it or propagating through it


7. checking multiple_clock
--------------------------
 There are 0 register/latch pins with multiple clocks.


8. checking generated_clocks
----------------------------
 There are 0 generated clocks that are not connected to a clock source.


9. checking loops
-----------------
 There are 0 combinational loops in the design.


10. checking partial_input_delay
--------------------------------
 There are 0 input ports with partial input delay specified.


11. checking partial_output_delay
---------------------------------
 There are 0 ports with partial output delay specified.


12. checking latch_loops
------------------------
 There are 0 combinational latch loops in the design through latch input



------------------------------------------------------------------------------------------------
| Design Timing Summary
| ---------------------
------------------------------------------------------------------------------------------------

    WNS(ns)      TNS(ns)  TNS Failing Endpoints  TNS Total Endpoints      WHS(ns)      THS(ns)  THS Failing Endpoints  THS Total Endpoints     WPWS(ns)     TPWS(ns)  TPWS Failing Endpoints  TPWS Total Endpoints  
    -------      -------  ---------------------  -------------------      -------      -------  ---------------------  -------------------     --------     --------  ----------------------  --------------------  
      0.646        0.000                      0                  149        0.255        0.000                      0                  149        5.500        0.000                       0                    88  


All user specified timing constraints are met.


------------------------------------------------------------------------------------------------
| Clock Summary
| -------------
------------------------------------------------------------------------------------------------

Clock    Waveform(ns)       Period(ns)      Frequency(MHz)
-----    ------------       ----------      --------------
clk_pin  {0.000 6.000}      12.000          83.333          


------------------------------------------------------------------------------------------------
| Intra Clock Table
| -----------------
------------------------------------------------------------------------------------------------

Clock             WNS(ns)      TNS(ns)  TNS Failing Endpoints  TNS Total Endpoints      WHS(ns)      THS(ns)  THS Failing Endpoints  THS Total Endpoints     WPWS(ns)     TPWS(ns)  TPWS Failing Endpoints  TPWS Total Endpoints  
-----             -------      -------  ---------------------  -------------------      -------      -------  ---------------------  -------------------     --------     --------  ----------------------  --------------------  
clk_pin             0.646        0.000                      0                   62        0.255        0.000                      0                   62        5.500        0.000                       0                    88  


------------------------------------------------------------------------------------------------
| Inter Clock Table
| -----------------
------------------------------------------------------------------------------------------------

From Clock    To Clock          WNS(ns)      TNS(ns)  TNS Failing Endpoints  TNS Total Endpoints      WHS(ns)      THS(ns)  THS Failing Endpoints  THS Total Endpoints  
----------    --------          -------      -------  ---------------------  -------------------      -------      -------  ---------------------  -------------------  


------------------------------------------------------------------------------------------------
| Other Path Groups Table
| -----------------------
------------------------------------------------------------------------------------------------

Path Group         From Clock         To Clock               WNS(ns)      TNS(ns)  TNS Failing Endpoints  TNS Total Endpoints      WHS(ns)      THS(ns)  THS Failing Endpoints  THS Total Endpoints  
----------         ----------         --------               -------      -------  ---------------------  -------------------      -------      -------  ---------------------  -------------------  
**async_default**  clk_pin            clk_pin                  1.064        0.000                      0                   87        5.501        0.000                      0                   87  


------------------------------------------------------------------------------------------------
| Timing Details
| --------------
------------------------------------------------------------------------------------------------


---------------------------------------------------------------------------------------------------
From Clock:  clk_pin
  To Clock:  clk_pin

Setup :            0  Failing Endpoints,  Worst Slack        0.646ns,  Total Violation        0.000ns
Hold  :            0  Failing Endpoints,  Worst Slack        0.255ns,  Total Violation        0.000ns
PW    :            0  Failing Endpoints,  Worst Slack        5.500ns,  Total Violation        0.000ns
---------------------------------------------------------------------------------------------------


Max Delay Paths
--------------------------------------------------------------------------------------
Slack (MET) :             0.646ns  (required time - arrival time)
  Source:                 seg7_display/o_seg_r_reg[6]/C
                            (rising edge-triggered cell FDPE clocked by clk_pin  {rise@0.000ns fall@6.000ns period=12.000ns})
  Destination:            seg[6]
                            (output port clocked by clk_pin  {rise@0.000ns fall@6.000ns period=12.000ns})
  Path Group:             clk_pin
  Path Type:              Max at Slow Process Corner
  Requirement:            12.000ns  (clk_pin rise@12.000ns - clk_pin rise@0.000ns)
  Data Path Delay:        5.996ns  (logic 4.128ns (68.849%)  route 1.868ns (31.151%))
  Logic Levels:           1  (OBUF=1)
  Output Delay:           0.000ns
  Clock Path Skew:        -5.323ns (DCD - SCD + CPR)
    Destination Clock Delay (DCD):    0.000ns = ( 12.000 - 12.000 ) 
    Source Clock Delay      (SCD):    5.323ns
    Clock Pessimism Removal (CPR):    0.000ns
  Clock Uncertainty:      0.035ns  ((TSJ^2 + TIJ^2)^1/2 + DJ) / 2 + PE
    Total System Jitter     (TSJ):    0.071ns
    Total Input Jitter      (TIJ):    0.000ns
    Discrete Jitter          (DJ):    0.000ns
    Phase Error              (PE):    0.000ns

    Location             Delay type                Incr(ns)  Path(ns)    Netlist Resource(s)
  -------------------------------------------------------------------    -------------------
                         (clock clk_pin rise edge)    0.000     0.000 r  
    E3                                                0.000     0.000 r  clk (IN)
                         net (fo=0)                   0.000     0.000    clk
    E3                   IBUF (Prop_ibuf_I_O)         1.482     1.482 r  clk_IBUF_inst/O
                         net (fo=1, routed)           2.025     3.506    clk_IBUF
    BUFGCTRL_X0Y16       BUFG (Prop_bufg_I_O)         0.096     3.602 r  clk_IBUF_BUFG_inst/O
                         net (fo=87, routed)          1.720     5.323    seg7_display/clk_IBUF_BUFG
    SLICE_X1Y85          FDPE                                         r  seg7_display/o_seg_r_reg[6]/C
  -------------------------------------------------------------------    -------------------
    SLICE_X1Y85          FDPE (Prop_fdpe_C_Q)         0.419     5.742 r  seg7_display/o_seg_r_reg[6]/Q
                         net (fo=1, routed)           1.868     7.610    seg_OBUF[6]
    L18                  OBUF (Prop_obuf_I_O)         3.709    11.319 r  seg_OBUF[6]_inst/O
                         net (fo=0)                   0.000    11.319    seg[6]
    L18                                                               r  seg[6] (OUT)
  -------------------------------------------------------------------    -------------------

                         (clock clk_pin rise edge)   12.000    12.000 r  
                         clock pessimism              0.000    12.000    
                         clock uncertainty           -0.035    11.965    
                         output delay                -0.000    11.965    
  -------------------------------------------------------------------
                         required time                         11.965    
                         arrival time                         -11.319    
  -------------------------------------------------------------------
                         slack                                  0.646    

Slack (MET) :             0.706ns  (required time - arrival time)
  Source:                 seg7_display/o_seg_r_reg[4]/C
                            (rising edge-triggered cell FDPE clocked by clk_pin  {rise@0.000ns fall@6.000ns period=12.000ns})
  Destination:            seg[4]
                            (output port clocked by clk_pin  {rise@0.000ns fall@6.000ns period=12.000ns})
  Path Group:             clk_pin
  Path Type:              Max at Slow Process Corner
  Requirement:            12.000ns  (clk_pin rise@12.000ns - clk_pin rise@0.000ns)
  Data Path Delay:        5.935ns  (logic 3.990ns (67.215%)  route 1.946ns (32.785%))
  Logic Levels:           1  (OBUF=1)
  Output Delay:           0.000ns
  Clock Path Skew:        -5.323ns (DCD - SCD + CPR)
    Destination Clock Delay (DCD):    0.000ns = ( 12.000 - 12.000 ) 
    Source Clock Delay      (SCD):    5.323ns
    Clock Pessimism Removal (CPR):    0.000ns
  Clock Uncertainty:      0.035ns  ((TSJ^2 + TIJ^2)^1/2 + DJ) / 2 + PE
    Total System Jitter     (TSJ):    0.071ns
    Total Input Jitter      (TIJ):    0.000ns
    Discrete Jitter          (DJ):    0.000ns
    Phase Error              (PE):    0.000ns

    Location             Delay type                Incr(ns)  Path(ns)    Netlist Resource(s)
  -------------------------------------------------------------------    -------------------
                         (clock clk_pin rise edge)    0.000     0.000 r  
    E3                                                0.000     0.000 r  clk (IN)
                         net (fo=0)                   0.000     0.000    clk
    E3                   IBUF (Prop_ibuf_I_O)         1.482     1.482 r  clk_IBUF_inst/O
                         net (fo=1, routed)           2.025     3.506    clk_IBUF
    BUFGCTRL_X0Y16       BUFG (Prop_bufg_I_O)         0.096     3.602 r  clk_IBUF_BUFG_inst/O
                         net (fo=87, routed)          1.720     5.323    seg7_display/clk_IBUF_BUFG
    SLICE_X1Y85          FDPE                                         r  seg7_display/o_seg_r_reg[4]/C
  -------------------------------------------------------------------    -------------------
    SLICE_X1Y85          FDPE (Prop_fdpe_C_Q)         0.456     5.779 r  seg7_display/o_seg_r_reg[4]/Q
                         net (fo=1, routed)           1.946     7.725    seg_OBUF[4]
    P15                  OBUF (Prop_obuf_I_O)         3.534    11.258 r  seg_OBUF[4]_inst/O
                         net (fo=0)                   0.000    11.258    seg[4]
    P15                                                               r  seg[4] (OUT)
  -------------------------------------------------------------------    -------------------

                         (clock clk_pin rise edge)   12.000    12.000 r  
                         clock pessimism              0.000    12.000    
                         clock uncertainty           -0.035    11.965    
                         output delay                -0.000    11.965    
  -------------------------------------------------------------------
                         required time                         11.965    
                         arrival time                         -11.258    
  -------------------------------------------------------------------
                         slack                                  0.706    

Slack (MET) :             0.784ns  (required time - arrival time)
  Source:                 seg7_display/o_seg_r_reg[2]/C
                            (rising edge-triggered cell FDPE clocked by clk_pin  {rise@0.000ns fall@6.000ns period=12.000ns})
  Destination:            seg[2]
                            (output port clocked by clk_pin  {rise@0.000ns fall@6.000ns period=12.000ns})
  Path Group:             clk_pin
  Path Type:              Max at Slow Process Corner
  Requirement:            12.000ns  (clk_pin rise@12.000ns - clk_pin rise@0.000ns)
  Data Path Delay:        5.872ns  (logic 3.949ns (67.257%)  route 1.923ns (32.743%))
  Logic Levels:           1  (OBUF=1)
  Output Delay:           0.000ns
  Clock Path Skew:        -5.309ns (DCD - SCD + CPR)
    Destination Clock Delay (DCD):    0.000ns = ( 12.000 - 12.000 ) 
    Source Clock Delay      (SCD):    5.309ns
    Clock Pessimism Removal (CPR):    0.000ns
  Clock Uncertainty:      0.035ns  ((TSJ^2 + TIJ^2)^1/2 + DJ) / 2 + PE
    Total System Jitter     (TSJ):    0.071ns
    Total Input Jitter      (TIJ):    0.000ns
    Discrete Jitter          (DJ):    0.000ns
    Phase Error              (PE):    0.000ns

    Location             Delay type                Incr(ns)  Path(ns)    Netlist Resource(s)
  -------------------------------------------------------------------    -------------------
                         (clock clk_pin rise edge)    0.000     0.000 r  
    E3                                                0.000     0.000 r  clk (IN)
                         net (fo=0)                   0.000     0.000    clk
    E3                   IBUF (Prop_ibuf_I_O)         1.482     1.482 r  clk_IBUF_inst/O
                         net (fo=1, routed)           2.025     3.506    clk_IBUF
    BUFGCTRL_X0Y16       BUFG (Prop_bufg_I_O)         0.096     3.602 r  clk_IBUF_BUFG_inst/O
                         net (fo=87, routed)          1.707     5.309    seg7_display/clk_IBUF_BUFG
    SLICE_X1Y110         FDPE                                         r  seg7_display/o_seg_r_reg[2]/C
  -------------------------------------------------------------------    -------------------
    SLICE_X1Y110         FDPE (Prop_fdpe_C_Q)         0.456     5.765 r  seg7_display/o_seg_r_reg[2]/Q
                         net (fo=1, routed)           1.923     7.688    seg_OBUF[2]
    K16                  OBUF (Prop_obuf_I_O)         3.493    11.181 r  seg_OBUF[2]_inst/O
                         net (fo=0)                   0.000    11.181    seg[2]
    K16                                                               r  seg[2] (OUT)
  -------------------------------------------------------------------    -------------------

                         (clock clk_pin rise edge)   12.000    12.000 r  
                         clock pessimism              0.000    12.000    
                         clock uncertainty           -0.035    11.965    
                         output delay                -0.000    11.965    
  -------------------------------------------------------------------
                         required time                         11.965    
                         arrival time                         -11.181    
  -------------------------------------------------------------------
                         slack                                  0.784    

Slack (MET) :             0.794ns  (required time - arrival time)
  Source:                 seg7_display/o_seg_r_reg[3]/C
                            (rising edge-triggered cell FDPE clocked by clk_pin  {rise@0.000ns fall@6.000ns period=12.000ns})
  Destination:            seg[3]
                            (output port clocked by clk_pin  {rise@0.000ns fall@6.000ns period=12.000ns})
  Path Group:             clk_pin
  Path Type:              Max at Slow Process Corner
  Requirement:            12.000ns  (clk_pin rise@12.000ns - clk_pin rise@0.000ns)
  Data Path Delay:        5.861ns  (logic 4.144ns (70.707%)  route 1.717ns (29.293%))
  Logic Levels:           1  (OBUF=1)
  Output Delay:           0.000ns
  Clock Path Skew:        -5.309ns (DCD - SCD + CPR)
    Destination Clock Delay (DCD):    0.000ns = ( 12.000 - 12.000 ) 
    Source Clock Delay      (SCD):    5.309ns
    Clock Pessimism Removal (CPR):    0.000ns
  Clock Uncertainty:      0.035ns  ((TSJ^2 + TIJ^2)^1/2 + DJ) / 2 + PE
    Total System Jitter     (TSJ):    0.071ns
    Total Input Jitter      (TIJ):    0.000ns
    Discrete Jitter          (DJ):    0.000ns
    Phase Error              (PE):    0.000ns

    Location             Delay type                Incr(ns)  Path(ns)    Netlist Resource(s)
  -------------------------------------------------------------------    -------------------
                         (clock clk_pin rise edge)    0.000     0.000 r  
    E3                                                0.000     0.000 r  clk (IN)
                         net (fo=0)                   0.000     0.000    clk
    E3                   IBUF (Prop_ibuf_I_O)         1.482     1.482 r  clk_IBUF_inst/O
                         net (fo=1, routed)           2.025     3.506    clk_IBUF
    BUFGCTRL_X0Y16       BUFG (Prop_bufg_I_O)         0.096     3.602 r  clk_IBUF_BUFG_inst/O
                         net (fo=87, routed)          1.707     5.309    seg7_display/clk_IBUF_BUFG
    SLICE_X1Y110         FDPE                                         r  seg7_display/o_seg_r_reg[3]/C
  -------------------------------------------------------------------    -------------------
    SLICE_X1Y110         FDPE (Prop_fdpe_C_Q)         0.419     5.728 r  seg7_display/o_seg_r_reg[3]/Q
                         net (fo=1, routed)           1.717     7.445    seg_OBUF[3]
    K13                  OBUF (Prop_obuf_I_O)         3.725    11.170 r  seg_OBUF[3]_inst/O
                         net (fo=0)                   0.000    11.170    seg[3]
    K13                                                               r  seg[3] (OUT)
  -------------------------------------------------------------------    -------------------

                         (clock clk_pin rise edge)   12.000    12.000 r  
                         clock pessimism              0.000    12.000    
                         clock uncertainty           -0.035    11.965    
                         output delay                -0.000    11.965    
  -------------------------------------------------------------------
                         required time                         11.965    
                         arrival time                         -11.170    
  -------------------------------------------------------------------
                         slack                                  0.794    

Slack (MET) :             0.801ns  (required time - arrival time)
  Source:                 seg7_display/o_seg_r_reg[0]/C
                            (rising edge-triggered cell FDPE clocked by clk_pin  {rise@0.000ns fall@6.000ns period=12.000ns})
  Destination:            seg[0]
                            (output port clocked by clk_pin  {rise@0.000ns fall@6.000ns period=12.000ns})
  Path Group:             clk_pin
  Path Type:              Max at Slow Process Corner
  Requirement:            12.000ns  (clk_pin rise@12.000ns - clk_pin rise@0.000ns)
  Data Path Delay:        5.835ns  (logic 4.033ns (69.122%)  route 1.802ns (30.878%))
  Logic Levels:           1  (OBUF=1)
  Output Delay:           0.000ns
  Clock Path Skew:        -5.329ns (DCD - SCD + CPR)
    Destination Clock Delay (DCD):    0.000ns = ( 12.000 - 12.000 ) 
    Source Clock Delay      (SCD):    5.329ns
    Clock Pessimism Removal (CPR):    0.000ns
  Clock Uncertainty:      0.035ns  ((TSJ^2 + TIJ^2)^1/2 + DJ) / 2 + PE
    Total System Jitter     (TSJ):    0.071ns
    Total Input Jitter      (TIJ):    0.000ns
    Discrete Jitter          (DJ):    0.000ns
    Phase Error              (PE):    0.000ns

    Location             Delay type                Incr(ns)  Path(ns)    Netlist Resource(s)
  -------------------------------------------------------------------    -------------------
                         (clock clk_pin rise edge)    0.000     0.000 r  
    E3                                                0.000     0.000 r  clk (IN)
                         net (fo=0)                   0.000     0.000    clk
    E3                   IBUF (Prop_ibuf_I_O)         1.482     1.482 r  clk_IBUF_inst/O
                         net (fo=1, routed)           2.025     3.506    clk_IBUF
    BUFGCTRL_X0Y16       BUFG (Prop_bufg_I_O)         0.096     3.602 r  clk_IBUF_BUFG_inst/O
                         net (fo=87, routed)          1.726     5.329    seg7_display/clk_IBUF_BUFG
    SLICE_X1Y50          FDPE                                         r  seg7_display/o_seg_r_reg[0]/C
  -------------------------------------------------------------------    -------------------
    SLICE_X1Y50          FDPE (Prop_fdpe_C_Q)         0.456     5.785 r  seg7_display/o_seg_r_reg[0]/Q
                         net (fo=1, routed)           1.802     7.586    seg_OBUF[0]
    T10                  OBUF (Prop_obuf_I_O)         3.577    11.163 r  seg_OBUF[0]_inst/O
                         net (fo=0)                   0.000    11.163    seg[0]
    T10                                                               r  seg[0] (OUT)
  -------------------------------------------------------------------    -------------------

                         (clock clk_pin rise edge)   12.000    12.000 r  
                         clock pessimism              0.000    12.000    
                         clock uncertainty           -0.035    11.965    
                         output delay                -0.000    11.965    
  -------------------------------------------------------------------
                         required time                         11.965    
                         arrival time                         -11.163    
  -------------------------------------------------------------------
                         slack                                  0.801    

Slack (MET) :             0.808ns  (required time - arrival time)
  Source:                 seg7_display/o_seg_r_reg[5]/C
                            (rising edge-triggered cell FDPE clocked by clk_pin  {rise@0.000ns fall@6.000ns period=12.000ns})
  Destination:            seg[5]
                            (output port clocked by clk_pin  {rise@0.000ns fall@6.000ns period=12.000ns})
  Path Group:             clk_pin
  Path Type:              Max at Slow Process Corner
  Requirement:            12.000ns  (clk_pin rise@12.000ns - clk_pin rise@0.000ns)
  Data Path Delay:        5.837ns  (logic 4.017ns (68.819%)  route 1.820ns (31.181%))
  Logic Levels:           1  (OBUF=1)
  Output Delay:           0.000ns
  Clock Path Skew:        -5.320ns (DCD - SCD + CPR)
    Destination Clock Delay (DCD):    0.000ns = ( 12.000 - 12.000 ) 
    Source Clock Delay      (SCD):    5.320ns
    Clock Pessimism Removal (CPR):    0.000ns
  Clock Uncertainty:      0.035ns  ((TSJ^2 + TIJ^2)^1/2 + DJ) / 2 + PE
    Total System Jitter     (TSJ):    0.071ns
    Total Input Jitter      (TIJ):    0.000ns
    Discrete Jitter          (DJ):    0.000ns
    Phase Error              (PE):    0.000ns

    Location             Delay type                Incr(ns)  Path(ns)    Netlist Resource(s)
  -------------------------------------------------------------------    -------------------
                         (clock clk_pin rise edge)    0.000     0.000 r  
    E3                                                0.000     0.000 r  clk (IN)
                         net (fo=0)                   0.000     0.000    clk
    E3                   IBUF (Prop_ibuf_I_O)         1.482     1.482 r  clk_IBUF_inst/O
                         net (fo=1, routed)           2.025     3.506    clk_IBUF
    BUFGCTRL_X0Y16       BUFG (Prop_bufg_I_O)         0.096     3.602 r  clk_IBUF_BUFG_inst/O
                         net (fo=87, routed)          1.717     5.320    seg7_display/clk_IBUF_BUFG
    SLICE_X0Y66          FDPE                                         r  seg7_display/o_seg_r_reg[5]/C
  -------------------------------------------------------------------    -------------------
    SLICE_X0Y66          FDPE (Prop_fdpe_C_Q)         0.456     5.776 r  seg7_display/o_seg_r_reg[5]/Q
                         net (fo=1, routed)           1.820     7.596    seg_OBUF[5]
    T11                  OBUF (Prop_obuf_I_O)         3.561    11.156 r  seg_OBUF[5]_inst/O
                         net (fo=0)                   0.000    11.156    seg[5]
    T11                                                               r  seg[5] (OUT)
  -------------------------------------------------------------------    -------------------

                         (clock clk_pin rise edge)   12.000    12.000 r  
                         clock pessimism              0.000    12.000    
                         clock uncertainty           -0.035    11.965    
                         output delay                -0.000    11.965    
  -------------------------------------------------------------------
                         required time                         11.965    
                         arrival time                         -11.156    
  -------------------------------------------------------------------
                         slack                                  0.808    

Slack (MET) :             0.956ns  (required time - arrival time)
  Source:                 seg7_display/o_seg_r_reg[1]/C
                            (rising edge-triggered cell FDPE clocked by clk_pin  {rise@0.000ns fall@6.000ns period=12.000ns})
  Destination:            seg[1]
                            (output port clocked by clk_pin  {rise@0.000ns fall@6.000ns period=12.000ns})
  Path Group:             clk_pin
  Path Type:              Max at Slow Process Corner
  Requirement:            12.000ns  (clk_pin rise@12.000ns - clk_pin rise@0.000ns)
  Data Path Delay:        5.680ns  (logic 4.147ns (73.013%)  route 1.533ns (26.987%))
  Logic Levels:           1  (OBUF=1)
  Output Delay:           0.000ns
  Clock Path Skew:        -5.329ns (DCD - SCD + CPR)
    Destination Clock Delay (DCD):    0.000ns = ( 12.000 - 12.000 ) 
    Source Clock Delay      (SCD):    5.329ns
    Clock Pessimism Removal (CPR):    0.000ns
  Clock Uncertainty:      0.035ns  ((TSJ^2 + TIJ^2)^1/2 + DJ) / 2 + PE
    Total System Jitter     (TSJ):    0.071ns
    Total Input Jitter      (TIJ):    0.000ns
    Discrete Jitter          (DJ):    0.000ns
    Phase Error              (PE):    0.000ns

    Location             Delay type                Incr(ns)  Path(ns)    Netlist Resource(s)
  -------------------------------------------------------------------    -------------------
                         (clock clk_pin rise edge)    0.000     0.000 r  
    E3                                                0.000     0.000 r  clk (IN)
                         net (fo=0)                   0.000     0.000    clk
    E3                   IBUF (Prop_ibuf_I_O)         1.482     1.482 r  clk_IBUF_inst/O
                         net (fo=1, routed)           2.025     3.506    clk_IBUF
    BUFGCTRL_X0Y16       BUFG (Prop_bufg_I_O)         0.096     3.602 r  clk_IBUF_BUFG_inst/O
                         net (fo=87, routed)          1.726     5.329    seg7_display/clk_IBUF_BUFG
    SLICE_X1Y50          FDPE                                         r  seg7_display/o_seg_r_reg[1]/C
  -------------------------------------------------------------------    -------------------
    SLICE_X1Y50          FDPE (Prop_fdpe_C_Q)         0.419     5.748 r  seg7_display/o_seg_r_reg[1]/Q
                         net (fo=1, routed)           1.533     7.281    seg_OBUF[1]
    R10                  OBUF (Prop_obuf_I_O)         3.728    11.009 r  seg_OBUF[1]_inst/O
                         net (fo=0)                   0.000    11.009    seg[1]
    R10                                                               r  seg[1] (OUT)
  -------------------------------------------------------------------    -------------------

                         (clock clk_pin rise edge)   12.000    12.000 r  
                         clock pessimism              0.000    12.000    
                         clock uncertainty           -0.035    11.965    
                         output delay                -0.000    11.965    
  -------------------------------------------------------------------
                         required time                         11.965    
                         arrival time                         -11.009    
  -------------------------------------------------------------------
                         slack                                  0.956    

Slack (MET) :             6.148ns  (required time - arrival time)
  Source:                 seg7_display/i_data_store_reg[14]/C
                            (rising edge-triggered cell FDCE clocked by clk_pin  {rise@0.000ns fall@6.000ns period=12.000ns})
  Destination:            seg7_display/o_seg_r_reg[0]/D
                            (rising edge-triggered cell FDPE clocked by clk_pin  {rise@0.000ns fall@6.000ns period=12.000ns})
  Path Group:             clk_pin
  Path Type:              Setup (Max at Slow Process Corner)
  Requirement:            12.000ns  (clk_pin rise@12.000ns - clk_pin rise@0.000ns)
  Data Path Delay:        5.906ns  (logic 1.086ns (18.389%)  route 4.820ns (81.611%))
  Logic Levels:           3  (LUT4=1 LUT6=1 MUXF7=1)
  Clock Path Skew:        0.058ns (DCD - SCD + CPR)
    Destination Clock Delay (DCD):    5.029ns = ( 17.029 - 12.000 ) 
    Source Clock Delay      (SCD):    5.230ns
    Clock Pessimism Removal (CPR):    0.259ns
  Clock Uncertainty:      0.035ns  ((TSJ^2 + TIJ^2)^1/2 + DJ) / 2 + PE
    Total System Jitter     (TSJ):    0.071ns
    Total Input Jitter      (TIJ):    0.000ns
    Discrete Jitter          (DJ):    0.000ns
    Phase Error              (PE):    0.000ns

    Location             Delay type                Incr(ns)  Path(ns)    Netlist Resource(s)
  -------------------------------------------------------------------    -------------------
                         (clock clk_pin rise edge)    0.000     0.000 r  
    E3                                                0.000     0.000 r  clk (IN)
                         net (fo=0)                   0.000     0.000    clk
    E3                   IBUF (Prop_ibuf_I_O)         1.482     1.482 r  clk_IBUF_inst/O
                         net (fo=1, routed)           2.025     3.506    clk_IBUF
    BUFGCTRL_X0Y16       BUFG (Prop_bufg_I_O)         0.096     3.602 r  clk_IBUF_BUFG_inst/O
                         net (fo=87, routed)          1.627     5.230    seg7_display/clk_IBUF_BUFG
    SLICE_X40Y69         FDCE                                         r  seg7_display/i_data_store_reg[14]/C
  -------------------------------------------------------------------    -------------------
    SLICE_X40Y69         FDCE (Prop_fdce_C_Q)         0.456     5.686 r  seg7_display/i_data_store_reg[14]/Q
                         net (fo=1, routed)           1.409     7.095    seg7_display/i_data_store[14]
    SLICE_X38Y80         LUT6 (Prop_lut6_I0_O)        0.124     7.219 r  seg7_display/o_seg_r[6]_i_10/O
                         net (fo=1, routed)           0.000     7.219    seg7_display/o_seg_r[6]_i_10_n_0
    SLICE_X38Y80         MUXF7 (Prop_muxf7_I0_O)      0.209     7.428 r  seg7_display/o_seg_r_reg[6]_i_4/O
                         net (fo=7, routed)           3.410    10.838    seg7_display/sel0[2]
    SLICE_X1Y50          LUT4 (Prop_lut4_I1_O)        0.297    11.135 r  seg7_display/o_seg_r[0]_i_1/O
                         net (fo=1, routed)           0.000    11.135    seg7_display/o_seg_r[0]_i_1_n_0
    SLICE_X1Y50          FDPE                                         r  seg7_display/o_seg_r_reg[0]/D
  -------------------------------------------------------------------    -------------------

                         (clock clk_pin rise edge)   12.000    12.000 r  
    E3                                                0.000    12.000 r  clk (IN)
                         net (fo=0)                   0.000    12.000    clk
    E3                   IBUF (Prop_ibuf_I_O)         1.411    13.411 r  clk_IBUF_inst/O
                         net (fo=1, routed)           1.920    15.331    clk_IBUF
    BUFGCTRL_X0Y16       BUFG (Prop_bufg_I_O)         0.091    15.422 r  clk_IBUF_BUFG_inst/O
                         net (fo=87, routed)          1.606    17.029    seg7_display/clk_IBUF_BUFG
    SLICE_X1Y50          FDPE                                         r  seg7_display/o_seg_r_reg[0]/C
                         clock pessimism              0.259    17.288    
                         clock uncertainty           -0.035    17.252    
    SLICE_X1Y50          FDPE (Setup_fdpe_C_D)        0.031    17.283    seg7_display/o_seg_r_reg[0]
  -------------------------------------------------------------------
                         required time                         17.283    
                         arrival time                         -11.135    
  -------------------------------------------------------------------
                         slack                                  6.148    

Slack (MET) :             6.162ns  (required time - arrival time)
  Source:                 seg7_display/i_data_store_reg[14]/C
                            (rising edge-triggered cell FDCE clocked by clk_pin  {rise@0.000ns fall@6.000ns period=12.000ns})
  Destination:            seg7_display/o_seg_r_reg[1]/D
                            (rising edge-triggered cell FDPE clocked by clk_pin  {rise@0.000ns fall@6.000ns period=12.000ns})
  Path Group:             clk_pin
  Path Type:              Setup (Max at Slow Process Corner)
  Requirement:            12.000ns  (clk_pin rise@12.000ns - clk_pin rise@0.000ns)
  Data Path Delay:        5.936ns  (logic 1.116ns (18.802%)  route 4.820ns (81.198%))
  Logic Levels:           3  (LUT4=1 LUT6=1 MUXF7=1)
  Clock Path Skew:        0.058ns (DCD - SCD + CPR)
    Destination Clock Delay (DCD):    5.029ns = ( 17.029 - 12.000 ) 
    Source Clock Delay      (SCD):    5.230ns
    Clock Pessimism Removal (CPR):    0.259ns
  Clock Uncertainty:      0.035ns  ((TSJ^2 + TIJ^2)^1/2 + DJ) / 2 + PE
    Total System Jitter     (TSJ):    0.071ns
    Total Input Jitter      (TIJ):    0.000ns
    Discrete Jitter          (DJ):    0.000ns
    Phase Error              (PE):    0.000ns

    Location             Delay type                Incr(ns)  Path(ns)    Netlist Resource(s)
  -------------------------------------------------------------------    -------------------
                         (clock clk_pin rise edge)    0.000     0.000 r  
    E3                                                0.000     0.000 r  clk (IN)
                         net (fo=0)                   0.000     0.000    clk
    E3                   IBUF (Prop_ibuf_I_O)         1.482     1.482 r  clk_IBUF_inst/O
                         net (fo=1, routed)           2.025     3.506    clk_IBUF
    BUFGCTRL_X0Y16       BUFG (Prop_bufg_I_O)         0.096     3.602 r  clk_IBUF_BUFG_inst/O
                         net (fo=87, routed)          1.627     5.230    seg7_display/clk_IBUF_BUFG
    SLICE_X40Y69         FDCE                                         r  seg7_display/i_data_store_reg[14]/C
  -------------------------------------------------------------------    -------------------
    SLICE_X40Y69         FDCE (Prop_fdce_C_Q)         0.456     5.686 r  seg7_display/i_data_store_reg[14]/Q
                         net (fo=1, routed)           1.409     7.095    seg7_display/i_data_store[14]
    SLICE_X38Y80         LUT6 (Prop_lut6_I0_O)        0.124     7.219 r  seg7_display/o_seg_r[6]_i_10/O
                         net (fo=1, routed)           0.000     7.219    seg7_display/o_seg_r[6]_i_10_n_0
    SLICE_X38Y80         MUXF7 (Prop_muxf7_I0_O)      0.209     7.428 r  seg7_display/o_seg_r_reg[6]_i_4/O
                         net (fo=7, routed)           3.410    10.838    seg7_display/sel0[2]
    SLICE_X1Y50          LUT4 (Prop_lut4_I1_O)        0.327    11.165 r  seg7_display/o_seg_r[1]_i_1/O
                         net (fo=1, routed)           0.000    11.165    seg7_display/o_seg_r[1]_i_1_n_0
    SLICE_X1Y50          FDPE                                         r  seg7_display/o_seg_r_reg[1]/D
  -------------------------------------------------------------------    -------------------

                         (clock clk_pin rise edge)   12.000    12.000 r  
    E3                                                0.000    12.000 r  clk (IN)
                         net (fo=0)                   0.000    12.000    clk
    E3                   IBUF (Prop_ibuf_I_O)         1.411    13.411 r  clk_IBUF_inst/O
                         net (fo=1, routed)           1.920    15.331    clk_IBUF
    BUFGCTRL_X0Y16       BUFG (Prop_bufg_I_O)         0.091    15.422 r  clk_IBUF_BUFG_inst/O
                         net (fo=87, routed)          1.606    17.029    seg7_display/clk_IBUF_BUFG
    SLICE_X1Y50          FDPE                                         r  seg7_display/o_seg_r_reg[1]/C
                         clock pessimism              0.259    17.288    
                         clock uncertainty           -0.035    17.252    
    SLICE_X1Y50          FDPE (Setup_fdpe_C_D)        0.075    17.327    seg7_display/o_seg_r_reg[1]
  -------------------------------------------------------------------
                         required time                         17.327    
                         arrival time                         -11.165    
  -------------------------------------------------------------------
                         slack                                  6.162    

Slack (MET) :             6.661ns  (required time - arrival time)
  Source:                 seg7_display/i_data_store_reg[14]/C
                            (rising edge-triggered cell FDCE clocked by clk_pin  {rise@0.000ns fall@6.000ns period=12.000ns})
  Destination:            seg7_display/o_seg_r_reg[2]/D
                            (rising edge-triggered cell FDPE clocked by clk_pin  {rise@0.000ns fall@6.000ns period=12.000ns})
  Path Group:             clk_pin
  Path Type:              Setup (Max at Slow Process Corner)
  Requirement:            12.000ns  (clk_pin rise@12.000ns - clk_pin rise@0.000ns)
  Data Path Delay:        5.295ns  (logic 1.086ns (20.509%)  route 4.209ns (79.491%))
  Logic Levels:           3  (LUT4=1 LUT6=1 MUXF7=1)
  Clock Path Skew:        -0.041ns (DCD - SCD + CPR)
    Destination Clock Delay (DCD):    5.009ns = ( 17.009 - 12.000 ) 
    Source Clock Delay      (SCD):    5.230ns
    Clock Pessimism Removal (CPR):    0.180ns
  Clock Uncertainty:      0.035ns  ((TSJ^2 + TIJ^2)^1/2 + DJ) / 2 + PE
    Total System Jitter     (TSJ):    0.071ns
    Total Input Jitter      (TIJ):    0.000ns
    Discrete Jitter          (DJ):    0.000ns
    Phase Error              (PE):    0.000ns

    Location             Delay type                Incr(ns)  Path(ns)    Netlist Resource(s)
  -------------------------------------------------------------------    -------------------
                         (clock clk_pin rise edge)    0.000     0.000 r  
    E3                                                0.000     0.000 r  clk (IN)
                         net (fo=0)                   0.000     0.000    clk
    E3                   IBUF (Prop_ibuf_I_O)         1.482     1.482 r  clk_IBUF_inst/O
                         net (fo=1, routed)           2.025     3.506    clk_IBUF
    BUFGCTRL_X0Y16       BUFG (Prop_bufg_I_O)         0.096     3.602 r  clk_IBUF_BUFG_inst/O
                         net (fo=87, routed)          1.627     5.230    seg7_display/clk_IBUF_BUFG
    SLICE_X40Y69         FDCE                                         r  seg7_display/i_data_store_reg[14]/C
  -------------------------------------------------------------------    -------------------
    SLICE_X40Y69         FDCE (Prop_fdce_C_Q)         0.456     5.686 r  seg7_display/i_data_store_reg[14]/Q
                         net (fo=1, routed)           1.409     7.095    seg7_display/i_data_store[14]
    SLICE_X38Y80         LUT6 (Prop_lut6_I0_O)        0.124     7.219 r  seg7_display/o_seg_r[6]_i_10/O
                         net (fo=1, routed)           0.000     7.219    seg7_display/o_seg_r[6]_i_10_n_0
    SLICE_X38Y80         MUXF7 (Prop_muxf7_I0_O)      0.209     7.428 r  seg7_display/o_seg_r_reg[6]_i_4/O
                         net (fo=7, routed)           2.800    10.228    seg7_display/sel0[2]
    SLICE_X1Y110         LUT4 (Prop_lut4_I3_O)        0.297    10.525 r  seg7_display/o_seg_r[2]_i_1/O
                         net (fo=1, routed)           0.000    10.525    seg7_display/o_seg_r[2]_i_1_n_0
    SLICE_X1Y110         FDPE                                         r  seg7_display/o_seg_r_reg[2]/D
  -------------------------------------------------------------------    -------------------

                         (clock clk_pin rise edge)   12.000    12.000 r  
    E3                                                0.000    12.000 r  clk (IN)
                         net (fo=0)                   0.000    12.000    clk
    E3                   IBUF (Prop_ibuf_I_O)         1.411    13.411 r  clk_IBUF_inst/O
                         net (fo=1, routed)           1.920    15.331    clk_IBUF
    BUFGCTRL_X0Y16       BUFG (Prop_bufg_I_O)         0.091    15.422 r  clk_IBUF_BUFG_inst/O
                         net (fo=87, routed)          1.587    17.009    seg7_display/clk_IBUF_BUFG
    SLICE_X1Y110         FDPE                                         r  seg7_display/o_seg_r_reg[2]/C
                         clock pessimism              0.180    17.189    
                         clock uncertainty           -0.035    17.154    
    SLICE_X1Y110         FDPE (Setup_fdpe_C_D)        0.032    17.186    seg7_display/o_seg_r_reg[2]
  -------------------------------------------------------------------
                         required time                         17.186    
                         arrival time                         -10.525    
  -------------------------------------------------------------------
                         slack                                  6.661    





Min Delay Paths
--------------------------------------------------------------------------------------
Slack (MET) :             0.255ns  (arrival time - required time)
  Source:                 divider_cpu/counter_reg[0]/C
                            (rising edge-triggered cell FDCE clocked by clk_pin  {rise@0.000ns fall@6.000ns period=12.000ns})
  Destination:            divider_cpu/counter_reg[31]/D
                            (rising edge-triggered cell FDCE clocked by clk_pin  {rise@0.000ns fall@6.000ns period=12.000ns})
  Path Group:             clk_pin
  Path Type:              Hold (Min at Fast Process Corner)
  Requirement:            0.000ns  (clk_pin rise@0.000ns - clk_pin rise@0.000ns)
  Data Path Delay:        0.391ns  (logic 0.186ns (47.612%)  route 0.205ns (52.388%))
  Logic Levels:           1  (LUT5=1)
  Clock Path Skew:        0.016ns (DCD - SCD - CPR)
    Destination Clock Delay (DCD):    2.028ns
    Source Clock Delay      (SCD):    1.509ns
    Clock Pessimism Removal (CPR):    0.502ns

    Location             Delay type                Incr(ns)  Path(ns)    Netlist Resource(s)
  -------------------------------------------------------------------    -------------------
                         (clock clk_pin rise edge)    0.000     0.000 r  
    E3                                                0.000     0.000 r  clk (IN)
                         net (fo=0)                   0.000     0.000    clk
    E3                   IBUF (Prop_ibuf_I_O)         0.250     0.250 r  clk_IBUF_inst/O
                         net (fo=1, routed)           0.644     0.894    clk_IBUF
    BUFGCTRL_X0Y16       BUFG (Prop_bufg_I_O)         0.026     0.920 r  clk_IBUF_BUFG_inst/O
                         net (fo=87, routed)          0.590     1.509    divider_cpu/clk_IBUF_BUFG
    SLICE_X77Y108        FDCE                                         r  divider_cpu/counter_reg[0]/C
  -------------------------------------------------------------------    -------------------
    SLICE_X77Y108        FDCE (Prop_fdce_C_Q)         0.141     1.650 r  divider_cpu/counter_reg[0]/Q
                         net (fo=34, routed)          0.205     1.855    divider_cpu/counter[0]
    SLICE_X74Y108        LUT5 (Prop_lut5_I0_O)        0.045     1.900 r  divider_cpu/counter[31]_i_1/O
                         net (fo=1, routed)           0.000     1.900    divider_cpu/counter_0[31]
    SLICE_X74Y108        FDCE                                         r  divider_cpu/counter_reg[31]/D
  -------------------------------------------------------------------    -------------------

                         (clock clk_pin rise edge)    0.000     0.000 r  
    E3                                                0.000     0.000 r  clk (IN)
                         net (fo=0)                   0.000     0.000    clk
    E3                   IBUF (Prop_ibuf_I_O)         0.438     0.438 r  clk_IBUF_inst/O
                         net (fo=1, routed)           0.699     1.136    clk_IBUF
    BUFGCTRL_X0Y16       BUFG (Prop_bufg_I_O)         0.029     1.165 r  clk_IBUF_BUFG_inst/O
                         net (fo=87, routed)          0.863     2.028    divider_cpu/clk_IBUF_BUFG
    SLICE_X74Y108        FDCE                                         r  divider_cpu/counter_reg[31]/C
                         clock pessimism             -0.502     1.525    
    SLICE_X74Y108        FDCE (Hold_fdce_C_D)         0.120     1.645    divider_cpu/counter_reg[31]
  -------------------------------------------------------------------
                         required time                         -1.645    
                         arrival time                           1.900    
  -------------------------------------------------------------------
                         slack                                  0.255    

Slack (MET) :             0.264ns  (arrival time - required time)
  Source:                 divider_cpu/clk_out_reg/C
                            (rising edge-triggered cell FDCE clocked by clk_pin  {rise@0.000ns fall@6.000ns period=12.000ns})
  Destination:            divider_cpu/clk_out_reg/D
                            (rising edge-triggered cell FDCE clocked by clk_pin  {rise@0.000ns fall@6.000ns period=12.000ns})
  Path Group:             clk_pin
  Path Type:              Hold (Min at Fast Process Corner)
  Requirement:            0.000ns  (clk_pin rise@0.000ns - clk_pin rise@0.000ns)
  Data Path Delay:        0.384ns  (logic 0.209ns (54.384%)  route 0.175ns (45.616%))
  Logic Levels:           1  (LUT5=1)
  Clock Path Skew:        0.000ns (DCD - SCD - CPR)
    Destination Clock Delay (DCD):    2.029ns
    Source Clock Delay      (SCD):    1.510ns
    Clock Pessimism Removal (CPR):    0.518ns

    Location             Delay type                Incr(ns)  Path(ns)    Netlist Resource(s)
  -------------------------------------------------------------------    -------------------
                         (clock clk_pin rise edge)    0.000     0.000 r  
    E3                                                0.000     0.000 r  clk (IN)
                         net (fo=0)                   0.000     0.000    clk
    E3                   IBUF (Prop_ibuf_I_O)         0.250     0.250 r  clk_IBUF_inst/O
                         net (fo=1, routed)           0.644     0.894    clk_IBUF
    BUFGCTRL_X0Y16       BUFG (Prop_bufg_I_O)         0.026     0.920 r  clk_IBUF_BUFG_inst/O
                         net (fo=87, routed)          0.591     1.510    divider_cpu/clk_IBUF_BUFG
    SLICE_X74Y103        FDCE                                         r  divider_cpu/clk_out_reg/C
  -------------------------------------------------------------------    -------------------
    SLICE_X74Y103        FDCE (Prop_fdce_C_Q)         0.164     1.674 r  divider_cpu/clk_out_reg/Q
                         net (fo=2, routed)           0.175     1.850    divider_cpu/clk_cpu
    SLICE_X74Y103        LUT5 (Prop_lut5_I4_O)        0.045     1.895 r  divider_cpu/clk_out_i_1/O
                         net (fo=1, routed)           0.000     1.895    divider_cpu/clk_out_i_1_n_0
    SLICE_X74Y103        FDCE                                         r  divider_cpu/clk_out_reg/D
  -------------------------------------------------------------------    -------------------

                         (clock clk_pin rise edge)    0.000     0.000 r  
    E3                                                0.000     0.000 r  clk (IN)
                         net (fo=0)                   0.000     0.000    clk
    E3                   IBUF (Prop_ibuf_I_O)         0.438     0.438 r  clk_IBUF_inst/O
                         net (fo=1, routed)           0.699     1.136    clk_IBUF
    BUFGCTRL_X0Y16       BUFG (Prop_bufg_I_O)         0.029     1.165 r  clk_IBUF_BUFG_inst/O
                         net (fo=87, routed)          0.864     2.029    divider_cpu/clk_IBUF_BUFG
    SLICE_X74Y103        FDCE                                         r  divider_cpu/clk_out_reg/C
                         clock pessimism             -0.518     1.510    
    SLICE_X74Y103        FDCE (Hold_fdce_C_D)         0.120     1.630    divider_cpu/clk_out_reg
  -------------------------------------------------------------------
                         required time                         -1.630    
                         arrival time                           1.895    
  -------------------------------------------------------------------
                         slack                                  0.264    

Slack (MET) :             0.280ns  (arrival time - required time)
  Source:                 divider_cpu/counter_reg[0]/C
                            (rising edge-triggered cell FDCE clocked by clk_pin  {rise@0.000ns fall@6.000ns period=12.000ns})
  Destination:            divider_cpu/counter_reg[30]/D
                            (rising edge-triggered cell FDCE clocked by clk_pin  {rise@0.000ns fall@6.000ns period=12.000ns})
  Path Group:             clk_pin
  Path Type:              Hold (Min at Fast Process Corner)
  Requirement:            0.000ns  (clk_pin rise@0.000ns - clk_pin rise@0.000ns)
  Data Path Delay:        0.387ns  (logic 0.183ns (47.327%)  route 0.204ns (52.673%))
  Logic Levels:           1  (LUT5=1)
  Clock Path Skew:        0.000ns (DCD - SCD - CPR)
    Destination Clock Delay (DCD):    2.028ns
    Source Clock Delay      (SCD):    1.509ns
    Clock Pessimism Removal (CPR):    0.518ns

    Location             Delay type                Incr(ns)  Path(ns)    Netlist Resource(s)
  -------------------------------------------------------------------    -------------------
                         (clock clk_pin rise edge)    0.000     0.000 r  
    E3                                                0.000     0.000 r  clk (IN)
                         net (fo=0)                   0.000     0.000    clk
    E3                   IBUF (Prop_ibuf_I_O)         0.250     0.250 r  clk_IBUF_inst/O
                         net (fo=1, routed)           0.644     0.894    clk_IBUF
    BUFGCTRL_X0Y16       BUFG (Prop_bufg_I_O)         0.026     0.920 r  clk_IBUF_BUFG_inst/O
                         net (fo=87, routed)          0.590     1.509    divider_cpu/clk_IBUF_BUFG
    SLICE_X77Y108        FDCE                                         r  divider_cpu/counter_reg[0]/C
  -------------------------------------------------------------------    -------------------
    SLICE_X77Y108        FDCE (Prop_fdce_C_Q)         0.141     1.650 r  divider_cpu/counter_reg[0]/Q
                         net (fo=34, routed)          0.204     1.854    divider_cpu/counter[0]
    SLICE_X77Y108        LUT5 (Prop_lut5_I0_O)        0.042     1.896 r  divider_cpu/counter[30]_i_1/O
                         net (fo=1, routed)           0.000     1.896    divider_cpu/counter_0[30]
    SLICE_X77Y108        FDCE                                         r  divider_cpu/counter_reg[30]/D
  -------------------------------------------------------------------    -------------------

                         (clock clk_pin rise edge)    0.000     0.000 r  
    E3                                                0.000     0.000 r  clk (IN)
                         net (fo=0)                   0.000     0.000    clk
    E3                   IBUF (Prop_ibuf_I_O)         0.438     0.438 r  clk_IBUF_inst/O
                         net (fo=1, routed)           0.699     1.136    clk_IBUF
    BUFGCTRL_X0Y16       BUFG (Prop_bufg_I_O)         0.029     1.165 r  clk_IBUF_BUFG_inst/O
                         net (fo=87, routed)          0.863     2.028    divider_cpu/clk_IBUF_BUFG
    SLICE_X77Y108        FDCE                                         r  divider_cpu/counter_reg[30]/C
                         clock pessimism             -0.518     1.509    
    SLICE_X77Y108        FDCE (Hold_fdce_C_D)         0.107     1.616    divider_cpu/counter_reg[30]
  -------------------------------------------------------------------
                         required time                         -1.616    
                         arrival time                           1.896    
  -------------------------------------------------------------------
                         slack                                  0.280    

Slack (MET) :             0.299ns  (arrival time - required time)
  Source:                 divider_cpu/counter_reg[0]/C
                            (rising edge-triggered cell FDCE clocked by clk_pin  {rise@0.000ns fall@6.000ns period=12.000ns})
  Destination:            divider_cpu/counter_reg[0]/D
                            (rising edge-triggered cell FDCE clocked by clk_pin  {rise@0.000ns fall@6.000ns period=12.000ns})
  Path Group:             clk_pin
  Path Type:              Hold (Min at Fast Process Corner)
  Requirement:            0.000ns  (clk_pin rise@0.000ns - clk_pin rise@0.000ns)
  Data Path Delay:        0.390ns  (logic 0.186ns (47.732%)  route 0.204ns (52.268%))
  Logic Levels:           1  (LUT4=1)
  Clock Path Skew:        0.000ns (DCD - SCD - CPR)
    Destination Clock Delay (DCD):    2.028ns
    Source Clock Delay      (SCD):    1.509ns
    Clock Pessimism Removal (CPR):    0.518ns

    Location             Delay type                Incr(ns)  Path(ns)    Netlist Resource(s)
  -------------------------------------------------------------------    -------------------
                         (clock clk_pin rise edge)    0.000     0.000 r  
    E3                                                0.000     0.000 r  clk (IN)
                         net (fo=0)                   0.000     0.000    clk
    E3                   IBUF (Prop_ibuf_I_O)         0.250     0.250 r  clk_IBUF_inst/O
                         net (fo=1, routed)           0.644     0.894    clk_IBUF
    BUFGCTRL_X0Y16       BUFG (Prop_bufg_I_O)         0.026     0.920 r  clk_IBUF_BUFG_inst/O
                         net (fo=87, routed)          0.590     1.509    divider_cpu/clk_IBUF_BUFG
    SLICE_X77Y108        FDCE                                         r  divider_cpu/counter_reg[0]/C
  -------------------------------------------------------------------    -------------------
    SLICE_X77Y108        FDCE (Prop_fdce_C_Q)         0.141     1.650 f  divider_cpu/counter_reg[0]/Q
                         net (fo=34, routed)          0.204     1.854    divider_cpu/counter[0]
    SLICE_X77Y108        LUT4 (Prop_lut4_I3_O)        0.045     1.899 r  divider_cpu/counter[0]_i_1/O
                         net (fo=1, routed)           0.000     1.899    divider_cpu/counter_0[0]
    SLICE_X77Y108        FDCE                                         r  divider_cpu/counter_reg[0]/D
  -------------------------------------------------------------------    -------------------

                         (clock clk_pin rise edge)    0.000     0.000 r  
    E3                                                0.000     0.000 r  clk (IN)
                         net (fo=0)                   0.000     0.000    clk
    E3                   IBUF (Prop_ibuf_I_O)         0.438     0.438 r  clk_IBUF_inst/O
                         net (fo=1, routed)           0.699     1.136    clk_IBUF
    BUFGCTRL_X0Y16       BUFG (Prop_bufg_I_O)         0.029     1.165 r  clk_IBUF_BUFG_inst/O
                         net (fo=87, routed)          0.863     2.028    divider_cpu/clk_IBUF_BUFG
    SLICE_X77Y108        FDCE                                         r  divider_cpu/counter_reg[0]/C
                         clock pessimism             -0.518     1.509    
    SLICE_X77Y108        FDCE (Hold_fdce_C_D)         0.091     1.600    divider_cpu/counter_reg[0]
  -------------------------------------------------------------------
                         required time                         -1.600    
                         arrival time                           1.899    
  -------------------------------------------------------------------
                         slack                                  0.299    

Slack (MET) :             0.300ns  (arrival time - required time)
  Source:                 divider_cpu/counter_reg[0]/C
                            (rising edge-triggered cell FDCE clocked by clk_pin  {rise@0.000ns fall@6.000ns period=12.000ns})
  Destination:            divider_cpu/counter_reg[20]/D
                            (rising edge-triggered cell FDCE clocked by clk_pin  {rise@0.000ns fall@6.000ns period=12.000ns})
  Path Group:             clk_pin
  Path Type:              Hold (Min at Fast Process Corner)
  Requirement:            0.000ns  (clk_pin rise@0.000ns - clk_pin rise@0.000ns)
  Data Path Delay:        0.407ns  (logic 0.186ns (45.746%)  route 0.221ns (54.254%))
  Logic Levels:           1  (LUT5=1)
  Clock Path Skew:        0.016ns (DCD - SCD - CPR)
    Destination Clock Delay (DCD):    2.028ns
    Source Clock Delay      (SCD):    1.509ns
    Clock Pessimism Removal (CPR):    0.502ns

    Location             Delay type                Incr(ns)  Path(ns)    Netlist Resource(s)
  -------------------------------------------------------------------    -------------------
                         (clock clk_pin rise edge)    0.000     0.000 r  
    E3                                                0.000     0.000 r  clk (IN)
                         net (fo=0)                   0.000     0.000    clk
    E3                   IBUF (Prop_ibuf_I_O)         0.250     0.250 r  clk_IBUF_inst/O
                         net (fo=1, routed)           0.644     0.894    clk_IBUF
    BUFGCTRL_X0Y16       BUFG (Prop_bufg_I_O)         0.026     0.920 r  clk_IBUF_BUFG_inst/O
                         net (fo=87, routed)          0.590     1.509    divider_cpu/clk_IBUF_BUFG
    SLICE_X77Y108        FDCE                                         r  divider_cpu/counter_reg[0]/C
  -------------------------------------------------------------------    -------------------
    SLICE_X77Y108        FDCE (Prop_fdce_C_Q)         0.141     1.650 r  divider_cpu/counter_reg[0]/Q
                         net (fo=34, routed)          0.221     1.871    divider_cpu/counter[0]
    SLICE_X77Y107        LUT5 (Prop_lut5_I0_O)        0.045     1.916 r  divider_cpu/counter[20]_i_1/O
                         net (fo=1, routed)           0.000     1.916    divider_cpu/counter_0[20]
    SLICE_X77Y107        FDCE                                         r  divider_cpu/counter_reg[20]/D
  -------------------------------------------------------------------    -------------------

                         (clock clk_pin rise edge)    0.000     0.000 r  
    E3                                                0.000     0.000 r  clk (IN)
                         net (fo=0)                   0.000     0.000    clk
    E3                   IBUF (Prop_ibuf_I_O)         0.438     0.438 r  clk_IBUF_inst/O
                         net (fo=1, routed)           0.699     1.136    clk_IBUF
    BUFGCTRL_X0Y16       BUFG (Prop_bufg_I_O)         0.029     1.165 r  clk_IBUF_BUFG_inst/O
                         net (fo=87, routed)          0.863     2.028    divider_cpu/clk_IBUF_BUFG
    SLICE_X77Y107        FDCE                                         r  divider_cpu/counter_reg[20]/C
                         clock pessimism             -0.502     1.525    
    SLICE_X77Y107        FDCE (Hold_fdce_C_D)         0.091     1.616    divider_cpu/counter_reg[20]
  -------------------------------------------------------------------
                         required time                         -1.616    
                         arrival time                           1.916    
  -------------------------------------------------------------------
                         slack                                  0.300    

Slack (MET) :             0.300ns  (arrival time - required time)
  Source:                 divider_cpu/counter_reg[0]/C
                            (rising edge-triggered cell FDCE clocked by clk_pin  {rise@0.000ns fall@6.000ns period=12.000ns})
  Destination:            divider_cpu/counter_reg[29]/D
                            (rising edge-triggered cell FDCE clocked by clk_pin  {rise@0.000ns fall@6.000ns period=12.000ns})
  Path Group:             clk_pin
  Path Type:              Hold (Min at Fast Process Corner)
  Requirement:            0.000ns  (clk_pin rise@0.000ns - clk_pin rise@0.000ns)
  Data Path Delay:        0.392ns  (logic 0.186ns (47.488%)  route 0.206ns (52.512%))
  Logic Levels:           1  (LUT5=1)
  Clock Path Skew:        0.000ns (DCD - SCD - CPR)
    Destination Clock Delay (DCD):    2.028ns
    Source Clock Delay      (SCD):    1.509ns
    Clock Pessimism Removal (CPR):    0.518ns

    Location             Delay type                Incr(ns)  Path(ns)    Netlist Resource(s)
  -------------------------------------------------------------------    -------------------
                         (clock clk_pin rise edge)    0.000     0.000 r  
    E3                                                0.000     0.000 r  clk (IN)
                         net (fo=0)                   0.000     0.000    clk
    E3                   IBUF (Prop_ibuf_I_O)         0.250     0.250 r  clk_IBUF_inst/O
                         net (fo=1, routed)           0.644     0.894    clk_IBUF
    BUFGCTRL_X0Y16       BUFG (Prop_bufg_I_O)         0.026     0.920 r  clk_IBUF_BUFG_inst/O
                         net (fo=87, routed)          0.590     1.509    divider_cpu/clk_IBUF_BUFG
    SLICE_X77Y108        FDCE                                         r  divider_cpu/counter_reg[0]/C
  -------------------------------------------------------------------    -------------------
    SLICE_X77Y108        FDCE (Prop_fdce_C_Q)         0.141     1.650 r  divider_cpu/counter_reg[0]/Q
                         net (fo=34, routed)          0.206     1.856    divider_cpu/counter[0]
    SLICE_X77Y108        LUT5 (Prop_lut5_I0_O)        0.045     1.901 r  divider_cpu/counter[29]_i_1/O
                         net (fo=1, routed)           0.000     1.901    divider_cpu/counter_0[29]
    SLICE_X77Y108        FDCE                                         r  divider_cpu/counter_reg[29]/D
  -------------------------------------------------------------------    -------------------

                         (clock clk_pin rise edge)    0.000     0.000 r  
    E3                                                0.000     0.000 r  clk (IN)
                         net (fo=0)                   0.000     0.000    clk
    E3                   IBUF (Prop_ibuf_I_O)         0.438     0.438 r  clk_IBUF_inst/O
                         net (fo=1, routed)           0.699     1.136    clk_IBUF
    BUFGCTRL_X0Y16       BUFG (Prop_bufg_I_O)         0.029     1.165 r  clk_IBUF_BUFG_inst/O
                         net (fo=87, routed)          0.863     2.028    divider_cpu/clk_IBUF_BUFG
    SLICE_X77Y108        FDCE                                         r  divider_cpu/counter_reg[29]/C
                         clock pessimism             -0.518     1.509    
    SLICE_X77Y108        FDCE (Hold_fdce_C_D)         0.092     1.601    divider_cpu/counter_reg[29]
  -------------------------------------------------------------------
                         required time                         -1.601    
                         arrival time                           1.901    
  -------------------------------------------------------------------
                         slack                                  0.300    

Slack (MET) :             0.302ns  (arrival time - required time)
  Source:                 seg7_display/cnt_reg[11]/C
                            (rising edge-triggered cell FDCE clocked by clk_pin  {rise@0.000ns fall@6.000ns period=12.000ns})
  Destination:            seg7_display/cnt_reg[11]/D
                            (rising edge-triggered cell FDCE clocked by clk_pin  {rise@0.000ns fall@6.000ns period=12.000ns})
  Path Group:             clk_pin
  Path Type:              Hold (Min at Fast Process Corner)
  Requirement:            0.000ns  (clk_pin rise@0.000ns - clk_pin rise@0.000ns)
  Data Path Delay:        0.407ns  (logic 0.249ns (61.164%)  route 0.158ns (38.836%))
  Logic Levels:           1  (CARRY4=1)
  Clock Path Skew:        0.000ns (DCD - SCD - CPR)
    Destination Clock Delay (DCD):    1.996ns
    Source Clock Delay      (SCD):    1.481ns
    Clock Pessimism Removal (CPR):    0.514ns

    Location             Delay type                Incr(ns)  Path(ns)    Netlist Resource(s)
  -------------------------------------------------------------------    -------------------
                         (clock clk_pin rise edge)    0.000     0.000 r  
    E3                                                0.000     0.000 r  clk (IN)
                         net (fo=0)                   0.000     0.000    clk
    E3                   IBUF (Prop_ibuf_I_O)         0.250     0.250 r  clk_IBUF_inst/O
                         net (fo=1, routed)           0.644     0.894    clk_IBUF
    BUFGCTRL_X0Y16       BUFG (Prop_bufg_I_O)         0.026     0.920 r  clk_IBUF_BUFG_inst/O
                         net (fo=87, routed)          0.562     1.481    seg7_display/clk_IBUF_BUFG
    SLICE_X37Y80         FDCE                                         r  seg7_display/cnt_reg[11]/C
  -------------------------------------------------------------------    -------------------
    SLICE_X37Y80         FDCE (Prop_fdce_C_Q)         0.141     1.622 r  seg7_display/cnt_reg[11]/Q
                         net (fo=1, routed)           0.158     1.780    seg7_display/cnt_reg_n_0_[11]
    SLICE_X37Y80         CARRY4 (Prop_carry4_S[3]_O[3])
                                                      0.108     1.888 r  seg7_display/cnt_reg[8]_i_1/O[3]
                         net (fo=1, routed)           0.000     1.888    seg7_display/cnt_reg[8]_i_1_n_4
    SLICE_X37Y80         FDCE                                         r  seg7_display/cnt_reg[11]/D
  -------------------------------------------------------------------    -------------------

                         (clock clk_pin rise edge)    0.000     0.000 r  
    E3                                                0.000     0.000 r  clk (IN)
                         net (fo=0)                   0.000     0.000    clk
    E3                   IBUF (Prop_ibuf_I_O)         0.438     0.438 r  clk_IBUF_inst/O
                         net (fo=1, routed)           0.699     1.136    clk_IBUF
    BUFGCTRL_X0Y16       BUFG (Prop_bufg_I_O)         0.029     1.165 r  clk_IBUF_BUFG_inst/O
                         net (fo=87, routed)          0.831     1.996    seg7_display/clk_IBUF_BUFG
    SLICE_X37Y80         FDCE                                         r  seg7_display/cnt_reg[11]/C
                         clock pessimism             -0.514     1.481    
    SLICE_X37Y80         FDCE (Hold_fdce_C_D)         0.105     1.586    seg7_display/cnt_reg[11]
  -------------------------------------------------------------------
                         required time                         -1.586    
                         arrival time                           1.888    
  -------------------------------------------------------------------
                         slack                                  0.302    

Slack (MET) :             0.302ns  (arrival time - required time)
  Source:                 seg7_display/cnt_reg[3]/C
                            (rising edge-triggered cell FDCE clocked by clk_pin  {rise@0.000ns fall@6.000ns period=12.000ns})
  Destination:            seg7_display/cnt_reg[3]/D
                            (rising edge-triggered cell FDCE clocked by clk_pin  {rise@0.000ns fall@6.000ns period=12.000ns})
  Path Group:             clk_pin
  Path Type:              Hold (Min at Fast Process Corner)
  Requirement:            0.000ns  (clk_pin rise@0.000ns - clk_pin rise@0.000ns)
  Data Path Delay:        0.407ns  (logic 0.249ns (61.164%)  route 0.158ns (38.836%))
  Logic Levels:           1  (CARRY4=1)
  Clock Path Skew:        0.000ns (DCD - SCD - CPR)
    Destination Clock Delay (DCD):    1.994ns
    Source Clock Delay      (SCD):    1.479ns
    Clock Pessimism Removal (CPR):    0.514ns

    Location             Delay type                Incr(ns)  Path(ns)    Netlist Resource(s)
  -------------------------------------------------------------------    -------------------
                         (clock clk_pin rise edge)    0.000     0.000 r  
    E3                                                0.000     0.000 r  clk (IN)
                         net (fo=0)                   0.000     0.000    clk
    E3                   IBUF (Prop_ibuf_I_O)         0.250     0.250 r  clk_IBUF_inst/O
                         net (fo=1, routed)           0.644     0.894    clk_IBUF
    BUFGCTRL_X0Y16       BUFG (Prop_bufg_I_O)         0.026     0.920 r  clk_IBUF_BUFG_inst/O
                         net (fo=87, routed)          0.560     1.479    seg7_display/clk_IBUF_BUFG
    SLICE_X37Y78         FDCE                                         r  seg7_display/cnt_reg[3]/C
  -------------------------------------------------------------------    -------------------
    SLICE_X37Y78         FDCE (Prop_fdce_C_Q)         0.141     1.620 r  seg7_display/cnt_reg[3]/Q
                         net (fo=1, routed)           0.158     1.778    seg7_display/cnt_reg_n_0_[3]
    SLICE_X37Y78         CARRY4 (Prop_carry4_S[3]_O[3])
                                                      0.108     1.886 r  seg7_display/cnt_reg[0]_i_1/O[3]
                         net (fo=1, routed)           0.000     1.886    seg7_display/cnt_reg[0]_i_1_n_4
    SLICE_X37Y78         FDCE                                         r  seg7_display/cnt_reg[3]/D
  -------------------------------------------------------------------    -------------------

                         (clock clk_pin rise edge)    0.000     0.000 r  
    E3                                                0.000     0.000 r  clk (IN)
                         net (fo=0)                   0.000     0.000    clk
    E3                   IBUF (Prop_ibuf_I_O)         0.438     0.438 r  clk_IBUF_inst/O
                         net (fo=1, routed)           0.699     1.136    clk_IBUF
    BUFGCTRL_X0Y16       BUFG (Prop_bufg_I_O)         0.029     1.165 r  clk_IBUF_BUFG_inst/O
                         net (fo=87, routed)          0.829     1.994    seg7_display/clk_IBUF_BUFG
    SLICE_X37Y78         FDCE                                         r  seg7_display/cnt_reg[3]/C
                         clock pessimism             -0.514     1.479    
    SLICE_X37Y78         FDCE (Hold_fdce_C_D)         0.105     1.584    seg7_display/cnt_reg[3]
  -------------------------------------------------------------------
                         required time                         -1.584    
                         arrival time                           1.886    
  -------------------------------------------------------------------
                         slack                                  0.302    

Slack (MET) :             0.302ns  (arrival time - required time)
  Source:                 seg7_display/cnt_reg[7]/C
                            (rising edge-triggered cell FDCE clocked by clk_pin  {rise@0.000ns fall@6.000ns period=12.000ns})
  Destination:            seg7_display/cnt_reg[7]/D
                            (rising edge-triggered cell FDCE clocked by clk_pin  {rise@0.000ns fall@6.000ns period=12.000ns})
  Path Group:             clk_pin
  Path Type:              Hold (Min at Fast Process Corner)
  Requirement:            0.000ns  (clk_pin rise@0.000ns - clk_pin rise@0.000ns)
  Data Path Delay:        0.407ns  (logic 0.249ns (61.164%)  route 0.158ns (38.836%))
  Logic Levels:           1  (CARRY4=1)
  Clock Path Skew:        0.000ns (DCD - SCD - CPR)
    Destination Clock Delay (DCD):    1.995ns
    Source Clock Delay      (SCD):    1.480ns
    Clock Pessimism Removal (CPR):    0.514ns

    Location             Delay type                Incr(ns)  Path(ns)    Netlist Resource(s)
  -------------------------------------------------------------------    -------------------
                         (clock clk_pin rise edge)    0.000     0.000 r  
    E3                                                0.000     0.000 r  clk (IN)
                         net (fo=0)                   0.000     0.000    clk
    E3                   IBUF (Prop_ibuf_I_O)         0.250     0.250 r  clk_IBUF_inst/O
                         net (fo=1, routed)           0.644     0.894    clk_IBUF
    BUFGCTRL_X0Y16       BUFG (Prop_bufg_I_O)         0.026     0.920 r  clk_IBUF_BUFG_inst/O
                         net (fo=87, routed)          0.561     1.480    seg7_display/clk_IBUF_BUFG
    SLICE_X37Y79         FDCE                                         r  seg7_display/cnt_reg[7]/C
  -------------------------------------------------------------------    -------------------
    SLICE_X37Y79         FDCE (Prop_fdce_C_Q)         0.141     1.621 r  seg7_display/cnt_reg[7]/Q
                         net (fo=1, routed)           0.158     1.779    seg7_display/cnt_reg_n_0_[7]
    SLICE_X37Y79         CARRY4 (Prop_carry4_S[3]_O[3])
                                                      0.108     1.887 r  seg7_display/cnt_reg[4]_i_1/O[3]
                         net (fo=1, routed)           0.000     1.887    seg7_display/cnt_reg[4]_i_1_n_4
    SLICE_X37Y79         FDCE                                         r  seg7_display/cnt_reg[7]/D
  -------------------------------------------------------------------    -------------------

                         (clock clk_pin rise edge)    0.000     0.000 r  
    E3                                                0.000     0.000 r  clk (IN)
                         net (fo=0)                   0.000     0.000    clk
    E3                   IBUF (Prop_ibuf_I_O)         0.438     0.438 r  clk_IBUF_inst/O
                         net (fo=1, routed)           0.699     1.136    clk_IBUF
    BUFGCTRL_X0Y16       BUFG (Prop_bufg_I_O)         0.029     1.165 r  clk_IBUF_BUFG_inst/O
                         net (fo=87, routed)          0.830     1.995    seg7_display/clk_IBUF_BUFG
    SLICE_X37Y79         FDCE                                         r  seg7_display/cnt_reg[7]/C
                         clock pessimism             -0.514     1.480    
    SLICE_X37Y79         FDCE (Hold_fdce_C_D)         0.105     1.585    seg7_display/cnt_reg[7]
  -------------------------------------------------------------------
                         required time                         -1.585    
                         arrival time                           1.887    
  -------------------------------------------------------------------
                         slack                                  0.302    

Slack (MET) :             0.307ns  (arrival time - required time)
  Source:                 seg7_display/cnt_reg[12]/C
                            (rising edge-triggered cell FDCE clocked by clk_pin  {rise@0.000ns fall@6.000ns period=12.000ns})
  Destination:            seg7_display/cnt_reg[12]/D
                            (rising edge-triggered cell FDCE clocked by clk_pin  {rise@0.000ns fall@6.000ns period=12.000ns})
  Path Group:             clk_pin
  Path Type:              Hold (Min at Fast Process Corner)
  Requirement:            0.000ns  (clk_pin rise@0.000ns - clk_pin rise@0.000ns)
  Data Path Delay:        0.412ns  (logic 0.256ns (62.120%)  route 0.156ns (37.880%))
  Logic Levels:           1  (CARRY4=1)
  Clock Path Skew:        0.000ns (DCD - SCD - CPR)
    Destination Clock Delay (DCD):    1.997ns
    Source Clock Delay      (SCD):    1.482ns
    Clock Pessimism Removal (CPR):    0.514ns

    Location             Delay type                Incr(ns)  Path(ns)    Netlist Resource(s)
  -------------------------------------------------------------------    -------------------
                         (clock clk_pin rise edge)    0.000     0.000 r  
    E3                                                0.000     0.000 r  clk (IN)
                         net (fo=0)                   0.000     0.000    clk
    E3                   IBUF (Prop_ibuf_I_O)         0.250     0.250 r  clk_IBUF_inst/O
                         net (fo=1, routed)           0.644     0.894    clk_IBUF
    BUFGCTRL_X0Y16       BUFG (Prop_bufg_I_O)         0.026     0.920 r  clk_IBUF_BUFG_inst/O
                         net (fo=87, routed)          0.563     1.482    seg7_display/clk_IBUF_BUFG
    SLICE_X37Y81         FDCE                                         r  seg7_display/cnt_reg[12]/C
  -------------------------------------------------------------------    -------------------
    SLICE_X37Y81         FDCE (Prop_fdce_C_Q)         0.141     1.623 r  seg7_display/cnt_reg[12]/Q
                         net (fo=1, routed)           0.156     1.779    seg7_display/cnt_reg_n_0_[12]
    SLICE_X37Y81         CARRY4 (Prop_carry4_S[0]_O[0])
                                                      0.115     1.894 r  seg7_display/cnt_reg[12]_i_1/O[0]
                         net (fo=1, routed)           0.000     1.894    seg7_display/cnt_reg[12]_i_1_n_7
    SLICE_X37Y81         FDCE                                         r  seg7_display/cnt_reg[12]/D
  -------------------------------------------------------------------    -------------------

                         (clock clk_pin rise edge)    0.000     0.000 r  
    E3                                                0.000     0.000 r  clk (IN)
                         net (fo=0)                   0.000     0.000    clk
    E3                   IBUF (Prop_ibuf_I_O)         0.438     0.438 r  clk_IBUF_inst/O
                         net (fo=1, routed)           0.699     1.136    clk_IBUF
    BUFGCTRL_X0Y16       BUFG (Prop_bufg_I_O)         0.029     1.165 r  clk_IBUF_BUFG_inst/O
                         net (fo=87, routed)          0.832     1.997    seg7_display/clk_IBUF_BUFG
    SLICE_X37Y81         FDCE                                         r  seg7_display/cnt_reg[12]/C
                         clock pessimism             -0.514     1.482    
    SLICE_X37Y81         FDCE (Hold_fdce_C_D)         0.105     1.587    seg7_display/cnt_reg[12]
  -------------------------------------------------------------------
                         required time                         -1.587    
                         arrival time                           1.894    
  -------------------------------------------------------------------
                         slack                                  0.307    





Pulse Width Checks
--------------------------------------------------------------------------------------
Clock Name:         clk_pin
Waveform(ns):       { 0.000 6.000 }
Period(ns):         12.000
Sources:            { clk }

Check Type        Corner  Lib Pin  Reference Pin  Required(ns)  Actual(ns)  Slack(ns)  Location        Pin
Min Period        n/a     BUFG/I   n/a            2.155         12.000      9.845      BUFGCTRL_X0Y16  clk_IBUF_BUFG_inst/I
Min Period        n/a     FDCE/C   n/a            1.000         12.000      11.000     SLICE_X37Y78    seg7_display/cnt_reg[0]/C
Min Period        n/a     FDCE/C   n/a            1.000         12.000      11.000     SLICE_X37Y80    seg7_display/cnt_reg[10]/C
Min Period        n/a     FDCE/C   n/a            1.000         12.000      11.000     SLICE_X37Y80    seg7_display/cnt_reg[11]/C
Min Period        n/a     FDCE/C   n/a            1.000         12.000      11.000     SLICE_X37Y81    seg7_display/cnt_reg[12]/C
Min Period        n/a     FDCE/C   n/a            1.000         12.000      11.000     SLICE_X37Y81    seg7_display/cnt_reg[13]/C
Min Period        n/a     FDCE/C   n/a            1.000         12.000      11.000     SLICE_X37Y81    seg7_display/cnt_reg[14]/C
Min Period        n/a     FDCE/C   n/a            1.000         12.000      11.000     SLICE_X37Y78    seg7_display/cnt_reg[1]/C
Min Period        n/a     FDCE/C   n/a            1.000         12.000      11.000     SLICE_X37Y78    seg7_display/cnt_reg[2]/C
Min Period        n/a     FDCE/C   n/a            1.000         12.000      11.000     SLICE_X37Y78    seg7_display/cnt_reg[3]/C
Low Pulse Width   Slow    FDCE/C   n/a            0.500         6.000       5.500      SLICE_X37Y80    seg7_display/cnt_reg[10]/C
Low Pulse Width   Slow    FDCE/C   n/a            0.500         6.000       5.500      SLICE_X37Y80    seg7_display/cnt_reg[11]/C
Low Pulse Width   Slow    FDCE/C   n/a            0.500         6.000       5.500      SLICE_X37Y79    seg7_display/cnt_reg[4]/C
Low Pulse Width   Slow    FDCE/C   n/a            0.500         6.000       5.500      SLICE_X37Y79    seg7_display/cnt_reg[5]/C
Low Pulse Width   Slow    FDCE/C   n/a            0.500         6.000       5.500      SLICE_X37Y79    seg7_display/cnt_reg[6]/C
Low Pulse Width   Slow    FDCE/C   n/a            0.500         6.000       5.500      SLICE_X37Y79    seg7_display/cnt_reg[7]/C
Low Pulse Width   Slow    FDCE/C   n/a            0.500         6.000       5.500      SLICE_X37Y80    seg7_display/cnt_reg[8]/C
Low Pulse Width   Slow    FDCE/C   n/a            0.500         6.000       5.500      SLICE_X37Y80    seg7_display/cnt_reg[9]/C
Low Pulse Width   Slow    FDCE/C   n/a            0.500         6.000       5.500      SLICE_X35Y80    seg7_display/i_data_store_reg[0]/C
Low Pulse Width   Slow    FDCE/C   n/a            0.500         6.000       5.500      SLICE_X36Y69    seg7_display/i_data_store_reg[13]/C
High Pulse Width  Slow    FDCE/C   n/a            0.500         6.000       5.500      SLICE_X37Y81    seg7_display/cnt_reg[12]/C
High Pulse Width  Slow    FDCE/C   n/a            0.500         6.000       5.500      SLICE_X37Y81    seg7_display/cnt_reg[13]/C
High Pulse Width  Slow    FDCE/C   n/a            0.500         6.000       5.500      SLICE_X37Y81    seg7_display/cnt_reg[14]/C
High Pulse Width  Slow    FDCE/C   n/a            0.500         6.000       5.500      SLICE_X37Y81    seg7_display/i_data_store_reg[18]/C
High Pulse Width  Slow    FDCE/C   n/a            0.500         6.000       5.500      SLICE_X37Y81    seg7_display/i_data_store_reg[19]/C
High Pulse Width  Slow    FDCE/C   n/a            0.500         6.000       5.500      SLICE_X37Y81    seg7_display/i_data_store_reg[21]/C
High Pulse Width  Slow    FDCE/C   n/a            0.500         6.000       5.500      SLICE_X37Y81    seg7_display/i_data_store_reg[22]/C
High Pulse Width  Slow    FDPE/C   n/a            0.500         6.000       5.500      SLICE_X0Y66     seg7_display/o_seg_r_reg[5]/C
High Pulse Width  Fast    FDCE/C   n/a            0.500         6.000       5.500      SLICE_X37Y80    seg7_display/cnt_reg[10]/C
High Pulse Width  Fast    FDCE/C   n/a            0.500         6.000       5.500      SLICE_X37Y80    seg7_display/cnt_reg[11]/C



---------------------------------------------------------------------------------------------------
Path Group:  **async_default**
From Clock:  clk_pin
  To Clock:  clk_pin

Setup :            0  Failing Endpoints,  Worst Slack        1.064ns,  Total Violation        0.000ns
Hold  :            0  Failing Endpoints,  Worst Slack        5.501ns,  Total Violation        0.000ns
---------------------------------------------------------------------------------------------------


Max Delay Paths
--------------------------------------------------------------------------------------
Slack (MET) :             1.064ns  (required time - arrival time)
  Source:                 rst
                            (input port clocked by clk_pin  {rise@0.000ns fall@6.000ns period=12.000ns})
  Destination:            seg7_display/cnt_reg[12]/CLR
                            (recovery check against rising-edge clock clk_pin  {rise@0.000ns fall@6.000ns period=12.000ns})
  Path Group:             **async_default**
  Path Type:              Recovery (Max at Slow Process Corner)
  Requirement:            12.000ns  (clk_pin rise@12.000ns - clk_pin rise@0.000ns)
  Data Path Delay:        7.427ns  (logic 1.477ns (19.881%)  route 5.951ns (80.119%))
  Logic Levels:           1  (IBUF=1)
  Input Delay:            8.000ns
  Clock Path Skew:        4.932ns (DCD - SCD + CPR)
    Destination Clock Delay (DCD):    4.932ns = ( 16.932 - 12.000 ) 
    Source Clock Delay      (SCD):    0.000ns
    Clock Pessimism Removal (CPR):    0.000ns
  Clock Uncertainty:      0.035ns  ((TSJ^2 + TIJ^2)^1/2 + DJ) / 2 + PE
    Total System Jitter     (TSJ):    0.071ns
    Total Input Jitter      (TIJ):    0.000ns
    Discrete Jitter          (DJ):    0.000ns
    Phase Error              (PE):    0.000ns

    Location             Delay type                Incr(ns)  Path(ns)    Netlist Resource(s)
  -------------------------------------------------------------------    -------------------
                         (clock clk_pin rise edge)    0.000     0.000 r  
                         input delay                  8.000     8.000    
    N17                                               0.000     8.000 f  rst (IN)
                         net (fo=0)                   0.000     8.000    rst
    N17                  IBUF (Prop_ibuf_I_O)         1.477     9.477 f  rst_IBUF_inst/O
                         net (fo=2714, routed)        5.951    15.427    seg7_display/AS[0]
    SLICE_X37Y81         FDCE                                         f  seg7_display/cnt_reg[12]/CLR
  -------------------------------------------------------------------    -------------------

                         (clock clk_pin rise edge)   12.000    12.000 r  
    E3                                                0.000    12.000 r  clk (IN)
                         net (fo=0)                   0.000    12.000    clk
    E3                   IBUF (Prop_ibuf_I_O)         1.411    13.411 r  clk_IBUF_inst/O
                         net (fo=1, routed)           1.920    15.331    clk_IBUF
    BUFGCTRL_X0Y16       BUFG (Prop_bufg_I_O)         0.091    15.422 r  clk_IBUF_BUFG_inst/O
                         net (fo=87, routed)          1.509    16.932    seg7_display/clk_IBUF_BUFG
    SLICE_X37Y81         FDCE                                         r  seg7_display/cnt_reg[12]/C
                         clock pessimism              0.000    16.932    
                         clock uncertainty           -0.035    16.896    
    SLICE_X37Y81         FDCE (Recov_fdce_C_CLR)     -0.405    16.491    seg7_display/cnt_reg[12]
  -------------------------------------------------------------------
                         required time                         16.491    
                         arrival time                         -15.427    
  -------------------------------------------------------------------
                         slack                                  1.064    

Slack (MET) :             1.064ns  (required time - arrival time)
  Source:                 rst
                            (input port clocked by clk_pin  {rise@0.000ns fall@6.000ns period=12.000ns})
  Destination:            seg7_display/cnt_reg[13]/CLR
                            (recovery check against rising-edge clock clk_pin  {rise@0.000ns fall@6.000ns period=12.000ns})
  Path Group:             **async_default**
  Path Type:              Recovery (Max at Slow Process Corner)
  Requirement:            12.000ns  (clk_pin rise@12.000ns - clk_pin rise@0.000ns)
  Data Path Delay:        7.427ns  (logic 1.477ns (19.881%)  route 5.951ns (80.119%))
  Logic Levels:           1  (IBUF=1)
  Input Delay:            8.000ns
  Clock Path Skew:        4.932ns (DCD - SCD + CPR)
    Destination Clock Delay (DCD):    4.932ns = ( 16.932 - 12.000 ) 
    Source Clock Delay      (SCD):    0.000ns
    Clock Pessimism Removal (CPR):    0.000ns
  Clock Uncertainty:      0.035ns  ((TSJ^2 + TIJ^2)^1/2 + DJ) / 2 + PE
    Total System Jitter     (TSJ):    0.071ns
    Total Input Jitter      (TIJ):    0.000ns
    Discrete Jitter          (DJ):    0.000ns
    Phase Error              (PE):    0.000ns

    Location             Delay type                Incr(ns)  Path(ns)    Netlist Resource(s)
  -------------------------------------------------------------------    -------------------
                         (clock clk_pin rise edge)    0.000     0.000 r  
                         input delay                  8.000     8.000    
    N17                                               0.000     8.000 f  rst (IN)
                         net (fo=0)                   0.000     8.000    rst
    N17                  IBUF (Prop_ibuf_I_O)         1.477     9.477 f  rst_IBUF_inst/O
                         net (fo=2714, routed)        5.951    15.427    seg7_display/AS[0]
    SLICE_X37Y81         FDCE                                         f  seg7_display/cnt_reg[13]/CLR
  -------------------------------------------------------------------    -------------------

                         (clock clk_pin rise edge)   12.000    12.000 r  
    E3                                                0.000    12.000 r  clk (IN)
                         net (fo=0)                   0.000    12.000    clk
    E3                   IBUF (Prop_ibuf_I_O)         1.411    13.411 r  clk_IBUF_inst/O
                         net (fo=1, routed)           1.920    15.331    clk_IBUF
    BUFGCTRL_X0Y16       BUFG (Prop_bufg_I_O)         0.091    15.422 r  clk_IBUF_BUFG_inst/O
                         net (fo=87, routed)          1.509    16.932    seg7_display/clk_IBUF_BUFG
    SLICE_X37Y81         FDCE                                         r  seg7_display/cnt_reg[13]/C
                         clock pessimism              0.000    16.932    
                         clock uncertainty           -0.035    16.896    
    SLICE_X37Y81         FDCE (Recov_fdce_C_CLR)     -0.405    16.491    seg7_display/cnt_reg[13]
  -------------------------------------------------------------------
                         required time                         16.491    
                         arrival time                         -15.427    
  -------------------------------------------------------------------
                         slack                                  1.064    

Slack (MET) :             1.064ns  (required time - arrival time)
  Source:                 rst
                            (input port clocked by clk_pin  {rise@0.000ns fall@6.000ns period=12.000ns})
  Destination:            seg7_display/cnt_reg[14]/CLR
                            (recovery check against rising-edge clock clk_pin  {rise@0.000ns fall@6.000ns period=12.000ns})
  Path Group:             **async_default**
  Path Type:              Recovery (Max at Slow Process Corner)
  Requirement:            12.000ns  (clk_pin rise@12.000ns - clk_pin rise@0.000ns)
  Data Path Delay:        7.427ns  (logic 1.477ns (19.881%)  route 5.951ns (80.119%))
  Logic Levels:           1  (IBUF=1)
  Input Delay:            8.000ns
  Clock Path Skew:        4.932ns (DCD - SCD + CPR)
    Destination Clock Delay (DCD):    4.932ns = ( 16.932 - 12.000 ) 
    Source Clock Delay      (SCD):    0.000ns
    Clock Pessimism Removal (CPR):    0.000ns
  Clock Uncertainty:      0.035ns  ((TSJ^2 + TIJ^2)^1/2 + DJ) / 2 + PE
    Total System Jitter     (TSJ):    0.071ns
    Total Input Jitter      (TIJ):    0.000ns
    Discrete Jitter          (DJ):    0.000ns
    Phase Error              (PE):    0.000ns

    Location             Delay type                Incr(ns)  Path(ns)    Netlist Resource(s)
  -------------------------------------------------------------------    -------------------
                         (clock clk_pin rise edge)    0.000     0.000 r  
                         input delay                  8.000     8.000    
    N17                                               0.000     8.000 f  rst (IN)
                         net (fo=0)                   0.000     8.000    rst
    N17                  IBUF (Prop_ibuf_I_O)         1.477     9.477 f  rst_IBUF_inst/O
                         net (fo=2714, routed)        5.951    15.427    seg7_display/AS[0]
    SLICE_X37Y81         FDCE                                         f  seg7_display/cnt_reg[14]/CLR
  -------------------------------------------------------------------    -------------------

                         (clock clk_pin rise edge)   12.000    12.000 r  
    E3                                                0.000    12.000 r  clk (IN)
                         net (fo=0)                   0.000    12.000    clk
    E3                   IBUF (Prop_ibuf_I_O)         1.411    13.411 r  clk_IBUF_inst/O
                         net (fo=1, routed)           1.920    15.331    clk_IBUF
    BUFGCTRL_X0Y16       BUFG (Prop_bufg_I_O)         0.091    15.422 r  clk_IBUF_BUFG_inst/O
                         net (fo=87, routed)          1.509    16.932    seg7_display/clk_IBUF_BUFG
    SLICE_X37Y81         FDCE                                         r  seg7_display/cnt_reg[14]/C
                         clock pessimism              0.000    16.932    
                         clock uncertainty           -0.035    16.896    
    SLICE_X37Y81         FDCE (Recov_fdce_C_CLR)     -0.405    16.491    seg7_display/cnt_reg[14]
  -------------------------------------------------------------------
                         required time                         16.491    
                         arrival time                         -15.427    
  -------------------------------------------------------------------
                         slack                                  1.064    

Slack (MET) :             1.064ns  (required time - arrival time)
  Source:                 rst
                            (input port clocked by clk_pin  {rise@0.000ns fall@6.000ns period=12.000ns})
  Destination:            seg7_display/i_data_store_reg[18]/CLR
                            (recovery check against rising-edge clock clk_pin  {rise@0.000ns fall@6.000ns period=12.000ns})
  Path Group:             **async_default**
  Path Type:              Recovery (Max at Slow Process Corner)
  Requirement:            12.000ns  (clk_pin rise@12.000ns - clk_pin rise@0.000ns)
  Data Path Delay:        7.427ns  (logic 1.477ns (19.881%)  route 5.951ns (80.119%))
  Logic Levels:           1  (IBUF=1)
  Input Delay:            8.000ns
  Clock Path Skew:        4.932ns (DCD - SCD + CPR)
    Destination Clock Delay (DCD):    4.932ns = ( 16.932 - 12.000 ) 
    Source Clock Delay      (SCD):    0.000ns
    Clock Pessimism Removal (CPR):    0.000ns
  Clock Uncertainty:      0.035ns  ((TSJ^2 + TIJ^2)^1/2 + DJ) / 2 + PE
    Total System Jitter     (TSJ):    0.071ns
    Total Input Jitter      (TIJ):    0.000ns
    Discrete Jitter          (DJ):    0.000ns
    Phase Error              (PE):    0.000ns

    Location             Delay type                Incr(ns)  Path(ns)    Netlist Resource(s)
  -------------------------------------------------------------------    -------------------
                         (clock clk_pin rise edge)    0.000     0.000 r  
                         input delay                  8.000     8.000    
    N17                                               0.000     8.000 f  rst (IN)
                         net (fo=0)                   0.000     8.000    rst
    N17                  IBUF (Prop_ibuf_I_O)         1.477     9.477 f  rst_IBUF_inst/O
                         net (fo=2714, routed)        5.951    15.427    seg7_display/AS[0]
    SLICE_X37Y81         FDCE                                         f  seg7_display/i_data_store_reg[18]/CLR
  -------------------------------------------------------------------    -------------------

                         (clock clk_pin rise edge)   12.000    12.000 r  
    E3                                                0.000    12.000 r  clk (IN)
                         net (fo=0)                   0.000    12.000    clk
    E3                   IBUF (Prop_ibuf_I_O)         1.411    13.411 r  clk_IBUF_inst/O
                         net (fo=1, routed)           1.920    15.331    clk_IBUF
    BUFGCTRL_X0Y16       BUFG (Prop_bufg_I_O)         0.091    15.422 r  clk_IBUF_BUFG_inst/O
                         net (fo=87, routed)          1.509    16.932    seg7_display/clk_IBUF_BUFG
    SLICE_X37Y81         FDCE                                         r  seg7_display/i_data_store_reg[18]/C
                         clock pessimism              0.000    16.932    
                         clock uncertainty           -0.035    16.896    
    SLICE_X37Y81         FDCE (Recov_fdce_C_CLR)     -0.405    16.491    seg7_display/i_data_store_reg[18]
  -------------------------------------------------------------------
                         required time                         16.491    
                         arrival time                         -15.427    
  -------------------------------------------------------------------
                         slack                                  1.064    

Slack (MET) :             1.064ns  (required time - arrival time)
  Source:                 rst
                            (input port clocked by clk_pin  {rise@0.000ns fall@6.000ns period=12.000ns})
  Destination:            seg7_display/i_data_store_reg[19]/CLR
                            (recovery check against rising-edge clock clk_pin  {rise@0.000ns fall@6.000ns period=12.000ns})
  Path Group:             **async_default**
  Path Type:              Recovery (Max at Slow Process Corner)
  Requirement:            12.000ns  (clk_pin rise@12.000ns - clk_pin rise@0.000ns)
  Data Path Delay:        7.427ns  (logic 1.477ns (19.881%)  route 5.951ns (80.119%))
  Logic Levels:           1  (IBUF=1)
  Input Delay:            8.000ns
  Clock Path Skew:        4.932ns (DCD - SCD + CPR)
    Destination Clock Delay (DCD):    4.932ns = ( 16.932 - 12.000 ) 
    Source Clock Delay      (SCD):    0.000ns
    Clock Pessimism Removal (CPR):    0.000ns
  Clock Uncertainty:      0.035ns  ((TSJ^2 + TIJ^2)^1/2 + DJ) / 2 + PE
    Total System Jitter     (TSJ):    0.071ns
    Total Input Jitter      (TIJ):    0.000ns
    Discrete Jitter          (DJ):    0.000ns
    Phase Error              (PE):    0.000ns

    Location             Delay type                Incr(ns)  Path(ns)    Netlist Resource(s)
  -------------------------------------------------------------------    -------------------
                         (clock clk_pin rise edge)    0.000     0.000 r  
                         input delay                  8.000     8.000    
    N17                                               0.000     8.000 f  rst (IN)
                         net (fo=0)                   0.000     8.000    rst
    N17                  IBUF (Prop_ibuf_I_O)         1.477     9.477 f  rst_IBUF_inst/O
                         net (fo=2714, routed)        5.951    15.427    seg7_display/AS[0]
    SLICE_X37Y81         FDCE                                         f  seg7_display/i_data_store_reg[19]/CLR
  -------------------------------------------------------------------    -------------------

                         (clock clk_pin rise edge)   12.000    12.000 r  
    E3                                                0.000    12.000 r  clk (IN)
                         net (fo=0)                   0.000    12.000    clk
    E3                   IBUF (Prop_ibuf_I_O)         1.411    13.411 r  clk_IBUF_inst/O
                         net (fo=1, routed)           1.920    15.331    clk_IBUF
    BUFGCTRL_X0Y16       BUFG (Prop_bufg_I_O)         0.091    15.422 r  clk_IBUF_BUFG_inst/O
                         net (fo=87, routed)          1.509    16.932    seg7_display/clk_IBUF_BUFG
    SLICE_X37Y81         FDCE                                         r  seg7_display/i_data_store_reg[19]/C
                         clock pessimism              0.000    16.932    
                         clock uncertainty           -0.035    16.896    
    SLICE_X37Y81         FDCE (Recov_fdce_C_CLR)     -0.405    16.491    seg7_display/i_data_store_reg[19]
  -------------------------------------------------------------------
                         required time                         16.491    
                         arrival time                         -15.427    
  -------------------------------------------------------------------
                         slack                                  1.064    

Slack (MET) :             1.064ns  (required time - arrival time)
  Source:                 rst
                            (input port clocked by clk_pin  {rise@0.000ns fall@6.000ns period=12.000ns})
  Destination:            seg7_display/i_data_store_reg[21]/CLR
                            (recovery check against rising-edge clock clk_pin  {rise@0.000ns fall@6.000ns period=12.000ns})
  Path Group:             **async_default**
  Path Type:              Recovery (Max at Slow Process Corner)
  Requirement:            12.000ns  (clk_pin rise@12.000ns - clk_pin rise@0.000ns)
  Data Path Delay:        7.427ns  (logic 1.477ns (19.881%)  route 5.951ns (80.119%))
  Logic Levels:           1  (IBUF=1)
  Input Delay:            8.000ns
  Clock Path Skew:        4.932ns (DCD - SCD + CPR)
    Destination Clock Delay (DCD):    4.932ns = ( 16.932 - 12.000 ) 
    Source Clock Delay      (SCD):    0.000ns
    Clock Pessimism Removal (CPR):    0.000ns
  Clock Uncertainty:      0.035ns  ((TSJ^2 + TIJ^2)^1/2 + DJ) / 2 + PE
    Total System Jitter     (TSJ):    0.071ns
    Total Input Jitter      (TIJ):    0.000ns
    Discrete Jitter          (DJ):    0.000ns
    Phase Error              (PE):    0.000ns

    Location             Delay type                Incr(ns)  Path(ns)    Netlist Resource(s)
  -------------------------------------------------------------------    -------------------
                         (clock clk_pin rise edge)    0.000     0.000 r  
                         input delay                  8.000     8.000    
    N17                                               0.000     8.000 f  rst (IN)
                         net (fo=0)                   0.000     8.000    rst
    N17                  IBUF (Prop_ibuf_I_O)         1.477     9.477 f  rst_IBUF_inst/O
                         net (fo=2714, routed)        5.951    15.427    seg7_display/AS[0]
    SLICE_X37Y81         FDCE                                         f  seg7_display/i_data_store_reg[21]/CLR
  -------------------------------------------------------------------    -------------------

                         (clock clk_pin rise edge)   12.000    12.000 r  
    E3                                                0.000    12.000 r  clk (IN)
                         net (fo=0)                   0.000    12.000    clk
    E3                   IBUF (Prop_ibuf_I_O)         1.411    13.411 r  clk_IBUF_inst/O
                         net (fo=1, routed)           1.920    15.331    clk_IBUF
    BUFGCTRL_X0Y16       BUFG (Prop_bufg_I_O)         0.091    15.422 r  clk_IBUF_BUFG_inst/O
                         net (fo=87, routed)          1.509    16.932    seg7_display/clk_IBUF_BUFG
    SLICE_X37Y81         FDCE                                         r  seg7_display/i_data_store_reg[21]/C
                         clock pessimism              0.000    16.932    
                         clock uncertainty           -0.035    16.896    
    SLICE_X37Y81         FDCE (Recov_fdce_C_CLR)     -0.405    16.491    seg7_display/i_data_store_reg[21]
  -------------------------------------------------------------------
                         required time                         16.491    
                         arrival time                         -15.427    
  -------------------------------------------------------------------
                         slack                                  1.064    

Slack (MET) :             1.064ns  (required time - arrival time)
  Source:                 rst
                            (input port clocked by clk_pin  {rise@0.000ns fall@6.000ns period=12.000ns})
  Destination:            seg7_display/i_data_store_reg[22]/CLR
                            (recovery check against rising-edge clock clk_pin  {rise@0.000ns fall@6.000ns period=12.000ns})
  Path Group:             **async_default**
  Path Type:              Recovery (Max at Slow Process Corner)
  Requirement:            12.000ns  (clk_pin rise@12.000ns - clk_pin rise@0.000ns)
  Data Path Delay:        7.427ns  (logic 1.477ns (19.881%)  route 5.951ns (80.119%))
  Logic Levels:           1  (IBUF=1)
  Input Delay:            8.000ns
  Clock Path Skew:        4.932ns (DCD - SCD + CPR)
    Destination Clock Delay (DCD):    4.932ns = ( 16.932 - 12.000 ) 
    Source Clock Delay      (SCD):    0.000ns
    Clock Pessimism Removal (CPR):    0.000ns
  Clock Uncertainty:      0.035ns  ((TSJ^2 + TIJ^2)^1/2 + DJ) / 2 + PE
    Total System Jitter     (TSJ):    0.071ns
    Total Input Jitter      (TIJ):    0.000ns
    Discrete Jitter          (DJ):    0.000ns
    Phase Error              (PE):    0.000ns

    Location             Delay type                Incr(ns)  Path(ns)    Netlist Resource(s)
  -------------------------------------------------------------------    -------------------
                         (clock clk_pin rise edge)    0.000     0.000 r  
                         input delay                  8.000     8.000    
    N17                                               0.000     8.000 f  rst (IN)
                         net (fo=0)                   0.000     8.000    rst
    N17                  IBUF (Prop_ibuf_I_O)         1.477     9.477 f  rst_IBUF_inst/O
                         net (fo=2714, routed)        5.951    15.427    seg7_display/AS[0]
    SLICE_X37Y81         FDCE                                         f  seg7_display/i_data_store_reg[22]/CLR
  -------------------------------------------------------------------    -------------------

                         (clock clk_pin rise edge)   12.000    12.000 r  
    E3                                                0.000    12.000 r  clk (IN)
                         net (fo=0)                   0.000    12.000    clk
    E3                   IBUF (Prop_ibuf_I_O)         1.411    13.411 r  clk_IBUF_inst/O
                         net (fo=1, routed)           1.920    15.331    clk_IBUF
    BUFGCTRL_X0Y16       BUFG (Prop_bufg_I_O)         0.091    15.422 r  clk_IBUF_BUFG_inst/O
                         net (fo=87, routed)          1.509    16.932    seg7_display/clk_IBUF_BUFG
    SLICE_X37Y81         FDCE                                         r  seg7_display/i_data_store_reg[22]/C
                         clock pessimism              0.000    16.932    
                         clock uncertainty           -0.035    16.896    
    SLICE_X37Y81         FDCE (Recov_fdce_C_CLR)     -0.405    16.491    seg7_display/i_data_store_reg[22]
  -------------------------------------------------------------------
                         required time                         16.491    
                         arrival time                         -15.427    
  -------------------------------------------------------------------
                         slack                                  1.064    

Slack (MET) :             1.209ns  (required time - arrival time)
  Source:                 rst
                            (input port clocked by clk_pin  {rise@0.000ns fall@6.000ns period=12.000ns})
  Destination:            seg7_display/cnt_reg[10]/CLR
                            (recovery check against rising-edge clock clk_pin  {rise@0.000ns fall@6.000ns period=12.000ns})
  Path Group:             **async_default**
  Path Type:              Recovery (Max at Slow Process Corner)
  Requirement:            12.000ns  (clk_pin rise@12.000ns - clk_pin rise@0.000ns)
  Data Path Delay:        7.281ns  (logic 1.477ns (20.279%)  route 5.805ns (79.721%))
  Logic Levels:           1  (IBUF=1)
  Input Delay:            8.000ns
  Clock Path Skew:        4.931ns (DCD - SCD + CPR)
    Destination Clock Delay (DCD):    4.931ns = ( 16.931 - 12.000 ) 
    Source Clock Delay      (SCD):    0.000ns
    Clock Pessimism Removal (CPR):    0.000ns
  Clock Uncertainty:      0.035ns  ((TSJ^2 + TIJ^2)^1/2 + DJ) / 2 + PE
    Total System Jitter     (TSJ):    0.071ns
    Total Input Jitter      (TIJ):    0.000ns
    Discrete Jitter          (DJ):    0.000ns
    Phase Error              (PE):    0.000ns

    Location             Delay type                Incr(ns)  Path(ns)    Netlist Resource(s)
  -------------------------------------------------------------------    -------------------
                         (clock clk_pin rise edge)    0.000     0.000 r  
                         input delay                  8.000     8.000    
    N17                                               0.000     8.000 f  rst (IN)
                         net (fo=0)                   0.000     8.000    rst
    N17                  IBUF (Prop_ibuf_I_O)         1.477     9.477 f  rst_IBUF_inst/O
                         net (fo=2714, routed)        5.805    15.281    seg7_display/AS[0]
    SLICE_X37Y80         FDCE                                         f  seg7_display/cnt_reg[10]/CLR
  -------------------------------------------------------------------    -------------------

                         (clock clk_pin rise edge)   12.000    12.000 r  
    E3                                                0.000    12.000 r  clk (IN)
                         net (fo=0)                   0.000    12.000    clk
    E3                   IBUF (Prop_ibuf_I_O)         1.411    13.411 r  clk_IBUF_inst/O
                         net (fo=1, routed)           1.920    15.331    clk_IBUF
    BUFGCTRL_X0Y16       BUFG (Prop_bufg_I_O)         0.091    15.422 r  clk_IBUF_BUFG_inst/O
                         net (fo=87, routed)          1.508    16.931    seg7_display/clk_IBUF_BUFG
    SLICE_X37Y80         FDCE                                         r  seg7_display/cnt_reg[10]/C
                         clock pessimism              0.000    16.931    
                         clock uncertainty           -0.035    16.895    
    SLICE_X37Y80         FDCE (Recov_fdce_C_CLR)     -0.405    16.490    seg7_display/cnt_reg[10]
  -------------------------------------------------------------------
                         required time                         16.490    
                         arrival time                         -15.281    
  -------------------------------------------------------------------
                         slack                                  1.209    

Slack (MET) :             1.209ns  (required time - arrival time)
  Source:                 rst
                            (input port clocked by clk_pin  {rise@0.000ns fall@6.000ns period=12.000ns})
  Destination:            seg7_display/cnt_reg[11]/CLR
                            (recovery check against rising-edge clock clk_pin  {rise@0.000ns fall@6.000ns period=12.000ns})
  Path Group:             **async_default**
  Path Type:              Recovery (Max at Slow Process Corner)
  Requirement:            12.000ns  (clk_pin rise@12.000ns - clk_pin rise@0.000ns)
  Data Path Delay:        7.281ns  (logic 1.477ns (20.279%)  route 5.805ns (79.721%))
  Logic Levels:           1  (IBUF=1)
  Input Delay:            8.000ns
  Clock Path Skew:        4.931ns (DCD - SCD + CPR)
    Destination Clock Delay (DCD):    4.931ns = ( 16.931 - 12.000 ) 
    Source Clock Delay      (SCD):    0.000ns
    Clock Pessimism Removal (CPR):    0.000ns
  Clock Uncertainty:      0.035ns  ((TSJ^2 + TIJ^2)^1/2 + DJ) / 2 + PE
    Total System Jitter     (TSJ):    0.071ns
    Total Input Jitter      (TIJ):    0.000ns
    Discrete Jitter          (DJ):    0.000ns
    Phase Error              (PE):    0.000ns

    Location             Delay type                Incr(ns)  Path(ns)    Netlist Resource(s)
  -------------------------------------------------------------------    -------------------
                         (clock clk_pin rise edge)    0.000     0.000 r  
                         input delay                  8.000     8.000    
    N17                                               0.000     8.000 f  rst (IN)
                         net (fo=0)                   0.000     8.000    rst
    N17                  IBUF (Prop_ibuf_I_O)         1.477     9.477 f  rst_IBUF_inst/O
                         net (fo=2714, routed)        5.805    15.281    seg7_display/AS[0]
    SLICE_X37Y80         FDCE                                         f  seg7_display/cnt_reg[11]/CLR
  -------------------------------------------------------------------    -------------------

                         (clock clk_pin rise edge)   12.000    12.000 r  
    E3                                                0.000    12.000 r  clk (IN)
                         net (fo=0)                   0.000    12.000    clk
    E3                   IBUF (Prop_ibuf_I_O)         1.411    13.411 r  clk_IBUF_inst/O
                         net (fo=1, routed)           1.920    15.331    clk_IBUF
    BUFGCTRL_X0Y16       BUFG (Prop_bufg_I_O)         0.091    15.422 r  clk_IBUF_BUFG_inst/O
                         net (fo=87, routed)          1.508    16.931    seg7_display/clk_IBUF_BUFG
    SLICE_X37Y80         FDCE                                         r  seg7_display/cnt_reg[11]/C
                         clock pessimism              0.000    16.931    
                         clock uncertainty           -0.035    16.895    
    SLICE_X37Y80         FDCE (Recov_fdce_C_CLR)     -0.405    16.490    seg7_display/cnt_reg[11]
  -------------------------------------------------------------------
                         required time                         16.490    
                         arrival time                         -15.281    
  -------------------------------------------------------------------
                         slack                                  1.209    

Slack (MET) :             1.209ns  (required time - arrival time)
  Source:                 rst
                            (input port clocked by clk_pin  {rise@0.000ns fall@6.000ns period=12.000ns})
  Destination:            seg7_display/cnt_reg[8]/CLR
                            (recovery check against rising-edge clock clk_pin  {rise@0.000ns fall@6.000ns period=12.000ns})
  Path Group:             **async_default**
  Path Type:              Recovery (Max at Slow Process Corner)
  Requirement:            12.000ns  (clk_pin rise@12.000ns - clk_pin rise@0.000ns)
  Data Path Delay:        7.281ns  (logic 1.477ns (20.279%)  route 5.805ns (79.721%))
  Logic Levels:           1  (IBUF=1)
  Input Delay:            8.000ns
  Clock Path Skew:        4.931ns (DCD - SCD + CPR)
    Destination Clock Delay (DCD):    4.931ns = ( 16.931 - 12.000 ) 
    Source Clock Delay      (SCD):    0.000ns
    Clock Pessimism Removal (CPR):    0.000ns
  Clock Uncertainty:      0.035ns  ((TSJ^2 + TIJ^2)^1/2 + DJ) / 2 + PE
    Total System Jitter     (TSJ):    0.071ns
    Total Input Jitter      (TIJ):    0.000ns
    Discrete Jitter          (DJ):    0.000ns
    Phase Error              (PE):    0.000ns

    Location             Delay type                Incr(ns)  Path(ns)    Netlist Resource(s)
  -------------------------------------------------------------------    -------------------
                         (clock clk_pin rise edge)    0.000     0.000 r  
                         input delay                  8.000     8.000    
    N17                                               0.000     8.000 f  rst (IN)
                         net (fo=0)                   0.000     8.000    rst
    N17                  IBUF (Prop_ibuf_I_O)         1.477     9.477 f  rst_IBUF_inst/O
                         net (fo=2714, routed)        5.805    15.281    seg7_display/AS[0]
    SLICE_X37Y80         FDCE                                         f  seg7_display/cnt_reg[8]/CLR
  -------------------------------------------------------------------    -------------------

                         (clock clk_pin rise edge)   12.000    12.000 r  
    E3                                                0.000    12.000 r  clk (IN)
                         net (fo=0)                   0.000    12.000    clk
    E3                   IBUF (Prop_ibuf_I_O)         1.411    13.411 r  clk_IBUF_inst/O
                         net (fo=1, routed)           1.920    15.331    clk_IBUF
    BUFGCTRL_X0Y16       BUFG (Prop_bufg_I_O)         0.091    15.422 r  clk_IBUF_BUFG_inst/O
                         net (fo=87, routed)          1.508    16.931    seg7_display/clk_IBUF_BUFG
    SLICE_X37Y80         FDCE                                         r  seg7_display/cnt_reg[8]/C
                         clock pessimism              0.000    16.931    
                         clock uncertainty           -0.035    16.895    
    SLICE_X37Y80         FDCE (Recov_fdce_C_CLR)     -0.405    16.490    seg7_display/cnt_reg[8]
  -------------------------------------------------------------------
                         required time                         16.490    
                         arrival time                         -15.281    
  -------------------------------------------------------------------
                         slack                                  1.209    





Min Delay Paths
--------------------------------------------------------------------------------------
Slack (MET) :             5.501ns  (arrival time - required time)
  Source:                 rst
                            (input port clocked by clk_pin  {rise@0.000ns fall@6.000ns period=12.000ns})
  Destination:            seg7_display/o_seg_r_reg[4]/PRE
                            (removal check against rising-edge clock clk_pin  {rise@0.000ns fall@6.000ns period=12.000ns})
  Path Group:             **async_default**
  Path Type:              Removal (Min at Slow Process Corner)
  Requirement:            0.000ns  (clk_pin rise@0.000ns - clk_pin rise@0.000ns)
  Data Path Delay:        2.651ns  (logic 1.406ns (53.045%)  route 1.245ns (46.955%))
  Logic Levels:           1  (IBUF=1)
  Input Delay:            8.000ns
  Clock Path Skew:        5.323ns (DCD - SCD - CPR)
    Destination Clock Delay (DCD):    5.323ns
    Source Clock Delay      (SCD):    0.000ns
    Clock Pessimism Removal (CPR):    -0.000ns
  Clock Uncertainty:      0.035ns  ((TSJ^2 + TIJ^2)^1/2 + DJ) / 2 + PE
    Total System Jitter     (TSJ):    0.071ns
    Total Input Jitter      (TIJ):    0.000ns
    Discrete Jitter          (DJ):    0.000ns
    Phase Error              (PE):    0.000ns

    Location             Delay type                Incr(ns)  Path(ns)    Netlist Resource(s)
  -------------------------------------------------------------------    -------------------
                         (clock clk_pin rise edge)    0.000     0.000 r  
                         input delay                  8.000     8.000    
    N17                                               0.000     8.000 f  rst (IN)
                         net (fo=0)                   0.000     8.000    rst
    N17                  IBUF (Prop_ibuf_I_O)         1.406     9.406 f  rst_IBUF_inst/O
                         net (fo=2714, routed)        1.245    10.651    seg7_display/AS[0]
    SLICE_X1Y85          FDPE                                         f  seg7_display/o_seg_r_reg[4]/PRE
  -------------------------------------------------------------------    -------------------

                         (clock clk_pin rise edge)    0.000     0.000 r  
    E3                                                0.000     0.000 r  clk (IN)
                         net (fo=0)                   0.000     0.000    clk
    E3                   IBUF (Prop_ibuf_I_O)         1.482     1.482 r  clk_IBUF_inst/O
                         net (fo=1, routed)           2.025     3.506    clk_IBUF
    BUFGCTRL_X0Y16       BUFG (Prop_bufg_I_O)         0.096     3.602 r  clk_IBUF_BUFG_inst/O
                         net (fo=87, routed)          1.720     5.323    seg7_display/clk_IBUF_BUFG
    SLICE_X1Y85          FDPE                                         r  seg7_display/o_seg_r_reg[4]/C
                         clock pessimism              0.000     5.323    
                         clock uncertainty            0.035     5.358    
    SLICE_X1Y85          FDPE (Remov_fdpe_C_PRE)     -0.208     5.150    seg7_display/o_seg_r_reg[4]
  -------------------------------------------------------------------
                         required time                         -5.150    
                         arrival time                          10.651    
  -------------------------------------------------------------------
                         slack                                  5.501    

Slack (MET) :             5.501ns  (arrival time - required time)
  Source:                 rst
                            (input port clocked by clk_pin  {rise@0.000ns fall@6.000ns period=12.000ns})
  Destination:            seg7_display/o_seg_r_reg[6]/PRE
                            (removal check against rising-edge clock clk_pin  {rise@0.000ns fall@6.000ns period=12.000ns})
  Path Group:             **async_default**
  Path Type:              Removal (Min at Slow Process Corner)
  Requirement:            0.000ns  (clk_pin rise@0.000ns - clk_pin rise@0.000ns)
  Data Path Delay:        2.651ns  (logic 1.406ns (53.045%)  route 1.245ns (46.955%))
  Logic Levels:           1  (IBUF=1)
  Input Delay:            8.000ns
  Clock Path Skew:        5.323ns (DCD - SCD - CPR)
    Destination Clock Delay (DCD):    5.323ns
    Source Clock Delay      (SCD):    0.000ns
    Clock Pessimism Removal (CPR):    -0.000ns
  Clock Uncertainty:      0.035ns  ((TSJ^2 + TIJ^2)^1/2 + DJ) / 2 + PE
    Total System Jitter     (TSJ):    0.071ns
    Total Input Jitter      (TIJ):    0.000ns
    Discrete Jitter          (DJ):    0.000ns
    Phase Error              (PE):    0.000ns

    Location             Delay type                Incr(ns)  Path(ns)    Netlist Resource(s)
  -------------------------------------------------------------------    -------------------
                         (clock clk_pin rise edge)    0.000     0.000 r  
                         input delay                  8.000     8.000    
    N17                                               0.000     8.000 f  rst (IN)
                         net (fo=0)                   0.000     8.000    rst
    N17                  IBUF (Prop_ibuf_I_O)         1.406     9.406 f  rst_IBUF_inst/O
                         net (fo=2714, routed)        1.245    10.651    seg7_display/AS[0]
    SLICE_X1Y85          FDPE                                         f  seg7_display/o_seg_r_reg[6]/PRE
  -------------------------------------------------------------------    -------------------

                         (clock clk_pin rise edge)    0.000     0.000 r  
    E3                                                0.000     0.000 r  clk (IN)
                         net (fo=0)                   0.000     0.000    clk
    E3                   IBUF (Prop_ibuf_I_O)         1.482     1.482 r  clk_IBUF_inst/O
                         net (fo=1, routed)           2.025     3.506    clk_IBUF
    BUFGCTRL_X0Y16       BUFG (Prop_bufg_I_O)         0.096     3.602 r  clk_IBUF_BUFG_inst/O
                         net (fo=87, routed)          1.720     5.323    seg7_display/clk_IBUF_BUFG
    SLICE_X1Y85          FDPE                                         r  seg7_display/o_seg_r_reg[6]/C
                         clock pessimism              0.000     5.323    
                         clock uncertainty            0.035     5.358    
    SLICE_X1Y85          FDPE (Remov_fdpe_C_PRE)     -0.208     5.150    seg7_display/o_seg_r_reg[6]
  -------------------------------------------------------------------
                         required time                         -5.150    
                         arrival time                          10.651    
  -------------------------------------------------------------------
                         slack                                  5.501    

Slack (MET) :             5.649ns  (arrival time - required time)
  Source:                 rst
                            (input port clocked by clk_pin  {rise@0.000ns fall@6.000ns period=12.000ns})
  Destination:            seg7_display/o_seg_r_reg[5]/PRE
                            (removal check against rising-edge clock clk_pin  {rise@0.000ns fall@6.000ns period=12.000ns})
  Path Group:             **async_default**
  Path Type:              Removal (Min at Slow Process Corner)
  Requirement:            0.000ns  (clk_pin rise@0.000ns - clk_pin rise@0.000ns)
  Data Path Delay:        2.796ns  (logic 1.406ns (50.291%)  route 1.390ns (49.709%))
  Logic Levels:           1  (IBUF=1)
  Input Delay:            8.000ns
  Clock Path Skew:        5.320ns (DCD - SCD - CPR)
    Destination Clock Delay (DCD):    5.320ns
    Source Clock Delay      (SCD):    0.000ns
    Clock Pessimism Removal (CPR):    -0.000ns
  Clock Uncertainty:      0.035ns  ((TSJ^2 + TIJ^2)^1/2 + DJ) / 2 + PE
    Total System Jitter     (TSJ):    0.071ns
    Total Input Jitter      (TIJ):    0.000ns
    Discrete Jitter          (DJ):    0.000ns
    Phase Error              (PE):    0.000ns

    Location             Delay type                Incr(ns)  Path(ns)    Netlist Resource(s)
  -------------------------------------------------------------------    -------------------
                         (clock clk_pin rise edge)    0.000     0.000 r  
                         input delay                  8.000     8.000    
    N17                                               0.000     8.000 f  rst (IN)
                         net (fo=0)                   0.000     8.000    rst
    N17                  IBUF (Prop_ibuf_I_O)         1.406     9.406 f  rst_IBUF_inst/O
                         net (fo=2714, routed)        1.390    10.796    seg7_display/AS[0]
    SLICE_X0Y66          FDPE                                         f  seg7_display/o_seg_r_reg[5]/PRE
  -------------------------------------------------------------------    -------------------

                         (clock clk_pin rise edge)    0.000     0.000 r  
    E3                                                0.000     0.000 r  clk (IN)
                         net (fo=0)                   0.000     0.000    clk
    E3                   IBUF (Prop_ibuf_I_O)         1.482     1.482 r  clk_IBUF_inst/O
                         net (fo=1, routed)           2.025     3.506    clk_IBUF
    BUFGCTRL_X0Y16       BUFG (Prop_bufg_I_O)         0.096     3.602 r  clk_IBUF_BUFG_inst/O
                         net (fo=87, routed)          1.717     5.320    seg7_display/clk_IBUF_BUFG
    SLICE_X0Y66          FDPE                                         r  seg7_display/o_seg_r_reg[5]/C
                         clock pessimism              0.000     5.320    
                         clock uncertainty            0.035     5.355    
    SLICE_X0Y66          FDPE (Remov_fdpe_C_PRE)     -0.208     5.147    seg7_display/o_seg_r_reg[5]
  -------------------------------------------------------------------
                         required time                         -5.147    
                         arrival time                          10.796    
  -------------------------------------------------------------------
                         slack                                  5.649    

Slack (MET) :             5.945ns  (arrival time - required time)
  Source:                 rst
                            (input port clocked by clk_pin  {rise@0.000ns fall@6.000ns period=12.000ns})
  Destination:            seg7_display/o_seg_r_reg[2]/PRE
                            (removal check against rising-edge clock clk_pin  {rise@0.000ns fall@6.000ns period=12.000ns})
  Path Group:             **async_default**
  Path Type:              Removal (Min at Slow Process Corner)
  Requirement:            0.000ns  (clk_pin rise@0.000ns - clk_pin rise@0.000ns)
  Data Path Delay:        3.082ns  (logic 1.406ns (45.622%)  route 1.676ns (54.378%))
  Logic Levels:           1  (IBUF=1)
  Input Delay:            8.000ns
  Clock Path Skew:        5.309ns (DCD - SCD - CPR)
    Destination Clock Delay (DCD):    5.309ns
    Source Clock Delay      (SCD):    0.000ns
    Clock Pessimism Removal (CPR):    -0.000ns
  Clock Uncertainty:      0.035ns  ((TSJ^2 + TIJ^2)^1/2 + DJ) / 2 + PE
    Total System Jitter     (TSJ):    0.071ns
    Total Input Jitter      (TIJ):    0.000ns
    Discrete Jitter          (DJ):    0.000ns
    Phase Error              (PE):    0.000ns

    Location             Delay type                Incr(ns)  Path(ns)    Netlist Resource(s)
  -------------------------------------------------------------------    -------------------
                         (clock clk_pin rise edge)    0.000     0.000 r  
                         input delay                  8.000     8.000    
    N17                                               0.000     8.000 f  rst (IN)
                         net (fo=0)                   0.000     8.000    rst
    N17                  IBUF (Prop_ibuf_I_O)         1.406     9.406 f  rst_IBUF_inst/O
                         net (fo=2714, routed)        1.676    11.082    seg7_display/AS[0]
    SLICE_X1Y110         FDPE                                         f  seg7_display/o_seg_r_reg[2]/PRE
  -------------------------------------------------------------------    -------------------

                         (clock clk_pin rise edge)    0.000     0.000 r  
    E3                                                0.000     0.000 r  clk (IN)
                         net (fo=0)                   0.000     0.000    clk
    E3                   IBUF (Prop_ibuf_I_O)         1.482     1.482 r  clk_IBUF_inst/O
                         net (fo=1, routed)           2.025     3.506    clk_IBUF
    BUFGCTRL_X0Y16       BUFG (Prop_bufg_I_O)         0.096     3.602 r  clk_IBUF_BUFG_inst/O
                         net (fo=87, routed)          1.707     5.309    seg7_display/clk_IBUF_BUFG
    SLICE_X1Y110         FDPE                                         r  seg7_display/o_seg_r_reg[2]/C
                         clock pessimism              0.000     5.309    
                         clock uncertainty            0.035     5.345    
    SLICE_X1Y110         FDPE (Remov_fdpe_C_PRE)     -0.208     5.137    seg7_display/o_seg_r_reg[2]
  -------------------------------------------------------------------
                         required time                         -5.137    
                         arrival time                          11.082    
  -------------------------------------------------------------------
                         slack                                  5.945    

Slack (MET) :             5.945ns  (arrival time - required time)
  Source:                 rst
                            (input port clocked by clk_pin  {rise@0.000ns fall@6.000ns period=12.000ns})
  Destination:            seg7_display/o_seg_r_reg[3]/PRE
                            (removal check against rising-edge clock clk_pin  {rise@0.000ns fall@6.000ns period=12.000ns})
  Path Group:             **async_default**
  Path Type:              Removal (Min at Slow Process Corner)
  Requirement:            0.000ns  (clk_pin rise@0.000ns - clk_pin rise@0.000ns)
  Data Path Delay:        3.082ns  (logic 1.406ns (45.622%)  route 1.676ns (54.378%))
  Logic Levels:           1  (IBUF=1)
  Input Delay:            8.000ns
  Clock Path Skew:        5.309ns (DCD - SCD - CPR)
    Destination Clock Delay (DCD):    5.309ns
    Source Clock Delay      (SCD):    0.000ns
    Clock Pessimism Removal (CPR):    -0.000ns
  Clock Uncertainty:      0.035ns  ((TSJ^2 + TIJ^2)^1/2 + DJ) / 2 + PE
    Total System Jitter     (TSJ):    0.071ns
    Total Input Jitter      (TIJ):    0.000ns
    Discrete Jitter          (DJ):    0.000ns
    Phase Error              (PE):    0.000ns

    Location             Delay type                Incr(ns)  Path(ns)    Netlist Resource(s)
  -------------------------------------------------------------------    -------------------
                         (clock clk_pin rise edge)    0.000     0.000 r  
                         input delay                  8.000     8.000    
    N17                                               0.000     8.000 f  rst (IN)
                         net (fo=0)                   0.000     8.000    rst
    N17                  IBUF (Prop_ibuf_I_O)         1.406     9.406 f  rst_IBUF_inst/O
                         net (fo=2714, routed)        1.676    11.082    seg7_display/AS[0]
    SLICE_X1Y110         FDPE                                         f  seg7_display/o_seg_r_reg[3]/PRE
  -------------------------------------------------------------------    -------------------

                         (clock clk_pin rise edge)    0.000     0.000 r  
    E3                                                0.000     0.000 r  clk (IN)
                         net (fo=0)                   0.000     0.000    clk
    E3                   IBUF (Prop_ibuf_I_O)         1.482     1.482 r  clk_IBUF_inst/O
                         net (fo=1, routed)           2.025     3.506    clk_IBUF
    BUFGCTRL_X0Y16       BUFG (Prop_bufg_I_O)         0.096     3.602 r  clk_IBUF_BUFG_inst/O
                         net (fo=87, routed)          1.707     5.309    seg7_display/clk_IBUF_BUFG
    SLICE_X1Y110         FDPE                                         r  seg7_display/o_seg_r_reg[3]/C
                         clock pessimism              0.000     5.309    
                         clock uncertainty            0.035     5.345    
    SLICE_X1Y110         FDPE (Remov_fdpe_C_PRE)     -0.208     5.137    seg7_display/o_seg_r_reg[3]
  -------------------------------------------------------------------
                         required time                         -5.137    
                         arrival time                          11.082    
  -------------------------------------------------------------------
                         slack                                  5.945    

Slack (MET) :             7.141ns  (arrival time - required time)
  Source:                 rst
                            (input port clocked by clk_pin  {rise@0.000ns fall@6.000ns period=12.000ns})
  Destination:            seg7_display/o_seg_r_reg[0]/PRE
                            (removal check against rising-edge clock clk_pin  {rise@0.000ns fall@6.000ns period=12.000ns})
  Path Group:             **async_default**
  Path Type:              Removal (Min at Slow Process Corner)
  Requirement:            0.000ns  (clk_pin rise@0.000ns - clk_pin rise@0.000ns)
  Data Path Delay:        4.297ns  (logic 1.406ns (32.723%)  route 2.891ns (67.277%))
  Logic Levels:           1  (IBUF=1)
  Input Delay:            8.000ns
  Clock Path Skew:        5.329ns (DCD - SCD - CPR)
    Destination Clock Delay (DCD):    5.329ns
    Source Clock Delay      (SCD):    0.000ns
    Clock Pessimism Removal (CPR):    -0.000ns
  Clock Uncertainty:      0.035ns  ((TSJ^2 + TIJ^2)^1/2 + DJ) / 2 + PE
    Total System Jitter     (TSJ):    0.071ns
    Total Input Jitter      (TIJ):    0.000ns
    Discrete Jitter          (DJ):    0.000ns
    Phase Error              (PE):    0.000ns

    Location             Delay type                Incr(ns)  Path(ns)    Netlist Resource(s)
  -------------------------------------------------------------------    -------------------
                         (clock clk_pin rise edge)    0.000     0.000 r  
                         input delay                  8.000     8.000    
    N17                                               0.000     8.000 f  rst (IN)
                         net (fo=0)                   0.000     8.000    rst
    N17                  IBUF (Prop_ibuf_I_O)         1.406     9.406 f  rst_IBUF_inst/O
                         net (fo=2714, routed)        2.891    12.297    seg7_display/AS[0]
    SLICE_X1Y50          FDPE                                         f  seg7_display/o_seg_r_reg[0]/PRE
  -------------------------------------------------------------------    -------------------

                         (clock clk_pin rise edge)    0.000     0.000 r  
    E3                                                0.000     0.000 r  clk (IN)
                         net (fo=0)                   0.000     0.000    clk
    E3                   IBUF (Prop_ibuf_I_O)         1.482     1.482 r  clk_IBUF_inst/O
                         net (fo=1, routed)           2.025     3.506    clk_IBUF
    BUFGCTRL_X0Y16       BUFG (Prop_bufg_I_O)         0.096     3.602 r  clk_IBUF_BUFG_inst/O
                         net (fo=87, routed)          1.726     5.329    seg7_display/clk_IBUF_BUFG
    SLICE_X1Y50          FDPE                                         r  seg7_display/o_seg_r_reg[0]/C
                         clock pessimism              0.000     5.329    
                         clock uncertainty            0.035     5.364    
    SLICE_X1Y50          FDPE (Remov_fdpe_C_PRE)     -0.208     5.156    seg7_display/o_seg_r_reg[0]
  -------------------------------------------------------------------
                         required time                         -5.156    
                         arrival time                          12.297    
  -------------------------------------------------------------------
                         slack                                  7.141    

Slack (MET) :             7.141ns  (arrival time - required time)
  Source:                 rst
                            (input port clocked by clk_pin  {rise@0.000ns fall@6.000ns period=12.000ns})
  Destination:            seg7_display/o_seg_r_reg[1]/PRE
                            (removal check against rising-edge clock clk_pin  {rise@0.000ns fall@6.000ns period=12.000ns})
  Path Group:             **async_default**
  Path Type:              Removal (Min at Slow Process Corner)
  Requirement:            0.000ns  (clk_pin rise@0.000ns - clk_pin rise@0.000ns)
  Data Path Delay:        4.297ns  (logic 1.406ns (32.723%)  route 2.891ns (67.277%))
  Logic Levels:           1  (IBUF=1)
  Input Delay:            8.000ns
  Clock Path Skew:        5.329ns (DCD - SCD - CPR)
    Destination Clock Delay (DCD):    5.329ns
    Source Clock Delay      (SCD):    0.000ns
    Clock Pessimism Removal (CPR):    -0.000ns
  Clock Uncertainty:      0.035ns  ((TSJ^2 + TIJ^2)^1/2 + DJ) / 2 + PE
    Total System Jitter     (TSJ):    0.071ns
    Total Input Jitter      (TIJ):    0.000ns
    Discrete Jitter          (DJ):    0.000ns
    Phase Error              (PE):    0.000ns

    Location             Delay type                Incr(ns)  Path(ns)    Netlist Resource(s)
  -------------------------------------------------------------------    -------------------
                         (clock clk_pin rise edge)    0.000     0.000 r  
                         input delay                  8.000     8.000    
    N17                                               0.000     8.000 f  rst (IN)
                         net (fo=0)                   0.000     8.000    rst
    N17                  IBUF (Prop_ibuf_I_O)         1.406     9.406 f  rst_IBUF_inst/O
                         net (fo=2714, routed)        2.891    12.297    seg7_display/AS[0]
    SLICE_X1Y50          FDPE                                         f  seg7_display/o_seg_r_reg[1]/PRE
  -------------------------------------------------------------------    -------------------

                         (clock clk_pin rise edge)    0.000     0.000 r  
    E3                                                0.000     0.000 r  clk (IN)
                         net (fo=0)                   0.000     0.000    clk
    E3                   IBUF (Prop_ibuf_I_O)         1.482     1.482 r  clk_IBUF_inst/O
                         net (fo=1, routed)           2.025     3.506    clk_IBUF
    BUFGCTRL_X0Y16       BUFG (Prop_bufg_I_O)         0.096     3.602 r  clk_IBUF_BUFG_inst/O
                         net (fo=87, routed)          1.726     5.329    seg7_display/clk_IBUF_BUFG
    SLICE_X1Y50          FDPE                                         r  seg7_display/o_seg_r_reg[1]/C
                         clock pessimism              0.000     5.329    
                         clock uncertainty            0.035     5.364    
    SLICE_X1Y50          FDPE (Remov_fdpe_C_PRE)     -0.208     5.156    seg7_display/o_seg_r_reg[1]
  -------------------------------------------------------------------
                         required time                         -5.156    
                         arrival time                          12.297    
  -------------------------------------------------------------------
                         slack                                  7.141    

Slack (MET) :             7.573ns  (arrival time - required time)
  Source:                 rst
                            (input port clocked by clk_pin  {rise@0.000ns fall@6.000ns period=12.000ns})
  Destination:            divider_cpu/clk_out_reg/CLR
                            (removal check against rising-edge clock clk_pin  {rise@0.000ns fall@6.000ns period=12.000ns})
  Path Group:             **async_default**
  Path Type:              Removal (Min at Slow Process Corner)
  Requirement:            0.000ns  (clk_pin rise@0.000ns - clk_pin rise@0.000ns)
  Data Path Delay:        4.757ns  (logic 1.406ns (29.560%)  route 3.351ns (70.440%))
  Logic Levels:           1  (IBUF=1)
  Input Delay:            8.000ns
  Clock Path Skew:        5.303ns (DCD - SCD - CPR)
    Destination Clock Delay (DCD):    5.303ns
    Source Clock Delay      (SCD):    0.000ns
    Clock Pessimism Removal (CPR):    -0.000ns
  Clock Uncertainty:      0.035ns  ((TSJ^2 + TIJ^2)^1/2 + DJ) / 2 + PE
    Total System Jitter     (TSJ):    0.071ns
    Total Input Jitter      (TIJ):    0.000ns
    Discrete Jitter          (DJ):    0.000ns
    Phase Error              (PE):    0.000ns

    Location             Delay type                Incr(ns)  Path(ns)    Netlist Resource(s)
  -------------------------------------------------------------------    -------------------
                         (clock clk_pin rise edge)    0.000     0.000 r  
                         input delay                  8.000     8.000    
    N17                                               0.000     8.000 f  rst (IN)
                         net (fo=0)                   0.000     8.000    rst
    N17                  IBUF (Prop_ibuf_I_O)         1.406     9.406 f  rst_IBUF_inst/O
                         net (fo=2714, routed)        3.351    12.757    divider_cpu/AS[0]
    SLICE_X74Y103        FDCE                                         f  divider_cpu/clk_out_reg/CLR
  -------------------------------------------------------------------    -------------------

                         (clock clk_pin rise edge)    0.000     0.000 r  
    E3                                                0.000     0.000 r  clk (IN)
                         net (fo=0)                   0.000     0.000    clk
    E3                   IBUF (Prop_ibuf_I_O)         1.482     1.482 r  clk_IBUF_inst/O
                         net (fo=1, routed)           2.025     3.506    clk_IBUF
    BUFGCTRL_X0Y16       BUFG (Prop_bufg_I_O)         0.096     3.602 r  clk_IBUF_BUFG_inst/O
                         net (fo=87, routed)          1.701     5.303    divider_cpu/clk_IBUF_BUFG
    SLICE_X74Y103        FDCE                                         r  divider_cpu/clk_out_reg/C
                         clock pessimism              0.000     5.303    
                         clock uncertainty            0.035     5.339    
    SLICE_X74Y103        FDCE (Remov_fdce_C_CLR)     -0.155     5.184    divider_cpu/clk_out_reg
  -------------------------------------------------------------------
                         required time                         -5.184    
                         arrival time                          12.757    
  -------------------------------------------------------------------
                         slack                                  7.573    

Slack (MET) :             7.626ns  (arrival time - required time)
  Source:                 rst
                            (input port clocked by clk_pin  {rise@0.000ns fall@6.000ns period=12.000ns})
  Destination:            divider_cpu/counter_reg[6]/CLR
                            (removal check against rising-edge clock clk_pin  {rise@0.000ns fall@6.000ns period=12.000ns})
  Path Group:             **async_default**
  Path Type:              Removal (Min at Slow Process Corner)
  Requirement:            0.000ns  (clk_pin rise@0.000ns - clk_pin rise@0.000ns)
  Data Path Delay:        4.757ns  (logic 1.406ns (29.560%)  route 3.351ns (70.440%))
  Logic Levels:           1  (IBUF=1)
  Input Delay:            8.000ns
  Clock Path Skew:        5.303ns (DCD - SCD - CPR)
    Destination Clock Delay (DCD):    5.303ns
    Source Clock Delay      (SCD):    0.000ns
    Clock Pessimism Removal (CPR):    -0.000ns
  Clock Uncertainty:      0.035ns  ((TSJ^2 + TIJ^2)^1/2 + DJ) / 2 + PE
    Total System Jitter     (TSJ):    0.071ns
    Total Input Jitter      (TIJ):    0.000ns
    Discrete Jitter          (DJ):    0.000ns
    Phase Error              (PE):    0.000ns

    Location             Delay type                Incr(ns)  Path(ns)    Netlist Resource(s)
  -------------------------------------------------------------------    -------------------
                         (clock clk_pin rise edge)    0.000     0.000 r  
                         input delay                  8.000     8.000    
    N17                                               0.000     8.000 f  rst (IN)
                         net (fo=0)                   0.000     8.000    rst
    N17                  IBUF (Prop_ibuf_I_O)         1.406     9.406 f  rst_IBUF_inst/O
                         net (fo=2714, routed)        3.351    12.757    divider_cpu/AS[0]
    SLICE_X75Y103        FDCE                                         f  divider_cpu/counter_reg[6]/CLR
  -------------------------------------------------------------------    -------------------

                         (clock clk_pin rise edge)    0.000     0.000 r  
    E3                                                0.000     0.000 r  clk (IN)
                         net (fo=0)                   0.000     0.000    clk
    E3                   IBUF (Prop_ibuf_I_O)         1.482     1.482 r  clk_IBUF_inst/O
                         net (fo=1, routed)           2.025     3.506    clk_IBUF
    BUFGCTRL_X0Y16       BUFG (Prop_bufg_I_O)         0.096     3.602 r  clk_IBUF_BUFG_inst/O
                         net (fo=87, routed)          1.701     5.303    divider_cpu/clk_IBUF_BUFG
    SLICE_X75Y103        FDCE                                         r  divider_cpu/counter_reg[6]/C
                         clock pessimism              0.000     5.303    
                         clock uncertainty            0.035     5.339    
    SLICE_X75Y103        FDCE (Remov_fdce_C_CLR)     -0.208     5.131    divider_cpu/counter_reg[6]
  -------------------------------------------------------------------
                         required time                         -5.131    
                         arrival time                          12.757    
  -------------------------------------------------------------------
                         slack                                  7.626    

Slack (MET) :             7.724ns  (arrival time - required time)
  Source:                 rst
                            (input port clocked by clk_pin  {rise@0.000ns fall@6.000ns period=12.000ns})
  Destination:            divider_cpu/counter_reg[1]/CLR
                            (removal check against rising-edge clock clk_pin  {rise@0.000ns fall@6.000ns period=12.000ns})
  Path Group:             **async_default**
  Path Type:              Removal (Min at Slow Process Corner)
  Requirement:            0.000ns  (clk_pin rise@0.000ns - clk_pin rise@0.000ns)
  Data Path Delay:        4.855ns  (logic 1.406ns (28.959%)  route 3.449ns (71.041%))
  Logic Levels:           1  (IBUF=1)
  Input Delay:            8.000ns
  Clock Path Skew:        5.304ns (DCD - SCD - CPR)
    Destination Clock Delay (DCD):    5.304ns
    Source Clock Delay      (SCD):    0.000ns
    Clock Pessimism Removal (CPR):    -0.000ns
  Clock Uncertainty:      0.035ns  ((TSJ^2 + TIJ^2)^1/2 + DJ) / 2 + PE
    Total System Jitter     (TSJ):    0.071ns
    Total Input Jitter      (TIJ):    0.000ns
    Discrete Jitter          (DJ):    0.000ns
    Phase Error              (PE):    0.000ns

    Location             Delay type                Incr(ns)  Path(ns)    Netlist Resource(s)
  -------------------------------------------------------------------    -------------------
                         (clock clk_pin rise edge)    0.000     0.000 r  
                         input delay                  8.000     8.000    
    N17                                               0.000     8.000 f  rst (IN)
                         net (fo=0)                   0.000     8.000    rst
    N17                  IBUF (Prop_ibuf_I_O)         1.406     9.406 f  rst_IBUF_inst/O
                         net (fo=2714, routed)        3.449    12.855    divider_cpu/AS[0]
    SLICE_X75Y102        FDCE                                         f  divider_cpu/counter_reg[1]/CLR
  -------------------------------------------------------------------    -------------------

                         (clock clk_pin rise edge)    0.000     0.000 r  
    E3                                                0.000     0.000 r  clk (IN)
                         net (fo=0)                   0.000     0.000    clk
    E3                   IBUF (Prop_ibuf_I_O)         1.482     1.482 r  clk_IBUF_inst/O
                         net (fo=1, routed)           2.025     3.506    clk_IBUF
    BUFGCTRL_X0Y16       BUFG (Prop_bufg_I_O)         0.096     3.602 r  clk_IBUF_BUFG_inst/O
                         net (fo=87, routed)          1.702     5.304    divider_cpu/clk_IBUF_BUFG
    SLICE_X75Y102        FDCE                                         r  divider_cpu/counter_reg[1]/C
                         clock pessimism              0.000     5.304    
                         clock uncertainty            0.035     5.340    
    SLICE_X75Y102        FDCE (Remov_fdce_C_CLR)     -0.208     5.132    divider_cpu/counter_reg[1]
  -------------------------------------------------------------------
                         required time                         -5.132    
                         arrival time                          12.855    
  -------------------------------------------------------------------
                         slack                                  7.724    





